# Blender 3.4.0
# www.blender.org
o Floor_Collider
v 11.528000 0.252035 0.086630
v 11.000000 0.252035 0.019996
v 12.385366 0.252035 0.614633
v 11.990000 0.252035 0.285267
v 12.681732 0.252035 1.009998
v 12.847368 0.252035 1.504997
v 9.152636 0.252036 1.504997
v 9.614634 0.252036 0.614633
v 9.318268 0.252036 1.009999
v 10.010000 0.252035 0.285268
v 10.472000 0.252035 0.086630
v 12.914003 0.252035 2.000000
v 11.528000 0.252035 3.913370
v 11.000000 0.252035 3.980003
v 12.385368 0.252035 3.385367
v 11.990000 0.252035 3.714733
v 12.681732 0.252035 2.990002
v 12.847368 0.252035 2.495003
v 9.152636 0.252036 2.495002
v 9.086000 0.252036 2.000000
v 9.614632 0.252036 3.385366
v 9.318268 0.252036 2.990001
v 10.009998 0.252035 3.714732
v 10.472000 0.252035 3.913369
v 11.000000 0.139828 0.012571
v 11.529856 0.139828 0.079703
v 10.470144 0.139828 0.079703
v 12.688162 0.139828 1.006286
v 11.993711 0.139828 0.278837
v 12.390438 0.139828 0.609561
v 9.609562 0.139828 0.609562
v 12.854296 0.139827 1.503141
v 10.006287 0.139828 0.278837
v 9.311838 0.139828 1.006286
v 9.145708 0.139828 1.503141
v 12.921427 0.139827 2.000000
v 11.000000 0.139828 3.987428
v 9.078577 0.139828 2.000000
v 11.529856 0.139828 3.920297
v 10.470144 0.139828 3.920297
v 12.688162 0.139828 2.993714
v 11.993713 0.139828 3.721163
v 12.390438 0.139828 3.390439
v 9.609562 0.139828 3.390438
v 12.854296 0.139827 2.496859
v 10.006287 0.139828 3.721162
v 9.311838 0.139828 2.993713
v 9.145708 0.139828 2.496858
v 11.000004 0.252036 2.000000
v 16.561615 0.234285 3.635629
v 16.552460 0.134933 3.642363
v 16.346092 0.257856 3.690353
v 16.336937 0.158504 3.697086
v 17.288275 -0.088306 4.078943
v 16.502520 0.335456 3.562921
v 16.507812 -0.056059 3.525580
v 17.235983 -0.156286 0.195460
v 14.414469 0.233090 1.385108
v 13.941706 0.287491 1.341573
v 14.242001 0.240646 2.845718
v 16.708158 -0.078275 3.563998
v 15.562487 0.126231 4.169333
v 15.760082 0.055963 3.846826
v 16.429628 -0.049555 3.987163
v 17.793144 -0.141948 4.257578
v 17.559906 0.295969 4.194556
v 16.287926 0.122694 -0.503772
v 16.560566 -0.019667 -0.380315
v 17.198978 -0.040662 0.172482
v 16.025286 0.057508 -0.535610
v 14.467688 0.205823 2.246142
v 14.364695 0.221415 2.282430
v 14.480066 0.517608 2.059877
v 13.887859 0.263057 0.866515
v 13.747984 0.506898 1.102758
v 14.087671 0.550382 1.099504
v 13.938721 0.491444 2.899689
v 14.228241 0.242505 2.672690
v 14.401970 0.382101 2.698849
v 14.443605 0.314381 2.500002
v 13.775276 0.226085 3.089189
v 14.063566 0.263615 0.963416
v 14.074041 0.284451 1.409801
v 16.091591 0.292289 -0.631585
v 16.216661 0.023762 -0.303347
v 17.784746 -0.063712 -0.498016
v 17.466238 0.059705 -0.380961
v 16.974342 -0.097793 -0.343975
v 16.687296 -0.058745 -0.339270
v 16.701168 -0.065915 -0.181484
v 16.318140 0.382560 -0.547589
v 16.828014 0.405780 -0.361053
v 17.925741 -0.114789 -0.692116
v 17.787729 0.045931 4.455041
v 15.664635 0.186754 3.931203
v 15.791592 0.350529 3.915358
v 15.931648 0.331278 4.129920
v 15.854378 0.231640 4.162911
v 16.752964 0.326470 3.770872
v 16.283112 -0.033481 3.942850
v 17.016607 0.031068 4.123374
v 17.495144 0.315619 4.097509
v 15.645990 0.057204 4.020333
v 16.381489 0.006884 -0.447703
v 17.767031 0.234381 -0.704869
v 17.723780 0.234068 -0.520458
v 16.089567 0.388771 -0.470256
v 14.079084 0.270754 2.187691
v 14.072699 0.498594 1.329662
v 13.568529 0.380860 0.980702
v 13.745708 0.272248 0.846507
v 13.830122 0.286163 1.249505
v 17.217882 -0.146690 3.711002
v 17.458351 -0.009143 4.114712
v 17.108206 0.326455 3.695608
v 16.840857 -0.088531 3.593110
v 16.334040 -0.037054 3.569703
v 16.556444 -0.024427 -0.221618
v 16.453215 0.203621 -0.494903
v 17.023359 0.229209 -0.197606
v 17.224928 -0.129587 -0.409597
v 17.627806 -0.142131 -0.582855
v 17.825167 -0.161873 -0.745464
v 14.288523 0.604607 2.568674
v 14.479456 0.541871 2.195722
v 13.572933 0.276661 0.967087
v 13.601030 0.375010 0.864511
v 13.941166 0.362939 3.152690
v 14.122589 0.588761 2.739850
v 13.850168 0.372900 3.057078
v 14.042889 0.475855 3.006492
v 14.245689 0.574167 2.827128
v 13.930634 0.205427 2.916423
v 14.422846 0.241056 2.424620
v 14.394783 0.217392 2.693306
v 14.400478 0.516642 2.656177
v 14.469858 0.422683 2.482949
v 13.767126 0.318331 3.189631
v 14.086681 0.275992 3.005138
v 13.917929 0.619497 1.102699
v 13.971949 0.574793 1.191865
v 13.755684 0.398832 0.868196
v 14.024452 0.598196 1.013036
v 13.875319 0.411796 0.868733
v 13.643255 0.290172 1.074743
v 14.320129 0.227951 2.131141
v 14.468634 0.205501 2.104161
v 14.331861 0.540612 2.056949
v 14.389643 0.523217 1.873723
v 13.641220 0.279004 0.831800
v 14.005419 0.083998 1.247976
v 14.149759 0.201280 1.083919
v 14.254797 0.442111 1.614363
v 14.090321 0.263466 2.786320
v 14.033165 0.477068 2.805471
v 13.781937 0.315903 2.940462
v 15.986212 0.158960 -0.391802
v 15.987738 0.059234 -0.435148
v 17.283974 0.315102 -0.481359
v 17.367949 0.328039 -0.387740
v 17.513926 0.244782 -0.421712
v 17.395458 0.279558 -0.631423
v 17.312353 -0.049652 0.048942
v 17.675425 -0.057145 -0.441759
v 17.818005 0.146137 -0.571054
v 17.563017 0.258910 -0.610979
v 17.796465 0.132540 -0.798044
v 17.103983 -0.127800 -0.248334
v 17.101799 -0.113965 -0.377352
v 16.835724 -0.084476 -0.172315
v 16.752157 0.406589 -0.228258
v 16.539408 0.186793 -0.256241
v 16.945852 -0.019069 0.078413
v 16.925539 0.186661 -0.362355
v 17.682270 0.279019 4.109467
v 17.734394 -0.142704 4.166532
v 17.343847 -0.131591 3.996022
v 17.630489 -0.144042 4.005510
v 17.566994 -0.126231 4.181976
v 17.581163 0.224785 3.947200
v 17.826069 0.054024 4.304230
v 15.765301 0.336739 4.103585
v 16.460766 0.349052 3.706768
v 16.126776 0.327388 3.908260
v 16.124432 0.331744 3.692078
v 16.402960 0.063915 3.980731
v 17.039536 -0.079718 4.115448
v 16.528502 -0.057356 3.947965
v 16.964561 -0.071544 3.969907
v 16.878738 0.319438 3.771822
v 16.384562 0.128841 3.516510
v 16.003624 0.024151 3.686445
v 15.763937 0.051726 4.044240
v 17.149702 0.026472 4.103840
v 17.611996 -0.041943 4.491824
v 17.640413 0.161889 4.358155
v 17.428421 0.335865 3.997523
v 16.479803 0.121096 3.986070
v 16.687937 0.321125 3.603598
v 17.176334 -0.084441 4.095372
v 15.672688 0.094458 4.298424
v 15.585812 0.202746 4.283679
v 15.867043 0.388492 3.920946
v 15.915110 0.439393 4.014429
v 17.729553 -0.133800 4.510113
v 17.879456 0.037076 4.392697
v 17.767700 0.166539 4.275982
v 17.503016 0.244993 3.858468
v 17.364349 0.221585 3.767047
v 17.728779 0.084909 4.143008
v 17.621546 -0.141568 4.382097
v 17.552391 -0.163450 3.914621
v 17.356449 -0.156818 3.746053
v 16.800802 0.142310 -0.152264
v 16.667467 0.088842 -0.180414
v 16.809345 -0.075580 -0.330955
v 17.288973 0.227085 -0.312579
v 17.255003 0.329990 -0.304567
v 17.667578 0.246338 -0.659100
v 16.098131 0.041336 -0.347950
v 16.162533 0.037158 -0.483963
v 16.350033 0.006187 -0.299306
v 14.321630 0.227442 1.906770
v 14.174164 0.324209 1.536465
v 14.301100 0.219466 1.256114
v 14.479658 0.509519 1.785600
v 14.480890 0.509100 1.600980
v 14.331160 0.568277 2.211844
v 14.327030 0.226396 1.742002
v 14.471777 0.204432 1.633165
v 13.704760 0.302058 1.162274
v 14.274454 0.492309 1.270209
v 14.425674 0.347870 1.428148
v 14.361898 0.527060 1.600147
v 13.751938 0.478456 0.972856
v 14.164331 0.236920 2.515079
v 14.274359 0.229816 2.472388
v 14.317833 0.229104 2.770071
v 14.196289 0.595799 2.663819
v 13.822594 0.212671 2.899095
v 14.469578 0.205181 1.963135
v 16.038528 0.260160 -0.503235
v 17.752039 0.038554 -0.826645
v 16.936670 -0.128684 0.077963
v 17.098631 -0.139025 3.661962
v 17.473351 0.086296 3.776767
v 15.402575 0.300000 -2.624747
v 15.393334 0.299999 -0.540000
v 15.999243 0.300000 -2.999746
v 14.593332 0.299999 -0.522001
v 6.000000 0.300000 -2.593334
v 13.999999 0.300000 -2.593334
v 14.593333 0.300000 -2.000000
v 14.433333 0.300000 -2.433334
v 5.399333 0.300000 -2.000000
v 5.566667 0.300000 -2.433334
v 15.402572 0.300000 6.624755
v 15.393332 0.299999 4.540009
v 15.999243 0.300000 6.999746
v 14.593330 0.299999 4.522009
v 5.999995 0.300000 6.593334
v 13.999995 0.300000 6.593341
v 14.593329 0.300000 6.000008
v 14.433330 0.300000 6.433342
v 5.399329 0.300000 5.999999
v 5.566662 0.300000 6.433333
v 15.402575 1.700000 -2.624747
v 15.393334 1.699999 -0.540000
v 15.932577 1.700000 -2.999747
v 6.000000 1.700000 -2.593334
v 5.399333 1.700000 -2.000000
v 15.932571 1.700000 6.999756
v 14.593330 1.699999 4.522009
v 14.593329 1.700000 6.000008
v 14.433330 1.700000 6.433342
v 14.199999 2.200000 6.200001
v 5.566662 1.700000 6.433333
v 5.399334 0.300000 2.379999
v 5.399334 0.300000 1.620000
v 6.000000 0.300000 2.000000
v 14.000000 0.299999 4.300000
v 6.000000 0.300000 6.000000
v 6.000000 0.300000 -2.000000
v 16.000002 0.299999 4.300001
v 13.999998 0.299999 -0.300000
v 6.000000 0.000000 -2.000000
v 6.000000 0.000000 2.000000
v 13.999999 0.000000 -2.000001
v 13.999999 0.300000 -2.000001
v 13.999998 -0.000001 -0.300000
v 16.000002 0.299999 -0.300001
v 16.000002 -0.000001 -0.300001
v 15.999243 0.000000 -2.999746
v 6.000000 0.000000 6.000000
v 13.999999 0.000000 6.000001
v 14.000000 -0.000001 4.300000
v 16.000002 -0.000001 4.300001
v 15.999243 0.000000 6.999746
v 13.999999 0.300000 6.000001
v 15.800004 2.199999 -0.369992
v 14.200003 2.200000 -2.199993
v 15.999243 1.700000 -2.999746
v 14.593332 1.699999 -0.522001
v 14.200002 2.199999 -0.369993
v 14.399999 1.700000 -2.593334
v 14.593333 1.700000 -2.000000
v 14.433333 1.700000 -2.433334
v 15.800002 2.199999 4.370001
v 5.566667 1.700000 -2.433334
v 15.402572 1.700000 6.624755
v 15.393332 1.699999 4.540009
v 15.999243 1.700000 6.999746
v 5.800004 2.200000 -2.200000
v 5.999995 1.700000 6.593334
v 14.399995 1.700000 6.593341
v 5.800000 2.200000 6.199999
v 14.200000 2.199999 4.370000
v 5.399332 1.700000 5.999999
v 5.800000 2.200000 2.000000
v 15.799243 2.200000 6.999746
v 15.799249 2.200000 -2.999737
v 6.000000 1.700000 2.000000
v 14.000000 1.699999 4.370000
v 6.000000 1.700000 6.000000
v 6.000000 1.700000 -2.000000
v 16.000002 1.699999 4.370001
v 14.000002 1.699999 -0.369993
v 13.999999 1.700000 -2.000001
v 16.000004 1.699999 -0.369991
v 13.999999 1.700000 6.000001
v 14.599998 2.500000 6.600001
v 15.300004 2.499999 -0.369992
v 14.600002 2.500000 -2.599993
v 14.600001 2.499999 -0.369992
v 15.300002 2.499999 4.370001
v 5.400004 2.500000 -2.600001
v 5.400000 2.500000 6.600000
v 14.599999 2.499999 4.370000
v 5.400000 2.500000 2.000000
v 15.299243 2.500000 6.999747
v 15.299249 2.500000 -2.999738
v 5.000000 2.500000 7.000500
v 5.000000 2.500000 -2.999501
v 14.000001 2.500000 -5.200500
v 3.900001 2.500000 -5.200500
v 3.900000 2.500000 8.000500
v 15.300000 2.500000 8.000500
v 15.599243 2.500000 9.199746
v 5.000000 2.500000 9.000500
v 10.400002 2.500000 9.800499
v 5.000000 2.500000 1.999999
v 3.900000 2.500000 1.999999
v 1.000000 0.300000 1.625000
v 1.000000 0.300000 2.375000
v 5.000000 1.700000 1.625000
v 5.333334 1.700000 2.000000
v 0.666666 1.699999 1.000000
v 0.666665 0.299999 1.000001
v 0.666665 0.299999 0.500001
v 0.666665 1.661991 0.500000
v 0.899999 0.299999 0.500001
v 0.899999 1.661254 0.502501
v 0.666667 1.700000 1.625000
v 0.666667 1.700000 1.375000
v 1.000000 1.700000 1.625000
v 0.666667 0.300000 1.625000
v 1.000001 1.660517 0.504995
v 1.000001 0.299999 0.499996
v 0.999501 0.300741 0.770161
v 0.999502 1.700139 0.770053
v 1.000000 1.870000 1.624995
v 5.000000 1.870000 1.624999
v 5.333333 1.700000 1.625000
v 0.666667 0.300000 1.375000
v 0.596666 0.300000 1.625000
v 0.596666 0.300000 1.375000
v 0.596666 1.700000 1.625000
v 0.596666 1.700000 1.375000
v 0.666666 1.699999 3.000000
v 0.999999 1.660517 3.494999
v 0.999999 0.299999 3.499999
v 0.666665 0.299999 2.999999
v 0.666665 0.299999 3.499999
v 0.666665 1.661991 3.500000
v 0.899999 0.299999 3.499999
v 0.899999 1.661254 3.497499
v 0.666667 1.700000 2.375000
v 0.666667 0.300000 2.625000
v 1.000000 1.700000 2.000000
v 1.000000 1.700000 2.375000
v 0.666667 0.300000 2.375000
v 0.999501 1.700139 3.229942
v 0.999500 0.300741 3.229834
v 1.000000 1.870000 2.375000
v 1.000000 1.900000 1.999997
v 5.000000 1.900000 1.999999
v 5.000000 1.700000 2.000000
v 5.000000 1.870000 2.375000
v 5.333333 1.700000 2.375000
v 0.666667 1.700000 2.625000
v 0.596666 0.300000 2.375000
v 0.596666 0.300000 2.625000
v 0.596666 1.700000 2.375000
v 0.596666 1.700000 2.625000
v 5.399334 1.700000 2.000000
v 5.403334 1.700000 1.625000
v 5.333333 0.300000 1.625000
v 5.000000 0.300000 1.625000
v 5.000000 0.300000 0.770000
v 5.000000 1.700000 0.770000
v 5.403334 1.700000 2.375000
v 5.000000 1.700000 2.375000
v 5.333333 0.300000 2.375000
v 5.000000 1.700000 3.230000
v 5.000000 0.300000 3.230000
v 5.000000 0.300000 2.375000
v -0.022795 1.707204 0.377199
v 0.725766 2.529883 0.370168
v 0.198605 2.309900 0.374467
v 1.000001 1.699999 0.360513
v -0.022797 1.707204 3.622795
v 0.725766 2.529883 3.629832
v 0.198605 2.309900 3.625533
v 0.999999 1.699999 3.639482
v 1.000000 2.529999 3.630000
v 1.000000 2.529999 0.370000
v 0.198605 2.309900 1.999997
v -0.022797 1.707204 1.999997
v 0.725766 2.529883 1.999997
v 1.000000 2.529999 1.999997
v -0.203334 0.299999 0.999995
v -0.203333 0.299999 0.499995
v -0.203333 0.099999 0.499995
v -0.203334 0.300000 1.625000
v -0.203334 0.300000 1.375000
v -0.203335 0.299999 2.999999
v -0.203335 0.299999 3.499999
v -0.203334 0.099999 0.999995
v -0.203334 0.300000 2.375000
v -0.203334 0.300000 2.625000
v -0.203334 0.100000 1.625000
v -0.203334 0.100000 1.375000
v -0.203335 0.099999 2.999999
v -0.203335 0.099999 3.499999
v -0.203334 0.100000 2.375000
v -0.203334 0.100000 2.625000
v 5.914933 1.776760 -0.000000
v 5.821696 1.776760 -0.128330
v 5.670836 1.776760 -0.079313
v 5.670836 1.776760 0.079311
v 5.821696 1.776760 0.128329
v 5.914933 0.228239 -0.000000
v 5.821696 0.228239 0.128329
v 5.670836 0.228239 0.079311
v 5.670836 0.228239 -0.079313
v 5.821696 0.228239 -0.128330
v 5.914935 1.776760 -1.000000
v 5.821697 1.776760 -1.128329
v 5.670837 1.776760 -1.079312
v 5.670837 1.776760 -0.920688
v 5.821697 1.776760 -0.871670
v 5.914935 0.228239 -1.000000
v 5.821697 0.228239 -0.871670
v 5.670837 0.228239 -0.920688
v 5.670837 0.228239 -1.079312
v 5.821697 0.228239 -1.128329
v 5.914931 1.776760 4.000000
v 5.821694 1.776760 4.128329
v 5.670835 1.776760 4.079312
v 5.670835 1.776760 3.920688
v 5.821694 1.776760 3.871670
v 5.914931 0.228239 4.000000
v 5.821694 0.228239 3.871670
v 5.670835 0.228239 3.920688
v 5.670835 0.228239 4.079312
v 5.821694 0.228239 4.128329
v 5.914932 1.776760 4.999999
v 5.821694 1.776760 5.128328
v 5.670834 1.776760 5.079311
v 5.670834 1.776760 4.920688
v 5.821694 1.776760 4.871670
v 5.914932 0.228239 4.999999
v 5.821694 0.228239 4.871670
v 5.670834 0.228239 4.920688
v 5.670834 0.228239 5.079311
v 5.821694 0.228239 5.128328
v 5.946951 1.776760 6.053044
v 5.971766 1.776760 6.209715
v 5.830431 1.776760 6.281728
v 5.718267 1.776760 6.169565
v 5.790280 1.776760 6.028230
v 5.946951 0.228239 6.053044
v 5.790280 0.228239 6.028230
v 5.718267 0.228239 6.169565
v 5.830431 0.228239 6.281728
v 5.971766 0.228239 6.209715
v 11.999995 1.776760 6.085072
v 12.128324 1.776760 6.178309
v 12.079307 1.776760 6.329169
v 11.920682 1.776760 6.329169
v 11.871665 1.776760 6.178309
v 11.999995 0.228239 6.085072
v 11.871665 0.228239 6.178309
v 11.920682 0.228239 6.329169
v 12.079307 0.228239 6.329169
v 12.128324 0.228239 6.178309
v 12.999995 1.776760 6.085073
v 13.128325 1.776760 6.178310
v 13.079309 1.776760 6.329170
v 12.920682 1.776760 6.329170
v 12.871665 1.776760 6.178310
v 12.999995 0.228239 6.085073
v 12.871665 0.228239 6.178310
v 12.920682 0.228239 6.329170
v 13.079309 0.228239 6.329170
v 13.128325 0.228239 6.178310
v 14.053041 1.776760 6.053053
v 14.209710 1.776760 6.028238
v 14.281726 1.776760 6.169573
v 14.169560 1.776760 6.281737
v 14.028226 1.776760 6.209723
v 14.053041 0.228239 6.053053
v 14.028226 0.228239 6.209723
v 14.169560 0.228239 6.281737
v 14.281726 0.228239 6.169573
v 14.209710 0.228239 6.028238
v 9.999995 1.776760 6.085070
v 10.128324 1.776760 6.178307
v 10.079307 1.776760 6.329167
v 9.920682 1.776760 6.329167
v 9.871665 1.776760 6.178307
v 9.999995 0.228239 6.085070
v 9.871665 0.228239 6.178307
v 9.920682 0.228239 6.329167
v 10.079307 0.228239 6.329167
v 10.128324 0.228239 6.178307
v 10.999995 1.776760 6.085071
v 11.128324 1.776760 6.178308
v 11.079307 1.776760 6.329168
v 10.920682 1.776760 6.329168
v 10.871665 1.776760 6.178308
v 10.999995 0.228239 6.085071
v 10.871665 0.228239 6.178308
v 10.920682 0.228239 6.329168
v 11.079307 0.228239 6.329168
v 11.128324 0.228239 6.178308
v 7.999995 1.776760 6.085068
v 8.128324 1.776760 6.178305
v 8.079307 1.776760 6.329165
v 7.920682 1.776760 6.329165
v 7.871665 1.776760 6.178305
v 7.999995 0.228239 6.085068
v 7.871665 0.228239 6.178305
v 7.920682 0.228239 6.329165
v 8.079307 0.228239 6.329165
v 8.128324 0.228239 6.178305
v 8.999995 1.776760 6.085069
v 9.128324 1.776760 6.178306
v 9.079307 1.776760 6.329166
v 8.920684 1.776760 6.329166
v 8.871665 1.776760 6.178306
v 8.999995 0.228239 6.085069
v 8.871665 0.228239 6.178306
v 8.920684 0.228239 6.329166
v 9.079307 0.228239 6.329166
v 9.128324 0.228239 6.178306
v 6.999996 1.776760 6.085067
v 7.128325 1.776760 6.178305
v 7.079309 1.776760 6.329165
v 6.920684 1.776760 6.329165
v 6.871667 1.776760 6.178305
v 6.999996 0.228239 6.085067
v 6.871667 0.228239 6.178305
v 6.920684 0.228239 6.329165
v 7.079309 0.228239 6.329165
v 7.128325 0.228239 6.178305
v 5.946955 1.776760 -2.053044
v 5.971769 1.776760 -2.209715
v 5.830435 1.776760 -2.281729
v 5.718271 1.776760 -2.169566
v 5.790284 1.776760 -2.028231
v 5.946955 0.228239 -2.053044
v 5.790284 0.228239 -2.028231
v 5.718271 0.228239 -2.169566
v 5.830435 0.228239 -2.281729
v 5.971769 0.228239 -2.209715
v 11.999999 1.776760 -2.085066
v 12.128327 1.776760 -2.178303
v 12.079310 1.776760 -2.329163
v 11.920686 1.776760 -2.329163
v 11.871669 1.776760 -2.178303
v 11.999999 0.228239 -2.085066
v 11.871669 0.228239 -2.178303
v 11.920686 0.228239 -2.329163
v 12.079310 0.228239 -2.329163
v 12.128327 0.228239 -2.178303
v 12.999999 1.776760 -2.085066
v 13.128329 1.776760 -2.178303
v 13.079312 1.776760 -2.329164
v 12.920686 1.776760 -2.329164
v 12.871669 1.776760 -2.178303
v 12.999999 0.228239 -2.085066
v 12.871669 0.228239 -2.178303
v 12.920686 0.228239 -2.329164
v 13.079312 0.228239 -2.329164
v 13.128329 0.228239 -2.178303
v 14.053044 1.776760 -2.053045
v 14.209714 1.776760 -2.028231
v 14.281730 1.776760 -2.169566
v 14.169564 1.776760 -2.281730
v 14.028230 1.776760 -2.209715
v 14.053044 0.228239 -2.053045
v 14.028230 0.228239 -2.209715
v 14.169564 0.228239 -2.281730
v 14.281730 0.228239 -2.169566
v 14.209714 0.228239 -2.028231
v 9.999999 1.776760 -2.085066
v 10.128327 1.776760 -2.178303
v 10.079310 1.776760 -2.329163
v 9.920686 1.776760 -2.329163
v 9.871669 1.776760 -2.178303
v 9.999999 0.228239 -2.085066
v 9.871669 0.228239 -2.178303
v 9.920686 0.228239 -2.329163
v 10.079310 0.228239 -2.329163
v 10.128327 0.228239 -2.178303
v 10.999999 1.776760 -2.085066
v 11.128327 1.776760 -2.178303
v 11.079310 1.776760 -2.329164
v 10.920686 1.776760 -2.329164
v 10.871669 1.776760 -2.178303
v 10.999999 0.228239 -2.085066
v 10.871669 0.228239 -2.178303
v 10.920686 0.228239 -2.329164
v 11.079310 0.228239 -2.329164
v 11.128327 0.228239 -2.178303
v 7.999999 1.776760 -2.085066
v 8.128327 1.776760 -2.178303
v 8.079310 1.776760 -2.329163
v 7.920686 1.776760 -2.329163
v 7.871669 1.776760 -2.178303
v 7.999999 0.228239 -2.085066
v 7.871669 0.228239 -2.178303
v 7.920686 0.228239 -2.329163
v 8.079310 0.228239 -2.329163
v 8.128327 0.228239 -2.178303
v 8.999999 1.776760 -2.085066
v 9.128327 1.776760 -2.178303
v 9.079310 1.776760 -2.329164
v 8.920688 1.776760 -2.329164
v 8.871669 1.776760 -2.178303
v 8.999999 0.228239 -2.085066
v 8.871669 0.228239 -2.178303
v 8.920688 0.228239 -2.329164
v 9.079310 0.228239 -2.329164
v 9.128327 0.228239 -2.178303
v 7.000000 1.776760 -2.085066
v 7.128329 1.776760 -2.178304
v 7.079312 1.776760 -2.329164
v 6.920688 1.776760 -2.329164
v 6.871671 1.776760 -2.178304
v 7.000000 0.228239 -2.085066
v 6.871671 0.228239 -2.178304
v 6.920688 0.228239 -2.329164
v 7.079312 0.228239 -2.329164
v 7.128329 0.228239 -2.178304
v 14.071568 1.712506 4.700008
v 14.174131 1.712506 4.558846
v 14.340076 1.712506 4.612765
v 14.340076 1.712506 4.787251
v 14.174129 1.712506 4.841171
v 14.071568 0.292493 4.700008
v 14.174129 0.292493 4.841171
v 14.340076 0.292493 4.787251
v 14.340076 0.292492 4.612765
v 14.174131 0.292492 4.558846
v 14.071569 1.712506 -0.700001
v 14.174133 1.712506 -0.558838
v 14.340078 1.712506 -0.612758
v 14.340078 1.712506 -0.787244
v 14.174131 1.712506 -0.841163
v 14.071569 0.292493 -0.700001
v 14.174131 0.292493 -0.841163
v 14.340078 0.292493 -0.787244
v 14.340078 0.292492 -0.612758
v 14.174133 0.292492 -0.558838
v 5.914934 1.776760 0.999999
v 5.821696 1.776760 1.128329
v 5.670836 1.776760 1.079311
v 5.665378 1.744633 0.853966
v 5.914934 0.228239 0.999999
v 5.665378 0.220366 0.853966
v 5.670836 0.228239 1.079311
v 5.821696 0.228239 1.128329
v 5.928428 1.712506 0.700001
v 5.825868 1.712506 0.558838
v 5.659920 1.712506 0.612758
v 5.928428 0.232493 0.700001
v 5.659920 0.232492 0.612758
v 5.825868 0.232492 0.558838
v 5.914933 1.776760 3.000000
v 5.821695 1.776760 2.871671
v 5.670835 1.776760 2.920688
v 5.665377 1.744633 3.146033
v 5.914933 0.228239 3.000000
v 5.665377 0.220366 3.146033
v 5.670835 0.228239 2.920688
v 5.821695 0.228239 2.871671
v 5.928427 1.712506 3.299999
v 5.825866 1.712506 3.441161
v 5.659919 1.712506 3.387241
v 5.928427 0.232493 3.299999
v 5.659919 0.232492 3.387241
v 5.825866 0.232492 3.441161
v 15.914933 1.776760 -0.660001
v 15.821695 1.776760 -0.531671
v 15.670835 1.776760 -0.580688
v 15.665378 1.744633 -0.806034
v 15.914933 0.228239 -0.660001
v 15.665378 0.220366 -0.806034
v 15.670835 0.228239 -0.580688
v 15.821695 0.228239 -0.531671
v 15.928429 1.712506 -0.959999
v 15.825868 1.712506 -1.101162
v 15.659921 1.712506 -1.047242
v 15.928429 0.232493 -0.959999
v 15.659921 0.232492 -1.047242
v 15.825868 0.232492 -1.101162
v 15.914931 1.776760 4.660010
v 15.821693 1.776760 4.531680
v 15.670834 1.776760 4.580698
v 15.665376 1.744633 4.806043
v 15.914931 0.228239 4.660010
v 15.665376 0.220366 4.806043
v 15.670834 0.228239 4.580698
v 15.821693 0.228239 4.531680
v 15.928425 1.712506 4.960009
v 15.825864 1.712506 5.101171
v 15.659917 1.712506 5.047251
v 15.928425 0.232493 4.960009
v 15.659917 0.232492 5.047251
v 15.825864 0.232492 5.101171
v 0.096385 1.835595 1.008971
v 0.199343 1.835595 1.144798
v 0.360337 1.835595 1.088852
v 0.361289 1.801075 0.846655
v 0.096385 0.171745 1.008971
v 0.361289 0.163285 0.846655
v 0.360337 0.171745 1.088852
v 0.199343 0.171745 1.144798
v 0.075349 1.766555 0.686990
v 0.182449 1.766555 0.533110
v 0.361894 1.766555 0.587416
v 0.075349 0.176315 0.686990
v 0.361894 0.176315 0.587416
v 0.182449 0.176315 0.533110
v 0.096384 1.835595 2.991023
v 0.199342 1.835595 2.855196
v 0.360336 1.835595 2.911142
v 0.361288 1.801075 3.153339
v 0.096384 0.171745 2.991023
v 0.361288 0.163285 3.153339
v 0.360336 0.171745 2.911142
v 0.199342 0.171745 2.855196
v 0.075348 1.766555 3.313004
v 0.182447 1.766555 3.466884
v 0.361893 1.766555 3.412578
v 0.075348 0.176315 3.313004
v 0.361893 0.176315 3.412578
v 0.182447 0.176315 3.466884
v 13.579793 0.240000 2.208207
v 13.528214 0.240000 2.170263
v 13.468179 0.240000 2.062117
v 13.638440 0.240000 2.233903
v 13.701573 0.240000 2.237692
v 13.493367 0.240000 2.117484
v 13.462308 0.240000 2.001573
v 13.466096 0.240000 1.938441
v 13.491792 0.240000 1.879792
v 13.529737 0.240000 1.828214
v 13.582517 0.240000 1.793366
v 13.698426 0.240000 1.762308
v 13.761559 0.240000 1.766097
v 13.820207 0.240000 1.791793
v 13.637883 0.240000 1.768178
v 13.871785 0.240000 1.829737
v 13.906634 0.240000 1.882516
v 13.933904 0.240000 2.061559
v 13.931823 0.240000 1.937883
v 13.937692 0.240000 1.998427
v 13.870263 0.240000 2.171786
v 13.762116 0.240000 2.231822
v 13.908208 0.240000 2.120208
v 13.817483 0.240000 2.206634
v 13.638440 0.572406 2.233903
v 13.701573 0.572406 2.237692
v 13.493367 0.572406 2.117484
v 13.491792 0.572406 1.879792
v 13.466096 0.572406 1.938441
v 13.529737 0.572406 1.828214
v 13.582517 0.572406 1.793366
v 13.761559 0.572406 1.766097
v 13.698426 0.572406 1.762308
v 13.820207 0.572406 1.791793
v 13.906634 0.572406 1.882516
v 13.871785 0.572406 1.829737
v 13.870263 0.572406 2.171786
v 13.908208 0.572406 2.120208
v 13.700013 0.566157 2.000000
v 13.579793 0.572406 2.208207
v 13.762116 0.572406 2.231822
v 13.528214 0.572406 2.170263
v 13.468179 0.572406 2.062117
v 13.462308 0.572406 2.001573
v 13.637883 0.572406 1.768178
v 13.931823 0.572406 1.937883
v 13.933904 0.572406 2.061559
v 13.937692 0.572406 1.998427
v 13.817483 0.572406 2.206634
v 13.700004 0.240000 2.000000
v -2.995734 0.246890 -0.999775
v -3.039529 0.150751 1.019857
v -2.001437 0.176533 -0.000066
v -1.967566 0.266494 -0.999715
v -1.999717 0.154196 1.017207
v -1.003656 0.163478 2.001163
v -1.999661 0.154196 1.999897
v -3.079462 0.149302 2.049834
v -3.019418 0.145338 2.999822
v -1.999602 0.155590 2.999882
v -0.980503 0.209158 3.001754
v -2.999363 0.151981 3.999805
v -1.999487 0.164279 4.999845
v -1.999545 0.202242 3.999865
v -2.999248 0.173494 5.999774
v -1.999378 0.178476 6.899817
v -0.428980 0.467616 -0.998419
v -1.181378 0.317851 0.000748
v -1.214774 0.300324 -0.999383
v -1.003712 0.154196 1.001181
v -0.300471 0.378965 0.001394
v -0.108309 0.186239 1.002645
v -0.098384 0.228533 2.002620
v -0.069867 0.340984 3.029497
v 0.887249 0.251684 3.154510
v -1.001632 0.348079 4.000881
v 0.041321 0.628968 4.223825
v -0.999608 0.173457 5.999891
v -0.999666 0.213408 4.999908
v -4.000528 0.229278 -0.999832
v -4.999172 0.132983 -0.000265
v -4.986819 0.137794 -0.997145
v -2.999595 0.157672 -0.000123
v -4.049295 0.133470 1.002887
v -3.999407 0.141894 -0.000184
v -5.099995 0.223797 2.103028
v -4.986656 0.130322 0.959736
v -4.101180 0.227160 2.099995
v -4.101129 0.230827 3.000362
v -4.101071 0.243054 4.000346
v -2.999308 0.162050 4.999790
v -4.101011 0.261566 5.000329
v -4.100956 0.281463 6.000310
v -4.100894 0.299833 7.000298
v -2.999195 0.185532 6.899755
v 0.629832 0.514060 3.663329
v -1.999428 0.170923 5.999832
v -0.999562 0.176600 6.799875
v -5.062449 0.341932 7.100013
v -6.010117 0.136048 -0.000324
v -5.811998 0.097206 2.099895
v -5.910141 0.134547 0.971985
v -6.509965 0.000831 2.099252
v -6.613078 0.302572 1.100622
v -7.915493 0.466184 1.001383
v -9.098410 0.513607 1.202121
v -10.900345 0.120552 0.791754
v -7.113184 0.318374 1.300656
v -7.211740 0.107075 2.099818
v -8.011598 0.116439 2.099766
v -9.111397 0.126917 2.099702
v -10.899951 0.181902 1.999982
v -7.046099 0.250400 8.098803
v -11.934080 0.369392 7.042044
v -11.660427 0.483195 5.052317
v -10.899595 0.213361 3.999874
v -10.899532 0.230509 4.999856
v -10.801585 0.294746 7.000509
v -9.111098 0.268126 7.199996
v -10.899477 0.246855 5.999835
v -8.111280 0.245795 7.200057
v -6.111644 0.215025 7.200177
v -7.111464 0.224029 7.200116
v -10.899652 0.187710 2.999893
v -9.900127 0.148232 2.099657
v -5.654941 0.268447 5.510001
v -4.549999 0.202014 2.570005
v -4.554464 0.208867 3.499837
v -9.899830 0.289069 7.199951
v -1.999689 0.154196 1.508552
v -1.501657 0.154196 2.000531
v -1.502554 0.155364 3.000819
v -1.999516 0.182364 4.499857
v -1.999572 0.179369 3.499875
v -2.499454 0.157025 3.999837
v -1.207762 0.309543 -0.499319
v -0.374646 0.439492 -0.498513
v 0.099131 0.316968 0.001765
v -0.740755 0.433290 0.001070
v -0.820376 0.383999 -0.998903
v -1.093025 0.242655 0.500964
v 0.282684 0.279872 1.002868
v -0.108278 0.233793 1.502632
v 0.491008 0.320029 3.149911
v 0.005491 0.483848 3.633191
v -0.504194 0.476527 4.114483
v -0.999639 0.173211 5.499901
v -4.992994 0.135805 -0.498702
v -4.024353 0.137843 0.501353
v -4.000180 0.210772 -0.499943
v -3.499502 0.148588 -0.000157
v -4.499292 0.136275 -0.000226
v -4.494203 0.196497 -0.998321
v -5.049994 0.173693 1.531358
v -1.590630 0.246077 -0.999716
v -2.519623 0.157284 1.018528
v -2.000577 0.163175 0.508570
v -1.994859 0.246498 -0.499821
v -1.591870 0.247098 0.000337
v -2.483451 0.256658 -0.999743
v -1.501714 0.154196 1.009194
v -1.108728 0.253084 -2.000968
v -1.000183 0.176899 2.501462
v -2.509511 0.155184 2.999850
v -1.999632 0.154267 2.499889
v -1.003683 0.157278 1.501172
v -3.009391 0.147916 3.499816
v -1.000649 0.298146 4.500216
v -1.500587 0.291655 4.000197
v -0.994255 0.314957 3.501144
v -1.499576 0.187582 4.999877
v -3.544414 0.140826 1.011373
v -3.049438 0.147205 2.524827
v -3.019564 0.154207 0.509863
v -0.556010 0.154196 1.001915
v -0.206342 0.309546 0.502015
v -0.556754 0.280360 3.001774
v -0.038817 0.258717 2.549896
v -0.555950 0.295754 2.001895
v -0.467970 0.388379 5.101147
v -0.400702 0.400619 6.998310
v -4.517978 0.130862 0.981310
v -4.992915 0.132030 0.479736
v -2.539561 0.154196 2.024865
v -3.059494 0.149050 1.534841
v -0.176873 0.545014 -0.997965
v 0.326942 0.150869 2.036318
v 0.681999 0.199296 1.503087
v 0.782082 0.118048 2.632084
v -0.315095 0.394379 -2.000159
v -3.500616 0.237296 -0.999804
v -3.000366 0.227327 -0.499882
v -2.500519 0.167187 -0.000098
v -4.100983 0.272326 5.500323
v -3.549092 0.191643 6.949723
v -4.101043 0.251658 4.500340
v -4.101099 0.236040 3.500355
v -3.549207 0.162344 4.999755
v -4.100926 0.290712 6.500306
v -2.999286 0.198171 7.359606
v -4.101153 0.227819 2.550182
v -2.999277 0.167602 5.499779
v -2.499285 0.181580 6.899789
v -4.544862 0.223731 2.101510
v -3.590240 0.180982 2.074892
v -2.999336 0.156999 4.499799
v -2.499394 0.162635 4.999817
v -2.999221 0.179158 6.449768
v -4.075156 0.176371 1.551418
v -3.549266 0.147656 3.999776
v -3.559320 0.138040 2.999791
v -3.549149 0.176959 5.999743
v -4.048971 0.208066 7.499684
v 0.827485 0.400070 3.435349
v -1.999360 0.182003 7.249806
v -1.999403 0.174709 6.449824
v -0.552998 0.349611 6.000962
v -1.999458 0.167217 5.499839
v -1.499520 0.171556 5.999863
v -2.499337 0.171507 5.999807
v -0.201505 0.436705 6.348560
v -1.000849 0.248496 7.150281
v -0.648095 0.261434 6.747480
v -0.999588 0.174872 6.399882
v -1.499470 0.176800 6.849843
v -5.076065 0.214514 7.743751
v -6.010893 0.172318 -0.500079
v -5.504645 0.133429 -0.000292
v -5.448398 0.131509 0.965858
v -5.860117 0.128579 1.535638
v -5.960128 0.135952 0.485830
v -5.649995 0.102263 2.101463
v -5.499246 0.172104 -0.998488
v -6.560570 0.164037 1.599633
v -6.714430 0.377887 0.651047
v -6.261610 0.218061 1.036303
v -6.412951 0.293095 0.100575
v -7.365638 0.458324 0.601429
v -7.161513 0.224703 1.699931
v -7.611668 0.111507 2.099792
v -9.103951 0.327604 1.650609
v -10.900149 0.208875 1.395868
v -11.351885 0.287002 1.999756
v -7.962595 0.304113 1.550276
v -7.514338 0.391617 1.151021
v -6.860852 0.053667 2.099531
v -6.863132 0.310512 1.200638
v -11.801775 0.309904 2.449721
v -8.630909 0.303371 8.396765
v -11.906784 0.438231 6.535081
v -10.899563 0.225634 4.499867
v -11.366879 0.388562 7.020975
v -11.279980 0.418091 5.026087
v -10.827786 0.458359 7.387163
v -10.849574 0.264495 6.499869
v -10.899508 0.235726 5.499846
v -9.124837 0.342083 7.795901
v -9.505466 0.278954 7.199978
v -11.389479 0.437162 6.013973
v -11.205224 0.327227 4.000044
v -10.013057 0.433161 7.709953
v -10.350707 0.243972 7.100230
v -6.611558 0.219214 7.200144
v -6.087009 0.236735 7.743690
v -8.611189 0.258179 7.200026
v -7.077828 0.247064 7.649158
v -8.115357 0.242878 7.800285
v -7.611373 0.234951 7.200082
v -10.899624 0.203018 3.499884
v -11.349696 0.296717 2.949908
v -10.899801 0.182070 2.499937
v -6.160983 0.048676 2.099572
v -6.296982 0.270417 -0.859241
v -5.656260 0.245453 7.150296
v -4.560712 0.297465 7.062523
v -8.561496 0.119089 2.099736
v -10.399087 0.114398 2.049515
v -9.505762 0.137009 2.099679
v -9.978986 0.233992 1.547996
v -5.654912 0.238280 6.009991
v -5.654972 0.252898 5.010012
v -4.548213 0.238075 5.000029
v -5.655028 0.260000 4.010028
v -5.636763 0.242618 3.000374
v -4.548214 0.263836 6.000022
v -4.548212 0.217021 4.000023
v -4.559461 0.202715 2.999835
v -10.439565 0.221168 1.471929
v -5.581540 0.225687 7.743720
v -11.277457 0.311798 3.474973
v -11.350790 0.276726 2.474828
v -10.420425 0.448420 7.548560
v -6.582417 0.245212 7.696426
v -7.596593 0.242178 7.724722
v -8.620097 0.291264 7.798092
v -9.568947 0.385291 7.752928
v -11.297496 0.467728 7.398903
v -11.378180 0.410936 6.517475
v -11.334733 0.423302 5.520032
v -11.242603 0.390052 4.513068
v -6.861040 0.194294 1.649781
v -7.114386 0.384743 0.901033
v -11.278675 0.245302 1.522771
v -9.541468 0.279197 1.599301
v -8.533269 0.319301 1.600443
v -7.562052 0.263848 1.625104
v -6.354965 0.282215 -0.379333
v -6.337281 0.256291 0.568439
v -6.210343 0.145945 1.567637
v -5.499995 0.128552 1.533359
v -5.476521 0.132978 0.482784
v -5.501946 0.153392 -0.499391
v -4.540000 0.210000 7.630012
v -0.700775 0.324219 7.074292
v -0.600548 0.304733 6.374222
v -1.500102 0.213478 7.200047
v -1.499495 0.173926 6.424854
v 0.455261 0.462193 3.512403
v -3.524130 0.202823 7.429645
v -3.549122 0.184149 6.474736
v -3.549179 0.169498 5.499749
v -3.549234 0.154551 4.499768
v -3.554293 0.142048 3.499784
v -3.574345 0.135789 2.537204
v -0.709719 0.323773 -2.000565
v -0.061313 0.510526 -1.999471
v -4.531340 0.173513 1.541387
v -3.567766 0.183458 1.543267
v -4.508633 0.133836 0.490546
v -3.521957 0.144770 0.505610
v -4.496963 0.177893 -0.499207
v -3.500273 0.218005 -0.499913
v -0.510485 0.363205 5.551056
v -0.486274 0.440353 4.610060
v -0.520400 0.389345 3.543393
v -0.554062 0.331778 2.501834
v 0.435428 0.145341 2.656860
v -0.555982 0.271426 1.501902
v 0.286859 0.209215 1.502858
v -0.649684 0.311708 0.501490
v 0.188749 0.325997 0.502314
v -0.790261 0.380191 -0.498913
v -0.048926 0.472965 -0.498100
v -2.499322 0.188953 7.304710
v -2.499313 0.176419 6.449795
v -2.499365 0.166808 5.499812
v -1.499547 0.169046 5.499873
v -2.499427 0.159001 4.499826
v -1.500085 0.233147 4.500036
v -2.504482 0.155757 3.499845
v -1.501573 0.248039 3.500507
v -2.524538 0.153947 2.512359
v -1.502107 0.154196 2.500672
v -2.529593 0.155665 1.521697
v -1.501686 0.154196 1.504868
v -2.510071 0.161468 0.509221
v -1.546803 0.204610 0.504766
v -2.499889 0.236869 -0.499851
v -1.601219 0.247879 -0.499689
v 0.063727 0.585077 5.202387
v -0.296626 0.347183 6.695090
v 0.715033 0.149079 2.054733
v -6.011669 0.207227 -0.999832
v -10.855894 0.498674 7.774419
v -11.600320 0.600752 7.779254
v -3.998951 0.217990 7.999682
v -2.999376 0.209889 7.819455
v -1.002132 0.321278 7.500685
v -5.053338 0.207393 8.287867
v -11.803817 0.269102 1.999530
v -0.504782 0.454852 7.301525
v -6.815787 0.451682 0.201477
v -6.064280 0.233114 8.287811
v -10.059749 0.320446 0.996933
v -0.021329 0.555752 5.602213
v -0.753456 0.387879 7.401104
v -10.492041 0.528329 7.997490
v -10.480047 0.219753 0.894343
v -8.506951 0.490177 1.101751
v -6.699039 0.392603 -0.258589
v 0.194882 0.626719 -1.998783
v 8.400103 0.203275 4.000142
v 7.400103 0.221085 4.000078
v 6.400044 0.247989 3.000021
v 6.400105 0.241942 4.000024
v 7.400046 0.227132 3.000081
v 8.400045 0.209302 3.000137
v 5.940153 0.232411 3.999995
v 6.400077 0.244965 3.500022
v 7.400018 0.230156 2.500083
v 8.400017 0.212325 2.500143
v 7.900042 0.199788 3.000109
v 7.400079 0.224109 3.500082
v 8.400078 0.206278 3.500137
v 5.940099 0.238458 2.999998
v 6.900046 0.257520 3.000050
v 6.900105 0.251473 4.000046
v 6.400020 0.251012 2.500025
v 7.900019 0.202811 2.500113
v 6.900020 0.260544 2.500051
v 5.940070 0.241481 2.499996
v 6.900077 0.254497 3.500052
v 5.940124 0.235434 3.500002
v 7.900074 0.196764 3.500110
v 8.400080 0.202309 2.000139
v 7.400081 0.220140 2.000082
v 6.400023 0.247044 1.000021
v 6.400083 0.240997 2.000025
v 7.400021 0.226187 1.000078
v 8.400019 0.208356 1.000136
v 7.900080 0.192796 2.000112
v 5.940133 0.231465 1.999994
v 6.400049 0.244020 1.500019
v 5.940012 0.243559 -0.000013
v 7.399994 0.229210 0.500078
v 8.399990 0.211380 0.500135
v 7.900019 0.198843 1.000107
v 7.400053 0.223163 1.500080
v 8.400051 0.205333 1.500136
v 5.940069 0.237512 0.999991
v 6.900024 0.256575 1.000050
v 6.900083 0.250528 2.000047
v 6.399996 0.250067 0.500022
v 7.899992 0.201866 0.500109
v 6.899996 0.259598 0.500047
v 5.940042 0.240536 0.499992
v 6.900053 0.253551 1.500049
v 5.940098 0.234489 1.499993
v 7.900051 0.195819 1.500109
v 8.400078 0.202329 0.000134
v 7.400080 0.220140 0.000074
v 6.400020 0.247044 -0.999981
v 6.400076 0.240997 0.000015
v 6.399966 0.253091 -1.999984
v 7.400020 0.266106 -0.999926
v 7.399961 0.272153 -1.999925
v 8.400015 0.285169 -0.999868
v 8.399963 0.291216 -1.999866
v 7.900080 0.192796 0.000108
v 6.400048 0.244020 -0.499984
v 5.940013 0.243559 -2.000017
v 7.399991 0.269130 -1.499928
v 6.899964 0.262622 -1.999957
v 8.399996 0.288192 -1.499865
v 7.900017 0.275638 -0.999895
v 7.400050 0.223173 -0.499924
v 8.400047 0.242236 -0.499866
v 5.940070 0.237512 -1.000011
v 6.900025 0.256575 -0.999953
v 6.900078 0.250528 0.000045
v 6.399993 0.250067 -1.499985
v 7.899963 0.281685 -1.999896
v 7.899996 0.278661 -1.499896
v 6.899993 0.259598 -1.499954
v 5.940042 0.240536 -1.500014
v 6.900052 0.253551 -0.499955
v 5.940099 0.234489 -0.500009
v 7.900045 0.232704 -0.499891
v 8.400084 0.279122 6.000144
v 7.400090 0.260059 6.000089
v 6.400024 0.247044 5.000017
v 6.400084 0.240997 6.000029
v 7.400023 0.266106 5.000078
v 8.400024 0.285169 5.000137
v 7.900087 0.269591 6.000120
v 5.940127 0.231465 5.999992
v 6.400053 0.244020 5.500020
v 7.399998 0.229220 4.500075
v 8.399992 0.248283 4.500137
v 7.900019 0.275638 5.000111
v 7.400059 0.263083 5.500086
v 8.400061 0.282145 5.500147
v 5.940071 0.237512 4.999988
v 6.900028 0.256575 5.000046
v 6.900090 0.250528 6.000058
v 6.399998 0.250067 4.500022
v 7.899971 0.204890 4.000113
v 7.899992 0.238751 4.500107
v 6.899996 0.259598 4.500045
v 5.940046 0.240536 4.499992
v 6.900057 0.253551 5.500049
v 5.940100 0.234489 5.499990
v 7.900055 0.272614 5.500120
v 11.400106 0.203275 4.000144
v 10.400108 0.184210 4.000083
v 9.400045 0.171176 3.000021
v 9.400103 0.165147 4.000025
v 10.400043 0.190239 3.000081
v 11.400043 0.209302 3.000142
v 10.900105 0.193741 4.000115
v 9.400074 0.168153 3.500023
v 10.400019 0.193262 2.500085
v 11.400015 0.212325 2.500139
v 10.900040 0.199770 3.000112
v 10.400076 0.187216 3.500081
v 11.400076 0.206278 3.500133
v 8.900093 0.161645 2.999995
v 9.900047 0.180708 3.000050
v 9.900108 0.174679 4.000052
v 9.400021 0.174200 2.500026
v 10.900017 0.202794 2.500108
v 9.900024 0.183731 2.500053
v 8.900066 0.164669 2.499993
v 9.900076 0.177684 3.500051
v 8.900122 0.158622 3.499998
v 10.900076 0.196747 3.500113
v 11.400080 0.202310 2.000137
v 10.400080 0.183247 2.000077
v 9.400021 0.170231 1.000022
v 9.400082 0.164184 2.000016
v 10.400026 0.189294 1.000079
v 11.400024 0.208356 1.000136
v 10.900084 0.192778 2.000105
v 8.900131 0.154653 1.999991
v 9.400057 0.167208 1.500022
v 10.399998 0.192317 0.500076
v 11.399996 0.211380 0.500138
v 10.900023 0.198825 1.000111
v 10.400055 0.186270 1.500081
v 11.400051 0.205333 1.500134
v 8.900074 0.160700 0.999990
v 9.900026 0.179763 1.000050
v 9.900087 0.173716 2.000052
v 9.399992 0.173255 0.500019
v 10.899994 0.201849 0.500108
v 9.899996 0.182786 0.500048
v 8.900047 0.163724 0.499990
v 9.900059 0.176739 1.500050
v 8.900105 0.157677 1.499997
v 10.900051 0.195802 1.500114
v 11.400078 0.202329 0.000134
v 10.400080 0.183265 0.000073
v 9.400019 0.247044 -0.999981
v 9.400082 0.164202 0.000015
v 9.399967 0.253091 -1.999984
v 10.400024 0.266106 -0.999923
v 10.399967 0.272153 -1.999924
v 11.400017 0.285169 -0.999865
v 11.399967 0.291216 -1.999868
v 10.900082 0.192796 0.000103
v 8.900129 0.154672 -0.000009
v 9.400051 0.204111 -0.499985
v 8.900009 0.243559 -2.000010
v 10.399994 0.269130 -1.499924
v 9.899971 0.262622 -1.999955
v 11.399996 0.288192 -1.499866
v 10.900019 0.275638 -0.999896
v 10.400057 0.223173 -0.499927
v 11.400055 0.242236 -0.499869
v 8.900068 0.237512 -1.000011
v 9.900021 0.256575 -0.999953
v 9.900080 0.173734 0.000043
v 9.399996 0.250067 -1.499981
v 10.899969 0.281685 -1.999894
v 10.899992 0.278661 -1.499894
v 9.899996 0.259598 -1.499951
v 8.900042 0.240536 -1.500013
v 9.900053 0.213642 -0.499956
v 8.900099 0.194579 -0.500010
v 10.900053 0.232704 -0.499895
v 11.400078 0.279122 6.000141
v 10.400085 0.260059 6.000087
v 9.400026 0.247044 5.000031
v 9.400085 0.240997 6.000034
v 10.400028 0.266106 5.000091
v 11.400023 0.285169 5.000144
v 10.900085 0.269591 6.000118
v 8.900131 0.231465 6.000002
v 9.400057 0.244020 5.500032
v 8.900013 0.166767 3.999988
v 10.400002 0.229220 4.500087
v 11.399998 0.248283 4.500141
v 10.900023 0.275638 5.000122
v 10.400057 0.263083 5.500093
v 11.400055 0.282146 5.500144
v 8.900076 0.237513 5.000003
v 9.900030 0.256575 5.000068
v 9.900085 0.250528 6.000056
v 9.399996 0.210158 4.500028
v 10.899998 0.238752 4.500120
v 9.899998 0.219688 4.500057
v 8.900043 0.200626 4.499994
v 9.900057 0.253552 5.500063
v 8.900106 0.234489 5.500007
v 10.900053 0.272614 5.500116
v 14.400084 0.279122 6.000143
v 13.400087 0.260059 6.000089
v 12.400024 0.247043 5.000027
v 12.400085 0.240997 6.000030
v 13.400026 0.266106 5.000085
v 14.400023 0.285169 5.000139
v 13.900087 0.269591 6.000118
v 11.900131 0.231465 5.999997
v 12.400057 0.244020 5.500028
v 13.400002 0.269130 4.500091
v 13.900023 0.275637 5.000116
v 13.400055 0.263083 5.500088
v 14.400057 0.282145 5.500149
v 11.900076 0.237512 5.000001
v 12.900030 0.256575 5.000063
v 12.900087 0.250528 6.000059
v 12.399998 0.210158 4.500032
v 13.899967 0.281684 4.000120
v 13.900000 0.278661 4.500120
v 12.900002 0.259598 4.500061
v 11.900053 0.200626 4.500005
v 12.900055 0.253551 5.500058
v 11.900108 0.234489 5.500002
v 13.900055 0.272614 5.500118
v 13.400084 0.260059 4.000088
v 12.400023 0.207124 3.000022
v 12.400084 0.201077 4.000036
v 13.400023 0.266106 3.000074
v 11.900129 0.154671 3.999999
v 12.400051 0.204101 3.500025
v 13.400000 0.269130 2.500079
v 13.900024 0.275637 3.000120
v 13.400059 0.263083 3.500092
v 11.900072 0.160717 2.999992
v 12.900023 0.256575 3.000052
v 12.900087 0.250528 4.000056
v 12.399996 0.210148 2.500020
v 13.900030 0.278661 2.500115
v 12.899996 0.259598 2.500050
v 11.900045 0.163741 2.499990
v 12.900053 0.253551 3.500057
v 11.900101 0.157694 3.499995
v 13.900055 0.272614 3.500115
v 13.400082 0.260059 2.000076
v 12.400021 0.207124 1.000022
v 12.400076 0.201077 2.000019
v 12.399965 0.213168 0.000020
v 13.400024 0.266106 1.000082
v 13.900160 0.307402 2.000113
v 11.900131 0.154670 1.999995
v 12.400051 0.204101 1.500015
v 13.399994 0.300024 0.500078
v 13.900017 0.275637 1.000115
v 13.400051 0.263083 1.500084
v 11.900066 0.160717 0.999993
v 12.900024 0.256575 1.000050
v 12.900080 0.250528 2.000048
v 12.399994 0.210148 0.500022
v 13.899992 0.309555 0.500118
v 12.899998 0.259598 0.500049
v 11.900045 0.163741 0.499996
v 12.900053 0.253551 1.500052
v 11.900103 0.157694 1.499992
v 13.900080 0.310426 1.500114
v 13.900103 0.270536 -1.999893
v 13.400080 0.290954 0.000082
v 12.400019 0.247044 -0.999981
v 12.399969 0.253091 -1.999984
v 13.400019 0.266106 -0.999921
v 13.399961 0.272153 -1.999921
v 14.400015 0.285169 -0.999867
v 14.399963 0.291216 -1.999866
v 13.900082 0.300485 0.000108
v 11.900131 0.154672 -0.000008
v 12.400047 0.204111 -0.499983
v 11.900015 0.243559 -2.000012
v 13.399994 0.269130 -1.499924
v 12.899963 0.262622 -1.999952
v 14.399990 0.288192 -1.499867
v 13.900015 0.275637 -0.999889
v 13.400051 0.263083 -0.499920
v 11.900068 0.237512 -1.000011
v 12.900023 0.256575 -0.999952
v 12.900082 0.250528 0.000049
v 12.399998 0.250067 -1.499981
v 13.899988 0.278661 -1.499892
v 12.899996 0.259598 -1.499954
v 11.900043 0.240536 -1.500010
v 12.900051 0.253551 -0.499949
v 11.900099 0.194579 -0.500010
v 13.900049 0.272614 -0.499888
v 15.898884 0.068880 4.000114
v 14.900002 0.219689 4.500054
v 16.470236 -0.035480 3.923051
v 15.399319 0.143300 4.000082
v 15.397688 0.117409 3.000084
v 16.408100 -0.075309 2.969451
v 15.399073 0.115354 2.500087
v 16.404364 -0.104503 2.464427
v 15.895647 0.021834 2.997039
v 15.397984 0.127665 3.500087
v 16.446293 -0.057688 3.438912
v 14.899366 0.207128 3.000067
v 14.899881 0.214695 4.000052
v 15.898502 0.018847 2.493661
v 14.900299 0.206431 2.500062
v 14.899315 0.210463 3.500058
v 15.895037 0.040148 3.500113
v 16.358171 -0.066201 1.959324
v 15.400007 0.117809 2.000084
v 15.394991 0.128528 1.000084
v 16.349264 -0.053391 0.920062
v 15.880878 0.026613 1.997256
v 15.398260 0.138573 0.500078
v 16.404713 -0.042921 0.469390
v 15.873260 0.044764 0.994362
v 15.395321 0.122607 1.500085
v 14.899744 0.210834 1.000054
v 14.901056 0.206970 2.000049
v 15.893925 0.061239 0.504892
v 14.899799 0.213779 0.500050
v 14.900412 0.208537 1.500052
v 15.863928 0.035425 1.497335
v 16.471361 -0.030268 0.033905
v 15.409540 0.149750 0.003384
v 15.910934 0.078887 0.009277
v 15.476086 0.160685 -0.465747
v 14.900414 0.209959 0.000047
v 14.907877 0.212718 -0.498140
v 15.982529 0.101606 -0.458441
v 14.399996 0.259598 4.500060
v 14.400009 0.249506 3.000060
v 14.400082 0.250528 4.000055
v 14.400377 0.252530 2.500056
v 14.400000 0.253551 3.500059
v 14.400108 0.256575 1.000056
v 14.400692 0.288340 2.000049
v 14.399992 0.259598 0.500048
v 14.400452 0.291363 1.500049
v 14.400085 0.250528 0.000050
v 14.400049 0.253551 -0.499951
v -5.654999 0.239212 4.510021
v -5.641763 0.250099 3.500377
v -5.099997 0.234422 4.999990
v -5.654883 0.257269 6.509986
v -5.639263 0.240000 2.600005
v -4.548215 0.282646 5.500022
v -4.548214 0.226778 4.500023
v -4.548213 0.274418 6.487524
v -5.099998 0.210779 3.999991
v -5.124410 0.194750 2.999804
v -5.099995 0.264558 5.999991
v -5.099995 0.281971 6.512494
v -5.099996 0.280888 5.499991
v -5.099996 0.221705 4.499990
v -5.124412 0.201791 3.499806
v -5.136100 0.192544 2.590004
v 17.378988 -0.215778 0.748915
v 16.806787 -0.082937 0.831994
v 17.252335 -0.215778 1.281392
v 16.755667 -0.085154 1.340703
v 17.809273 -0.215778 0.066639
v 17.995544 -0.215778 -0.228292
v 17.118509 -0.076134 0.010309
v 17.597643 -0.215778 0.349348
v 17.263357 -0.073256 -0.389411
v 16.970196 -0.081546 0.387743
v 17.272097 -0.215778 1.836416
v 16.315044 -0.039340 1.427830
v 16.820326 -0.089218 1.886540
v 16.880907 -0.097594 2.435034
v 17.442509 -0.215778 2.825499
v 17.303308 -0.215778 2.408823
v 16.947172 -0.093916 2.890020
v 17.859207 -0.215778 3.492109
v 17.666471 -0.215778 3.169766
v 17.139849 -0.073663 3.738597
v 17.079792 -0.085930 3.292572
v 17.136913 -0.056113 4.244874
v 15.399963 0.180730 4.499960
v 16.443636 0.033606 4.300026
v 15.899887 0.124170 4.499996
v 17.750011 1.725002 5.250020
v 19.650009 2.800002 5.500019
v 19.200005 3.200002 6.000024
v 17.559916 -0.042808 4.809238
v 17.348417 -0.049460 4.527060
v 19.650007 2.200002 5.450027
v 17.199165 -0.018049 -0.700124
v 16.539112 -0.008690 -0.435014
v 15.300005 0.177012 -0.799986
v 16.600004 0.003680 -0.599983
v 15.958450 0.064340 -0.699984
v 17.814108 -0.065265 -0.901275
v 18.243446 0.021449 -1.079707
v 18.401371 -0.220524 -0.492863
v 18.681242 -0.145736 -1.302321
v 19.725832 -0.467986 -1.732598
v 19.224693 -0.184065 -1.583241
v 18.739725 -0.245129 -0.783027
v 19.555372 -0.354084 -1.377599
v 19.187504 -0.298107 -1.133515
v 19.838188 -0.502986 -2.109504
v 18.142151 -0.215778 3.748486
v 18.729366 -0.369741 4.185643
v 18.018429 -0.083761 4.844217
v 19.550011 1.125955 5.650022
v 18.373753 -0.259814 4.006561
v 19.650011 0.547118 5.650023
v 18.476944 -0.124714 4.879200
v 18.908760 -0.158733 4.968537
v 19.500008 1.699313 5.350022
v 19.041395 -0.400000 4.328267
v 19.770290 -0.359570 5.228955
v 19.340578 -0.210628 5.057879
v 20.200008 -0.519170 5.400024
v 19.347826 -0.406635 4.524464
v 20.200010 -0.575993 5.000027
v 20.798897 -0.901174 3.677552
v 19.326698 -0.520788 3.880113
v 19.685591 -0.430036 4.715897
v 18.325012 3.125002 7.025024
v 17.825008 2.725002 5.300021
v 18.837086 -0.514112 3.423626
v 18.592140 -0.513547 3.073941
v 20.241003 -0.771927 -1.681089
v 20.275162 -0.872177 -2.084962
v 18.643238 -0.514908 0.431252
v 18.846956 -0.516046 0.057611
v 20.212486 -0.595595 4.401147
v 19.868320 -0.548412 4.217444
v 18.985878 -0.506139 -0.317301
v 20.951113 -1.053183 6.521107
v 20.836401 -0.897640 5.755646
v 20.534586 -0.662013 4.636503
v 20.988367 -0.826013 5.299190
v 18.428785 -0.514175 0.841438
v 19.498156 -0.525267 4.017864
v 19.155237 -0.516308 3.742355
v 19.190172 -0.482094 -0.682000
v 19.536232 -0.490170 -1.007751
v 18.319450 -0.512878 2.227615
v 18.297976 -0.512551 1.783025
v 20.100004 -0.663526 -2.499986
v 19.976494 -0.589108 -1.345398
v 20.869303 -0.741048 4.938682
v 18.418888 -0.513224 2.672680
v 18.319168 -0.513214 1.302381
v 21.127018 -1.177035 7.197237
v 20.344849 -0.843595 3.142197
v 21.396196 -1.231254 -2.050735
v 20.197309 -0.840682 0.301676
v 21.516644 -1.058509 4.464770
v 21.824125 -1.388670 6.943451
v 21.623533 -1.161951 4.811800
v 20.094690 -0.832789 0.782932
v 20.953255 -0.924458 3.843575
v 19.971775 -0.817455 2.059892
v 21.682859 -1.289899 5.233362
v 20.130655 -0.830089 2.762517
v 21.314562 -1.298968 -2.499179
v 20.315853 -0.866674 -0.167914
v 21.280518 -0.974606 4.147275
v 20.455811 -0.907103 -0.612712
v 21.815020 -1.410101 6.282318
v 21.689671 -1.404092 5.736351
v 20.657747 -0.870634 3.510165
v 20.672594 -0.967165 -0.966181
v 20.954777 -1.049098 -1.248948
v 19.984610 -0.819599 1.689696
v 21.139656 -1.304035 -3.035402
v 21.241417 -1.139622 -1.646722
v 20.023329 -0.820310 2.405071
v 20.021786 -0.825773 1.256801
v -8.099997 0.201514 8.400009
v -10.199994 0.484803 8.200008
v 0.600004 0.400000 0.500009
v 0.300006 0.500000 -0.499991
v -3.499997 0.206788 7.900013
v -1.499996 0.244353 7.600009
v -11.699997 0.246702 1.600008
v -11.699996 0.283420 3.400008
v -7.599993 0.177513 8.300011
v -11.199997 0.510569 7.800008
v -11.799994 0.447457 5.500008
v -11.599995 0.422853 4.500007
v -6.599994 0.241173 8.200008
v -5.499995 0.195603 8.300013
v -9.599995 0.366216 1.100010
v -1.999999 0.154606 7.600007
v -11.499997 0.235474 1.300006
v -11.799995 0.274717 2.900007
v -9.199996 0.351603 8.400011
v 1.300004 4.200004 -3.699992
v 0.300006 3.400002 -1.999991
v 0.800003 2.400002 -3.399995
v 0.700004 3.900003 -3.399993
v 0.900004 3.100002 -3.399992
v 0.000006 0.600001 -0.999993
v -0.099998 0.503949 6.000008
v -6.599996 0.341200 -0.699995
v -11.899993 0.471623 6.100010
v 1.500008 3.600002 2.000009
v 1.000004 3.401071 5.500011
v 1.500004 3.600003 1.000009
v 0.800007 3.508561 6.400010
v 0.400003 3.625154 7.400012
v -1.699996 3.612710 9.000014
v 0.400007 3.536193 8.200014
v -7.699997 3.493172 -1.199993
v -12.499994 3.269509 0.700006
v -12.799994 3.359044 2.000007
v -7.899997 3.584862 -1.999997
v -7.699995 3.408038 -0.399997
v -9.399996 3.403441 9.400010
v -7.299994 3.290018 9.300011
v -12.599995 3.334231 8.300009
v -10.999992 3.400104 9.000010
v -12.899997 3.366093 5.900008
v -12.599997 3.325782 4.900009
v -6.399994 3.347341 9.400011
v -10.199998 3.637972 0.400008
v 1.400004 4.300004 -9.699997
v 0.800003 4.300004 -10.699999
v -2.599995 4.200004 -10.599998
v -1.899996 4.200004 -10.899998
v -7.999998 3.741526 -4.599997
v -7.699996 4.100004 -9.099998
v -4.499997 4.100003 -10.600000
v -5.499996 4.100003 -10.400000
v -3.399998 4.100003 -10.699995
v 1.500002 4.200004 -7.499997
v -19.700001 3.100000 19.899998
v -12.799997 3.937505 -3.399996
v -12.400000 3.745381 -9.099998
v -23.599998 4.398827 -5.599998
v -2.899998 4.900004 -13.099998
v 10.398085 3.861273 22.930931
v 2.600001 3.700002 -12.999998
v -27.299999 3.108334 9.700008
v -2.999994 4.539766 23.000023
v 0.500005 0.400000 0.000007
v 0.600006 0.300000 1.000007
v -0.299995 1.732952 7.600009
v 0.800005 1.000001 0.000009
v 1.200007 2.200002 1.000008
v 1.100007 1.100001 0.600009
v 0.900005 0.900001 2.900009
v 1.000005 3.200002 2.700009
v 1.100004 2.200001 2.700008
v 1.000006 3.300002 1.000008
v 1.100007 3.200001 2.000010
v 1.100005 2.200002 2.000006
v 0.600004 2.300002 -0.999992
v 0.700007 3.300002 -0.999992
v 0.800003 2.200001 0.000008
v 0.500006 1.300001 -0.999992
v 0.800005 3.300002 0.000010
v 0.300004 2.300001 -1.999993
v 0.300005 1.300001 -1.999990
v 0.500005 1.300001 -3.099992
v -0.799994 0.600000 -2.799994
v 1.400005 3.600003 0.000007
v 0.600007 2.200002 4.400011
v 0.300005 1.400001 4.400013
v 0.200007 1.400223 5.200011
v 0.100001 1.304648 6.000007
v 0.300005 3.209603 6.100005
v 0.400006 3.200002 4.200010
v 0.500006 3.201076 5.200012
v 0.400005 2.201023 5.300010
v 0.400002 2.107505 6.100008
v -0.099994 1.314645 6.800011
v -0.899992 1.245961 8.000015
v -0.899994 3.163562 7.700014
v -0.799996 2.153310 8.000010
v 0.100004 3.226133 7.000010
v 0.000003 2.222155 6.900011
v -0.199994 2.739161 7.500010
v -1.799996 1.270981 7.900014
v -2.999999 1.304041 8.100010
v -3.099997 3.251113 8.200013
v -3.099998 2.235439 8.100011
v -1.699993 3.295028 8.000015
v -1.699996 2.182535 8.000012
v 0.900005 1.200001 3.700009
v 1.000007 3.200001 3.600010
v 1.000004 2.200001 3.700009
v 1.600008 3.500002 4.000010
v 1.000005 2.700002 2.700010
v 1.000005 2.700002 2.000008
v 0.600005 2.800002 -0.999994
v 1.000005 2.800002 1.000010
v 0.800007 2.800002 0.000008
v 0.100005 2.900002 -1.999993
v 0.500006 2.701335 5.300009
v 0.400005 2.700002 4.200012
v -0.799994 2.656948 7.800015
v 0.000006 2.724085 6.900013
v -3.099997 2.747464 8.200011
v -1.799998 2.692344 8.100011
v 0.800006 2.700002 3.600008
v 0.400002 2.708754 6.100008
v 1.100004 1.600001 0.600009
v 0.900004 1.600001 0.000010
v 0.900007 1.500001 2.700012
v 0.600005 1.800001 -0.999994
v 0.300006 1.800001 -1.999992
v 0.400006 1.800001 -3.099994
v 0.500008 1.800001 4.400010
v 0.300006 1.800772 5.300011
v 0.000008 1.819610 6.900015
v -0.799992 1.648270 8.000015
v -1.799995 1.678356 8.000014
v -2.999998 1.718947 8.200010
v 0.200006 1.706905 6.100011
v 0.900004 1.700001 3.700011
v -0.199994 3.242845 7.600011
v -0.399995 2.238463 7.500009
v -0.399993 1.329596 7.500010
v -4.699999 0.973970 8.200006
v -3.799996 1.041420 8.900016
v -4.799998 3.133138 8.400015
v -4.799998 1.909915 8.500011
v -3.699996 3.098947 8.900013
v -3.799998 2.060661 8.900013
v -4.999996 3.272930 9.300016
v -3.799999 1.448078 9.000011
v -4.799998 1.391390 8.300013
v -4.800001 2.421013 8.400007
v -3.699996 2.576348 8.800012
v 1.300004 3.600003 -0.999993
v 1.600004 3.600003 2.700008
v 1.000007 3.500002 4.400012
v -0.699993 3.469549 8.500013
v -2.799998 3.563704 9.100010
v -3.799998 3.327166 9.700010
v -6.699997 1.250172 -0.899994
v -6.999995 3.068544 -1.099994
v -7.099998 2.055028 -1.099993
v -7.099996 3.545168 -2.999998
v -7.099995 2.217889 -2.999995
v -6.099995 1.119423 -1.999994
v -6.499995 2.432959 -1.999993
v -6.999994 3.457700 -1.999994
v -5.999996 0.110125 -1.999993
v -6.999996 1.179876 0.100009
v -7.999997 2.234904 0.500007
v -7.999994 3.238987 0.700007
v -7.199997 2.194551 0.000005
v -7.899996 1.220208 0.700007
v -7.199997 3.195677 0.000005
v -8.199995 3.537790 0.100006
v -9.199996 1.279192 0.900007
v -10.999996 1.878162 0.600005
v -10.999998 3.006878 0.800006
v -9.199995 2.296090 0.800006
v -10.999994 1.045455 0.600005
v -9.199995 3.299665 0.900008
v -9.099998 3.584061 0.400006
v -11.199993 3.684148 0.300007
v -12.199996 1.950441 2.000007
v -11.999995 1.102875 2.000006
v -11.799996 1.071813 1.000008
v -12.099997 3.012791 2.000007
v -11.999995 2.976130 1.200007
v -12.099997 1.917830 1.000006
v -6.099998 0.843790 8.600008
v -6.199996 1.873983 8.900011
v -11.499996 0.295373 4.000008
v -11.799994 1.892035 4.100009
v -11.399997 1.036954 4.000009
v -11.999995 1.121808 2.900009
v -11.699993 2.944674 4.100008
v -11.999996 3.038528 3.100010
v -11.999996 1.976139 3.100009
v -12.399994 3.291581 4.000005
v -6.199995 1.363195 8.800013
v -6.199998 2.391439 8.600012
v -8.199995 3.675124 -2.999996
v -12.699995 3.394725 3.400009
v -8.199993 0.944247 8.900013
v -9.299994 2.042182 9.100009
v -9.299994 1.202173 8.900008
v -10.199995 1.229190 8.400011
v -10.899997 1.036379 8.100008
v -10.899994 3.063390 8.500007
v -10.899994 1.995187 8.600010
v -9.299995 3.090584 8.800010
v -10.299993 3.044152 8.700010
v -10.199993 1.977249 8.700012
v -7.199994 1.931966 8.900010
v -7.199994 2.961371 8.800008
v -8.199996 1.990776 8.900009
v -7.099995 0.895076 8.700006
v -8.299994 3.022639 8.800011
v -8.399993 3.347186 9.300011
v -12.099996 0.958334 8.100010
v -12.199995 3.105546 8.200006
v -12.099994 2.032370 8.200007
v -10.899993 2.530987 8.400010
v -10.199994 2.509930 8.600010
v -7.199994 2.443447 8.600010
v -9.199994 2.568836 8.700009
v -8.199993 2.506482 8.800009
v -12.099995 2.568492 8.100008
v -9.199993 1.619062 8.900012
v -8.199994 1.469700 9.000011
v -10.199994 1.656671 8.600012
v -10.799994 1.563613 8.300011
v -7.099997 1.412354 8.800006
v -12.199995 1.494229 8.000010
v -10.299993 3.370784 9.100008
v -12.299995 0.932500 6.900010
v -12.399993 1.947428 5.900007
v -12.299994 1.106511 6.000008
v -11.899995 1.074458 5.000008
v -6.999995 1.651593 -1.099993
v -12.299995 3.018143 6.000008
v -11.899996 2.977537 5.000008
v -11.999995 1.922472 4.900009
v -12.199994 1.995289 7.000007
v -12.399996 3.044654 7.000009
v -11.699993 2.416249 4.000008
v -11.899996 2.449103 4.900011
v -12.299994 2.483212 6.000009
v -12.399995 2.518689 7.000006
v -12.299997 1.527115 6.000008
v -12.399997 1.465104 7.000006
v -11.899997 1.498753 5.000008
v -11.599995 1.462711 4.000006
v -12.899998 3.356719 6.800007
v -6.499994 1.826805 -1.999995
v -7.199996 1.691904 0.100007
v -7.899997 1.726556 0.600007
v -9.199993 1.787905 0.900008
v -10.999998 1.464895 0.600006
v -12.099998 1.526558 2.000005
v -12.099998 1.497625 1.000007
v -12.099995 1.548608 3.000007
v -6.999996 2.556133 -1.099991
v -7.099996 2.829582 -2.999997
v -6.499994 2.839739 -1.999994
v -7.899997 2.732510 0.600008
v -7.199996 2.693532 0.000006
v -10.999996 2.400867 0.900007
v -9.099996 2.794572 1.000008
v -11.899995 2.456714 1.300008
v -11.999997 2.487906 2.200009
v -11.999996 2.511800 3.300009
v -6.199997 3.012937 8.800009
v -10.199995 2.147187 0.700005
v -10.199996 3.156614 0.900007
v -10.099995 1.112480 0.800008
v -10.199997 1.635697 0.800006
v -10.099997 2.650080 0.900004
v 1.100001 2.400002 -9.900000
v 0.900001 3.600002 -9.799999
v 1.000003 2.400002 -5.299995
v 0.800004 3.900003 -5.299993
v 1.300005 4.100003 -4.999996
v -0.399998 2.400002 -10.399998
v -0.399997 3.800003 -10.399998
v 0.300003 3.900003 -10.299999
v 0.500002 2.400002 -10.399996
v -2.599997 2.400002 -10.199999
v -2.599997 3.800003 -9.999998
v -1.599997 3.800003 -10.400000
v -1.499999 2.400002 -10.399998
v -0.499997 4.300004 -11.000000
v -7.399998 2.200569 -6.399998
v -7.199996 3.600003 -9.000000
v -7.199998 2.300001 -8.999996
v -7.499999 3.510983 -6.299998
v -7.299997 3.500170 -7.999998
v -7.399997 2.300001 -8.099998
v -7.499998 2.207956 -4.499996
v -7.499998 3.632436 -4.499997
v -7.999998 3.716849 -6.399997
v -6.699999 3.600003 -9.799999
v -6.699997 2.300002 -9.799997
v -7.099995 4.000003 -9.999998
v -7.099998 2.900002 -9.000000
v -7.199997 2.900002 -7.999999
v -7.399995 2.904751 -6.300001
v -7.399997 2.816051 -4.599993
v -6.599998 3.000002 -9.799997
v -7.799997 4.001700 -8.099998
v -4.499997 2.300002 -10.199997
v -4.599997 3.600003 -10.099997
v -3.599996 3.700003 -9.999998
v -3.499996 2.300002 -10.199999
v -5.699996 2.300002 -9.800001
v -5.699995 3.600003 -9.899998
v -2.599998 3.100002 -9.999998
v -3.499997 3.100002 -10.000000
v -4.499999 3.000001 -9.999998
v -5.599997 3.000001 -9.800001
v 0.900002 3.000002 -9.799999
v 0.800002 3.100002 -5.399995
v 0.300003 3.100002 -10.299997
v -0.399996 3.200001 -10.299997
v -1.599997 3.200001 -10.299997
v 1.400003 2.400002 -7.799996
v 1.000004 3.700003 -7.699996
v 1.100004 3.100002 -7.799996
v 1.000006 3.100002 -6.499996
v 1.200004 2.400002 -8.699995
v 1.400005 4.300004 -8.499996
v 0.900002 3.100002 -8.599997
v 1.000005 3.700003 -8.699995
v 0.900004 3.800003 -4.299994
v 1.400004 4.200004 -4.299994
v 1.000007 2.400002 -4.299995
v 0.800005 3.100002 -4.199992
v -7.299999 2.203366 -5.499997
v -7.499997 3.620713 -5.399995
v -7.999998 3.728145 -5.499998
v -7.399998 2.910094 -5.499998
v -7.399997 3.504098 -7.099999
v -7.599996 2.200002 -7.299999
v -7.299995 2.900810 -7.199999
v -7.899996 3.907109 -7.299998
v -7.199995 3.537276 -3.699995
v -7.299997 2.212600 -3.699995
v -7.199996 2.822454 -3.699995
v -8.099997 3.657485 -3.799996
v 0.700004 3.700003 -1.999993
v 0.900006 1.100001 3.300012
v 1.100003 2.200002 3.200009
v 1.000005 3.200001 3.200009
v 0.900004 2.700002 3.200011
v 1.000006 1.800001 3.200007
v 1.600005 3.500002 3.400012
v 0.800004 2.200002 4.000009
v 0.500007 1.300001 4.100008
v 0.700006 3.200001 3.900010
v 0.600004 2.700002 3.900007
v 0.700008 1.800001 4.100011
v 1.300005 3.500002 4.200013
v 0.300008 0.598824 4.000011
v 0.400007 3.200002 4.700011
v 0.300005 1.400001 4.799995
v 0.500004 2.200002 4.800010
v 0.400003 2.700002 4.700008
v 0.400005 1.800001 4.800011
v 1.000008 3.400004 5.000009
v 0.000009 0.600007 4.700012
v 0.900007 3.503589 5.900014
v 0.100003 1.401839 5.600010
v 0.400004 3.204765 5.700008
v 0.400002 2.103464 5.700006
v 0.400002 2.704314 5.700007
v 0.200006 1.703031 5.700009
v 0.600004 3.516354 6.900011
v 0.000005 1.308997 6.400011
v 0.200004 2.214065 6.500009
v 0.200006 3.216039 6.500012
v 0.200006 2.715527 6.500010
v 0.100003 1.712282 6.500010
v -0.599993 2.144229 7.700014
v -0.499995 3.152126 7.700015
v -0.599997 1.741710 7.800010
v -0.599994 2.650448 7.700008
v -0.699996 1.236693 7.700014
v -0.199993 3.453805 8.400013
v -1.299994 2.169014 8.000012
v -1.399994 1.259435 7.900012
v -1.399996 3.180756 7.800009
v -1.299996 2.673432 7.900009
v -1.299996 1.662611 8.000011
v -1.299993 3.492630 8.700011
v -2.399997 1.287337 7.900014
v -2.399997 2.208354 8.000010
v -2.399998 3.221911 8.100012
v -2.399999 2.715936 8.100011
v -2.399995 1.698238 8.000014
v -2.299996 3.539304 9.000015
v -2.499999 0.270648 7.700008
v -3.499996 1.220814 8.500015
v -3.399999 2.147833 8.500010
v -3.399997 2.666004 8.500011
v -3.399997 3.172527 8.500014
v -3.499995 1.633640 8.600017
v -3.299995 3.493704 9.400017
v -4.399999 1.989027 8.700008
v -4.199997 3.112426 8.600012
v -4.299998 1.061950 8.500010
v -4.299997 1.475862 8.600010
v -4.299999 2.495150 8.600008
v -4.399997 3.249943 9.500013
v -4.499998 0.149853 8.200008
v -5.499995 1.943461 8.700010
v -5.499996 2.458242 8.500009
v -5.499994 1.423117 8.500011
v -5.499996 0.912662 8.400010
v -5.499998 3.072327 8.600008
v -5.699994 3.311434 9.400016
v -6.799996 3.264105 9.300005
v -6.599994 0.868909 8.600010
v -6.699997 2.416501 8.600008
v -6.699997 1.390318 8.800007
v -6.699995 1.902966 8.800009
v -6.699996 2.936098 8.800005
v -7.699998 1.961814 8.900008
v -7.799995 2.993176 8.800009
v -7.699995 0.920592 8.700009
v -7.699993 2.474300 8.700010
v -7.699995 1.444323 8.800010
v -7.799995 3.316012 9.300011
v -8.699994 0.967282 8.900013
v -8.699994 2.016582 9.000011
v -8.699993 3.049583 8.800011
v -8.699995 2.538185 8.800009
v -8.699994 1.490529 9.000010
v -8.799995 3.361798 9.400011
v -9.799998 3.123304 8.700008
v -9.699995 1.216763 8.700008
v -9.699995 2.062634 8.900011
v -9.699996 2.594274 8.700010
v -9.699995 1.640551 8.800010
v -9.799995 3.332626 9.300012
v -9.699995 0.472090 8.300011
v -10.499994 1.130068 8.300009
v -10.599994 1.986232 8.700010
v -10.599993 3.054516 8.600010
v -10.599993 2.522410 8.500010
v -10.599996 1.557938 8.400011
v -10.699993 3.385512 9.000010
v -11.799994 3.421449 8.700008
v -11.499996 0.949931 8.100008
v -11.499994 2.014657 8.400007
v -11.499992 3.080164 8.300010
v -11.499993 2.549592 8.200009
v -11.599995 1.485629 8.200008
v -12.199995 2.019841 7.600008
v -12.199994 0.950638 7.500010
v -12.199993 2.550160 7.600009
v -12.199994 3.074882 7.600009
v -12.299995 1.483676 7.500008
v -12.699994 3.396838 7.600007
v -11.799994 0.407242 7.400009
v -12.299994 1.017917 6.400008
v -12.299995 1.964350 6.400010
v -12.399996 3.011835 6.400008
v -12.299994 2.489367 6.400007
v -12.399998 1.439833 6.400008
v -12.799995 3.336877 6.300005
v -12.699994 3.340935 5.300006
v -12.199995 3.006460 5.500006
v -12.099995 1.085637 5.400011
v -12.199995 1.940150 5.500006
v -12.099995 2.470565 5.400005
v -12.099995 1.512548 5.500007
v -11.599995 1.056284 4.500009
v -11.799995 2.431129 4.400010
v -11.799997 1.483161 4.500008
v -11.899996 1.906114 4.500006
v -11.899996 2.966272 4.500007
v -12.399996 3.301226 4.400008
v -11.899996 2.944731 3.600008
v -11.699993 1.026269 3.500009
v -11.999996 1.981408 3.600005
v -11.799996 2.517441 3.700007
v -11.899994 1.449992 3.500008
v -12.499994 3.292999 3.800007
v -12.099995 1.964899 2.600008
v -11.999996 1.113985 2.500007
v -12.099995 3.030116 2.600007
v -12.099995 1.538545 2.500006
v -11.999996 2.500914 2.800008
v -12.699995 3.374619 2.700007
v -11.499995 2.941286 1.000006
v -11.399996 1.058338 0.800007
v -11.499998 1.905368 0.800006
v -11.499998 1.482349 0.800007
v -11.399998 2.426698 1.100008
v -11.799997 3.426505 0.500005
v -11.199997 0.219839 1.100008
v -12.599996 3.316021 1.400005
v -11.999996 2.995275 1.600006
v -11.899998 1.088602 1.500005
v -12.099997 1.935876 1.500007
v -12.099998 1.513467 1.500007
v -11.899995 2.471938 1.700006
v -10.599996 1.965156 0.700007
v -10.599995 1.135445 0.700004
v -10.599997 1.548616 0.700008
v -10.499996 2.573014 0.900006
v -10.599996 3.081019 0.900007
v -10.699996 3.660963 0.300005
v -9.699996 3.227501 0.900006
v -9.699995 2.221473 0.700004
v -9.599998 1.195824 0.900006
v -9.599995 1.707392 0.800005
v -9.599996 2.721475 1.000007
v -9.699995 3.611323 0.300005
v -8.499998 1.246814 0.900007
v -8.499998 3.263366 0.800009
v -8.699996 3.563497 0.300007
v -8.599997 2.265019 0.700007
v -8.499998 1.754498 0.800007
v -8.499998 2.762399 0.800007
v -7.599995 2.215108 0.300009
v -7.599996 3.217410 0.400009
v -7.499997 1.200930 0.400008
v -7.499994 1.708057 0.400010
v -7.599998 2.713956 0.300008
v -7.999997 3.525686 -0.099994
v -7.699994 3.502085 -0.699993
v -6.799997 1.264822 -0.399994
v -7.199996 2.172208 -0.599995
v -7.099997 3.182245 -0.599994
v -7.099996 1.670736 -0.499994
v -7.099996 2.674599 -0.499994
v 1.000008 1.000001 0.500010
v 1.000006 2.200002 0.500009
v 1.000008 3.300002 0.500011
v 0.900005 2.800002 0.500009
v 1.000006 1.600001 0.500008
v 1.500005 3.600003 0.500008
v 0.700007 2.300002 -0.499991
v 0.800006 3.300002 -0.499990
v 0.600007 1.200001 -0.499991
v 0.700005 2.800002 -0.499993
v 0.800007 1.700001 -0.499992
v 1.300004 3.600002 -0.499993
v 0.500006 2.300002 -1.499993
v 0.400006 1.300001 -1.499993
v 0.300006 2.800002 -1.499991
v 0.400005 1.800001 -1.499990
v 0.500006 3.300002 -1.499992
v 1.000005 3.600003 -1.499990
v 0.300005 3.600003 -2.599992
v 0.200006 1.300001 -2.499991
v 0.200005 1.800001 -2.499992
v 0.400004 2.300001 -2.599992
v 0.400004 2.900002 -2.599991
v 0.900004 3.900003 -2.799992
v -0.499996 0.600000 -2.399992
v 4.700005 2.800002 5.500009
v 4.700004 2.800002 6.500010
v 4.600009 3.000001 7.600020
v 4.600008 3.000001 8.200020
v 4.300005 2.700002 2.700010
v 5.100002 2.700002 0.600011
v 4.600006 2.700002 1.700008
v 5.100006 2.800002 -2.599992
v 5.200006 2.800002 -0.899990
v 4.600004 3.100002 -0.899989
v 5.100009 2.600002 6.300014
v 5.400003 2.700002 4.000005
v 5.100006 2.600002 5.300014
v 5.100007 2.800002 7.200017
v 5.400007 2.100002 7.900020
v 4.600007 2.700002 3.500012
v 3.900004 2.100002 2.900010
v 4.300004 2.100002 1.900009
v 5.100004 2.200001 -2.399992
v 4.800005 2.100002 0.800009
v 5.100007 2.300002 -0.699990
v 5.300002 2.000001 5.600010
v 5.400005 2.200001 4.200008
v 5.200011 2.100002 7.300019
v 4.800008 2.100001 3.300008
v 5.300008 1.900001 6.400022
v 5.200010 2.800002 7.800020
v 4.900004 3.000002 4.200011
v 4.400004 2.700002 3.200012
v 4.000007 2.100002 3.400011
v 5.000006 2.700002 3.800007
v 5.100006 2.200001 3.700011
v 4.500006 3.000002 4.100010
v 5.300003 2.700002 4.700007
v 5.500006 2.100002 4.900012
v 4.800004 2.900002 4.900013
v 4.800004 2.800002 6.000014
v 5.300006 2.600002 5.800014
v 5.400004 2.000001 6.000016
v 4.500010 2.900002 7.000018
v 5.000009 2.600003 6.700022
v 5.200009 2.000001 6.800020
v 5.200005 2.800002 0.000010
v 4.900003 2.200002 0.200010
v 4.600004 3.000002 0.100009
v 5.300004 2.800002 -1.799992
v 5.100007 2.300001 -1.599989
v 5.100006 2.100002 -2.799994
v 4.500005 2.900002 -3.399991
v 3.600005 2.900002 -4.399996
v 1.000006 3.800003 -6.499997
v 1.300003 2.400002 -6.499995
v 1.400002 4.200004 -6.099994
v 3.900005 2.900002 3.900011
v 3.700006 2.900002 3.400013
v 3.600007 3.000002 2.700009
v 4.100007 3.000002 1.700008
v 4.500006 3.000002 0.600010
v 4.600001 3.100002 -1.799992
v 4.500005 3.000002 -2.499993
v 3.800003 2.900002 -3.899992
v 13.199997 4.300003 -11.599993
v 16.000004 3.900002 -8.999990
v 18.350002 3.450001 -5.049988
v -13.900002 4.800004 -24.500013
v 15.800005 3.100002 -2.799991
v 17.200001 2.200002 -1.199988
v 15.200003 1.300001 -2.299990
v 15.500004 2.700002 -2.299990
v 15.400003 2.000001 -2.299990
v 13.200005 3.100002 -4.699991
v 17.204798 1.206390 -1.301585
v 17.142591 0.506714 -1.211729
v 15.432978 0.535875 -1.610977
v 17.300003 1.700001 -1.099985
v 17.230921 0.790324 -1.310289
v 15.415073 0.825013 -1.705008
v 14.500008 1.300001 -3.499990
v 14.400007 2.700002 -3.199991
v 14.500006 3.100002 -3.399988
v 14.400007 2.300001 -3.099988
v 12.700005 1.300001 -4.499988
v 12.800007 2.700002 -4.299988
v 12.700006 2.100002 -4.199991
v 14.000004 2.600002 -3.999989
v 13.900005 1.300001 -4.199989
v 14.400003 3.000002 -4.299989
v 13.900007 2.200002 -3.899992
v 11.400007 1.200001 -4.499991
v 12.000004 3.100002 -4.999993
v 11.300007 1.900002 -4.199992
v 11.800005 2.600002 -4.499990
v 15.000004 2.700002 -2.799987
v 15.200006 3.100002 -3.099988
v 14.900007 1.300001 -2.899991
v 15.000006 2.200002 -2.699992
v 17.300009 2.600002 -1.699987
v 16.900002 2.300001 -1.399987
v 16.634361 0.635005 -1.211437
v 16.722134 0.928327 -1.307362
v 16.702076 1.202763 -1.500679
v 16.800007 1.700001 -1.299986
v 17.000002 2.600002 -1.899987
v 5.600006 2.600003 -3.399990
v 5.500006 2.100002 -2.999990
v 4.800007 2.900002 -3.999990
v 5.200006 2.700002 -2.999994
v 4.300006 2.800002 -4.199990
v 4.100005 2.800002 -4.599995
v 3.900004 3.000002 -5.399994
v 6.200006 3.400002 -5.399994
v 3.200004 3.100002 -5.199994
v 4.300006 2.900002 -8.799995
v 10.100008 3.100002 -5.199993
v 9.900003 2.700002 -4.699991
v 9.500008 2.000001 -4.299995
v 11.000004 2.600002 -4.799991
v 11.100006 3.000002 -5.199994
v 10.600006 2.000001 -4.399991
v 9.100000 3.100002 -4.899992
v 8.400007 1.900002 -3.999991
v 8.800003 2.600002 -4.399991
v 7.300007 3.100002 -4.099992
v 7.100008 2.700002 -3.599991
v 6.800005 2.000001 -3.299990
v 8.000004 2.600002 -3.899992
v 8.100002 3.000002 -4.399992
v 7.600004 1.900001 -3.599992
v 6.200004 3.100002 -4.199991
v 6.000004 2.100002 -3.299993
v 6.200003 2.700002 -3.799991
v 16.299999 3.900002 -5.699991
v 8.099997 4.500003 -24.700006
v 8.000008 4.000003 -9.199995
v 10.500006 3.500002 -6.999990
v 12.600008 3.500002 -6.799991
v 11.600004 3.500002 -6.999992
v 15.500002 4.600003 -17.299997
v 17.300003 3.900002 -12.299995
v 8.500004 3.500002 -6.099993
v 7.600004 3.500002 -5.899993
v 17.900002 3.600001 -8.799990
v -15.258325 4.100755 -14.192276
v 14.600008 3.600002 -5.899992
v 17.750004 3.050002 -3.499988
v 12.553343 4.023075 -21.975941
v 6.200010 3.200001 8.748663
v 6.500008 2.800002 8.243542
v 6.200008 2.000001 8.467582
v 9.200012 3.100002 9.685715
v 7.600010 2.800002 8.624550
v 7.500011 3.200001 8.922529
v 7.200012 2.200002 8.857531
v 9.500011 2.700002 9.185715
v 9.200010 2.000001 9.285717
v 8.300007 2.600003 8.985711
v 8.000010 3.000002 9.485708
v 8.000006 2.100002 9.106661
v 10.500008 3.100002 9.685714
v 10.200008 1.900001 9.285712
v 10.500010 2.600003 9.185719
v 6.900007 2.800002 8.492880
v 6.900007 3.200001 8.781994
v 6.600010 2.200001 8.622792
v 5.800009 2.900002 7.994859
v 5.600006 1.900001 8.199582
v 5.600008 3.200002 8.493786
v 15.900013 2.500002 6.300023
v 15.800011 2.300002 6.300021
v 16.400005 2.800003 6.600021
v 15.700012 2.200002 5.400023
v 16.200010 2.700002 5.700027
v 16.700012 2.800003 6.000025
v 18.100010 3.100002 7.400027
v 17.918182 3.399285 12.067557
v 19.100008 3.100002 9.900023
v 12.300009 3.100002 9.485710
v 12.400009 2.700002 8.885712
v 12.000011 2.000002 8.985719
v 11.300013 2.600002 9.185719
v 11.300011 3.000002 9.685715
v 11.000010 2.000001 9.185715
v 13.500008 3.100002 8.856267
v 13.000010 1.900002 8.450684
v 13.300007 2.600002 8.347604
v 14.800007 3.100002 7.794719
v 14.700010 2.700003 7.100025
v 14.400005 1.900002 7.198113
v 14.000008 2.600002 7.747901
v 14.000010 3.000002 8.223817
v 13.700008 1.900001 7.836319
v 15.900007 3.100002 7.500024
v 15.400009 2.000002 6.900024
v 15.700008 2.600003 6.900022
v 14.267612 3.993585 17.709465
v 17.570173 3.495527 15.209925
v 12.400009 3.500002 11.425737
v 13.600008 3.500002 10.715821
v 10.300009 3.500002 11.736150
v 11.300007 3.500001 11.737389
v 6.300012 3.500002 10.541739
v 7.200009 3.500001 11.009506
v 14.000008 3.500002 10.113986
v 14.900013 3.500002 9.676323
v 5.200009 3.500002 10.299263
v 16.200008 3.400002 8.800021
v 8.200008 3.500002 11.428965
v 9.300007 3.500002 11.735399
v 3.900010 3.400987 10.200022
v 16.050009 0.900001 4.650023
v 16.100010 1.700001 5.100017
v 18.950010 0.595415 5.400023
v 18.900007 1.199968 5.450026
v 17.100010 3.000002 5.700020
v 18.600008 3.100002 5.800024
v 20.000011 3.200002 7.900024
v 16.600006 0.900001 4.300021
v 18.950012 2.800003 5.350024
v 16.800013 2.600002 5.100018
v 16.500011 1.600001 4.900020
v 15.500008 0.900000 5.000020
v 15.700010 1.800002 5.300020
v 18.900011 1.750002 5.150021
v 18.500008 0.600000 5.300025
v 19.700008 1.695838 5.500024
v 19.900005 2.800002 5.600021
v 18.500006 1.800002 5.100021
v 19.900005 0.519915 5.800021
v 18.500010 2.800003 5.300023
v 19.400011 3.200002 6.100028
v 20.400009 0.437804 6.700022
v 20.400003 1.767412 6.600028
v 20.600010 2.800002 6.700025
v 20.000006 3.100002 6.900025
v 16.500010 1.200001 4.900019
v 15.500010 1.300001 5.300019
v 18.500006 1.200001 5.400024
v 19.800009 1.055055 5.800025
v 20.300005 0.996414 6.700024
v 16.600008 2.100002 4.900021
v 19.900011 2.200002 5.600027
v 18.500010 2.200002 5.200022
v 20.800007 2.197411 6.600022
v 20.400003 1.435847 7.800025
v 20.600012 2.700002 7.800024
v 20.400003 0.217682 7.700028
v 21.239601 -1.233238 7.615015
v 20.400003 0.769328 7.800026
v 20.700010 2.088808 7.600024
v 20.500004 2.700002 7.300022
v 20.300009 1.653796 7.300026
v 20.400005 0.318430 7.200027
v 20.300009 0.991002 7.300023
v 20.600008 2.088606 7.100023
v 19.900007 3.100002 7.400023
v 20.300009 0.364518 6.100025
v 20.600010 2.800002 6.100026
v 19.800005 3.100002 6.400026
v 20.400007 1.677211 5.900022
v 20.400007 1.010598 6.300026
v 20.600010 2.198184 6.000028
v 19.300009 1.700001 5.200022
v 19.400011 2.800002 5.400024
v 19.400013 0.570376 5.500027
v 19.300007 1.191424 5.500023
v 19.400007 2.200001 5.300027
v 19.000008 3.200002 5.900022
v 17.800011 3.000002 5.900023
v 17.500011 0.600001 5.100024
v 17.500013 1.700002 5.300026
v 17.600012 2.700002 5.300027
v 17.500011 1.100001 5.300024
v 17.600012 2.200002 5.300024
v 16.000008 1.250001 5.100019
v 20.471766 -0.946621 -4.107401
v 19.400003 2.900003 -4.599991
v 19.100006 3.100002 -2.899990
v 20.000004 -0.151478 -4.199988
v 19.800005 2.488823 -4.299986
v 19.700005 1.069877 -4.299989
v 19.800005 0.293748 -2.599986
v 19.100006 1.452513 -1.899988
v 19.200003 2.499950 -1.699986
v 19.600004 1.625640 -2.599988
v 19.100006 0.288420 -1.799994
v 19.700006 2.696841 -2.599987
v 18.700003 3.000002 -2.299988
v 18.000004 1.299730 -1.299986
v 17.900000 2.300001 -1.099989
v 19.700006 0.511380 -4.199992
v 19.700006 0.958766 -2.599991
v 19.100006 0.810477 -1.899985
v 19.800009 1.843348 -4.199990
v 19.200005 1.985555 -1.799988
v 19.700005 2.171101 -2.599988
v 18.000002 1.800002 -0.999990
v 16.068604 0.963950 -1.506188
v 17.935375 0.373214 -1.111776
v 18.010283 0.811244 -1.203415
v 17.700001 2.700002 -1.599986
v 18.500313 0.255882 -1.500093
v 18.700005 2.400002 -1.499984
v 18.200005 2.900002 -1.999989
v 18.500000 1.382589 -1.699988
v 18.500004 0.867097 -1.599983
v 18.700003 1.896125 -1.499988
v 19.300005 1.536002 -2.299988
v 19.500008 2.699687 -2.099987
v 19.500008 0.228693 -2.199987
v 19.400000 0.876726 -2.299987
v 19.500002 2.075163 -2.199985
v 18.900002 3.100002 -2.599988
v 19.100000 3.000002 -3.499986
v 20.000006 0.163722 -3.399988
v 19.600004 1.396099 -3.399986
v 19.800007 2.591700 -3.399986
v 19.700001 0.836206 -3.399988
v 19.700006 2.058084 -3.399990
v 20.313993 -0.885882 -3.201433
v 16.561472 0.507199 -0.889049
v 16.200005 2.500002 -1.849990
v 17.025003 3.475002 -4.599990
v 17.000839 0.418049 -0.899850
v 15.253519 0.604104 -1.217823
v 14.900009 2.100002 5.700017
v 15.000008 0.900000 5.200021
v 15.000011 1.800002 5.500021
v 16.150007 2.150002 5.150023
v 15.000010 1.500001 5.300019
v 21.836798 -1.895943 12.474950
v 20.855478 -1.899284 14.723675
v 21.457460 -2.107155 17.067398
v 22.097790 -1.895408 11.399140
v 21.234266 -1.800347 14.975586
v 21.540113 -1.068133 7.895884
v 21.971510 -1.874177 19.300642
v 21.638433 -1.369272 8.596054
v 20.200010 2.800002 9.600016
v 20.357470 2.775565 20.434711
v 20.899847 2.800001 10.099958
v 19.699724 2.990360 15.863516
v 21.100004 -0.132161 8.400025
v 22.200005 -1.895388 10.200023
v 20.800007 2.499783 8.400026
v 20.700003 1.222498 8.500025
v 21.700006 -0.721054 10.100022
v 21.121044 1.375176 11.668695
v 21.292147 2.499056 11.857230
v 21.400007 1.344782 9.900025
v 21.442095 -0.719214 12.077048
v 21.400005 2.500002 9.900022
v 20.599819 2.899124 11.660276
v 20.553146 -0.725314 14.322744
v 21.018066 1.149036 17.012100
v 21.132025 2.386261 16.877966
v 20.139927 1.371077 14.017498
v 21.084417 -0.718317 17.038429
v 20.128445 2.494993 14.073263
v 19.887285 2.795509 13.796612
v 20.468575 3.084828 17.213120
v 21.544355 -0.528024 19.525806
v 21.332062 2.342093 19.922642
v 21.180861 1.299053 19.984676
v 20.600010 0.560299 8.700018
v 21.500008 0.476645 10.100019
v 21.225296 0.503208 11.970381
v 20.269562 0.497720 14.229254
v 20.960890 0.488646 17.189421
v 21.341093 0.407111 19.844042
v 20.800005 1.981998 8.400021
v 21.201216 1.998899 11.760832
v 21.400009 1.987932 9.900022
v 21.230110 1.886620 16.816883
v 20.363712 1.995013 13.987259
v 21.434963 1.876714 19.847841
v 20.237108 1.263084 15.757696
v 20.248581 2.490788 15.582895
v 20.445114 -0.727033 15.760870
v 20.701132 -2.002390 15.783092
v 20.193085 0.502244 15.940226
v 20.348967 1.991410 15.522726
v 21.737703 2.481052 18.342176
v 21.749231 -0.634574 18.386431
v 21.638241 1.240951 18.442396
v 21.493786 0.580555 18.624750
v 21.825640 1.980616 18.177071
v 21.278944 2.979661 18.779198
v 22.088640 -1.912139 18.241726
v 20.751472 1.264246 16.244373
v 20.859480 -0.617905 16.347549
v 20.698751 0.496679 16.423458
v 20.886330 1.989365 16.118528
v 20.787552 2.488500 16.179340
v 20.185019 3.087602 16.438667
v 21.156580 -2.004533 16.286074
v 20.215574 2.593128 14.788818
v 20.227848 1.474112 14.833361
v 20.509813 -0.621627 14.865885
v 20.263166 0.603124 15.047377
v 20.380522 2.093697 14.614582
v 19.750837 2.992560 14.963135
v 21.105124 -0.720302 13.122713
v 20.924006 2.497583 12.890526
v 20.354391 2.797850 12.602573
v 20.757694 1.373595 12.803890
v 20.906399 0.498823 13.023212
v 20.940084 1.997577 12.796906
v 21.502220 -1.897122 13.521551
v 21.382990 1.370580 10.893268
v 21.479387 2.499821 10.891843
v 21.697115 -0.721485 11.098880
v 21.490623 0.500035 10.996303
v 21.378490 1.997852 10.891488
v 20.772253 2.799759 10.889008
v 20.500010 2.800003 9.900019
v 21.500006 -0.658936 9.000018
v 21.000006 1.330479 8.900023
v 21.100004 2.499739 8.900024
v 21.100006 0.549171 9.100019
v 21.100006 1.981595 8.900026
v 21.843016 -1.666160 8.995578
v 22.800005 -2.870961 -10.999989
v 21.900007 -2.095389 -6.899991
v 22.000004 -2.849688 -13.199989
v 19.600004 -2.395389 -21.199997
v 16.599998 -2.595390 -25.700006
v 22.700001 -2.684090 -9.699989
v 22.500004 -2.859626 -11.999990
v 22.100004 -2.810821 -14.399996
v 21.700005 -2.628248 -16.299994
v 18.099998 -2.695390 -24.900000
v 22.400000 -2.688102 -8.799990
v 21.053595 -1.091013 -4.715855
v 20.000002 -2.295389 -19.500000
v 19.100004 -2.595389 -22.499996
v 15.199999 -2.595390 -27.000004
v 21.000004 -2.574508 -17.199997
v 16.600000 4.200004 -22.900000
v 12.199999 3.400002 -26.000008
v 20.500002 3.100002 -8.399986
v 20.000006 3.000002 -11.999994
v 19.600002 2.900003 -5.199988
v 20.200003 3.300002 -13.699993
v 12.199997 0.044556 -27.000002
v 14.799990 -0.844301 -26.100008
v 15.000000 3.400002 -25.100012
v 14.899996 1.500001 -25.400011
v 12.500000 2.100002 -26.700008
v 17.600000 -0.730428 -24.199995
v 18.500000 -0.627174 -21.799995
v 18.500000 3.600003 -20.299999
v 18.500000 1.800001 -20.799995
v 17.100004 3.700003 -23.699995
v 17.199999 1.700001 -23.699993
v 14.899998 2.600002 -25.300009
v 18.500004 2.900002 -20.299999
v 17.100002 2.800002 -23.299997
v 14.699993 0.363621 -26.000010
v 17.399998 0.471089 -23.999996
v 18.300001 0.681343 -21.499992
v 12.399998 2.900003 -26.400003
v 12.400002 1.100001 -26.500008
v 12.199993 -1.187619 -27.500006
v 12.400000 -2.495390 -28.400003
v 20.500002 -1.089152 -16.999996
v 19.000002 -0.736788 -18.599998
v 20.200005 3.400002 -15.499996
v 20.200003 1.300001 -15.599995
v 18.700006 3.500002 -17.199997
v 18.900000 1.700001 -17.199997
v 19.600000 3.700002 -14.999994
v 18.800001 0.487129 -17.799997
v 20.400003 0.138775 -16.199997
v 20.200003 2.400002 -15.499996
v 18.800007 2.800002 -17.199997
v 14.599998 4.000002 -24.500002
v 17.900002 4.200004 -20.499994
v 18.200005 4.000003 -16.699997
v 22.000004 -2.700759 -15.599995
v 21.500000 -1.501366 -15.099995
v 20.800003 0.797799 -14.199995
v 21.000000 -0.268718 -14.699995
v 21.000006 1.900002 -14.099993
v 22.100006 -1.491471 -10.899990
v 21.000006 0.886598 -8.499992
v 21.600000 -1.176034 -8.799990
v 21.400003 -1.247111 -6.999988
v 20.400509 -0.666291 -4.800041
v 20.000002 2.494331 -4.999989
v 20.000004 0.531881 -4.999990
v 21.100000 2.600002 -8.299990
v 20.600006 2.499980 -6.599988
v 20.800007 0.580253 -6.699988
v 20.500002 0.699443 -12.199993
v 20.400000 2.500002 -12.099991
v 21.300003 0.796240 -10.399990
v 21.200006 -1.592250 -12.899996
v 21.300007 2.600002 -10.199993
v 20.800005 3.000002 -10.099991
v 20.100004 1.637728 -4.899986
v 20.700001 1.668175 -6.599988
v 20.700001 1.700001 -12.199993
v 21.200006 1.900002 -8.299992
v 21.300005 1.800001 -10.299994
v 21.400003 -0.071201 -8.699993
v 21.499998 -0.267688 -10.599989
v 21.000002 -0.190205 -6.899990
v 20.200005 0.085436 -4.899993
v 20.800005 -0.366150 -12.599993
v 20.300005 2.900002 -6.799987
v 20.700005 2.900002 -13.999996
v 14.100000 1.300001 -26.800005
v 14.099997 3.100002 -26.600004
v 13.799999 0.297570 -26.900005
v 14.300001 2.500002 -26.400005
v 13.799997 -1.184955 -27.200006
v 13.799999 3.800002 -25.700008
v 13.999996 -2.695390 -27.800009
v 16.100002 1.600001 -24.300007
v 16.199999 -0.743982 -25.000002
v 16.199995 3.500002 -24.400003
v 15.999998 2.700002 -24.400002
v 15.900002 0.470393 -24.699995
v 15.800003 4.100003 -23.699997
v 18.400000 -0.651751 -22.899994
v 18.000006 1.800001 -21.999998
v 18.000004 3.600002 -21.899996
v 18.100002 2.800002 -21.799995
v 18.000004 0.571750 -22.499994
v 17.500000 4.200004 -21.499996
v 18.800001 -2.495389 -23.399996
v 18.799999 -0.624550 -20.199997
v 18.700006 1.800002 -19.100000
v 18.700005 2.900002 -18.799999
v 18.500002 3.600002 -18.799999
v 18.600002 0.679691 -19.400002
v 18.000004 4.100003 -18.500000
v 19.600002 1.400001 -15.999992
v 19.400000 3.500002 -15.999994
v 19.800007 -0.761509 -17.599998
v 19.599997 0.378782 -16.699997
v 19.499998 2.500001 -15.899994
v 18.900005 3.800002 -15.399996
v 20.400000 -2.495389 -17.899994
v 20.700003 1.100001 -14.899994
v 20.800003 2.200002 -14.799994
v 21.000000 0.044150 -15.399998
v 21.300001 -1.411654 -15.999990
v 20.600004 3.100002 -14.799995
v 20.000004 3.500002 -14.399998
v 20.100004 3.000002 -13.099993
v 21.400002 -1.707491 -14.099997
v 20.900003 1.800001 -13.299994
v 20.900007 -0.374399 -13.599995
v 20.800007 0.696801 -13.399990
v 20.500002 2.600002 -13.199993
v 21.000000 0.698716 -11.199991
v 20.900007 2.500002 -10.999990
v 21.800003 -1.488384 -11.699991
v 21.000008 1.700001 -11.099993
v 21.300007 -0.365596 -11.499990
v 20.400005 2.900002 -10.999992
v 22.100006 -1.405434 -9.899992
v 21.400003 0.893974 -9.399988
v 21.400003 2.600002 -9.199989
v 21.400005 1.900002 -9.199991
v 21.600006 -0.182966 -9.599991
v 20.800005 3.100002 -9.299990
v 20.900003 2.600002 -7.399988
v 21.500006 -1.198557 -7.999993
v 20.900005 0.840324 -7.599988
v 21.000000 1.792955 -7.399989
v 21.200006 -0.117460 -7.799991
v 20.400002 3.000002 -7.599988
v 22.200006 -2.595331 -7.899991
v 20.900003 -0.973533 -6.099988
v 20.300003 0.547738 -5.999988
v 20.200005 2.497768 -5.899988
v 20.300007 1.647905 -5.799989
v 20.700005 -0.427076 -6.099991
v 19.900002 2.900003 -5.999987
v 21.235836 -1.471037 -5.903690
v 2.499999 -1.995389 -32.300014
v -4.300003 -2.195389 -33.000019
v 11.099993 -2.495390 -29.400011
v 7.899996 -2.295389 -31.100008
v -2.000002 -2.295390 -33.700020
v 3.899995 -1.895388 -31.900007
v 0.899996 -2.195390 -32.900013
v -6.700002 -2.195388 -32.600021
v 6.499999 -2.195390 -31.500006
v -1.200000 4.600004 -31.300013
v -9.000004 4.100003 -29.800009
v 10.199995 3.700002 -27.700006
v -9.900004 0.517951 -30.400011
v -6.200002 -0.441451 -31.700018
v -5.300004 3.800003 -31.300016
v -5.600001 1.900001 -31.400015
v -9.400005 2.800002 -30.600012
v -1.800004 -0.332225 -32.900013
v 1.099998 -0.227173 -32.000015
v 2.400002 4.000003 -31.100008
v 1.999998 2.200002 -31.400015
v -1.600000 4.100003 -32.200012
v -1.600003 2.100002 -32.300007
v -5.500002 3.000002 -31.400015
v 2.399998 3.300001 -31.100008
v -1.300004 3.200001 -32.000011
v -6.200004 0.760090 -31.600012
v -1.700003 0.868640 -32.600014
v 1.299996 1.076485 -31.700014
v -9.300002 3.600003 -30.500013
v -9.400004 1.693901 -30.700010
v -10.200004 -0.787235 -30.400015
v -10.700003 -2.295389 -30.700010
v 6.399996 -0.693811 -31.100004
v 4.100000 -0.331024 -30.500006
v 7.799999 3.800001 -29.700003
v 7.799997 1.699435 -29.700003
v 4.999995 3.900003 -29.500006
v 5.099995 2.100002 -29.700006
v 8.000000 4.100003 -28.800013
v 4.599996 0.889527 -29.900007
v 7.199999 0.518193 -30.400007
v 7.799999 2.800002 -29.700010
v 5.099995 3.200002 -29.600004
v -5.000006 4.400004 -30.600019
v 1.900000 4.600004 -30.800013
v 5.199996 4.400004 -28.800009
v 9.199995 -2.395390 -30.600004
v 9.499994 -1.085713 -29.700010
v 9.999992 1.189724 -28.500006
v 9.599997 0.122059 -29.100012
v 10.199997 2.300001 -28.700003
v 10.099998 3.300002 -28.400011
v -7.800004 1.699823 -31.500017
v -7.600002 3.500002 -31.400019
v -8.000006 0.649382 -31.400019
v -7.300002 2.900002 -31.500013
v -8.300003 -0.784576 -31.500013
v -7.100005 4.200004 -30.700018
v -8.700002 -2.295389 -32.000015
v -3.300001 2.000001 -31.800013
v -3.900000 -0.339262 -32.200012
v -3.400003 3.900003 -31.900011
v -3.500002 3.100002 -31.700010
v -3.800002 0.869005 -31.800016
v -3.100002 4.500004 -31.200010
v -0.200002 -0.252080 -32.800014
v 0.299998 2.200002 -32.000011
v 0.399998 4.000003 -31.900011
v 0.599998 3.200002 -31.900011
v -0.100000 0.967417 -32.200016
v 0.399998 4.600003 -31.200014
v -0.400001 -2.095389 -33.400013
v 2.800001 -0.227173 -31.100008
v 3.699997 2.200002 -30.400007
v 3.899994 3.300001 -30.200006
v 3.900000 4.000003 -30.200010
v 3.399996 1.081718 -30.600012
v 3.799998 4.500003 -29.500010
v 6.299999 1.800002 -29.700010
v 6.099998 3.900002 -29.600004
v 4.999992 -0.368484 -31.000006
v 5.599998 0.785728 -30.200006
v 6.299999 2.900002 -29.600012
v 6.399997 4.200003 -28.700006
v 4.999999 -2.095389 -31.500006
v 8.899998 1.498139 -29.300016
v 8.999994 2.600002 -29.300013
v 8.399998 0.426869 -29.900007
v 7.999994 -1.011235 -30.600008
v 8.699991 3.500001 -29.200010
v 8.899994 3.900002 -28.400011
v 11.099998 3.400002 -27.000006
v 10.900002 -1.303392 -28.600012
v 11.399998 2.200002 -27.700006
v 11.199997 0.012699 -27.900011
v 11.099997 1.090564 -27.800005
v 11.199997 3.000002 -27.300009
v -7.799999 4.000003 -13.299997
v 4.500000 4.700004 -27.000006
v -3.800003 4.700004 -27.800013
v -8.700002 4.900004 -25.800011
v 12.299999 4.700003 -15.999992
v 10.199999 5.000003 -18.399994
v 6.100002 4.300004 -18.399996
v 2.400000 4.600003 -20.700008
v -3.000000 4.800004 -19.800007
v -10.100000 4.900004 -21.100008
v 7.500002 3.900003 -13.599997
v 10.585552 3.212893 27.419136
v 1.237676 3.286772 29.437281
v 7.918715 3.114695 30.043863
v -12.076881 -1.935400 29.763996
v 0.377964 -2.055951 35.303955
v 6.913631 -2.281559 36.303768
v -10.722544 -1.940002 30.864822
v -7.708542 -1.931089 32.344784
v 4.989865 -2.337111 36.979340
v -1.554255 -1.972565 34.181938
v 2.015589 -2.232574 35.993904
v 8.513971 -2.377433 35.927711
v -5.560873 -2.028789 32.778816
v 5.808743 2.871986 34.177700
v 10.026659 1.757318 32.107109
v -10.902887 2.657671 27.697807
v -9.010410 2.802120 29.229509
v 10.072075 -0.601778 32.904293
v 8.492056 -0.763307 34.900909
v 8.195044 1.983338 34.262032
v 7.735853 1.054716 34.357311
v 9.828255 0.851202 32.919304
v 5.198383 -0.503846 36.050728
v 2.159405 -0.397136 35.054081
v 1.443717 2.360796 33.808350
v 1.133609 1.477142 34.107098
v 5.660845 2.363335 35.142124
v 4.959419 1.374412 35.179100
v 8.086554 1.556677 34.397549
v 1.279875 1.995946 33.853203
v 5.250843 1.875904 34.926353
v 8.527266 -0.077151 34.712055
v 5.301229 0.179551 35.747169
v 2.216502 0.404070 34.673428
v 9.984163 1.264992 32.597134
v 9.332148 0.445305 32.579929
v 10.293606 -1.315646 33.319984
v 10.505936 -2.486315 34.236916
v -5.235192 -0.638834 32.319798
v -1.405749 -0.533016 32.848175
v -6.338737 2.562439 30.848667
v -6.488492 1.300219 31.054993
v -1.845629 2.327717 31.516665
v -2.599988 1.317853 31.700045
v -6.258835 2.910591 30.069836
v -1.877050 0.234664 32.078136
v -6.071660 0.100139 31.559708
v -6.355989 1.910273 30.855137
v -2.024587 1.963473 31.582273
v 8.358324 2.558106 33.484497
v 2.392025 2.894706 33.502834
v -1.978202 2.791488 30.784189
v -9.024845 -1.925568 31.877188
v -9.179816 -0.670878 31.143217
v -9.371405 1.135131 30.110109
v -9.069635 0.076937 30.517504
v -9.467081 1.750478 30.031687
v -11.599985 0.947512 28.300041
v -11.257103 2.112338 28.028984
v -11.654456 -0.675007 29.037048
v -11.591002 1.648083 28.201317
v -11.476426 0.098851 28.561081
v -9.211432 2.370007 29.776934
v 8.799526 0.751369 34.480637
v 9.197218 1.675088 34.457462
v 9.412142 -0.213034 34.432968
v 8.960520 1.377982 34.479763
v 9.507984 -1.199350 34.681519
v 9.249727 2.272606 33.520500
v 9.490511 -2.567569 35.362675
v 6.302077 1.237549 34.697056
v 6.972334 -0.568904 35.430279
v 6.911272 2.154208 34.859177
v 6.915652 1.723964 34.737682
v 7.060284 0.125999 34.964539
v 7.044299 2.732829 34.033527
v 3.284968 -0.416236 35.759220
v 2.749375 1.493198 34.620502
v 3.360841 2.297932 34.605907
v 2.945429 1.894463 34.672855
v 3.433456 0.300619 35.180779
v 3.733573 2.894568 33.920589
v 3.125964 -2.126036 36.439991
v 0.371984 -0.417676 34.018547
v -0.585692 1.501712 32.923153
v -0.233297 2.012335 32.829258
v 0.091038 2.347975 32.674870
v -0.033557 0.374373 33.261806
v 0.350019 2.812514 32.091248
v -4.999991 1.294135 31.100037
v -4.399831 2.482122 30.866505
v -3.520060 -0.459833 32.463882
v -4.208019 0.282314 31.581181
v -4.685027 1.867389 30.846443
v -4.730213 2.857000 30.040825
v -3.850147 -2.071122 33.067787
v -8.215070 1.342818 30.689917
v -8.233979 1.937258 30.547083
v -8.013523 0.272746 31.159716
v -7.678737 -0.720188 31.849638
v -7.923067 2.433316 30.439089
v -7.737666 2.871454 29.744928
v -9.722709 2.568332 28.641981
v -10.432288 -0.815937 30.192072
v -10.430469 1.717896 29.263193
v -10.400457 0.051876 29.483801
v -10.417362 1.098530 29.400949
v -10.116041 2.163677 28.948298
v 18.458445 -2.325575 28.538326
v 22.250093 -2.045925 23.847116
v 11.484581 -2.588862 33.682022
v 14.064468 -2.549429 31.910009
v 21.957783 -2.349327 26.144495
v 17.163095 -2.230245 29.354542
v 19.992126 -2.481805 27.706665
v 22.476852 -2.021882 21.600660
v 15.189415 -2.486190 30.999891
v 19.772327 2.907604 25.149143
v 11.336897 1.877583 31.256973
v 21.514975 -0.420186 21.783916
v 21.003902 2.317354 22.368185
v 20.655128 1.375015 22.156961
v 21.392658 -0.529320 25.666666
v 19.405491 -0.647674 27.212933
v 17.780916 2.093344 27.488907
v 17.859140 1.224502 27.410740
v 20.350294 2.444107 25.523849
v 20.406031 1.409486 25.262669
v 21.046095 1.892876 22.238817
v 17.729204 1.721253 27.562645
v 20.270462 1.906437 25.539249
v 21.379553 0.279044 21.721607
v 21.146082 0.174247 25.513552
v 19.018042 0.150162 27.144314
v 15.086960 -1.134239 30.537523
v 16.212603 -0.812588 28.476969
v 13.364721 1.839216 30.403543
v 13.078819 0.724624 30.317369
v 15.106483 1.940571 28.028372
v 14.779921 1.083746 28.289228
v 12.794899 2.149700 29.877563
v 15.540737 -0.099654 28.344130
v 14.240986 -0.439016 30.562521
v 13.375113 1.240120 30.415144
v 15.028315 1.584079 28.228479
v 20.429476 2.870453 22.365597
v 17.963226 2.654032 26.894833
v 14.615702 2.383979 27.594851
v 13.007292 -2.601449 32.742065
v 12.472458 -1.434830 32.226200
v 11.288879 0.322888 31.537788
v 12.128792 -0.724633 31.790855
v 11.709705 0.855034 31.962227
v 11.646517 1.458910 31.676922
v 21.054813 1.362534 21.128454
v 21.339424 2.263823 21.292046
v 21.455557 0.354089 20.954336
v 21.340658 1.972447 21.550844
v 21.694567 -0.563995 20.736483
v 20.605717 2.864832 21.524158
v 22.359188 -1.936960 20.481352
v 20.589630 1.450351 23.615295
v 21.521463 -0.353829 23.609049
v 20.905872 2.407746 23.838293
v 20.834633 1.989003 23.583338
v 21.194313 0.357276 23.399429
v 20.452307 2.968911 23.592556
v 20.674786 -0.581022 26.774590
v 19.338196 1.345725 26.507362
v 19.330118 2.186892 26.778355
v 19.284973 1.745454 26.918480
v 20.204834 0.148716 26.458401
v 19.007395 2.765083 26.208778
v 21.113142 -2.289748 27.111601
v 17.549376 -0.702380 27.916004
v 16.122339 1.184408 27.881708
v 16.168024 1.682918 27.865870
v 16.259544 2.047203 27.775183
v 16.757429 0.090034 28.012335
v 15.985897 2.488961 27.125879
v 14.032005 0.796314 29.110777
v 14.418926 1.893607 28.917818
v 15.887894 -0.839406 29.486330
v 15.090179 -0.218356 29.234297
v 14.255896 1.300612 29.111895
v 13.745770 2.198714 28.426023
v 16.162003 -2.418274 29.892305
v 12.260769 0.563209 31.034023
v 12.542326 1.087643 31.243141
v 13.204096 -0.492644 31.224520
v 13.811457 -1.412964 31.508184
v 12.634811 1.577499 30.895950
v 12.162035 1.994295 30.474186
v 10.756805 1.653691 31.679569
v 11.290594 -1.537014 32.815510
v 10.761135 0.852199 32.476597
v 10.849272 -0.706399 32.514217
v 10.451485 0.303204 32.129639
v 10.789030 1.259738 32.028481
v 14.067505 3.272416 25.840265
v 18.184221 3.027120 22.826908
v 16.908688 3.574585 19.768242
v -0.372035 0.430997 -1.499288
v -1.161754 0.276704 -1.500177
v -0.765045 0.353886 -1.499731
v -0.119093 0.527770 -1.498718
v 0.134189 0.624549 -1.498145
v -6.349997 0.736665 -0.949994
v 16.100006 1.850001 -1.799986
v 16.400002 2.850003 -2.349989
v 16.033669 0.672720 -1.411210
v 15.951044 1.251382 -1.900335
v 15.907495 0.555652 -1.053439
v 18.950005 2.200001 5.250027
v 18.800011 3.150002 5.850022
v 18.257952 -0.237796 3.877525
v 16.900011 2.900002 5.850020
v 16.500010 2.650002 5.400020
v 17.950008 3.050002 6.650023
v 17.000011 1.650001 5.100025
v 17.200010 2.650002 5.200020
v 17.450010 3.000002 5.800026
v 17.050007 0.750000 4.700018
v 17.000008 1.150001 5.100023
v 17.100008 2.150002 5.100024
v 17.400013 2.950002 6.700026
v 17.425013 2.975002 6.250025
v 18.200010 3.050002 5.850022
v 18.000010 0.600000 5.200020
v 18.000010 1.150001 5.350020
v 18.050007 2.200002 5.250020
v 17.789175 -0.063285 4.826728
v 18.000013 1.750002 5.200023
v 18.050009 2.750002 5.300022
v 18.550007 3.150002 6.650023
v 18.375010 3.100002 6.250023
v 18.162508 3.075002 6.450021
v 18.000011 3.025002 5.875022
v 17.750010 0.600000 5.150020
v 17.750010 1.125001 5.325019
v 17.825014 2.200002 5.275024
v -12.325298 -2.056234 -30.478815
v -14.345041 -2.086230 -28.878626
v -22.318062 -2.627026 -23.775381
v -25.881969 -3.068693 -18.582788
v -13.197660 -2.056132 -29.793970
v -15.844219 -2.157964 -28.587503
v -18.403656 -2.189633 -27.635031
v -25.390499 -3.168670 -20.672918
v -20.994453 -2.314916 -24.837418
v -23.340233 -2.961275 -22.736898
v -26.994600 -3.054578 -16.202999
v -19.398611 -2.245476 -26.669338
v -23.141777 3.725223 -19.478399
v -25.901388 2.706700 -12.047375
v -12.922208 3.793074 -27.260845
v -15.280376 3.928203 -26.926607
v -26.799883 -0.527638 -11.870190
v -26.037399 -1.318474 -16.026222
v -25.152765 2.887545 -16.414583
v -25.380342 1.006807 -16.341681
v -26.604189 1.458766 -12.192543
v -24.602505 -1.203831 -20.311344
v -22.555876 -0.979501 -22.316858
v -21.150745 3.299863 -22.737448
v -21.627445 1.490582 -22.598137
v -24.054628 3.224963 -19.727753
v -24.043983 1.225945 -19.932867
v -25.309088 2.095214 -16.293940
v -21.173424 2.612086 -22.779228
v -23.653263 2.326436 -19.924837
v -25.945086 -0.122515 -15.863880
v -24.377293 -0.002280 -20.125467
v -22.211046 0.324380 -22.147619
v -26.330315 2.222098 -12.116501
v -26.344151 0.514027 -12.321064
v -27.287022 -1.715219 -11.761225
v -28.200317 -2.975310 -11.674294
v -19.113081 -0.755820 -26.241655
v -19.938171 -0.739146 -24.131628
v -17.589176 3.778768 -26.393867
v -17.645645 1.740933 -26.388502
v -18.565968 3.565829 -24.236176
v -18.705116 1.820836 -24.500250
v -16.930450 4.123481 -25.946049
v -19.190384 0.545113 -24.200006
v -18.314192 0.544000 -26.407206
v -17.600508 2.804283 -26.411865
v -18.627743 2.869554 -24.360600
v -24.464931 3.483853 -16.218424
v -21.159872 3.857164 -21.988876
v -18.011505 4.080546 -23.928667
v -17.482796 -2.188800 -28.132097
v -16.852669 -0.867482 -27.802847
v -15.825661 1.455528 -27.398846
v -16.408974 0.373566 -27.451666
v -15.805061 2.530193 -27.617517
v -12.002847 -0.657816 -29.825636
v -13.162125 1.516538 -27.743464
v -13.062668 3.299329 -27.618284
v -11.149211 1.600408 -29.224493
v -13.946215 -0.775543 -28.204393
v -10.802585 3.382274 -29.283304
v -10.508637 3.771637 -28.834654
v -13.152202 2.506245 -27.901125
v -10.955628 2.592845 -29.240614
v -11.480080 0.550845 -29.350088
v -13.633206 0.449704 -27.912416
v -15.751306 3.507467 -27.345806
v -26.751760 0.787101 -14.548603
v -26.603449 2.547942 -14.505247
v -26.781324 -0.200466 -14.185886
v -26.418661 1.967775 -14.845345
v -27.068529 -1.653481 -14.142197
v -25.663767 3.236976 -14.456717
v -27.678581 -3.134872 -14.201012
v -24.431654 1.121181 -18.377989
v -25.122463 -1.219228 -18.321650
v -24.602081 3.014112 -18.311449
v -24.552595 2.215690 -18.111616
v -24.784410 -0.007357 -18.026608
v -23.809120 3.614310 -18.150446
v -23.549793 -1.077577 -21.744928
v -22.595142 1.387579 -21.540487
v -22.498741 3.172194 -21.512903
v -22.450451 2.389828 -21.701456
v -23.065083 0.145413 -21.410875
v -21.987850 3.777596 -21.108479
v -24.105137 -2.925574 -22.045427
v -21.219610 -0.820151 -23.286919
v -20.201559 1.673287 -23.532427
v -19.921160 2.771972 -23.616959
v -19.833984 3.458078 -23.371571
v -20.446003 0.531888 -23.347523
v -19.429909 3.955548 -22.983093
v -17.980967 1.739323 -25.655954
v -17.844963 3.775331 -25.405504
v -19.397331 -0.568909 -25.323860
v -18.591869 0.647908 -25.427734
v -17.841003 2.788100 -25.565042
v -17.214817 4.107115 -25.121889
v -19.836979 -2.283741 -25.822798
v -16.769518 1.659732 -27.088123
v -16.755121 2.728181 -27.215097
v -17.370646 0.584854 -27.240133
v -18.047461 -0.899986 -27.341145
v -16.820536 3.592582 -27.011774
v -16.218496 4.027003 -26.523581
v -14.399626 3.706044 -27.014048
v -15.461005 -0.964201 -28.011316
v -14.679809 2.520529 -27.760626
v -14.919820 0.379598 -27.692106
v -14.733156 1.436781 -27.642336
v -14.556460 3.312327 -27.385698
v -12.016830 1.533185 -28.568575
v -11.679171 3.319153 -28.500940
v -12.698709 -0.647857 -29.202597
v -11.845652 2.527620 -28.570745
v -12.393957 0.472591 -28.767633
v -11.580160 3.719219 -27.994146
v -32.556847 -2.427138 2.305762
v -33.576050 -1.992641 8.359465
v -29.216526 -3.045756 -9.363007
v -31.056982 -2.942028 -4.288702
v -34.002991 -2.142979 6.698534
v -32.094177 -2.463439 0.738574
v -33.191628 -2.402938 4.000766
v -33.327148 -1.898082 10.023242
v -31.532366 -2.828989 -2.389994
v -31.410254 2.759811 5.501909
v -30.520399 2.407462 10.842508
v -27.639534 2.614228 -8.362787
v -31.375509 -0.079789 11.694830
v -32.476849 -0.752891 9.479299
v -31.654572 2.272679 8.645237
v -31.960815 0.900842 8.941126
v -31.227938 1.590377 11.306595
v -33.179153 -0.755581 6.405695
v -32.275360 -0.961638 3.635537
v -31.140825 2.272773 2.216978
v -31.536268 0.872324 2.665957
v -32.180420 2.512733 6.005227
v -32.453609 1.005693 6.099108
v -31.814806 1.705531 8.819372
v -31.175426 1.720500 2.164158
v -32.105946 1.792316 5.764908
v -32.251991 0.117649 9.434992
v -32.815594 0.114185 6.261402
v -31.923153 0.030227 3.404380
v -31.048189 2.152793 11.191477
v -31.447256 0.800679 11.375919
v -31.539669 -1.017884 11.946026
v -31.927721 -2.053905 12.390337
v -31.085732 -1.555255 -2.387938
v -30.745884 -1.301977 0.062259
v -29.637316 2.356615 -4.359136
v -29.640493 0.519895 -4.467798
v -29.569569 2.178732 -1.083801
v -29.801138 0.694891 -1.237511
v -28.752895 2.636539 -4.952528
v -30.083000 -0.324149 -0.665775
v -30.334641 -0.517231 -3.569425
v -29.646400 1.480844 -4.399944
v -29.689329 1.609123 -1.211354
v -31.070055 2.604919 8.273206
v -30.852137 2.708649 2.613331
v -28.880711 2.604655 -1.648140
v -30.494364 -3.023465 -6.200250
v -29.564394 -1.832312 -6.957672
v -28.379406 0.280998 -7.951148
v -28.955843 -0.729886 -7.261525
v -28.628525 1.300599 -7.998669
v -28.344692 2.206898 -7.928549
v -32.045105 0.858538 10.480442
v -31.742498 2.149420 10.243826
v -32.107391 0.085432 10.627851
v -31.894751 1.714732 10.088100
v -32.359749 -0.935240 10.893902
v -31.172592 2.540473 9.763947
v -32.900070 -1.952062 11.295177
v -32.178078 0.933376 7.326069
v -32.769974 -0.731487 7.901831
v -32.033211 2.368825 7.362692
v -31.978783 1.747176 7.428723
v -32.339531 0.112531 7.732929
v -31.425056 2.707304 6.990870
v -33.019100 -0.800919 5.039344
v -32.126221 0.978525 4.418913
v -31.885923 2.362904 4.266054
v -31.945105 1.738222 4.110628
v -32.417908 0.060883 4.814377
v -31.256905 2.737101 4.110731
v -33.672073 -2.151860 5.306816
v -31.380835 -1.135077 1.668844
v -30.535307 0.780898 0.574989
v -30.297047 1.671929 0.324705
v -30.270779 2.237293 0.397176
v -30.815643 -0.121531 0.929918
v -29.598494 2.608629 0.188460
v -29.725750 0.504148 -2.639598
v -29.593784 2.270982 -2.316082
v -31.078306 -1.293558 -0.790831
v -30.255930 -0.362576 -1.715204
v -29.627457 1.437284 -2.609273
v -28.732124 2.543351 -3.060020
v -31.654533 -2.713367 -0.630747
v -29.217125 0.433038 -6.060702
v -29.236301 1.423240 -6.109879
v -29.802752 -0.545803 -5.279823
v -30.524580 -1.819806 -4.586393
v -29.139339 2.194533 -5.729984
v -28.346767 2.584353 -6.294402
v -26.920309 2.506410 -9.978081
v -28.398367 -1.929901 -9.431667
v -27.613008 1.392157 -10.153065
v -27.712559 -0.666147 -10.030682
v -27.664307 0.327545 -9.809261
v -27.218307 2.132030 -10.004211
v -20.157047 -2.032835 25.215347
v -14.543702 -2.303089 29.145510
v -31.100183 -1.786827 14.530315
v -28.361029 -1.777568 17.564184
v -16.572737 -2.352750 28.903532
v -21.823620 -1.903046 23.069033
v -18.851921 -2.234999 26.660954
v -12.934381 -2.402233 29.503906
v -26.005623 -1.894336 19.274147
v -14.646560 2.857295 26.703821
v -28.749994 2.721829 13.840900
v -12.520293 -0.787790 28.561813
v -12.505850 1.981352 27.999374
v -12.975912 1.032528 27.733509
v -15.991310 -0.519282 28.148619
v -18.326031 -0.398587 25.863865
v -18.510332 2.369881 24.353453
v -18.924576 1.487787 24.485596
v -15.188185 2.348092 27.519243
v -15.839520 1.361273 27.241583
v -12.674238 1.535238 27.931278
v -18.689941 2.006479 24.313009
v -15.468583 1.862078 27.140505
v -12.408567 -0.101399 28.403893
v -15.769806 0.164112 27.916975
v -18.113304 0.402633 25.542868
v -25.488207 -0.544809 19.016087
v -21.199738 -0.473603 21.868866
v -26.320309 2.582179 16.899803
v -26.495262 1.333176 17.057135
v -21.121557 2.394028 20.497726
v -21.600000 1.400000 20.700001
v -25.980423 2.913519 16.186699
v -21.449961 0.290220 20.860865
v -26.215212 0.169985 17.772404
v -26.304792 1.936686 16.921610
v -21.276890 2.020427 20.519470
v -12.000000 2.600000 27.700001
v -17.471685 2.896663 24.533558
v -20.800001 2.900000 20.000000
v -29.673908 -1.765331 16.371128
v -29.592733 -0.580417 15.581936
v -29.404293 1.107625 14.515751
v -29.263111 0.114909 15.039911
v -29.464497 1.691042 14.399633
v -29.131617 2.304163 14.272514
v -14.418937 1.219480 27.406649
v -14.121347 -0.590027 28.375813
v -13.935333 2.135010 27.818932
v -13.880020 1.704462 27.712811
v -13.844809 0.105009 27.989952
v -13.464967 2.715234 27.134819
v -17.602249 -0.423949 27.021708
v -17.606426 1.489852 25.732763
v -17.046074 2.292252 25.994287
v -17.450863 1.890392 25.868151
v -17.223221 0.292974 26.559736
v -16.418644 2.888469 25.533636
v -18.034065 -2.133922 27.572714
v -19.678034 -0.388734 23.998375
v -20.300232 1.531604 22.422230
v -19.901749 2.038203 22.517559
v -19.505173 2.371307 22.544939
v -19.813015 0.404815 23.068371
v -19.013470 2.831354 22.134535
v -24.769812 1.341715 18.001081
v -24.064857 2.515241 18.087494
v -23.514034 -0.378304 20.214155
v -24.007809 0.351032 18.949377
v -24.333309 1.909247 17.935081
v -24.160028 2.868655 17.098589
v -24.087933 -1.959700 20.607096
v -28.340988 1.340227 15.701778
v -28.323877 1.921675 15.546368
v -28.317358 0.322278 16.240520
v -28.167885 -0.621084 17.098713
v -27.967791 2.418092 15.598886
v -27.552101 2.841633 15.018499
v -29.275488 2.440782 12.924911
v -30.559866 -0.740472 14.038706
v -30.176249 1.623047 13.190697
v -30.259418 0.059363 13.392542
v -30.218182 1.041368 13.324028
v -29.764084 2.038160 13.034582
v -26.900000 3.753581 1.499999
vt 0.312500 0.609375
vt 0.958333 1.000000
vt 0.250000 0.617188
vt 1.000000 1.000000
vt 0.421875 0.554688
vt 0.875000 1.000000
vt 0.367188 0.593750
vt 0.916667 1.000000
vt 0.367188 0.593750
vt 0.916667 1.000000
vt 0.312500 0.609375
vt 0.958333 1.000000
vt 0.312500 0.609375
vt 0.958334 1.000000
vt 0.421875 0.554688
vt 0.875000 1.000000
vt 0.367188 0.593750
vt 0.916667 1.000000
vt 0.367188 0.593750
vt 0.916667 1.000000
vt 0.312500 0.609375
vt 0.958333 1.000000
vt 0.250000 0.617188
vt 1.000000 1.000000
vt 0.312500 0.609375
vt 0.958333 1.000000
vt 0.250000 0.617188
vt 1.000000 1.000000
vt 0.421875 0.554688
vt 0.875000 1.000000
vt 0.367188 0.593750
vt 0.916667 1.000000
vt 0.367188 0.593750
vt 0.916667 1.000000
vt 0.312500 0.609375
vt 0.958333 1.000000
vt 0.312500 0.609375
vt 0.958334 1.000000
vt 0.250000 0.617188
vt 1.000000 1.000000
vt 0.421875 0.554688
vt 0.875000 1.000000
vt 0.367188 0.593750
vt 0.916667 1.000000
vt 0.367188 0.593750
vt 0.916667 1.000000
vt 0.312500 0.609375
vt 0.958333 1.000000
vt 1.000000 0.981250
vt 0.958333 0.981250
vt 0.958333 0.981250
vt 0.916667 0.981250
vt 0.916667 0.981250
vt 0.875000 0.981250
vt 0.875000 0.981250
vt 0.958333 0.981250
vt 0.916667 0.981250
vt 0.916667 0.981250
vt 0.958334 0.981250
vt 1.000000 0.981250
vt 1.000000 0.981250
vt 1.000000 0.981250
vt 0.958333 0.981250
vt 0.958333 0.981250
vt 0.916667 0.981250
vt 0.916667 0.981250
vt 0.875000 0.981250
vt 0.875000 0.981250
vt 0.958333 0.981250
vt 0.916667 0.981250
vt 0.916667 0.981250
vt 0.958334 0.981250
vt 0.412486 0.546099
vt 0.250231 0.604948
vt 0.250223 0.605368
vt 0.360395 0.583374
vt 0.309453 0.597558
vt 0.411911 0.546601
vt 0.361128 0.582794
vt 0.309201 0.597996
vt 0.003906 0.566406
vt 0.003906 0.621094
vt 0.121094 0.566406
vt 0.121094 0.621094
vt 0.625000 0.250000
vt 0.875000 0.500000
vt 0.416667 0.750000
vt 0.375000 0.708333
vt 0.625000 0.708333
vt 0.583333 0.750000
vt 0.627746 0.750736
vt 0.583333 0.749619
vt 0.625000 0.750000
vt 0.625000 0.708333
vt 0.541667 0.458333
vt 0.583333 0.458333
vt 0.511351 0.475205
vt 0.583333 1.000000
vt 0.625000 1.000000
vt 0.625000 0.083333
vt 0.875000 0.625000
vt 0.625000 0.833333
vt 0.583333 0.791667
vt 0.666667 0.708333
vt 0.375000 0.666667
vt 0.375000 0.708333
vt 0.541667 0.666667
vt 0.541667 0.750000
vt 0.625000 0.708333
vt 0.625000 0.666667
vt 0.583333 0.750000
vt 0.625000 0.708333
vt 0.625000 0.500000
vt 0.625000 0.583333
vt 0.583333 0.500000
vt 0.875000 0.666667
vt 0.583333 0.083333
vt 0.875000 0.625000
vt 0.583333 1.000000
vt 0.375000 0.250000
vt 0.458333 0.250000
vt 0.125000 0.583333
vt 0.541667 0.250000
vt 0.833333 0.541667
vt 0.833333 0.583333
vt 0.791667 0.500000
vt 0.583333 0.333333
vt 0.541667 0.791667
vt 0.416667 0.750000
vt 0.541667 0.750000
vt 0.416399 0.024934
vt 0.583333 0.250000
vt 0.875000 0.666667
vt 0.416667 1.000000
vt 0.875000 0.666667
vt 0.583333 1.000000
vt 0.625000 1.000000
vt 0.875000 0.625000
vt 0.541941 1.000098
vt 0.871780 0.583333
vt 0.500000 0.916667
vt 0.458333 0.958333
vt 0.209385 0.666667
vt 0.625000 0.666667
vt 0.625000 0.750000
vt 0.375000 0.500000
vt 0.375000 0.583333
vt 0.416667 0.500000
vt 0.416667 0.750000
vt 0.500000 0.750000
vt 0.375000 0.750000
vt 0.375000 0.708333
vt 0.125000 0.500000
vt 0.416667 0.250000
vt 0.375000 0.250000
vt 0.125000 0.583333
vt 0.875000 0.583333
vt 0.458333 0.000000
vt 0.497141 1.000000
vt 0.541667 1.000000
vt 0.125000 0.500000
vt 0.490496 0.197019
vt 0.375000 0.250000
vt 0.625377 0.745936
vt 0.541667 0.416667
vt 0.375000 0.041667
vt 0.125000 0.613595
vt 0.125000 0.583333
vt 0.500000 0.250000
vt 0.541667 0.250000
vt 0.625000 1.000000
vt 0.875000 0.666667
vt 0.468383 1.000000
vt 0.541667 0.750000
vt 0.583333 0.750000
vt 0.458333 0.750000
vt 0.539090 0.750000
vt 0.708333 0.583333
vt 0.791667 0.583333
vt 0.791667 0.541667
vt 0.625000 1.000000
vt 0.791667 0.666667
vt 0.384084 0.344316
vt 0.128920 0.555477
vt 0.125000 0.583333
vt 0.500000 0.250000
vt 0.267392 0.565942
vt 0.375000 0.416667
vt 0.333333 0.625000
vt 0.333333 0.583333
vt 0.541667 0.750000
vt 0.625000 0.750000
vt 0.601104 0.583874
vt 0.541667 0.708333
vt 0.541667 0.166667
vt 0.500000 0.250000
vt 0.458333 0.166667
vt 0.519359 0.750000
vt 0.458333 0.750000
vt 0.458333 0.500000
vt 0.375000 0.625000
vt 0.541667 0.500000
vt 0.458333 0.500000
vt 0.375000 0.583333
vt 0.375000 0.458333
vt 0.333333 0.541667
vt 0.625000 0.625000
vt 0.625000 0.583333
vt 0.625000 0.541667
vt 0.541667 0.333333
vt 0.458333 0.416667
vt 0.458333 0.333333
vt 0.541667 0.416667
vt 0.416667 0.250000
vt 0.583333 0.750000
vt 0.625000 0.708333
vt 0.875000 0.583333
vt 0.583333 0.250000
vt 0.875000 0.541667
vt 0.583333 0.291667
vt 0.458333 0.625000
vt 0.416667 0.500000
vt 0.428826 0.750000
vt 0.125000 0.708333
vt 0.127465 0.671362
vt 0.374556 0.990000
vt 0.799440 0.504005
vt 0.515213 0.347441
vt 0.375000 0.541667
vt 0.375000 0.500000
vt 0.375000 0.458333
vt 0.416667 0.500000
vt 0.458333 0.500000
vt 0.375000 0.583333
vt 0.625000 0.708333
vt 0.583333 0.750000
vt 0.625000 0.750000
vt 0.625000 0.500000
vt 0.458333 0.500000
vt 0.833333 0.666667
vt 0.625000 1.000000
vt 0.562590 0.250243
vt 0.875000 0.500000
vt 0.416667 0.833333
vt 0.375000 1.000000
vt 0.291667 0.708333
vt 0.166667 0.666667
vt 0.125000 0.666667
vt 0.750000 0.666667
vt 0.583333 0.916667
vt 0.625000 0.875000
vt 0.708333 0.708333
vt 0.583333 0.750000
vt 0.625000 0.708333
vt 0.833333 0.625000
vt 0.566465 1.000000
vt 0.569161 0.291669
vt 0.416667 0.791667
vt 0.375000 0.708333
vt 0.375000 0.750000
vt 0.625000 0.541667
vt 0.666667 0.541667
vt 0.625000 0.458333
vt 0.613545 0.589067
vt 0.625000 0.541667
vt 0.625000 0.500000
vt 0.125000 0.666667
vt 0.125000 0.625000
vt 0.416667 0.250000
vt 0.416667 1.000000
vt 0.458333 1.000000
vt 0.125000 0.708333
vt 0.125000 0.666667
vt 0.541667 0.500000
vt 0.625000 0.583333
vt 0.500000 0.583333
vt 0.416667 0.583333
vt 0.500000 0.500000
vt 0.375000 0.750000
vt 0.500000 0.750000
vt 0.500000 0.625000
vt 0.375000 0.625000
vt 0.416667 1.000000
vt 0.125000 0.708333
vt 0.458333 0.041667
vt 0.458333 0.125000
vt 0.458333 0.083333
vt 0.125000 0.625000
vt 0.375000 0.250000
vt 0.125000 0.583333
vt 0.125000 0.541667
vt 0.125000 0.583333
vt 0.125000 0.708333
vt 0.125000 0.625000
vt 0.125000 0.750000
vt 0.416667 1.000000
vt 0.125000 0.708333
vt 0.125000 0.625000
vt 0.583333 0.125000
vt 0.875000 0.583333
vt 0.875000 0.541667
vt 0.583333 0.166667
vt 0.583333 1.000000
vt 0.875000 0.666667
vt 0.625000 1.000000
vt 0.875000 0.666667
vt 0.541667 1.000000
vt 0.416667 1.000000
vt 0.458333 1.000000
vt 0.125000 0.708333
vt 0.458333 1.000000
vt 0.500000 1.000000
vt 0.416667 0.166667
vt 0.125000 0.583333
vt 0.125000 0.541667
vt 0.529979 1.000000
vt 0.583333 0.083333
vt 0.719999 0.249985
vt 0.375000 0.541667
vt 0.375000 0.708333
vt 0.375000 0.625000
vt 0.375000 0.666667
vt 0.375000 0.541667
vt 0.375000 0.666667
vt 0.458333 0.750000
vt 0.416667 0.750000
vt 0.500000 0.750000
vt 0.375000 0.708333
vt 0.416667 0.750000
vt 0.375000 0.750000
vt 0.521098 0.750000
vt 0.458333 0.750000
vt 0.500000 0.500000
vt 0.625000 0.500000
vt 0.481702 0.500000
vt 0.625000 0.583333
vt 0.625000 0.375000
vt 0.791673 -0.852429
vt 0.833333 0.666667
vt 0.583333 1.000000
vt 0.416667 0.333333
vt 0.208333 0.625000
vt 0.416667 0.375000
vt 0.249698 0.666667
vt 0.625000 0.666667
vt 0.541667 0.750000
vt 0.541667 0.625000
vt 0.625000 0.625000
vt 0.625000 0.458333
vt 0.631588 0.615162
vt 0.625000 0.708333
vt 0.625000 0.750000
vt 0.416667 0.416667
vt 0.541667 0.250000
vt 0.476060 0.250000
vt 0.416667 0.250000
vt 0.416667 0.250000
vt 0.125000 0.750000
vt 0.416667 1.000000
vt 0.375000 1.000000
vt 0.458333 1.000000
vt 0.875000 0.708333
vt 0.416667 1.000000
vt 0.416667 0.458333
vt 0.375000 0.583333
vt 0.458333 0.500000
vt 0.375000 0.750000
vt 0.375000 0.656339
vt 0.416667 0.750000
vt 0.458333 0.500000
vt 0.375000 0.583333
vt 0.458333 0.750000
vt 0.541667 0.750000
vt 0.583333 0.750000
vt 0.541667 0.750000
vt 0.500000 0.666667
vt 0.500000 0.750000
vt 0.375000 0.583333
vt 0.458333 0.500000
vt 0.458333 0.500000
vt 0.500000 0.625000
vt 0.541667 0.666667
vt 0.500000 0.500000
vt 0.541667 0.500000
vt 0.670783 0.629877
vt 0.708333 0.541667
vt 0.666667 0.583333
vt 0.625000 0.416667
vt 0.750000 0.666667
vt 0.375000 0.875000
vt 0.375000 0.833333
vt 0.375000 0.791667
vt 0.375000 0.916667
vt 0.333333 0.666667
vt 0.444499 0.980052
vt 0.458333 0.791667
vt 0.458333 0.875000
vt 0.541667 0.833333
vt 0.416667 0.833333
vt 0.541667 0.958333
vt 0.508186 0.409007
vt 0.458333 1.000000
vt 0.125000 0.625000
vt 0.875000 0.666667
vt 0.875000 0.541667
vt 0.836778 0.598461
vt 0.875000 0.666667
vt 0.875000 0.749539
vt 0.625000 1.000000
vt 0.875000 0.541667
vt 0.500000 1.000000
vt 0.125000 0.666667
vt 0.541667 0.041667
vt 0.500000 0.000000
vt 0.541667 1.000000
vt 0.500000 1.000000
vt 0.375000 0.625000
vt 0.375000 0.666667
vt 0.375000 0.541667
vt 0.375000 0.666667
vt 0.388868 0.500000
vt 0.375000 0.666667
vt 0.416667 0.750000
vt 0.375000 0.708333
vt 0.500000 0.500000
vt 0.541667 0.500000
vt 0.708333 0.541667
vt 0.791667 0.541667
vt 0.625000 0.333333
vt 0.583333 0.375000
vt 0.583333 0.416667
vt 0.666667 0.583333
vt 0.666667 0.541667
vt 0.625000 0.541667
vt 0.583333 0.500000
vt 0.583333 0.458333
vt 0.750000 0.583333
vt 0.708333 0.583333
vt 0.416667 0.416667
vt 0.253289 0.630271
vt 0.416667 0.333333
vt 0.507551 0.753295
vt 0.626463 0.717010
vt 0.625000 0.625000
vt 0.625000 0.604167
vt 0.541667 0.291667
vt 0.500000 0.291667
vt 0.458333 0.291667
vt 0.875000 0.500000
vt 0.541667 0.250000
vt 0.416667 0.166667
vt 0.458333 0.250000
vt 0.500000 0.250000
vt 0.125000 0.583333
vt 0.375000 0.250000
vt 0.416667 0.291667
vt 0.125000 0.625000
vt 0.458333 0.500000
vt 0.416667 0.500000
vt 0.416667 0.458333
vt 0.458333 0.458333
vt 0.541667 0.458333
vt 0.541667 0.500000
vt 0.416667 0.791667
vt 0.333333 0.708333
vt 0.833333 0.541667
vt 0.625000 0.291667
vt 0.833333 0.500000
vt 0.541667 0.625000
vt 0.625000 0.625000
vt 0.625000 0.541667
vt 0.625000 0.500000
vt 0.583333 0.500000
vt 0.416667 0.583333
vt 0.500000 0.625000
vt 0.478343 0.665635
vt 0.375000 0.708333
vt 0.375000 0.625000
vt 0.375000 0.666667
vt 0.541667 0.250000
vt 0.612283 0.192300
vt 0.875000 0.544449
vt 0.541667 0.125000
vt 0.541667 0.083333
vt 0.500000 0.125000
vt 0.500000 0.041667
vt 0.416667 0.125000
vt 0.458333 0.125000
vt 0.458333 0.000000
vt 0.458333 1.000000
vt 0.125000 0.625000
vt 0.500000 1.000000
vt 0.375000 1.000000
vt 0.125000 0.666667
vt 0.500000 1.000000
vt 0.416667 1.000000
vt 0.500000 1.000000
vt 0.541667 1.000000
vt 0.875000 0.541667
vt 0.875000 0.666667
vt 0.625000 1.000000
vt 0.875000 0.666667
vt 0.875000 0.661870
vt 0.625000 1.000000
vt 0.416667 0.875000
vt 0.458333 0.916667
vt 0.500000 0.958333
vt 0.625000 0.375000
vt 0.583333 0.375000
vt 0.750000 0.583333
vt 0.750000 0.500000
vt 0.416667 0.750000
vt 0.375000 0.625000
vt 0.375000 0.666667
vt 0.375000 0.750000
vt 0.458333 0.500000
vt 0.416667 0.500000
vt 0.583333 1.000000
vt 0.500000 1.000000
vt 0.416667 1.000000
vt 0.875000 0.583754
vt 0.583333 0.250000
vt 0.875000 0.645833
vt 0.583333 1.000000
vt 0.541667 1.000000
vt 0.875000 0.640722
vt 0.875000 0.666667
vt 0.583333 0.375000
vt 0.476072 0.437943
vt 0.625000 0.708333
vt 0.625000 0.750000
vt 0.250000 0.714586
vt 0.291667 0.729167
vt 0.500000 0.875000
vt 0.541667 0.791667
vt 0.500000 0.750000
vt 0.375000 0.666667
vt 0.375000 0.750000
vt 0.333333 0.708333
vt 0.500000 0.833333
vt 0.416667 0.291667
vt 0.166667 0.625000
vt 0.125000 0.625000
vt 0.625000 0.416667
vt 0.715398 0.645058
vt 0.583333 0.416667
vt 0.625000 0.875000
vt 0.583333 0.791667
vt 0.666667 0.708333
vt 0.666667 0.666667
vt 0.541666 0.833333
vt 0.541667 0.500000
vt 0.583333 0.500000
vt 0.458333 0.500000
vt 0.458333 0.750000
vt 0.416667 0.750000
vt 0.555121 0.750000
vt 0.375000 0.625000
vt 0.375000 0.708333
vt 0.375000 0.666667
vt 0.375000 0.750000
vt 0.375000 0.625000
vt 0.875000 0.500000
vt 0.583333 0.250000
vt 0.539210 0.250000
vt 0.875000 0.541667
vt 0.875000 0.605278
vt 0.583333 1.000000
vt 0.541667 1.000000
vt 0.875000 0.666667
vt 0.375000 0.250000
vt 0.125000 0.645833
vt 0.875000 0.500000
vt 0.541667 0.250000
vt 0.583333 0.208333
vt 0.623530 0.946731
vt 0.800854 0.700788
vt 0.375000 0.000000
vt 0.125000 0.708333
vt 0.375000 1.000000
vt 0.583333 0.500000
vt 0.583333 0.875000
vt 0.708333 0.708333
vt 0.791667 0.708333
vt 0.583333 0.958333
vt 0.791667 0.666667
vt 0.625000 0.958333
vt 0.547668 0.998863
vt 0.000000 0.000000
vt 0.000000 0.000000
vt 0.000000 0.000000
vt 0.175781 0.753906
vt 0.000000 0.000000
vt 0.000000 0.000000
vt 0.000000 0.000000
vt 0.000000 0.000000
vt 0.000000 0.000000
vt 0.000000 0.000000
vt 0.000000 0.000000
vt 0.000000 0.000000
vt 0.000000 0.000000
vt 0.000000 0.000000
vt 0.175781 0.753906
vt 0.000000 0.000000
vt 0.000000 0.000000
vt 0.000000 0.000000
vt 0.000000 0.000000
vt 0.000000 0.000000
vt 0.000000 0.000000
vt 0.000000 0.000000
vt 0.000000 0.000000
vt 0.000000 0.000000
vt 0.000000 0.000000
vt 0.000000 0.000000
vt 0.000000 0.000000
vt 0.000000 0.000000
vt 0.000000 0.000000
vt 0.000000 0.000000
vt 0.000000 0.000000
vt 0.000000 0.000000
vt 0.000000 0.000000
vt 0.000000 0.000000
vt 0.339844 0.003906
vt 0.000000 0.000000
vt 0.339844 0.003906
vt 0.175781 0.996094
vt 0.175781 0.996094
vt 0.058594 0.847656
vt 0.175781 0.753906
vt 0.175781 0.996094
vt 0.175781 0.996094
vt 0.175781 0.753906
vt 0.058594 0.941406
vt 0.175781 0.996094
vt 0.058594 0.941406
vt 0.175781 0.996094
vt 0.105469 0.753906
vt 0.105469 0.996094
vt 0.105469 0.996094
vt 0.105469 0.753906
vt 0.175781 0.753906
vt 0.003906 0.941406
vt 0.105469 0.996094
vt 0.058594 0.847656
vt 0.175781 0.996094
vt 0.003906 0.847656
vt 0.105469 0.996094
vt 0.105469 0.753906
vt 0.105469 0.753906
vt 0.105469 0.996094
vt 0.105469 0.753906
vt 0.105469 0.996094
vt 0.003906 0.847656
vt 0.003906 0.941406
vt 0.105469 0.996094
vt 0.105469 0.753906
vt 0.175781 0.753906
vt 0.000000 0.000000
vt 0.058594 0.847656
vt 0.175781 0.996094
vt 0.175781 0.753906
vt 0.000000 0.000000
vt 0.000000 0.000000
vt 0.175781 0.996094
vt 0.000000 0.000000
vt 0.000000 0.000000
vt 0.000000 0.000000
vt 0.175781 0.996094
vt 0.058594 0.941406
vt 0.000000 0.000000
vt 0.000000 0.000000
vt 0.000000 0.000000
vt 0.175781 0.753906
vt 0.175781 0.996094
vt 0.175781 0.753906
vt 0.000000 0.000000
vt 0.000000 0.000000
vt 0.175781 0.996094
vt 0.175781 0.996094
vt 0.058594 0.847656
vt 0.000000 0.000000
vt 0.175781 0.996094
vt 0.175781 0.753906
vt 0.000000 0.000000
vt 0.175781 0.996094
vt 0.175781 0.996094
vt 0.058594 0.847656
vt 0.175781 0.996094
vt 0.175781 0.996094
vt 0.175781 0.753906
vt 0.175781 0.996094
vt 0.058594 0.941406
vt 0.175781 0.996094
vt 0.175781 0.753906
vt 0.058594 0.847656
vt 0.175781 0.996094
vt 0.000000 0.000000
vt 0.000000 0.000000
vt 0.175781 0.996094
vt 0.058594 0.847656
vt 0.175781 0.753906
vt 0.175781 0.996094
vt 0.058594 0.941406
vt 0.175781 0.996094
vt 0.175781 0.753906
vt 0.175781 0.996094
vt 0.175781 0.996094
vt 0.058594 0.847656
vt 0.175781 0.996094
vt 0.175781 0.996094
vt 0.246094 0.286641
vt 0.175781 0.753906
vt 0.000000 0.000000
vt 0.246094 0.003906
vt 0.003906 0.286641
vt 0.003906 0.003906
vt 0.246094 0.286641
vt 0.003906 0.286641
vt 0.246094 0.286641
vt 0.003906 0.286641
vt 0.003906 0.003906
vt 0.246094 0.286641
vt 0.246094 0.003906
vt 0.246094 0.003906
vt 0.003906 0.003906
vt 0.003906 0.003906
vt 0.246094 0.003906
vt 0.003906 0.003906
vt 0.003906 0.145259
vt 0.003906 0.132423
vt 0.253906 0.003906
vt 0.488281 0.003906
vt 0.488281 0.003906
vt 0.253906 0.003906
vt 0.175781 0.285156
vt 0.089844 0.371094
vt 0.253906 0.371094
vt 0.488281 0.371094
vt 0.003906 0.371094
vt 0.089844 0.371094
vt 0.003906 0.371094
vt 0.300781 0.371094
vt 0.300781 0.003906
vt 0.003906 0.003906
vt 0.441406 0.003906
vt 0.441406 0.371094
vt 0.378906 0.003906
vt 0.378906 0.371094
vt 0.316406 0.371094
vt 0.308594 0.371094
vt 0.121094 0.371094
vt 0.425781 0.371094
vt 0.488281 0.371094
vt 0.253906 0.371094
vt 0.160156 0.371094
vt 0.308594 0.003906
vt 0.316406 0.003906
vt 0.347656 0.371094
vt 0.347656 0.003906
vt 0.253906 0.003906
vt 0.443556 0.003804
vt -0.003906 0.371094
vt 0.730373 0.351095
vt 0.443556 0.369892
vt 0.253906 0.371094
vt 0.160156 0.308594
vt 0.730399 0.097669
vt 0.089844 0.308594
vt -0.238247 0.097653
vt 0.175781 0.371094
vt 0.094727 0.371094
vt 0.308594 0.371094
vt 0.316406 0.371094
vt 0.425781 0.003906
vt 0.121094 0.003906
vt 0.339844 0.003906
vt 0.402344 0.003906
vt 0.121094 0.003906
vt 0.339844 0.371094
vt 0.402344 0.371094
vt 0.300781 0.371094
vt 0.003906 0.371094
vt 0.347656 0.371094
vt 0.347656 0.003906
vt 0.300781 0.003906
vt 0.003906 0.003906
vt 0.441406 0.003906
vt 0.441406 0.371094
vt 0.378906 0.003906
vt 0.378906 0.371094
vt 0.308594 0.371094
vt 0.316406 0.371094
vt 0.425781 0.003906
vt 0.121094 0.003906
vt 0.246094 0.371094
vt 0.160156 0.371094
vt 0.253906 0.371094
vt 0.488281 0.371094
vt 0.308594 0.003906
vt 0.316406 0.003906
vt -0.003906 0.371094
vt 0.246094 0.003906
vt 0.730373 0.351096
vt 0.253906 0.371094
vt 0.253906 0.003906
vt 0.246094 0.371094
vt 0.160156 0.308594
vt 0.730442 0.097670
vt 0.246094 0.300781
vt 0.730469 0.003906
vt 0.003906 0.300781
vt -0.238269 0.003903
vt 0.089844 0.285156
vt 0.003906 0.371094
vt -0.238250 0.097653
vt 0.089844 0.308594
vt 0.175781 0.371094
vt 0.094727 0.371094
vt 0.316406 0.371094
vt 0.308594 0.371094
vt 0.121094 0.371094
vt 0.425781 0.371094
vt 0.339844 0.003906
vt 0.121094 0.003906
vt 0.402344 0.003906
vt 0.339844 0.371094
vt 0.402344 0.371094
vt 0.003906 0.354851
vt 0.339844 0.371094
vt 0.000000 0.000000
vt 0.094727 0.354852
vt 0.316406 0.003906
vt 0.308594 0.003906
vt 0.488281 0.003906
vt 0.253906 0.003906
vt 0.003906 0.003906
vt 0.253906 0.003906
vt -0.238237 0.351098
vt 0.003906 0.371094
vt 0.253906 0.371094
vt 0.000000 0.000000
vt 0.094727 0.354852
vt 0.339844 0.371094
vt 0.175781 0.285156
vt 0.089844 0.371094
vt 0.488281 0.371094
vt 0.253906 0.371094
vt 0.316406 0.003906
vt 0.308594 0.003906
vt 0.003906 0.371094
vt -0.238247 0.351098
vt 0.253906 0.371094
vt 0.003906 0.003906
vt 0.253906 0.003906
vt 0.488281 0.003906
vt 0.253906 0.003906
vt 0.000000 0.000000
vt 0.000000 0.000000
vt 0.000000 0.000000
vt 0.000000 0.000000
vt 0.000000 0.000000
vt 0.000000 0.000000
vt 0.000000 0.000000
vt 0.000000 0.000000
vt 0.000000 0.000000
vt 0.000000 0.000000
vt 0.000000 0.000000
vt 0.000000 0.000000
vt 0.000000 0.000000
vt 0.000000 0.000000
vt 0.003906 0.003906
vt 0.300781 0.003906
vt 0.441406 0.003906
vt 0.441406 0.003906
vt 0.339844 0.003906
vt 0.402344 0.003906
vt 0.300781 0.003906
vt 0.003906 0.003906
vt 0.441406 0.003906
vt 0.003906 0.003906
vt 0.300781 0.003906
vt 0.339844 0.003906
vt 0.402344 0.003906
vt 0.339844 0.003906
vt 0.402344 0.003906
vt 0.300781 0.003906
vt 0.003906 0.003906
vt 0.441406 0.003906
vt 0.339844 0.003906
vt 0.402344 0.003906
vt 0.402344 0.371094
vt 0.339844 0.371094
vt 0.339844 0.371094
vt 0.402344 0.371094
vt 0.339844 0.371094
vt 0.402344 0.371094
vt 0.402344 0.371094
vt 0.339844 0.371094
vt 0.339844 0.371094
vt 0.402344 0.371094
vt 0.402344 0.003906
vt 0.339844 0.003906
vt 0.402344 0.003906
vt 0.339844 0.003906
vt 0.402344 0.003906
vt 0.339844 0.003906
vt 0.402344 0.003906
vt 0.339844 0.003906
vt 0.402344 0.003906
vt 0.339844 0.003906
vt 0.402344 0.371094
vt 0.339844 0.371094
vt 0.402344 0.371094
vt 0.339844 0.371094
vt 0.339844 0.371094
vt 0.402344 0.371094
vt 0.339844 0.371094
vt 0.402344 0.371094
vt 0.339844 0.371094
vt 0.402344 0.371094
vt 0.402344 0.003906
vt 0.339844 0.003906
vt 0.402344 0.003906
vt 0.339844 0.003906
vt 0.402344 0.003906
vt 0.339844 0.003906
vt 0.402344 0.003906
vt 0.339844 0.003906
vt 0.402344 0.003906
vt 0.339844 0.003906
vt 0.339844 0.371094
vt 0.402344 0.371094
vt 0.402344 0.371094
vt 0.339844 0.371094
vt 0.339844 0.371094
vt 0.402344 0.371094
vt 0.339844 0.371094
vt 0.402344 0.371094
vt 0.402344 0.371094
vt 0.339844 0.371094
vt 0.402344 0.003906
vt 0.339844 0.003906
vt 0.402344 0.003906
vt 0.339844 0.003906
vt 0.402344 0.003906
vt 0.339844 0.003906
vt 0.402344 0.003906
vt 0.339844 0.003906
vt 0.402344 0.003906
vt 0.339844 0.003906
vt 0.339844 0.371094
vt 0.402344 0.371094
vt 0.339844 0.371094
vt 0.402344 0.371094
vt 0.402344 0.371094
vt 0.339844 0.371094
vt 0.402344 0.371094
vt 0.339844 0.371094
vt 0.339844 0.371094
vt 0.402344 0.371094
vt 0.402344 0.003906
vt 0.339844 0.003906
vt 0.402344 0.003906
vt 0.339844 0.003906
vt 0.402344 0.003906
vt 0.339844 0.003906
vt 0.402344 0.003906
vt 0.339844 0.003906
vt 0.402344 0.003906
vt 0.339844 0.003906
vt 0.402344 0.371094
vt 0.339844 0.371094
vt 0.402344 0.371094
vt 0.339844 0.371094
vt 0.339844 0.371094
vt 0.402344 0.371094
vt 0.339844 0.371094
vt 0.402344 0.371094
vt 0.339844 0.371094
vt 0.402344 0.371094
vt 0.402344 0.003906
vt 0.339844 0.003906
vt 0.402344 0.003906
vt 0.339844 0.003906
vt 0.402344 0.003906
vt 0.339844 0.003906
vt 0.402344 0.003906
vt 0.339844 0.003906
vt 0.402344 0.003906
vt 0.339844 0.003906
vt 0.402344 0.371094
vt 0.339844 0.371094
vt 0.339844 0.371094
vt 0.402344 0.371094
vt 0.339844 0.371094
vt 0.402344 0.371094
vt 0.339844 0.371094
vt 0.402344 0.371094
vt 0.402344 0.371094
vt 0.339844 0.371094
vt 0.402344 0.003906
vt 0.339844 0.003906
vt 0.402344 0.003906
vt 0.339844 0.003906
vt 0.402344 0.003906
vt 0.339844 0.003906
vt 0.402344 0.003906
vt 0.339844 0.003906
vt 0.402344 0.003906
vt 0.339844 0.003906
vt 0.339844 0.371094
vt 0.402344 0.371094
vt 0.402344 0.371094
vt 0.339844 0.371094
vt 0.339844 0.371094
vt 0.402344 0.371094
vt 0.339844 0.371094
vt 0.402344 0.371094
vt 0.402344 0.371094
vt 0.339844 0.371094
vt 0.402344 0.003906
vt 0.339844 0.003906
vt 0.402344 0.003906
vt 0.339844 0.003906
vt 0.402344 0.003906
vt 0.339844 0.003906
vt 0.402344 0.003906
vt 0.339844 0.003906
vt 0.402344 0.003906
vt 0.339844 0.003906
vt 0.339844 0.371094
vt 0.402344 0.371094
vt 0.402344 0.371094
vt 0.339844 0.371094
vt 0.339844 0.371094
vt 0.402344 0.371094
vt 0.402344 0.371094
vt 0.339844 0.371094
vt 0.402344 0.371094
vt 0.339844 0.371094
vt 0.402344 0.003906
vt 0.339844 0.003906
vt 0.402344 0.003906
vt 0.339844 0.003906
vt 0.402344 0.003906
vt 0.339844 0.003906
vt 0.402344 0.003906
vt 0.339844 0.003906
vt 0.402344 0.003906
vt 0.339844 0.003906
vt 0.402344 0.371094
vt 0.339844 0.371094
vt 0.402344 0.371094
vt 0.339844 0.371094
vt 0.402344 0.371094
vt 0.339844 0.371094
vt 0.339844 0.371094
vt 0.402344 0.371094
vt 0.339844 0.371094
vt 0.402344 0.371094
vt 0.402344 0.003906
vt 0.339844 0.003906
vt 0.402344 0.003906
vt 0.339844 0.003906
vt 0.402344 0.003906
vt 0.339844 0.003906
vt 0.402344 0.003906
vt 0.339844 0.003906
vt 0.402344 0.003906
vt 0.339844 0.003906
vt 0.339844 0.371094
vt 0.402344 0.371094
vt 0.402344 0.371094
vt 0.339844 0.371094
vt 0.339844 0.371094
vt 0.402344 0.371094
vt 0.339844 0.371094
vt 0.402344 0.371094
vt 0.402344 0.371094
vt 0.339844 0.371094
vt 0.402344 0.003906
vt 0.339844 0.003906
vt 0.402344 0.003906
vt 0.339844 0.003906
vt 0.402344 0.003906
vt 0.339844 0.003906
vt 0.402344 0.003906
vt 0.339844 0.003906
vt 0.402344 0.003906
vt 0.339844 0.003906
vt 0.339844 0.371094
vt 0.402344 0.371094
vt 0.402344 0.371094
vt 0.339844 0.371094
vt 0.339844 0.371094
vt 0.402344 0.371094
vt 0.339844 0.371094
vt 0.402344 0.371094
vt 0.402344 0.371094
vt 0.339844 0.371094
vt 0.402344 0.003906
vt 0.339844 0.003906
vt 0.402344 0.003906
vt 0.339844 0.003906
vt 0.402344 0.003906
vt 0.339844 0.003906
vt 0.402344 0.003906
vt 0.339844 0.003906
vt 0.402344 0.003906
vt 0.339844 0.003906
vt 0.402344 0.371094
vt 0.339844 0.371094
vt 0.402344 0.371094
vt 0.339844 0.371094
vt 0.339844 0.371094
vt 0.402344 0.371094
vt 0.402344 0.371094
vt 0.339844 0.371094
vt 0.339844 0.371094
vt 0.402344 0.371094
vt 0.402344 0.003906
vt 0.339844 0.003906
vt 0.402344 0.003906
vt 0.339844 0.003906
vt 0.402344 0.003906
vt 0.339844 0.003906
vt 0.402344 0.003906
vt 0.339844 0.003906
vt 0.402344 0.003906
vt 0.339844 0.003906
vt 0.402344 0.371094
vt 0.339844 0.371094
vt 0.402344 0.371094
vt 0.339844 0.371094
vt 0.339844 0.371094
vt 0.402344 0.371094
vt 0.339844 0.371094
vt 0.402344 0.371094
vt 0.339844 0.371094
vt 0.402344 0.371094
vt 0.402344 0.003906
vt 0.339844 0.003906
vt 0.402344 0.003906
vt 0.339844 0.003906
vt 0.402344 0.003906
vt 0.339844 0.003906
vt 0.402344 0.003906
vt 0.339844 0.003906
vt 0.402344 0.003906
vt 0.339844 0.003906
vt 0.339844 0.371094
vt 0.402344 0.371094
vt 0.339844 0.371094
vt 0.402344 0.371094
vt 0.402344 0.371094
vt 0.339844 0.371094
vt 0.402344 0.371094
vt 0.339844 0.371094
vt 0.402344 0.371094
vt 0.339844 0.371094
vt 0.402344 0.003906
vt 0.339844 0.003906
vt 0.402344 0.003906
vt 0.339844 0.003906
vt 0.402344 0.003906
vt 0.339844 0.003906
vt 0.402344 0.003906
vt 0.339844 0.003906
vt 0.402344 0.003906
vt 0.339844 0.003906
vt 0.339844 0.371094
vt 0.402344 0.371094
vt 0.402344 0.371094
vt 0.339844 0.371094
vt 0.402344 0.371094
vt 0.339844 0.371094
vt 0.402344 0.371094
vt 0.339844 0.371094
vt 0.339844 0.371094
vt 0.402344 0.371094
vt 0.402344 0.003906
vt 0.339844 0.003906
vt 0.402344 0.003906
vt 0.339844 0.003906
vt 0.402344 0.003906
vt 0.339844 0.003906
vt 0.402344 0.003906
vt 0.339844 0.003906
vt 0.402344 0.003906
vt 0.339844 0.003906
vt 0.402344 0.371094
vt 0.339844 0.371094
vt 0.339844 0.371094
vt 0.402344 0.371094
vt 0.402344 0.371094
vt 0.339844 0.371094
vt 0.339844 0.371094
vt 0.402344 0.371094
vt 0.339844 0.371094
vt 0.402344 0.371094
vt 0.402344 0.003906
vt 0.339844 0.003906
vt 0.402344 0.003906
vt 0.339844 0.003906
vt 0.402344 0.003906
vt 0.339844 0.003906
vt 0.402344 0.003906
vt 0.339844 0.003906
vt 0.402344 0.003906
vt 0.339844 0.003906
vt 0.402344 0.371094
vt 0.339844 0.371094
vt 0.339844 0.371094
vt 0.402344 0.371094
vt 0.402344 0.371094
vt 0.339844 0.371094
vt 0.339844 0.371094
vt 0.402344 0.371094
vt 0.339844 0.371094
vt 0.402344 0.371094
vt 0.402344 0.003906
vt 0.339844 0.003906
vt 0.402344 0.003906
vt 0.339844 0.003906
vt 0.402344 0.003906
vt 0.339844 0.003906
vt 0.402344 0.003906
vt 0.339844 0.003906
vt 0.402344 0.003906
vt 0.339844 0.003906
vt 0.402344 0.371094
vt 0.339844 0.371094
vt 0.402344 0.371094
vt 0.339844 0.371094
vt 0.339844 0.371094
vt 0.402344 0.371094
vt 0.402344 0.371094
vt 0.339844 0.371094
vt 0.339844 0.371094
vt 0.402344 0.371094
vt 0.402344 0.003906
vt 0.339844 0.003906
vt 0.402344 0.003906
vt 0.339844 0.003906
vt 0.402344 0.003906
vt 0.339844 0.003906
vt 0.402344 0.003906
vt 0.339844 0.003906
vt 0.402344 0.003906
vt 0.339844 0.003906
vt 0.402344 0.371094
vt 0.339844 0.371094
vt 0.339844 0.371094
vt 0.402344 0.371094
vt 0.339844 0.371094
vt 0.402344 0.371094
vt 0.402344 0.371094
vt 0.339844 0.371094
vt 0.339844 0.371094
vt 0.402344 0.371094
vt 0.402344 0.003906
vt 0.339844 0.003906
vt 0.402344 0.003906
vt 0.339844 0.003906
vt 0.402344 0.003906
vt 0.339844 0.003906
vt 0.402344 0.003906
vt 0.339844 0.003906
vt 0.402344 0.003906
vt 0.339844 0.003906
vt 0.402344 0.371094
vt 0.339844 0.371094
vt 0.402344 0.371094
vt 0.339844 0.371094
vt 0.402344 0.371094
vt 0.339844 0.371094
vt 0.339844 0.371094
vt 0.402344 0.371094
vt 0.339844 0.371094
vt 0.402344 0.371094
vt 0.402344 0.003906
vt 0.339844 0.003906
vt 0.402344 0.003906
vt 0.339844 0.003906
vt 0.402344 0.003906
vt 0.339844 0.003906
vt 0.402344 0.003906
vt 0.339844 0.003906
vt 0.402344 0.003906
vt 0.339844 0.003906
vt 0.339844 0.371094
vt 0.402344 0.371094
vt 0.402344 0.371094
vt 0.339844 0.371094
vt 0.339844 0.371094
vt 0.402344 0.371094
vt 0.402344 0.371094
vt 0.339844 0.371094
vt 0.402344 0.371094
vt 0.339844 0.371094
vt 0.402344 0.003906
vt 0.339844 0.003906
vt 0.402344 0.003906
vt 0.339844 0.003906
vt 0.402344 0.003906
vt 0.339844 0.003906
vt 0.402344 0.003906
vt 0.339844 0.003906
vt 0.402344 0.003906
vt 0.339844 0.003906
vt 0.339844 0.371094
vt 0.402344 0.371094
vt 0.402344 0.371094
vt 0.339844 0.371094
vt 0.339844 0.371094
vt 0.402344 0.371094
vt 0.402344 0.371094
vt 0.339844 0.371094
vt 0.402344 0.371094
vt 0.339844 0.371094
vt 0.402344 0.003906
vt 0.339844 0.003906
vt 0.402344 0.003906
vt 0.339844 0.003906
vt 0.402344 0.003906
vt 0.339844 0.003906
vt 0.402344 0.003906
vt 0.339844 0.003906
vt 0.402344 0.003906
vt 0.339844 0.003906
vt 0.339844 0.371094
vt 0.402344 0.371094
vt 0.402344 0.371094
vt 0.339844 0.371094
vt 0.339844 0.371094
vt 0.402344 0.371094
vt 0.339844 0.371094
vt 0.402344 0.371094
vt 0.339844 0.371094
vt 0.402344 0.371094
vt 0.402344 0.003906
vt 0.339844 0.003906
vt 0.339844 0.003906
vt 0.402344 0.003906
vt 0.402344 0.003906
vt 0.339844 0.003906
vt 0.339844 0.003906
vt 0.402344 0.003906
vt 0.402344 0.003906
vt 0.339844 0.003906
vt 0.339844 0.371094
vt 0.402344 0.371094
vt 0.339844 0.371094
vt 0.402344 0.371094
vt 0.402344 0.371094
vt 0.339844 0.371094
vt 0.339844 0.371094
vt 0.402344 0.371094
vt 0.339844 0.371094
vt 0.402344 0.371094
vt 0.402344 0.003906
vt 0.339844 0.003906
vt 0.339844 0.003906
vt 0.402344 0.003906
vt 0.402344 0.003906
vt 0.339844 0.003906
vt 0.402344 0.003906
vt 0.339844 0.003906
vt 0.339844 0.003906
vt 0.402344 0.003906
vt 0.402344 0.371094
vt 0.339844 0.371094
vt 0.402344 0.371094
vt 0.402344 0.371094
vt 0.339844 0.371094
vt 0.339844 0.371094
vt 0.402344 0.003906
vt 0.339844 0.003906
vt 0.402344 0.003906
vt 0.339844 0.003906
vt 0.402344 0.003906
vt 0.339844 0.003906
vt 0.402344 0.371094
vt 0.339844 0.371094
vt 0.402344 0.371094
vt 0.339844 0.371094
vt 0.402344 0.371094
vt 0.402344 0.003906
vt 0.339844 0.003906
vt 0.402344 0.003906
vt 0.339844 0.003906
vt 0.402344 0.003906
vt 0.402344 0.371094
vt 0.339844 0.371094
vt 0.402344 0.371094
vt 0.402344 0.371094
vt 0.339844 0.371094
vt 0.339844 0.371094
vt 0.402344 0.003906
vt 0.339844 0.003906
vt 0.402344 0.003906
vt 0.339844 0.003906
vt 0.402344 0.003906
vt 0.339844 0.003906
vt 0.402344 0.371094
vt 0.402344 0.371094
vt 0.339844 0.371094
vt 0.339844 0.371094
vt 0.402344 0.371094
vt 0.402344 0.003906
vt 0.339844 0.003906
vt 0.402344 0.003906
vt 0.402344 0.003906
vt 0.339844 0.003906
vt 0.402344 0.371094
vt 0.339844 0.371094
vt 0.402344 0.371094
vt 0.402344 0.371094
vt 0.339844 0.371094
vt 0.339844 0.371094
vt 0.402344 0.003906
vt 0.339844 0.003906
vt 0.402344 0.003906
vt 0.339844 0.003906
vt 0.402344 0.003906
vt 0.339844 0.003906
vt 0.402344 0.371094
vt 0.339844 0.371094
vt 0.402344 0.371094
vt 0.339844 0.371094
vt 0.402344 0.371094
vt 0.402344 0.003906
vt 0.339844 0.003906
vt 0.402344 0.003906
vt 0.339844 0.003906
vt 0.402344 0.003906
vt 0.402344 0.371094
vt 0.339844 0.371094
vt 0.402344 0.371094
vt 0.402344 0.371094
vt 0.339844 0.371094
vt 0.339844 0.371094
vt 0.402344 0.003906
vt 0.339844 0.003906
vt 0.402344 0.003906
vt 0.339844 0.003906
vt 0.402344 0.003906
vt 0.339844 0.003906
vt 0.402344 0.371094
vt 0.339844 0.371094
vt 0.402344 0.371094
vt 0.402344 0.371094
vt 0.339844 0.371094
vt 0.402344 0.003906
vt 0.402344 0.003906
vt 0.339844 0.003906
vt 0.339844 0.003906
vt 0.402344 0.003906
vt 0.402344 0.371094
vt 0.339844 0.371094
vt 0.402344 0.371094
vt 0.402344 0.371094
vt 0.339844 0.371094
vt 0.339844 0.371094
vt 0.402344 0.003906
vt 0.339844 0.003906
vt 0.402344 0.003906
vt 0.339844 0.003906
vt 0.402344 0.003906
vt 0.339844 0.003906
vt 0.402344 0.371094
vt 0.339844 0.371094
vt 0.402344 0.371094
vt 0.402344 0.371094
vt 0.339844 0.371094
vt 0.402344 0.003906
vt 0.402344 0.003906
vt 0.339844 0.003906
vt 0.339844 0.003906
vt 0.402344 0.003906
vt 0.402344 0.371094
vt 0.339844 0.371094
vt 0.402344 0.371094
vt 0.402344 0.371094
vt 0.339844 0.371094
vt 0.339844 0.371094
vt 0.402344 0.003906
vt 0.339844 0.003906
vt 0.402344 0.003906
vt 0.339844 0.003906
vt 0.402344 0.003906
vt 0.339844 0.003906
vt 0.402344 0.371094
vt 0.339844 0.371094
vt 0.402344 0.371094
vt 0.402344 0.371094
vt 0.339844 0.371094
vt 0.402344 0.003906
vt 0.402344 0.003906
vt 0.339844 0.003906
vt 0.339844 0.003906
vt 0.402344 0.003906
vt 1.016035 0.980470
vt 0.891077 0.983707
vt 0.974382 0.981549
vt 1.016035 0.980470
vt 0.891077 0.983707
vt 0.932729 0.982628
vt 0.974382 0.981549
vt 0.932729 0.982628
vt 0.974382 0.981549
vt 0.932729 0.982628
vt 1.016035 0.980470
vt 0.891077 0.983707
vt 0.974382 0.981549
vt 0.932729 0.982628
vt 0.974382 0.981549
vt 0.932729 0.982628
vt 1.016035 0.980470
vt 0.891077 0.983707
vt 1.016035 0.980470
vt 0.891077 0.983707
vt 0.974382 0.981549
vt 0.932729 0.982628
vt 0.932729 0.982628
vt 1.016035 0.980470
vt 0.891077 0.983707
vt 0.974382 0.981549
vt 0.974382 0.981549
vt 1.016035 0.980470
vt 0.891077 0.983707
vt 1.016035 0.980470
vt 0.891077 0.983707
vt 0.932729 0.982628
vt 0.256144 0.374319
vt 0.932729 0.982628
vt 0.254903 0.374941
vt 0.974382 0.981549
vt 0.256144 0.374319
vt 0.932729 0.982628
vt 0.256756 0.373491
vt 0.253838 0.374949
vt 1.016035 0.980470
vt 0.891077 0.983707
vt 0.256144 0.374319
vt 0.932729 0.982628
vt 0.254903 0.374941
vt 0.974382 0.981549
vt 0.256144 0.374319
vt 0.932729 0.982628
vt 0.256144 0.374319
vt 0.932729 0.982628
vt 0.254903 0.374941
vt 0.974382 0.981549
vt 0.256756 0.373491
vt 0.253838 0.374949
vt 1.016035 0.980470
vt 0.891077 0.983707
vt 0.256144 0.374319
vt 0.932729 0.982628
vt 0.254903 0.374941
vt 0.974382 0.981549
vt 0.254903 0.374941
vt 0.974382 0.981549
vt 0.256756 0.373491
vt 0.253838 0.374949
vt 1.016035 0.980470
vt 0.891077 0.983707
vt 0.254654 0.373824
vt 0.253785 0.373949
vt 0.255398 0.373451
vt 0.253838 0.374949
vt 0.256756 0.373491
vt 0.891077 0.983707
vt 1.016035 0.980470
vt 0.253838 0.374949
vt 0.256756 0.373491
vt 1.016035 0.980470
vt 0.891077 0.983707
vt 0.254903 0.374941
vt 0.974382 0.981549
vt 0.256756 0.373491
vt 0.253838 0.374949
vt 1.016035 0.980470
vt 0.891077 0.983707
vt 0.254903 0.374941
vt 0.974382 0.981549
vt 0.256756 0.373491
vt 0.253838 0.374949
vt 1.016035 0.980470
vt 0.891077 0.983707
vt 0.256756 0.373491
vt 0.253838 0.374949
vt 1.016035 0.980470
vt 0.891077 0.983707
vt 0.256144 0.374319
vt 0.932729 0.982628
vt 0.254903 0.374941
vt 0.974382 0.981549
vt 0.256144 0.374319
vt 0.932729 0.982628
vt 0.932841 0.982625
vt 0.746094 0.753906
vt 0.503906 0.753906
vt 0.746094 0.753906
vt 0.746094 0.996094
vt 0.003906 0.628906
vt 0.503906 0.996094
vt 0.746094 0.753906
vt 0.503906 0.753906
vt 0.746094 0.996094
vt 0.503906 0.996094
vt 0.746094 0.753906
vt 0.503906 0.753906
vt 0.246094 0.628906
vt 0.503906 0.753906
vt 0.746094 0.996094
vt 0.503906 0.996094
vt 0.503906 0.753906
vt 0.746094 0.753906
vt 0.503906 0.996094
vt 0.746094 0.996094
vt 0.746094 0.753906
vt 0.503906 0.753906
vt 0.746094 0.996094
vt 0.503906 0.996094
vt 0.746094 0.753906
vt 0.746094 0.996094
vt 0.503906 0.753906
vt 0.503906 0.996094
vt 0.246094 0.746094
vt 0.746094 0.753906
vt 0.503906 0.753906
vt 0.253906 0.746094
vt 0.503906 0.753906
vt 0.496094 0.746094
vt 0.746094 0.753906
vt 0.503906 0.996094
vt 0.746094 0.996094
vt 0.746094 0.753906
vt 0.503906 0.753906
vt 0.503906 0.996094
vt 0.746094 0.753906
vt 0.503906 0.753906
vt 0.371094 0.746094
vt 0.746094 0.753906
vt 0.503906 0.753906
vt 0.746094 0.996094
vt 0.503906 0.996094
vt 0.746094 0.753906
vt 0.746094 0.996094
vt 0.503906 0.753906
vt 0.503906 0.996094
vt 0.746094 0.753906
vt 0.746094 0.996094
vt 0.503906 0.753906
vt 0.503906 0.996094
vt 0.746094 0.753906
vt 0.503906 0.753906
vt 0.503906 0.996094
vt 0.746094 0.996094
vt 0.746094 0.753906
vt 0.503906 0.753906
vt 0.503906 0.996094
vt 0.746094 0.996094
vt 0.746094 0.753906
vt 0.503906 0.753906
vt 0.503906 0.996094
vt 0.746094 0.753906
vt 0.746094 0.996094
vt 0.503906 0.753906
vt 0.746094 0.753906
vt 0.746094 0.996094
vt 0.503906 0.753906
vt 0.503906 0.996094
vt 0.746094 0.996094
vt 0.746094 0.753906
vt 0.503906 0.753906
vt 0.503906 0.996094
vt 0.746094 0.996094
vt 0.746094 0.753906
vt 0.503906 0.753906
vt 0.503906 0.996094
vt 0.503906 0.753906
vt 0.746094 0.996094
vt 0.746094 0.753906
vt 0.503906 0.996094
vt 0.746094 0.753906
vt 0.503906 0.753906
vt 0.746094 0.996094
vt 0.503906 0.996094
vt 0.746094 0.753906
vt 0.753906 0.996094
vt 0.746094 0.996094
vt 0.746094 0.753906
vt 0.503906 0.753906
vt 0.503906 0.996094
vt 0.746094 0.996094
vt 0.746094 0.996094
vt 0.753906 0.996094
vt 0.746094 0.753906
vt 0.503906 0.996094
vt 0.753906 0.753906
vt 0.746094 0.753906
vt 0.503906 0.753906
vt 0.503906 0.996094
vt 0.746094 0.996094
vt 0.746094 0.753906
vt 0.503906 0.753906
vt 0.503906 0.996094
vt 0.746094 0.996094
vt 0.746094 0.753906
vt 0.503906 0.753906
vt 0.746094 0.753906
vt 0.746094 0.996094
vt 0.503906 0.753906
vt 0.503906 0.996094
vt 0.746094 0.753906
vt 0.503906 0.753906
vt 0.496094 0.628906
vt 0.746094 0.996094
vt 0.503906 0.753906
vt 0.503906 0.996094
vt 0.746094 0.753906
vt 0.503906 0.753906
vt 0.746094 0.996094
vt 0.503906 0.996094
vt 0.746094 0.753906
vt 0.253906 0.628906
vt 0.746094 0.996094
vt 0.503906 0.996094
vt 0.628906 0.753906
vt 0.746094 0.996094
vt 0.503906 0.996094
vt 0.746094 0.753906
vt 0.746094 0.996094
vt 0.503906 0.753906
vt 0.503906 0.996094
vt 0.628906 0.753906
vt 0.503906 0.753906
vt 0.746094 0.996094
vt 0.503906 0.996094
vt 0.503906 0.753906
vt 0.003906 0.746094
vt 0.628906 0.753906
vt 0.371094 0.746094
vt 0.496094 0.746094
vt 0.503906 0.753906
vt 0.503906 0.996094
vt 0.628906 0.753906
vt 0.746094 0.996094
vt 0.503906 0.753906
vt 0.746094 0.753906
vt 0.503906 0.996094
vt 0.503906 0.753906
vt 0.503906 0.996094
vt 0.628906 0.753906
vt 0.628906 0.996094
vt 0.628906 0.996094
vt 0.503906 0.753906
vt 0.503906 0.996094
vt 0.628906 0.753906
vt 0.746094 0.753906
vt 0.503906 0.753906
vt 0.503906 0.996094
vt 0.628906 0.996094
vt 0.746094 0.753906
vt 0.746094 0.996094
vt 0.503906 0.753906
vt 0.503906 0.996094
vt 0.753906 0.996094
vt 0.746094 0.996094
vt 0.753906 0.753906
vt 0.746094 0.753906
vt 0.503906 0.753906
vt 0.746094 0.996094
vt 0.503906 0.996094
vt 0.746094 0.753906
vt 0.503906 0.753906
vt 0.503906 0.996094
vt 0.746094 0.996094
vt 0.746094 0.753906
vt 0.628906 0.996094
vt 0.503906 0.753906
vt 0.503906 0.753906
vt 0.503906 0.996094
vt 0.503906 0.753906
vt 0.503906 0.996094
vt 0.503906 0.753906
vt 0.503906 0.996094
vt 0.746094 0.753906
vt 0.746094 0.996094
vt 0.746094 0.753906
vt 0.746094 0.996094
vt 0.746094 0.753906
vt 0.753906 0.996094
vt 0.503906 0.753906
vt 0.753906 0.753906
vt 0.746094 0.753906
vt 0.503906 0.753906
vt 0.753906 0.996094
vt 0.753906 0.753906
vt 0.746094 0.753906
vt 0.753906 0.996094
vt 0.753906 0.753906
vt 0.503906 0.753906
vt 0.746094 0.753906
vt 0.503906 0.753906
vt 0.503906 0.996094
vt 0.503906 0.996094
vt 0.746094 0.996094
vt 0.746094 0.996094
vt 0.503906 0.996094
vt 0.746094 0.996094
vt 0.503906 0.996094
vt 0.746094 0.753906
vt 0.503906 0.996094
vt 0.746094 0.996094
vt 0.753906 0.996094
vt 0.503906 0.996094
vt 0.746094 0.996094
vt 0.753906 0.753906
vt 0.753906 0.996094
vt 0.503906 0.753906
vt 0.503906 0.996094
vt 0.753906 0.753906
vt 0.753906 0.753906
vt 0.503906 0.753906
vt 0.503906 0.996094
vt 0.753906 0.996094
vt 0.746094 0.753906
vt 0.746094 0.996094
vt 0.746094 0.753906
vt 0.746094 0.996094
vt 0.746094 0.996094
vt 0.746094 0.753906
vt 0.503906 0.753906
vt 0.746094 0.753906
vt 0.503906 0.753906
vt 0.746094 0.753906
vt 0.746094 0.996094
vt 0.746094 0.753906
vt 0.503906 0.753906
vt 0.746094 0.753906
vt 0.503906 0.753906
vt 0.746094 0.753906
vt 0.503906 0.753906
vt 0.746094 0.996094
vt 0.746094 0.753906
vt 0.628906 0.996094
vt 0.503906 0.878906
vt 0.246094 0.628906
vt 0.746094 0.878906
vt 0.503906 0.878906
vt 0.253906 0.628906
vt 0.746094 0.878906
vt 0.503906 0.878906
vt 0.371094 0.628906
vt 0.746094 0.753906
vt 0.503906 0.753906
vt 0.746094 0.878906
vt 0.246094 0.746094
vt 0.503906 0.878906
vt 0.628906 0.753906
vt 0.628906 0.996094
vt 0.628906 0.753906
vt 0.628906 0.996094
vt 0.746094 0.878906
vt 0.503906 0.878906
vt 0.746094 0.878906
vt 0.503906 0.878906
vt 0.496094 0.746094
vt 0.628906 0.753906
vt 0.628906 0.996094
vt 0.503906 0.878906
vt 0.746094 0.878906
vt 0.746094 0.878906
vt 0.503906 0.878906
vt 0.628906 0.753906
vt 0.628906 0.996094
vt 0.628906 0.753906
vt 0.628906 0.996094
vt 0.628906 0.753906
vt 0.628906 0.996094
vt 0.503906 0.878906
vt 0.746094 0.878906
vt 0.628906 0.753906
vt 0.628906 0.996094
vt 0.746094 0.878906
vt 0.503906 0.878906
vt 0.628906 0.753906
vt 0.628906 0.996094
vt 0.503906 0.878906
vt 0.746094 0.878906
vt 0.628906 0.753906
vt 0.628906 0.996094
vt 0.503906 0.878906
vt 0.746094 0.878906
vt 0.746094 0.878906
vt 0.503906 0.878906
vt 0.746094 0.878906
vt 0.253906 0.746094
vt 0.503906 0.878906
vt 0.746094 0.878906
vt 0.503906 0.878906
vt 0.378906 0.628906
vt 0.628906 0.996094
vt 0.628906 0.753906
vt 0.628906 0.996094
vt 0.628906 0.753906
vt 0.746094 0.878906
vt 0.503906 0.878906
vt 0.628906 0.753906
vt 0.128906 0.628906
vt 0.628906 0.996094
vt 0.746094 0.878906
vt 0.503906 0.878906
vt 0.746094 0.878906
vt 0.503906 0.878906
vt 0.628906 0.753906
vt 0.628906 0.996094
vt 0.628906 0.753906
vt 0.628906 0.753906
vt 0.628906 0.996094
vt 0.746094 0.878906
vt 0.503906 0.878906
vt 0.746094 0.878906
vt 0.628906 0.753906
vt 0.371094 0.746094
vt 0.746094 0.878906
vt 0.496094 0.628906
vt 0.503906 0.878906
vt 0.746094 0.878906
vt 0.503906 0.878906
vt 0.746094 0.878906
vt 0.503906 0.878906
vt 0.371094 0.628906
vt 0.746094 0.878906
vt 0.503906 0.878906
vt 0.628906 0.753906
vt 0.628906 0.996094
vt 0.503906 0.878906
vt 0.746094 0.878906
vt 0.628906 0.753906
vt 0.628906 0.996094
vt 0.628906 0.753906
vt 0.628906 0.996094
vt 0.746094 0.878906
vt 0.246094 0.628906
vt 0.503906 0.878906
vt 0.253906 0.628906
vt 0.746094 0.878906
vt 0.496094 0.746094
vt 0.503906 0.878906
vt 0.628906 0.753906
vt 0.628906 0.996094
vt 0.746094 0.878906
vt 0.503906 0.878906
vt 0.628906 0.753906
vt 0.628906 0.996094
vt 0.746094 0.878906
vt 0.503906 0.878906
vt 0.628906 0.753906
vt 0.628906 0.996094
vt 0.628906 0.753906
vt 0.628906 0.996094
vt 0.746094 0.878906
vt 0.628906 0.753906
vt 0.628906 0.996094
vt 0.746094 0.878906
vt 0.503906 0.878906
vt 0.628906 0.753906
vt 0.628906 0.996094
vt 0.746094 0.878906
vt 0.003906 0.746094
vt 0.503906 0.878906
vt 0.628906 0.996094
vt 0.628906 0.753906
vt 0.628906 0.753906
vt 0.628906 0.996094
vt 0.746094 0.878906
vt 0.746094 0.878906
vt 0.503906 0.878906
vt 0.628906 0.753906
vt 0.746094 0.878906
vt 0.503906 0.878906
vt 0.628906 0.753906
vt 0.628906 0.996094
vt 0.503906 0.878906
vt 0.628906 0.878906
vt 0.628906 0.753906
vt 0.628906 0.996094
vt 0.503906 0.878906
vt 0.628906 0.878906
vt 0.628906 0.878906
vt 0.503906 0.878906
vt 0.496094 0.628906
vt 0.628906 0.753906
vt 0.628906 0.996094
vt 0.628906 0.878906
vt 0.503906 0.878906
vt 0.746094 0.878906
vt 0.503906 0.878906
vt 0.371094 0.628906
vt 0.503906 0.878906
vt 0.003906 0.628906
vt 0.628906 0.878906
vt 0.746094 0.878906
vt 0.503906 0.878906
vt 0.628906 0.753906
vt 0.628906 0.996094
vt 0.746094 0.753906
vt 0.628906 0.996094
vt 0.503906 0.753906
vt 0.628906 0.753906
vt 0.628906 0.996094
vt 0.746094 0.878906
vt 0.503906 0.878906
vt 0.628906 0.753906
vt 0.628906 0.996094
vt 0.746094 0.878906
vt 0.503906 0.878906
vt 0.746094 0.878906
vt 0.503906 0.878906
vt 0.628906 0.753906
vt 0.628906 0.996094
vt 0.253906 0.746094
vt 0.628906 0.753906
vt 0.128906 0.746094
vt 0.628906 0.753906
vt 0.628906 0.996094
vt 0.746094 0.878906
vt 0.503906 0.878906
vt 0.746094 0.878906
vt 0.753906 0.875000
vt 0.746094 0.878906
vt 0.503906 0.878906
vt 0.503906 0.878906
vt 0.746094 0.878906
vt 0.628906 0.753906
vt 0.628906 0.996094
vt 0.746094 0.878906
vt 0.503906 0.878906
vt 0.628906 0.753906
vt 0.628906 0.996094
vt 0.628906 0.753906
vt 0.628906 0.996094
vt 0.746094 0.878906
vt 0.753906 0.875000
vt 0.746094 0.878906
vt 0.503906 0.878906
vt 0.628906 0.753906
vt 0.628906 0.996094
vt 0.746094 0.878906
vt 0.503906 0.878906
vt 0.628906 0.753906
vt 0.628906 0.996094
vt 0.746094 0.878906
vt 0.503906 0.878906
vt 0.503906 0.878906
vt 0.628906 0.753906
vt 0.628906 0.996094
vt 0.628906 0.753906
vt 0.628906 0.996094
vt 0.503906 0.878906
vt 0.503906 0.878906
vt 0.503906 0.753906
vt 0.628906 0.996094
vt 0.628906 0.753906
vt 0.746094 0.878906
vt 0.746094 0.878906
vt 0.628906 0.753906
vt 0.628906 0.996094
vt 0.628906 0.753906
vt 0.628906 0.996094
vt 0.628906 0.753906
vt 0.753906 0.875000
vt 0.746094 0.878906
vt 0.503906 0.878906
vt 0.628906 0.996094
vt 0.746094 0.878906
vt 0.503906 0.878906
vt 0.746094 0.878906
vt 0.503906 0.878906
vt 0.628906 0.753906
vt 0.628906 0.996094
vt 0.746094 0.878906
vt 0.503906 0.878906
vt 0.503906 0.878906
vt 0.628906 0.753906
vt 0.628906 0.996094
vt 0.628906 0.753906
vt 0.628906 0.996094
vt 0.503906 0.878906
vt 0.753906 0.875000
vt 0.628906 0.996094
vt 0.753906 0.875000
vt 0.503906 0.878906
vt 0.753906 0.875000
vt 0.746094 0.878906
vt 0.628906 0.753906
vt 0.628906 0.996094
vt 0.628906 0.753906
vt 0.628906 0.996094
vt 0.503906 0.878906
vt 0.746094 0.878906
vt 0.746094 0.878906
vt 0.746094 0.878906
vt 0.746094 0.878906
vt 0.503906 0.878906
vt 0.628906 0.753906
vt 0.628906 0.753906
vt 0.628906 0.996094
vt 0.628906 0.753906
vt 0.628906 0.996094
vt 0.746094 0.878906
vt 0.503906 0.878906
vt 0.628906 0.753906
vt 0.628906 0.753906
vt 0.503906 0.878906
vt 0.746094 0.878906
vt 0.628906 0.753906
vt 0.746094 0.878906
vt 0.503906 0.878906
vt 0.503906 0.878906
vt 0.746094 0.878906
vt 0.628906 0.753906
vt 0.746094 0.878906
vt 0.628906 0.753906
vt 0.628906 0.996094
vt 0.746094 0.878906
vt 0.628906 0.753906
vt 0.875000 0.996094
vt 0.628906 0.996094
vt 0.503906 0.996094
vt 0.628906 0.753906
vt 0.628906 0.753906
vt 0.746094 0.996094
vt 0.503906 0.996094
vt 0.628906 0.996094
vt 0.566406 0.996094
vt 0.683594 0.996094
vt 0.628906 0.878906
vt 0.503906 0.996094
vt 0.503906 0.753906
vt 0.503906 0.996094
vt 0.503906 0.753906
vt 0.746094 0.996094
vt 0.503906 0.753906
vt 0.746094 0.753906
vt 0.503906 0.996094
vt 0.503906 0.996094
vt 0.503906 0.753906
vt 0.003906 0.746094
vt 0.503906 0.753906
vt 0.746094 0.753906
vt 0.746094 0.996094
vt 0.503906 0.753906
vt 0.503906 0.996094
vt 0.746094 0.753906
vt 0.503906 0.753906
vt 0.371094 0.746094
vt 0.246094 0.746094
vt 0.746094 0.753906
vt 0.503906 0.753906
vt 0.253906 0.746094
vt 0.566406 0.878906
vt 0.628906 0.878906
vt 0.628906 0.878906
vt 0.628906 0.878906
vt 0.628906 0.878906
vt 0.628906 0.878906
vt 0.628906 0.878906
vt 0.628906 0.878906
vt 0.628906 0.878906
vt 0.628906 0.878906
vt 0.628906 0.878906
vt 0.628906 0.878906
vt 0.628906 0.878906
vt 0.628906 0.878906
vt 0.628906 0.878906
vt 0.628906 0.878906
vt 0.683594 0.878906
vt 0.628906 0.878906
vt 0.628906 0.878906
vt 0.628906 0.878906
vt 0.628906 0.878906
vt 0.628906 0.878906
vt 0.628906 0.878906
vt 0.628906 0.878906
vt 0.628906 0.878906
vt 0.628906 0.878906
vt 0.628906 0.878906
vt 0.628906 0.878906
vt 0.628906 0.878906
vt 0.628906 0.878906
vt 0.628906 0.878906
vt 0.628906 0.878906
vt 0.628906 0.878906
vt 0.628906 0.878906
vt 0.628906 0.878906
vt 0.628906 0.878906
vt 0.253906 0.628906
vt 0.628906 0.878906
vt 0.128906 0.628906
vt 0.628906 0.878906
vt 0.628906 0.878906
vt 0.628906 0.878906
vt 0.628906 0.878906
vt 0.628906 0.878906
vt 0.378906 0.746094
vt 0.628906 0.878906
vt 0.628906 0.878906
vt 0.628906 0.878906
vt 0.628906 0.878906
vt 0.628906 0.878906
vt 0.628906 0.878906
vt 0.628906 0.878906
vt 0.628906 0.878906
vt 0.628906 0.878906
vt 0.628906 0.878906
vt 0.628906 0.878906
vt 0.628906 0.878906
vt 0.628906 0.878906
vt 0.628906 0.878906
vt 0.628906 0.878906
vt 0.628906 0.878906
vt 0.628906 0.878906
vt 0.628906 0.878906
vt 0.628906 0.878906
vt 0.628906 0.878906
vt 0.496094 0.628906
vt 0.628906 0.878906
vt 0.628906 0.878906
vt 0.628906 0.878906
vt 0.371094 0.628906
vt 0.628906 0.878906
vt 0.128906 0.746094
vt 0.628906 0.878906
vt 0.628906 0.878906
vt 0.628906 0.878906
vt 0.628906 0.878906
vt 0.628906 0.878906
vt 0.628906 0.878906
vt 0.746094 0.753906
vt 0.746094 0.996094
vt 0.753906 0.996094
vt 0.753906 0.753906
vt 0.746094 0.753906
vt 0.753906 0.996094
vt 0.753906 0.753906
vt 0.746094 0.996094
vt 0.746094 0.996094
vt 0.746094 0.753906
vt 0.753906 0.996094
vt 0.996094 0.996094
vt 0.503906 0.996094
vt 0.503906 0.753906
vt 0.746094 0.996094
vt 0.753906 0.996094
vt 0.753906 0.753906
vt 0.503906 0.996094
vt 0.503906 0.996094
vt 0.753906 0.996094
vt 0.753906 0.753906
vt 0.746094 0.996094
vt 0.503906 0.996094
vt 0.753906 0.996094
vt 0.753906 0.753906
vt 0.753906 0.996094
vt 0.753906 0.753906
vt 0.746094 0.996094
vt 0.503906 0.996094
vt 0.503906 0.996094
vt 0.746094 0.996094
vt 0.753906 0.996094
vt 0.753906 0.753906
vt 0.746094 0.996094
vt 0.753906 0.753906
vt 0.503906 0.996094
vt 0.753906 0.996094
vt 0.753906 0.753906
vt 0.503906 0.753906
vt 0.503906 0.996094
vt 0.753906 0.996094
vt 0.746094 0.996094
vt 0.753906 0.875000
vt 0.746094 0.753906
vt 0.753906 0.996094
vt 0.753906 0.753906
vt 0.746094 0.996094
vt 0.746094 0.996094
vt 0.753906 0.996094
vt 0.503906 0.996094
vt 0.753906 0.753906
vt 0.753906 0.875000
vt 0.628906 0.753906
vt 0.746094 0.878906
vt 0.753906 0.875000
vt 0.753906 0.814453
vt 0.628906 0.996094
vt 0.628906 0.996094
vt 0.753906 0.875000
vt 0.566406 0.753906
vt 0.753906 0.935547
vt 0.753906 0.875000
vt 0.628906 0.753906
vt 0.746094 0.878906
vt 0.753906 0.875000
vt 0.753906 0.996094
vt 0.746094 0.878906
vt 0.753906 0.753906
vt 0.746094 0.996094
vt 0.503906 0.996094
vt 0.746094 0.753906
vt 0.503906 0.753906
vt 0.496094 0.628906
vt 0.746094 0.996094
vt 0.042969 0.746094
vt 0.503906 0.753906
vt 0.746094 0.753906
vt 0.503906 0.753906
vt 0.503906 0.996094
vt 0.746094 0.996094
vt 0.253906 0.628906
vt 0.503906 0.996094
vt 0.746094 0.996094
vt 0.746094 0.753906
vt 0.746094 0.753906
vt 0.503906 0.996094
vt 0.746094 0.996094
vt 0.339844 0.628906
vt 0.746094 0.753906
vt 0.503906 0.996094
vt 0.746094 0.996094
vt 0.503906 0.753906
vt 0.628906 0.753906
vt 0.628906 0.996094
vt 0.746094 0.878906
vt 0.503906 0.878906
vt 0.496094 0.746094
vt 0.503906 0.878906
vt 0.746094 0.878906
vt 0.746094 0.878906
vt 0.503906 0.878906
vt 0.628906 0.753906
vt 0.628906 0.996094
vt 0.464844 0.628906
vt 0.746094 0.878906
vt 0.339844 0.746094
vt 0.042969 0.628906
vt 0.503906 0.878906
vt 0.746094 0.878906
vt 0.628906 0.753906
vt 0.628906 0.996094
vt 0.628906 0.996094
vt 0.628906 0.753906
vt 0.628906 0.996094
vt 0.378906 0.628906
vt 0.746094 0.878906
vt 0.253906 0.746094
vt 0.503906 0.878906
vt 0.628906 0.878906
vt 0.628906 0.878906
vt 0.378906 0.746094
vt 0.628906 0.878906
vt 0.628906 0.878906
vt 0.628906 0.878906
vt 0.464844 0.746094
vt 0.167969 0.628906
vt 0.628906 0.878906
vt 0.746094 0.753906
vt 0.503906 0.753906
vt 0.503906 0.996094
vt 0.746094 0.996094
vt 0.496094 0.628906
vt 0.503906 0.753906
vt 0.746094 0.996094
vt 0.042969 0.746094
vt 0.746094 0.753906
vt 0.503906 0.996094
vt 0.746094 0.996094
vt 0.503906 0.753906
vt 0.253906 0.628906
vt 0.746094 0.753906
vt 0.503906 0.996094
vt 0.746094 0.996094
vt 0.746094 0.753906
vt 0.503906 0.996094
vt 0.746094 0.996094
vt 0.339844 0.628906
vt 0.746094 0.753906
vt 0.503906 0.996094
vt 0.746094 0.996094
vt 0.503906 0.753906
vt 0.628906 0.753906
vt 0.167969 0.746094
vt 0.628906 0.996094
vt 0.628906 0.753906
vt 0.628906 0.996094
vt 0.503906 0.878906
vt 0.746094 0.878906
vt 0.628906 0.753906
vt 0.628906 0.996094
vt 0.496094 0.746094
vt 0.503906 0.878906
vt 0.746094 0.878906
vt 0.746094 0.878906
vt 0.503906 0.878906
vt 0.628906 0.753906
vt 0.628906 0.996094
vt 0.464844 0.628906
vt 0.746094 0.878906
vt 0.339844 0.746094
vt 0.042969 0.628906
vt 0.746094 0.878906
vt 0.503906 0.878906
vt 0.628906 0.753906
vt 0.628906 0.996094
vt 0.628906 0.753906
vt 0.628906 0.996094
vt 0.378906 0.628906
vt 0.628906 0.996094
vt 0.746094 0.878906
vt 0.253906 0.746094
vt 0.503906 0.878906
vt 0.628906 0.878906
vt 0.628906 0.878906
vt 0.378906 0.746094
vt 0.628906 0.878906
vt 0.628906 0.878906
vt 0.628906 0.878906
vt 0.464844 0.746094
vt 0.167969 0.628906
vt 0.628906 0.878906
vt 0.746094 0.753906
vt 0.503906 0.753906
vt 0.503906 0.996094
vt 0.746094 0.996094
vt 0.496094 0.628906
vt 0.503906 0.753906
vt 0.746094 0.996094
vt 0.042969 0.746094
vt 0.746094 0.753906
vt 0.503906 0.996094
vt 0.746094 0.996094
vt 0.503906 0.753906
vt 0.253906 0.628906
vt 0.746094 0.753906
vt 0.503906 0.996094
vt 0.746094 0.996094
vt 0.746094 0.753906
vt 0.253906 0.628906
vt 0.746094 0.753906
vt 0.503906 0.996094
vt 0.746094 0.996094
vt 0.339844 0.628906
vt 0.503906 0.753906
vt 0.496094 0.628906
vt 0.746094 0.753906
vt 0.503906 0.996094
vt 0.746094 0.996094
vt 0.503906 0.753906
vt 0.503906 0.753906
vt 0.746094 0.753906
vt 0.628906 0.753906
vt 0.167969 0.746094
vt 0.628906 0.996094
vt 0.503906 0.878906
vt 0.746094 0.878906
vt 0.628906 0.753906
vt 0.746094 0.878906
vt 0.496094 0.746094
vt 0.503906 0.878906
vt 0.378906 0.628906
vt 0.746094 0.878906
vt 0.503906 0.878906
vt 0.464844 0.628906
vt 0.628906 0.753906
vt 0.628906 0.996094
vt 0.746094 0.878906
vt 0.339844 0.746094
vt 0.042969 0.628906
vt 0.746094 0.878906
vt 0.503906 0.878906
vt 0.628906 0.753906
vt 0.628906 0.996094
vt 0.628906 0.753906
vt 0.628906 0.996094
vt 0.378906 0.628906
vt 0.628906 0.996094
vt 0.503906 0.878906
vt 0.746094 0.878906
vt 0.253906 0.746094
vt 0.628906 0.753906
vt 0.628906 0.878906
vt 0.378906 0.746094
vt 0.628906 0.878906
vt 0.628906 0.878906
vt 0.628906 0.878906
vt 0.628906 0.878906
vt 0.464844 0.746094
vt 0.167969 0.628906
vt 0.628906 0.878906
vt 0.503906 0.996094
vt 0.746094 0.996094
vt 0.746094 0.996094
vt 0.042969 0.746094
vt 0.746094 0.753906
vt 0.503906 0.996094
vt 0.746094 0.996094
vt 0.503906 0.753906
vt 0.503906 0.996094
vt 0.746094 0.996094
vt 0.746094 0.753906
vt 0.503906 0.996094
vt 0.746094 0.996094
vt 0.339844 0.628906
vt 0.746094 0.753906
vt 0.503906 0.996094
vt 0.746094 0.996094
vt 0.503906 0.753906
vt 0.167969 0.746094
vt 0.628906 0.996094
vt 0.628906 0.996094
vt 0.503906 0.878906
vt 0.746094 0.878906
vt 0.746094 0.878906
vt 0.496094 0.746094
vt 0.503906 0.878906
vt 0.503906 0.878906
vt 0.746094 0.878906
vt 0.628906 0.753906
vt 0.628906 0.996094
vt 0.464844 0.628906
vt 0.746094 0.878906
vt 0.339844 0.746094
vt 0.042969 0.628906
vt 0.746094 0.878906
vt 0.503906 0.878906
vt 0.628906 0.753906
vt 0.628906 0.996094
vt 0.628906 0.753906
vt 0.628906 0.996094
vt 0.628906 0.996094
vt 0.746094 0.878906
vt 0.253906 0.746094
vt 0.503906 0.878906
vt 0.628906 0.753906
vt 0.167969 0.746094
vt 0.628906 0.996094
vt 0.628906 0.878906
vt 0.378906 0.746094
vt 0.628906 0.878906
vt 0.628906 0.878906
vt 0.628906 0.878906
vt 0.628906 0.878906
vt 0.464844 0.746094
vt 0.167969 0.628906
vt 0.628906 0.878906
vt 0.503906 0.996094
vt 0.746094 0.996094
vt 0.746094 0.753906
vt 0.503906 0.753906
vt 0.503906 0.753906
vt 0.746094 0.996094
vt 0.042969 0.746094
vt 0.496094 0.628906
vt 0.746094 0.753906
vt 0.503906 0.996094
vt 0.746094 0.996094
vt 0.503906 0.753906
vt 0.253906 0.628906
vt 0.503906 0.996094
vt 0.746094 0.996094
vt 0.746094 0.753906
vt 0.746094 0.753906
vt 0.503906 0.996094
vt 0.746094 0.996094
vt 0.339844 0.628906
vt 0.746094 0.753906
vt 0.503906 0.996094
vt 0.746094 0.996094
vt 0.503906 0.753906
vt 0.167969 0.746094
vt 0.628906 0.996094
vt 0.628906 0.753906
vt 0.503906 0.878906
vt 0.746094 0.878906
vt 0.746094 0.878906
vt 0.496094 0.746094
vt 0.503906 0.878906
vt 0.746094 0.878906
vt 0.503906 0.878906
vt 0.628906 0.753906
vt 0.628906 0.996094
vt 0.464844 0.628906
vt 0.746094 0.878906
vt 0.339844 0.746094
vt 0.042969 0.628906
vt 0.746094 0.878906
vt 0.503906 0.878906
vt 0.628906 0.753906
vt 0.628906 0.996094
vt 0.628906 0.753906
vt 0.628906 0.996094
vt 0.628906 0.996094
vt 0.378906 0.628906
vt 0.746094 0.878906
vt 0.253906 0.746094
vt 0.503906 0.878906
vt 0.628906 0.878906
vt 0.378906 0.746094
vt 0.628906 0.878906
vt 0.628906 0.878906
vt 0.628906 0.878906
vt 0.628906 0.878906
vt 0.464844 0.746094
vt 0.167969 0.628906
vt 0.628906 0.878906
vt 0.746094 0.753906
vt 0.503906 0.753906
vt 0.503906 0.996094
vt 0.746094 0.996094
vt 0.503906 0.753906
vt 0.496094 0.628906
vt 0.746094 0.996094
vt 0.042969 0.746094
vt 0.503906 0.753906
vt 0.746094 0.753906
vt 0.503906 0.996094
vt 0.746094 0.996094
vt 0.253906 0.628906
vt 0.746094 0.753906
vt 0.503906 0.996094
vt 0.746094 0.996094
vt 0.746094 0.753906
vt 0.503906 0.996094
vt 0.746094 0.996094
vt 0.339844 0.628906
vt 0.746094 0.753906
vt 0.503906 0.996094
vt 0.746094 0.996094
vt 0.503906 0.753906
vt 0.167969 0.746094
vt 0.628906 0.753906
vt 0.628906 0.996094
vt 0.628906 0.753906
vt 0.628906 0.996094
vt 0.746094 0.878906
vt 0.503906 0.878906
vt 0.496094 0.746094
vt 0.503906 0.878906
vt 0.746094 0.878906
vt 0.746094 0.878906
vt 0.503906 0.878906
vt 0.628906 0.753906
vt 0.628906 0.996094
vt 0.464844 0.628906
vt 0.746094 0.878906
vt 0.339844 0.746094
vt 0.042969 0.628906
vt 0.746094 0.878906
vt 0.503906 0.878906
vt 0.628906 0.753906
vt 0.628906 0.996094
vt 0.628906 0.996094
vt 0.628906 0.753906
vt 0.378906 0.628906
vt 0.628906 0.996094
vt 0.503906 0.878906
vt 0.253906 0.746094
vt 0.746094 0.878906
vt 0.628906 0.878906
vt 0.378906 0.746094
vt 0.628906 0.878906
vt 0.628906 0.878906
vt 0.628906 0.878906
vt 0.628906 0.878906
vt 0.464844 0.746094
vt 0.167969 0.628906
vt 0.628906 0.878906
vt 0.746094 0.753906
vt 0.503906 0.753906
vt 0.503906 0.996094
vt 0.746094 0.996094
vt 0.503906 0.753906
vt 0.496094 0.628906
vt 0.746094 0.996094
vt 0.042969 0.746094
vt 0.746094 0.753906
vt 0.503906 0.996094
vt 0.746094 0.996094
vt 0.503906 0.753906
vt 0.253906 0.628906
vt 0.746094 0.753906
vt 0.503906 0.996094
vt 0.746094 0.996094
vt 0.746094 0.753906
vt 0.253906 0.628906
vt 0.746094 0.753906
vt 0.503906 0.996094
vt 0.746094 0.996094
vt 0.339844 0.628906
vt 0.496094 0.628906
vt 0.503906 0.753906
vt 0.746094 0.753906
vt 0.503906 0.996094
vt 0.746094 0.996094
vt 0.503906 0.753906
vt 0.746094 0.753906
vt 0.503906 0.753906
vt 0.628906 0.753906
vt 0.167969 0.746094
vt 0.628906 0.996094
vt 0.628906 0.753906
vt 0.628906 0.996094
vt 0.746094 0.878906
vt 0.503906 0.878906
vt 0.628906 0.753906
vt 0.746094 0.878906
vt 0.496094 0.746094
vt 0.503906 0.878906
vt 0.378906 0.628906
vt 0.746094 0.878906
vt 0.503906 0.878906
vt 0.464844 0.628906
vt 0.628906 0.753906
vt 0.628906 0.996094
vt 0.746094 0.878906
vt 0.339844 0.746094
vt 0.042969 0.628906
vt 0.746094 0.878906
vt 0.503906 0.878906
vt 0.628906 0.753906
vt 0.628906 0.996094
vt 0.628906 0.753906
vt 0.628906 0.996094
vt 0.378906 0.628906
vt 0.628906 0.996094
vt 0.746094 0.878906
vt 0.253906 0.746094
vt 0.503906 0.878906
vt 0.628906 0.753906
vt 0.628906 0.878906
vt 0.378906 0.746094
vt 0.628906 0.878906
vt 0.628906 0.878906
vt 0.628906 0.878906
vt 0.628906 0.878906
vt 0.167969 0.628906
vt 0.464844 0.746094
vt 0.628906 0.878906
vt 0.503906 0.996094
vt 0.746094 0.996094
vt 0.746094 0.996094
vt 0.042969 0.746094
vt 0.746094 0.753906
vt 0.503906 0.753906
vt 0.503906 0.996094
vt 0.746094 0.996094
vt 0.503906 0.996094
vt 0.746094 0.996094
vt 0.746094 0.753906
vt 0.503906 0.996094
vt 0.746094 0.996094
vt 0.339844 0.628906
vt 0.746094 0.753906
vt 0.503906 0.996094
vt 0.746094 0.996094
vt 0.503906 0.753906
vt 0.167969 0.746094
vt 0.628906 0.996094
vt 0.628906 0.996094
vt 0.746094 0.878906
vt 0.503906 0.878906
vt 0.628906 0.753906
vt 0.628906 0.996094
vt 0.496094 0.746094
vt 0.503906 0.878906
vt 0.746094 0.878906
vt 0.503906 0.878906
vt 0.746094 0.878906
vt 0.464844 0.628906
vt 0.628906 0.753906
vt 0.628906 0.996094
vt 0.746094 0.878906
vt 0.339844 0.746094
vt 0.042969 0.628906
vt 0.746094 0.878906
vt 0.503906 0.878906
vt 0.628906 0.753906
vt 0.628906 0.996094
vt 0.628906 0.996094
vt 0.628906 0.753906
vt 0.628906 0.996094
vt 0.503906 0.878906
vt 0.253906 0.746094
vt 0.746094 0.878906
vt 0.628906 0.878906
vt 0.378906 0.746094
vt 0.628906 0.878906
vt 0.628906 0.878906
vt 0.628906 0.878906
vt 0.628906 0.878906
vt 0.464844 0.746094
vt 0.167969 0.628906
vt 0.628906 0.878906
vt 0.746094 0.996094
vt 0.746094 0.996094
vt 0.042969 0.746094
vt 0.503906 0.753906
vt 0.746094 0.753906
vt 0.503906 0.996094
vt 0.746094 0.996094
vt 0.503906 0.996094
vt 0.746094 0.996094
vt 0.746094 0.753906
vt 0.503906 0.996094
vt 0.746094 0.996094
vt 0.339844 0.628906
vt 0.746094 0.753906
vt 0.746094 0.996094
vt 0.167969 0.746094
vt 0.628906 0.996094
vt 0.628906 0.996094
vt 0.746094 0.878906
vt 0.503906 0.878906
vt 0.746094 0.878906
vt 0.496094 0.746094
vt 0.503906 0.878906
vt 0.628906 0.753906
vt 0.628906 0.996094
vt 0.464844 0.628906
vt 0.746094 0.878906
vt 0.339844 0.746094
vt 0.042969 0.628906
vt 0.746094 0.878906
vt 0.628906 0.753906
vt 0.628906 0.996094
vt 0.628906 0.996094
vt 0.628906 0.753906
vt 0.628906 0.996094
vt 0.503906 0.878906
vt 0.253906 0.746094
vt 0.746094 0.878906
vt 0.167969 0.746094
vt 0.628906 0.753906
vt 0.628906 0.996094
vt 0.628906 0.878906
vt 0.378906 0.746094
vt 0.628906 0.878906
vt 0.628906 0.878906
vt 0.628906 0.878906
vt 0.628906 0.878906
vt 0.464844 0.746094
vt 0.167969 0.628906
vt 0.628906 0.878906
vt 0.503906 0.753906
vt 0.496094 0.628906
vt 0.746094 0.996094
vt 0.042969 0.746094
vt 0.746094 0.753906
vt 0.503906 0.996094
vt 0.746094 0.996094
vt 0.503906 0.753906
vt 0.253906 0.628906
vt 0.746094 0.753906
vt 0.503906 0.996094
vt 0.746094 0.996094
vt 0.746094 0.753906
vt 0.503906 0.996094
vt 0.746094 0.996094
vt 0.339844 0.628906
vt 0.628906 0.753906
vt 0.628906 0.996094
vt 0.746094 0.878906
vt 0.503906 0.878906
vt 0.746094 0.878906
vt 0.496094 0.746094
vt 0.503906 0.878906
vt 0.628906 0.753906
vt 0.628906 0.996094
vt 0.464844 0.628906
vt 0.746094 0.878906
vt 0.339844 0.746094
vt 0.042969 0.628906
vt 0.628906 0.753906
vt 0.628906 0.996094
vt 0.628906 0.753906
vt 0.628906 0.996094
vt 0.378906 0.628906
vt 0.628906 0.996094
vt 0.746094 0.878906
vt 0.253906 0.746094
vt 0.503906 0.878906
vt 0.628906 0.878906
vt 0.378906 0.746094
vt 0.628906 0.878906
vt 0.628906 0.878906
vt 0.628906 0.878906
vt 0.628906 0.878906
vt 0.464844 0.746094
vt 0.167969 0.628906
vt 0.628906 0.878906
vt 0.496094 0.628906
vt 0.503906 0.753906
vt 0.746094 0.996094
vt 0.042969 0.746094
vt 0.746094 0.753906
vt 0.503906 0.996094
vt 0.746094 0.996094
vt 0.503906 0.753906
vt 0.253906 0.628906
vt 0.746094 0.753906
vt 0.503906 0.996094
vt 0.746094 0.996094
vt 0.253906 0.628906
vt 0.746094 0.753906
vt 0.503906 0.996094
vt 0.746094 0.996094
vt 0.746094 0.753906
vt 0.503906 0.996094
vt 0.746094 0.996094
vt 0.339844 0.628906
vt 0.628906 0.753906
vt 0.167969 0.746094
vt 0.628906 0.996094
vt 0.628906 0.753906
vt 0.628906 0.996094
vt 0.746094 0.878906
vt 0.503906 0.878906
vt 0.746094 0.878906
vt 0.496094 0.746094
vt 0.503906 0.878906
vt 0.628906 0.753906
vt 0.628906 0.996094
vt 0.464844 0.628906
vt 0.746094 0.878906
vt 0.339844 0.746094
vt 0.042969 0.628906
vt 0.628906 0.753906
vt 0.628906 0.996094
vt 0.628906 0.753906
vt 0.628906 0.996094
vt 0.378906 0.628906
vt 0.628906 0.996094
vt 0.746094 0.878906
vt 0.253906 0.746094
vt 0.503906 0.878906
vt 0.628906 0.878906
vt 0.378906 0.746094
vt 0.628906 0.878906
vt 0.628906 0.878906
vt 0.628906 0.878906
vt 0.628906 0.878906
vt 0.464844 0.746094
vt 0.167969 0.628906
vt 0.628906 0.878906
vt 0.628906 0.753906
vt 0.503906 0.753906
vt 0.496094 0.628906
vt 0.746094 0.996094
vt 0.042969 0.746094
vt 0.746094 0.753906
vt 0.503906 0.996094
vt 0.746094 0.996094
vt 0.503906 0.753906
vt 0.746094 0.753906
vt 0.253906 0.628906
vt 0.746094 0.753906
vt 0.503906 0.996094
vt 0.746094 0.996094
vt 0.339844 0.628906
vt 0.503906 0.753906
vt 0.496094 0.628906
vt 0.746094 0.753906
vt 0.746094 0.996094
vt 0.746094 0.753906
vt 0.167969 0.746094
vt 0.628906 0.753906
vt 0.628906 0.996094
vt 0.628906 0.753906
vt 0.628906 0.996094
vt 0.746094 0.878906
vt 0.503906 0.878906
vt 0.628906 0.753906
vt 0.746094 0.878906
vt 0.496094 0.746094
vt 0.503906 0.878906
vt 0.378906 0.628906
vt 0.746094 0.878906
vt 0.628906 0.753906
vt 0.628906 0.996094
vt 0.464844 0.628906
vt 0.746094 0.878906
vt 0.339844 0.746094
vt 0.042969 0.628906
vt 0.628906 0.753906
vt 0.628906 0.996094
vt 0.628906 0.753906
vt 0.628906 0.996094
vt 0.378906 0.628906
vt 0.628906 0.996094
vt 0.746094 0.878906
vt 0.253906 0.746094
vt 0.503906 0.878906
vt 0.628906 0.878906
vt 0.378906 0.746094
vt 0.628906 0.878906
vt 0.628906 0.878906
vt 0.628906 0.878906
vt 0.628906 0.878906
vt 0.464844 0.746094
vt 0.167969 0.628906
vt 0.628906 0.878906
vt 0.628906 0.753906
vt 0.167969 0.746094
vt 0.628906 0.996094
vt 0.378906 0.746094
vt 0.496094 0.746094
vt 0.746094 0.753906
vt 0.746094 0.996094
vt 0.503906 0.878906
vt 0.496094 0.628906
vt 0.503906 0.753906
vt 0.746094 0.996094
vt 0.042969 0.746094
vt 0.746094 0.753906
vt 0.503906 0.996094
vt 0.746094 0.996094
vt 0.339844 0.628906
vt 0.746094 0.753906
vt 0.746094 0.996094
vt 0.503906 0.878906
vt 0.746094 0.878906
vt 0.621094 0.871094
vt 0.503906 0.878906
vt 0.746094 0.878906
vt 0.503906 0.996094
vt 0.503906 0.753906
vt 0.464844 0.628906
vt 0.628906 0.753906
vt 0.628906 0.996094
vt 0.746094 0.878906
vt 0.339844 0.746094
vt 0.042969 0.628906
vt 0.746094 0.878906
vt 0.503906 0.996094
vt 0.503906 0.753906
vt 0.746094 0.753906
vt 0.628906 0.753906
vt 0.628906 0.996094
vt 0.746094 0.996094
vt 0.496094 0.628906
vt 0.378906 0.628906
vt 0.628906 0.996094
vt 0.746094 0.996094
vt 0.628906 0.878906
vt 0.746094 0.878906
vt 0.503906 0.871094
vt 0.628906 0.878906
vt 0.746094 0.871094
vt 0.628906 0.878906
vt 0.746094 0.878906
vt 0.167969 0.628906
vt 0.464844 0.746094
vt 0.628906 0.878906
vt 0.746094 0.753906
vt 0.746094 0.996094
vt 0.503906 0.878906
vt 0.621094 0.753906
vt 0.503906 0.753906
vt 0.746094 0.996094
vt 0.628906 0.996094
vt 0.746094 0.753906
vt 0.746094 0.996094
vt 0.503906 0.878906
vt 0.746094 0.753906
vt 0.746094 0.996094
vt 0.503906 0.878906
vt 0.746094 0.996094
vt 0.628906 0.753906
vt 0.628906 0.996094
vt 0.746094 0.878906
vt 0.621094 0.996094
vt 0.503906 0.878906
vt 0.503906 0.753906
vt 0.746094 0.878906
vt 0.503906 0.753906
vt 0.503906 0.996094
vt 0.628906 0.753906
vt 0.628906 0.878906
vt 0.628906 0.996094
vt 0.746094 0.878906
vt 0.503906 0.996094
vt 0.628906 0.878906
vt 0.746094 0.753906
vt 0.628906 0.753906
vt 0.628906 0.996094
vt 0.746094 0.996094
vt 0.503906 0.753906
vt 0.628906 0.996094
vt 0.746094 0.753906
vt 0.746094 0.996094
vt 0.628906 0.753906
vt 0.628906 0.878906
vt 0.503906 0.996094
vt 0.628906 0.878906
vt 0.496094 0.746094
vt 0.746094 0.878906
vt 0.628906 0.878906
vt 0.746094 0.878906
vt 0.628906 0.996094
vt 0.746094 0.878906
vt 0.628906 0.878906
vt 0.746094 0.753906
vt 0.746094 0.996094
vt 0.503906 0.878906
vt 0.621094 0.878906
vt 0.503906 0.753906
vt 0.746094 0.996094
vt 0.042969 0.746094
vt 0.628906 0.753906
vt 0.167969 0.746094
vt 0.628906 0.996094
vt 0.746094 0.878906
vt 0.042969 0.628906
vt 0.503906 0.996094
vt 0.496094 0.628906
vt 0.503906 0.878906
vt 0.628906 0.996094
vt 0.746094 0.996094
vt 0.746094 0.878906
vt 0.628906 0.878906
vt 0.167969 0.628906
vt 0.628906 0.996094
vt 0.628906 0.878906
vt 0.746094 0.878906
vt 0.378906 0.746094
vt 0.746094 0.753906
vt 0.746094 0.996094
vt 0.628906 0.753906
vt 0.628906 0.996094
vt 0.746094 0.753906
vt 0.746094 0.996094
vt 0.378906 0.628906
vt 0.628906 0.996094
vt 0.746094 0.878906
vt 0.628906 0.871094
vt 0.628906 0.878906
vt 0.746094 0.878906
vt 0.628906 0.878906
vt 0.746094 0.753906
vt 0.746094 0.996094
vt 0.628906 0.753906
vt 0.628906 0.996094
vt 0.746094 0.996094
vt 0.628906 0.753906
vt 0.746094 0.753906
vt 0.628906 0.996094
vt 0.628906 0.878906
vt 0.746094 0.878906
vt 0.378906 0.746094
vt 0.746094 0.878906
vt 0.628906 0.878906
vt 0.746094 0.753906
vt 0.746094 0.996094
vt 0.378906 0.628906
vt 0.628906 0.996094
vt 0.746094 0.878906
vt 0.628906 0.878906
vt 0.503906 0.878906
vt 0.503906 0.878906
vt 0.628906 0.996094
vt 0.628906 0.753906
vt 0.503906 0.878906
vt 0.003906 0.628906
vt 0.503906 0.878906
vt 0.746094 0.878906
vt 0.503906 0.878906
vt 0.746094 0.878906
vt 0.503906 0.878906
vt 0.746094 0.878906
vt 0.503906 0.878906
vt 0.628906 0.996094
vt 0.628906 0.753906
vt 0.253906 0.746094
vt 0.128906 0.746094
vt 0.628906 0.753906
vt 0.628906 0.996094
vt 0.628906 0.753906
vt 0.628906 0.878906
vt 0.628906 0.878906
vt 0.628906 0.878906
vt 0.253906 0.628906
vt 0.628906 0.878906
vt 0.128906 0.628906
vt 0.628906 0.878906
vt 0.746094 0.753906
vt 0.746094 0.996094
vt 0.726562 -0.867188
vt 0.628906 0.753906
vt 0.628906 0.878906
vt 0.628906 0.996094
vt 0.746094 0.878906
vt 0.945312 -0.914062
vt 0.628906 0.753906
vt 0.628906 0.996094
vt 0.628906 0.878906
vt 0.746094 0.753906
vt 0.746094 0.996094
vt 0.320312 -0.773438
vt 0.746094 0.878906
vt 0.503906 0.996094
vt 0.148437 -0.695312
vt 0.628906 0.753906
vt 0.628906 0.878906
vt 0.628906 0.996094
vt 0.746094 0.878906
vt 0.539063 -0.804688
vt 0.628906 0.753906
vt 0.628906 0.878906
vt 0.628906 0.996094
vt 0.628906 0.753906
vt 0.628906 0.878906
vt 0.628906 0.996094
vt 0.746094 0.753906
vt 0.746094 0.996094
vt 1.179688 -0.914062
vt 0.746094 0.878906
vt 0.503906 0.996094
vt 0.503906 0.753906
vt 0.628906 0.753906
vt 0.628906 0.878906
vt 0.628906 0.996094
vt 0.628906 0.753906
vt 0.628906 0.878906
vt 0.628906 0.996094
vt 0.746094 0.753906
vt 0.746094 0.996094
vt 1.664062 -0.945312
vt 0.746094 0.878906
vt 1.414062 -0.945312
vt 0.628906 0.753906
vt 0.628906 0.996094
vt 0.628906 0.878906
vt 0.746094 0.753906
vt 0.746094 0.996094
vt 2.117188 -0.835938
vt 0.746094 0.878906
vt 1.914062 -0.867188
vt 0.628906 0.753906
vt 0.628906 0.878906
vt 0.628906 0.996094
vt 0.628906 0.996094
vt 0.628906 0.753906
vt 0.628906 0.878906
vt 0.996094 0.996094
vt 0.628906 0.878906
vt 0.628906 0.996094
vt 0.753906 0.753906
vt 0.496094 0.746094
vt 0.503906 0.878906
vt 0.753906 0.855469
vt 0.753906 0.996094
vt 0.746094 0.878906
vt 0.503906 0.996094
vt 0.996094 0.996094
vt 0.628906 0.878906
vt 0.753906 0.996094
vt 0.753906 0.855469
vt 0.902344 0.003906
vt 0.996094 0.905273
vt 0.564453 0.246094
vt 0.685547 0.246094
vt 0.564453 0.375000
vt 0.785156 0.378906
vt 0.746094 0.996094
vt 0.753906 0.875000
vt 0.503906 0.878906
vt 0.628906 0.996094
vt 0.753906 0.814453
vt 0.685547 0.125000
vt 0.628906 0.878906
vt 0.753906 0.753906
vt 0.628906 0.753906
vt 0.753906 0.875000
vt 0.503906 0.753906
vt 0.503906 0.996094
vt 0.746094 0.878906
vt 0.503906 0.878906
vt 0.753906 0.875000
vt 0.746094 0.753906
vt 0.753906 0.753906
vt 0.503906 0.878906
vt 0.753906 0.875000
vt 0.628906 0.753906
vt 0.628906 0.878906
vt 0.753906 0.814453
vt 0.753906 0.753906
vt 0.746094 0.753906
vt 0.503906 0.878906
vt 0.753906 0.875000
vt 0.628906 0.878906
vt 0.753906 0.753906
vt 0.628906 0.753906
vt 0.753906 0.996094
vt 0.628906 0.878906
vt 0.628906 0.996094
vt -0.023437 -0.492188
vt 0.746094 0.753906
vt 0.503906 0.878906
vt 0.753906 0.875000
vt 0.746094 0.753906
vt 0.746094 0.996094
vt -0.539062 0.414063
vt 0.628906 0.996094
vt 0.628906 0.878906
vt 0.753906 0.753906
vt 0.628906 0.753906
vt 0.753906 0.996094
vt 0.746094 0.878906
vt 0.503906 0.996094
vt -0.148438 -0.257813
vt 0.746094 0.878906
vt -0.414063 0.226562
vt 0.628906 0.878906
vt 0.628906 0.996094
vt -0.273438 0.054688
vt 0.746094 0.878906
vt -0.742188 0.460938
vt 0.753906 0.875000
vt 0.746094 0.878906
vt 2.226562 -0.664062
vt 0.503906 0.753906
vt 0.746094 0.878906
vt 0.503906 0.753906
vt 2.351562 -0.273438
vt 0.753906 0.935547
vt 0.628906 0.878906
vt 0.628906 0.996094
vt 0.875000 0.935547
vt 0.628906 0.753906
vt 0.628906 0.878906
vt 2.320312 -0.539062
vt 0.996094 0.935547
vt 0.753906 0.935547
vt 0.753906 0.753906
vt 0.746094 0.996094
vt 0.503906 0.878906
vt 0.753906 0.996094
vt 0.628906 0.878906
vt 0.628906 0.996094
vt 0.753906 0.814453
vt 0.685547 0.003906
vt 0.996094 0.935547
vt 0.628906 0.878906
vt 0.628906 0.753906
vt 2.351562 -0.117188
vt 0.628906 0.878906
vt 0.628906 0.996094
vt 0.753906 0.935547
vt 0.746094 0.996094
vt 0.503906 0.878906
vt 0.753906 0.875000
vt 0.753906 0.996094
vt 0.746094 0.996094
vt 2.773438 0.445312
vt 0.753906 0.753906
vt 0.503906 0.753906
vt 0.746094 0.878906
vt 2.414062 0.054688
vt 0.746094 0.878906
vt 2.601563 0.367188
vt 2.045312 0.671875
vt 2.132812 0.062500
vt 0.628906 0.878906
vt 0.628906 0.753906
vt 2.539063 0.226563
vt 0.785156 0.378906
vt 0.839844 0.246094
vt 0.902344 0.246094
vt 1.945313 -0.179688
vt 1.726563 -0.273438
vt -0.507812 0.601562
vt -0.710937 0.726562
vt 0.492187 -0.226562
vt 0.289062 -0.148437
vt 2.351563 0.460938
vt 2.289063 0.304688
vt 0.117188 -0.085938
vt 3.226563 0.992188
vt 0.753906 0.996094
vt 0.753906 0.753906
vt 0.753906 0.875000
vt 2.976563 0.992188
vt 2.492188 0.601562
vt 2.804688 0.914062
vt 0.710938 -0.257813
vt 2.179688 0.132812
vt 2.085938 -0.007812
vt -0.054688 0.054688
vt -0.195312 0.226562
vt 1.351562 -0.320313
vt 1.148437 -0.320312
vt -0.914063 0.773438
vt 0.753906 0.753906
vt 0.753906 0.996094
vt -0.335938 0.445312
vt 2.632812 0.773438
vt 1.554688 -0.320312
vt 0.914062 -0.273438
vt 3.673438 1.435938
vt 0.753906 0.814453
vt 1.776562 0.464062
vt -0.629687 1.101562
vt 0.448438 0.439062
vt 2.401562 0.998437
vt 3.457813 1.489063
vt 2.570312 1.135937
vt 0.657812 0.407812
vt 2.135937 0.739062
vt 1.276562 0.326562
vt 2.754687 1.310937
vt 1.604687 0.373438
vt -0.848437 1.192187
vt 0.217187 0.514063
vt 2.282812 0.864063
vt -0.004688 0.567188
vt 3.264062 1.514063
vt 3.010938 1.451563
vt 1.954688 0.604688
vt -0.151563 0.679688
vt -0.285937 0.810937
vt 1.110937 0.329688
vt -1.082813 1.189063
vt -0.451563 0.960938
vt 1.439062 0.329688
vt 0.904687 0.373438
vt 0.753906 0.996094
vt 0.503906 0.996094
vt 0.746094 0.996094
vt 0.753906 0.753906
vt 0.746094 0.996094
vt 0.753906 0.753906
vt 0.503906 0.996094
vt 0.753906 0.996094
vt 0.746094 0.878906
vt 0.753906 0.875000
vt 0.746094 0.878906
vt 0.753906 0.875000
vt 0.628906 0.996094
vt 0.753906 0.875000
vt 0.628906 0.996094
vt 0.753906 0.875000
vt 0.753906 0.875000
vt 0.503906 0.878906
vt 0.753906 0.875000
vt 0.503906 0.878906
vt 0.628906 0.996094
vt 0.753906 0.875000
vt 0.628906 0.996094
vt 0.753906 0.875000
vt 0.503906 0.878906
vt 0.753906 0.875000
vt 0.503906 0.878906
vt 0.753906 0.875000
vt 0.628906 0.996094
vt 0.753906 0.875000
vt 0.753906 0.875000
vt 0.628906 0.996094
vt 0.683594 0.753906
vt 0.753906 0.814453
vt 0.753906 0.996094
vt 0.753906 0.753906
vt 0.503906 0.996094
vt 0.746094 0.996094
vt 0.503906 0.753906
vt 0.753906 0.996094
vt 0.753906 0.753906
vt 0.503906 0.753906
vt 0.503906 0.996094
vt 0.753906 0.996094
vt 0.753906 0.753906
vt 0.753906 0.996094
vt 0.503906 0.996094
vt 0.746094 0.996094
vt 0.753906 0.753906
vt 0.503906 0.375000
vt 0.996094 0.375000
vt 0.785156 0.378906
vt 0.746094 0.246094
vt 0.996094 0.246094
vt 0.503906 0.246094
vt 0.753906 0.003906
vt 0.996094 0.996094
vt 0.746094 0.003906
vt 0.996094 0.246094
vt 0.753906 0.246094
vt 0.503906 0.246094
vt 0.746094 0.246094
vt 0.753906 0.125000
vt 0.746094 0.125000
vt 0.753906 0.996094
vt 0.753906 0.753906
vt 0.746094 0.753906
vt 0.746094 0.996094
vt 0.746094 0.753906
vt 0.753906 0.753906
vt 0.746094 0.996094
vt 0.753906 0.996094
vt 0.746094 0.996094
vt 0.753906 0.753906
vt 0.996094 0.996094
vt 0.503906 0.753906
vt 0.503906 0.996094
vt 0.753906 0.996094
vt 0.753906 0.753906
vt 0.746094 0.375000
vt 0.785156 0.378906
vt 0.785156 0.378906
vt 0.746094 0.375000
vt 0.503906 0.375000
vt 0.996094 0.375000
vt 0.785156 0.378906
vt 0.785156 0.378906
vt 0.503906 0.375000
vt 0.996094 0.375000
vt 0.746094 0.375000
vt 0.785156 0.378906
vt 0.785156 0.378906
vt 0.746094 0.375000
vt 0.871094 0.375000
vt 0.785156 0.378906
vt 0.785156 0.378906
vt 0.996094 0.371094
vt 0.996094 0.375000
vt 0.785156 0.378906
vt 0.746094 0.371094
vt 0.746094 0.375000
vt 0.785156 0.378906
vt 0.503906 0.375000
vt 0.996094 0.371094
vt 0.785156 0.378906
vt 0.796875 0.371094
vt 0.785156 0.378906
vt 0.746094 0.375000
vt 0.785156 0.378906
vt 0.503906 0.375000
vt 0.996094 0.375000
vt 0.785156 0.378906
vt 0.503906 0.375000
vt 0.996094 0.375000
vt 0.785156 0.378906
vt 0.503906 0.375000
vt 0.753906 0.378906
vt 0.785156 0.378906
vt 0.503906 0.378906
vt 0.996094 0.375000
vt 0.785156 0.378906
vt 0.503906 0.375000
vt 0.996094 0.375000
vt 0.785156 0.378906
vt 0.746094 0.375000
vt 0.785156 0.378906
vt 0.746094 0.375000
vt 0.996094 0.375000
vt 0.785156 0.378906
vt 0.625000 0.375000
vt 0.503906 0.375000
vt 0.996094 0.371094
vt 0.785156 0.378906
vt 0.746094 0.371094
vt 0.746094 0.375000
vt 0.785156 0.378906
vt 0.785156 0.378906
vt 0.503906 0.375000
vt 0.996094 0.375000
vt 0.785156 0.378906
vt 0.746094 0.371094
vt 0.746094 0.375000
vt 0.785156 0.378906
vt 0.746094 0.375000
vt 0.785156 0.378906
vt 0.996094 0.375000
vt 0.503906 0.378906
vt 0.785156 0.378906
vt 0.996094 0.375000
vt 0.503906 0.375000
vt 0.785156 0.378906
vt 0.746094 0.375000
vt 0.785156 0.378906
vt 0.746094 0.375000
vt 0.503906 0.378906
vt 0.996094 0.378906
vt 0.785156 0.378906
vt 0.785156 0.378906
vt 0.785400 0.379048
vt 0.785156 0.378906
vt 0.785156 0.378906
vt 0.785156 0.378906
vt 0.785156 0.378906
vt 0.785156 0.378906
vt 0.785156 0.378906
vt 0.785156 0.378906
vt 0.785156 0.378906
vt 0.746094 0.996094
vt 0.753906 0.996094
vt 0.753906 0.753906
vt 0.746094 0.753906
vt 0.746094 0.996094
vt 0.746094 0.753906
vt 0.753906 0.753906
vt 0.875000 0.875000
vt 0.753906 0.996094
vt 0.753906 0.753906
vt 0.996094 0.996094
vt 0.996094 0.753906
vt 0.746094 0.003906
vt 0.996094 0.753906
vt 0.753906 0.753906
vt 0.996094 0.753906
vt 0.753906 0.996094
vt 0.996094 0.996094
vt 0.996094 0.246094
vt 0.503906 0.246094
vt 0.746094 0.246094
vt 0.753906 0.246094
vt 0.753906 0.003906
vt 0.996094 0.996094
vt 0.746094 0.003906
vt 0.503906 0.246094
vt 0.996094 0.246094
vt 0.746094 0.246094
vt 0.996094 0.246094
vt 0.503906 0.246094
vt 0.746094 0.246094
vt 0.503906 0.003906
vt 0.996094 0.003906
vt 0.753906 0.003906
vt 0.996094 0.996094
vt 0.746094 0.003906
vt 0.996094 0.753906
vt 0.503906 0.246094
vt 0.746094 0.246094
vt 0.996094 0.246094
vt 0.753906 0.246094
vt 0.503906 0.003906
vt 0.996094 0.996094
vt 0.996094 0.003906
vt 0.996094 0.753906
vt 0.996094 0.996094
vt 0.753906 0.996094
vt 0.753906 0.753906
vt 0.996094 0.753906
vt 0.996094 0.246094
vt 0.746094 0.246094
vt 0.503906 0.246094
vt 0.996094 0.996094
vt 0.996094 0.003906
vt 0.996094 0.753906
vt 0.503906 0.003906
vt 0.753906 0.996094
vt 0.753906 0.753906
vt 0.996094 0.996094
vt 0.996094 0.753906
vt 0.753906 0.996094
vt 0.996094 0.996094
vt 0.753906 0.996094
vt 0.746094 0.375000
vt 0.785156 0.378906
vt 0.996094 0.996094
vt 0.746094 0.003906
vt 0.996094 0.753906
vt 0.753906 0.753906
vt 0.996094 0.996094
vt 0.753906 0.996094
vt 0.996094 0.753906
vt 0.753906 0.996094
vt 0.996094 0.996094
vt 0.753906 0.753906
vt 0.996094 0.753906
vt 0.753906 0.996094
vt 0.996094 0.996094
vt 0.753906 0.753906
vt 0.996094 0.753906
vt 0.503906 0.246094
vt 0.996094 0.246094
vt 0.746094 0.246094
vt 0.503906 0.246094
vt 0.996094 0.246094
vt 0.746094 0.246094
vt 0.996094 0.246094
vt 0.746094 0.246094
vt 0.503906 0.246094
vt 0.503906 0.003906
vt 0.996094 0.996094
vt 0.996094 0.003906
vt 0.996094 0.753906
vt 0.996094 0.996094
vt 0.746094 0.003906
vt 0.996094 0.753906
vt 0.753906 0.996094
vt 0.996094 0.996094
vt 0.753906 0.753906
vt 0.996094 0.753906
vt 0.753906 0.753906
vt 0.996094 0.996094
vt 0.753906 0.996094
vt 0.996094 0.753906
vt 0.503906 0.246094
vt 0.996094 0.246094
vt 0.746094 0.246094
vt 0.746094 0.003906
vt 0.996094 0.996094
vt 0.996094 0.753906
vt 0.996094 0.246094
vt 0.746094 0.246094
vt 0.503906 0.246094
vt 0.996094 0.996094
vt 0.996094 0.003906
vt 0.503906 0.003906
vt 0.996094 0.753906
vt 0.871094 0.125000
vt 0.753906 0.996094
vt 0.753906 0.753906
vt 0.996094 0.996094
vt 0.996094 0.753906
vt 0.753906 0.996094
vt 0.996094 0.996094
vt 0.753906 0.753906
vt 0.996094 0.753906
vt 0.503906 0.246094
vt 0.996094 0.246094
vt 0.746094 0.246094
vt 0.996094 0.996094
vt 0.746094 0.003906
vt 0.996094 0.753906
vt 0.996094 0.246094
vt 0.746094 0.246094
vt 0.503906 0.246094
vt 0.996094 0.003906
vt 0.996094 0.996094
vt 0.503906 0.003906
vt 0.996094 0.753906
vt 0.753906 0.996094
vt 0.753906 0.753906
vt 0.996094 0.996094
vt 0.996094 0.753906
vt 0.996094 0.246094
vt 0.746094 0.246094
vt 0.753906 0.246094
vt 0.503906 0.246094
vt 0.996094 0.003906
vt 0.503906 0.003906
vt 0.996094 0.996094
vt 0.996094 0.753906
vt 0.746094 0.375000
vt 0.753906 0.378906
vt 0.785156 0.378906
vt 0.753906 0.125000
vt 0.746094 0.125000
vt 0.503906 0.125000
vt 0.996094 0.125000
vt 0.746094 0.125000
vt 0.753906 0.125000
vt 0.746094 0.125000
vt 0.996094 0.125000
vt 0.503906 0.125000
vt 0.996094 0.125000
vt 0.503906 0.125000
vt 0.996094 0.125000
vt 0.503906 0.125000
vt 0.746094 0.125000
vt 0.746094 0.125000
vt 0.996094 0.125000
vt 0.503906 0.125000
vt 0.746094 0.125000
vt 0.996094 0.125000
vt 0.503906 0.125000
vt 0.996094 0.125000
vt 0.503906 0.125000
vt 0.746094 0.125000
vt 0.875000 0.753906
vt 0.875000 0.996094
vt 0.875000 0.753906
vt 0.875000 0.996094
vt 0.875000 0.996094
vt 0.875000 0.753906
vt 0.875000 0.996094
vt 0.875000 0.753906
vt 0.875000 0.996094
vt 0.875000 0.996094
vt 0.875000 0.753906
vt 0.875000 0.996094
vt 0.875000 0.753906
vt 0.875000 0.996094
vt 0.875000 0.753906
vt 0.875000 0.996094
vt 0.875000 0.753906
vt 0.875000 0.996094
vt 0.875000 0.753906
vt 0.875000 0.996094
vt 0.875000 0.753906
vt 0.875000 0.996094
vt 0.875000 0.753906
vt 0.875000 0.996094
vt 0.875000 0.753906
vt 0.871094 0.246094
vt 0.871094 0.003906
vt 0.996094 0.875000
vt 0.753906 0.875000
vt 0.996094 0.875000
vt 0.753906 0.996094
vt 0.753906 0.753906
vt 0.996094 0.996094
vt 0.996094 0.753906
vt 0.753906 0.753906
vt 0.996094 0.996094
vt 0.753906 0.996094
vt 0.996094 0.753906
vt 0.996094 0.246094
vt 0.746094 0.246094
vt 0.746094 0.003906
vt 0.996094 0.996094
vt 0.996094 0.003906
vt 0.996094 0.753906
vt 0.996094 0.246094
vt 0.746094 0.246094
vt 0.503906 0.246094
vt 0.503906 0.003906
vt 0.996094 0.996094
vt 0.996094 0.003906
vt 0.996094 0.753906
vt 0.785156 0.378906
vt 0.746094 0.375000
vt 0.996094 0.371094
vt 0.875000 0.996094
vt 0.875000 0.753906
vt 0.875000 0.996094
vt 0.875000 0.753906
vt 0.996094 0.125000
vt 0.746094 0.125000
vt 0.996094 0.125000
vt 0.503906 0.125000
vt 0.503906 0.375000
vt 0.996094 0.375000
vt 0.785156 0.378906
vt 0.785156 0.378906
vt 0.996094 0.375000
vt 0.503906 0.378906
vt 0.503906 0.375000
vt 0.996094 0.375000
vt 0.785156 0.378906
vt 0.785156 0.378906
vt 0.503906 0.375000
vt 0.996094 0.375000
vt 0.785156 0.378906
vt 0.503906 0.375000
vt 0.996094 0.375000
vt 0.785156 0.378906
vt 0.746094 0.371094
vt 0.746094 0.375000
vt 0.753906 0.996094
vt 0.753906 0.753906
vt 0.996094 0.753906
vt 0.996094 0.246094
vt 0.574219 0.246094
vt 0.746094 0.246094
vt 0.574219 0.003906
vt 0.746094 0.003906
vt 0.996094 0.996094
vt 0.996094 0.753906
vt 0.503906 0.246094
vt 0.597656 0.246094
vt 0.972656 0.246094
vt 0.746094 0.246094
vt 0.972656 0.003906
vt 0.746094 0.003906
vt 0.753906 0.875000
vt 0.753906 0.753906
vt 0.996094 0.875000
vt 0.773437 0.003906
vt 0.796875 0.246094
vt 0.773438 0.246094
vt 0.753906 0.996094
vt 0.753906 0.996094
vt 0.753906 0.753906
vt 0.996094 0.996094
vt 0.996094 0.753906
vt 0.996094 0.996094
vt 0.746094 0.003906
vt 0.996094 0.753906
vt 0.503906 0.246094
vt 0.996094 0.246094
vt 0.746094 0.246094
vt 0.503906 0.003906
vt 0.996094 0.996094
vt 0.996094 0.003906
vt 0.996094 0.753906
vt 0.753906 0.996094
vt 0.996094 0.996094
vt 0.753906 0.753906
vt 0.996094 0.753906
vt 0.746094 0.246094
vt 0.996094 0.246094
vt 0.503906 0.246094
vt 0.785156 0.378906
vt 0.503906 0.375000
vt 0.996094 0.375000
vt 0.996094 0.996094
vt 0.753906 0.996094
vt 0.996094 0.753906
vt 0.753906 0.753906
vt 0.746094 0.003906
vt 0.996094 0.996094
vt 0.996094 0.753906
vt 0.503906 0.246094
vt 0.996094 0.246094
vt 0.746094 0.246094
vt 0.996094 0.003906
vt 0.996094 0.996094
vt 0.996094 0.753906
vt 0.503906 0.003906
vt 0.753906 0.996094
vt 0.753906 0.753906
vt 0.996094 0.996094
vt 0.996094 0.753906
vt 0.996094 0.246094
vt 0.503906 0.246094
vt 0.746094 0.246094
vt 0.785156 0.378906
vt 0.746093 0.375000
vt 0.785156 0.378906
vt 0.503906 0.375000
vt 0.996094 0.371094
vt 0.996094 0.996094
vt 0.746094 0.003906
vt 0.996094 0.753906
vt 0.753906 0.753906
vt 0.996094 0.996094
vt 0.753906 0.996094
vt 0.996094 0.753906
vt 0.753906 0.753906
vt 0.996094 0.996094
vt 0.753906 0.996094
vt 0.996094 0.753906
vt 0.996094 0.246094
vt 0.503906 0.246094
vt 0.746094 0.246094
vt 0.996094 0.246094
vt 0.746094 0.246094
vt 0.503906 0.246094
vt 0.996094 0.003906
vt 0.503906 0.003906
vt 0.996094 0.996094
vt 0.996094 0.753906
vt 0.753906 0.996094
vt 0.996094 0.996094
vt 0.753906 0.753906
vt 0.996094 0.753906
vt 0.996094 0.003906
vt 0.753906 0.003906
vt 0.996094 0.996094
vt 0.996094 0.753906
vt 0.753906 0.753906
vt 0.503906 0.996094
vt 0.503906 0.753906
vt 0.753906 0.996094
vt 0.996094 0.996094
vt 0.746094 0.003906
vt 0.996094 0.753906
vt 0.753906 0.996094
vt 0.753906 0.753906
vt 0.996094 0.996094
vt 0.996094 0.753906
vt 0.996094 0.996094
vt 0.753906 0.996094
vt 0.753906 0.753906
vt 0.996094 0.753906
vt 0.503906 0.246094
vt 0.996094 0.246094
vt 0.746094 0.246094
vt 0.996094 0.246094
vt 0.746094 0.246094
vt 0.503906 0.246094
vt 0.503906 0.003906
vt 0.996094 0.996094
vt 0.996094 0.003906
vt 0.996094 0.753906
vt 0.785156 0.378906
vt 0.503906 0.375000
vt 0.996094 0.375000
vt 0.875000 0.996094
vt 0.875000 0.753906
vt 0.996094 0.125000
vt 0.753906 0.125000
vt 0.785156 0.378906
vt 0.597656 0.371094
vt 0.503906 0.375000
vt 0.785156 0.378906
vt 0.746094 0.371094
vt 0.746094 0.375000
vt 0.753906 0.996094
vt 0.996094 0.996094
vt 0.753906 0.753906
vt 0.996094 0.753906
vt 0.746094 0.003906
vt 0.996094 0.996094
vt 0.996094 0.753906
vt 0.996094 0.996094
vt 0.753906 0.996094
vt 0.753906 0.753906
vt 0.996094 0.753906
vt 0.753906 0.753906
vt 0.996094 0.996094
vt 0.753906 0.996094
vt 0.996094 0.753906
vt 0.753906 0.753906
vt 0.996094 0.996094
vt 0.753906 0.996094
vt 0.996094 0.753906
vt 0.503906 0.246094
vt 0.753906 0.246094
vt 0.996094 0.246094
vt 0.746094 0.246094
vt 0.753906 0.003906
vt 0.996094 0.996094
vt 0.746094 0.003906
vt 0.996094 0.753906
vt 0.503906 0.246094
vt 0.996094 0.246094
vt 0.746094 0.246094
vt 0.996094 0.246094
vt 0.746094 0.246094
vt 0.503906 0.246094
vt 0.996094 0.003906
vt 0.503906 0.003906
vt 0.996094 0.996094
vt 0.996094 0.753906
vt 0.746094 0.003906
vt 0.996094 0.996094
vt 0.753906 0.003906
vt 0.996094 0.753906
vt 0.503906 0.246094
vt 0.746094 0.246094
vt 0.996094 0.246094
vt 0.753906 0.246094
vt 0.996094 0.003906
vt 0.996094 0.996094
vt 0.503906 0.003906
vt 0.996094 0.753906
vt 0.753906 0.996094
vt 0.996094 0.996094
vt 0.753906 0.753906
vt 0.996094 0.753906
vt 0.996094 0.246094
vt 0.746094 0.246094
vt 0.503906 0.246094
vt 0.785156 0.378906
vt 0.746094 0.375000
vt 0.753906 0.996094
vt 0.996094 0.996094
vt 0.753906 0.753906
vt 0.996094 0.753906
vt 0.746094 0.246094
vt 0.753906 0.246094
vt 0.503906 0.246094
vt 0.746094 0.003906
vt 0.996094 0.996094
vt 0.503906 0.003906
vt 0.996094 0.753906
vt 0.753906 0.125000
vt 0.746094 0.125000
vt 0.996094 0.125000
vt 0.503906 0.125000
vt 0.746094 0.125000
vt 0.753906 0.125000
vt 0.746093 0.125000
vt 0.996094 0.125000
vt 0.503906 0.125000
vt 0.746094 0.125000
vt 0.503906 0.125000
vt 0.875000 0.996094
vt 0.875000 0.753906
vt 0.875000 0.996094
vt 0.875000 0.753906
vt 0.875000 0.996094
vt 0.875000 0.753906
vt 0.875000 0.996094
vt 0.875000 0.753906
vt 0.875000 0.996094
vt 0.875000 0.753906
vt 0.875000 0.996094
vt 0.875000 0.753906
vt 0.785156 0.378906
vt 0.746094 0.375000
vt 0.753906 0.753906
vt 0.996094 0.996094
vt 0.753906 0.996094
vt 0.996094 0.753906
vt 0.746094 0.003906
vt 0.996094 0.996094
vt 0.996094 0.753906
vt 0.996094 0.996094
vt 0.753906 0.996094
vt 0.753906 0.753906
vt 0.996094 0.753906
vt 0.753906 0.753906
vt 0.996094 0.996094
vt 0.753906 0.996094
vt 0.996094 0.753906
vt 0.875000 0.996094
vt 0.875000 0.753906
vt 0.503906 0.246094
vt 0.996094 0.246094
vt 0.746094 0.246094
vt 0.996094 0.246094
vt 0.746094 0.246094
vt 0.503906 0.246094
vt 0.996094 0.003906
vt 0.996094 0.996094
vt 0.503906 0.003906
vt 0.996094 0.753906
vt 0.503906 0.003906
vt 0.996094 0.996094
vt 0.996094 0.003906
vt 0.996094 0.753906
vt 0.996094 0.246094
vt 0.746094 0.246094
vt 0.503906 0.246094
vt 0.746094 0.125000
vt 0.996094 0.125000
vt 0.503906 0.125000
vt 0.746094 0.125000
vt 0.996094 0.125000
vt 0.503906 0.125000
vt 0.875000 0.996094
vt 0.875000 0.753906
vt 0.875000 0.996094
vt 0.875000 0.753906
vt 0.875000 0.996094
vt 0.875000 0.753906
vt 0.875000 0.996094
vt 0.875000 0.753906
vt 0.785156 0.378906
vt 0.746094 0.375000
vt 0.875000 0.875000
vt 0.875000 0.996094
vt 0.875000 0.753906
vt 0.875000 0.996094
vt 0.875000 0.753906
vt 0.875000 0.996094
vt 0.875000 0.753906
vt 0.875000 0.996094
vt 0.875000 0.753906
vt 0.875000 0.996094
vt 0.875000 0.753906
vt 0.875000 0.996094
vt 0.875000 0.753906
vt 0.875000 0.996094
vt 0.875000 0.753906
vt 0.574219 0.125000
vt 0.746094 0.125000
vt 0.972656 0.125000
vt 0.746094 0.125000
vt 0.773437 0.125000
vt 0.746094 0.125000
vt 0.996094 0.125000
vt 0.503906 0.125000
vt 0.746094 0.125000
vt 0.996094 0.125000
vt 0.503906 0.125000
vt 0.996094 0.125000
vt 0.503906 0.125000
vt 0.746094 0.125000
vt 0.996093 0.125000
vt 0.503906 0.125000
vt 0.746094 0.246094
vt 0.996094 0.246094
vt 0.753906 0.246094
vt 0.625000 0.003906
vt 0.996094 0.875000
vt 0.625000 0.246094
vt 0.753906 0.875000
vt 0.996094 0.875000
vt 0.875000 0.875000
vt 0.625000 0.125000
vt 0.746094 0.003906
vt 0.996094 0.003906
vt 0.503906 0.246094
vt 0.746094 0.246094
vt 0.996094 0.246094
vt 0.996094 0.003906
vt 0.503906 0.003906
vt 0.746094 0.246094
vt 0.996094 0.246094
vt 0.503906 0.246094
vt 0.746094 0.375000
vt 0.785156 0.378906
vt 0.996094 0.378906
vt 0.746094 0.003906
vt 0.503906 0.246094
vt 0.996094 0.246094
vt 0.746094 0.246094
vt 0.996094 0.246094
vt 0.503906 0.246094
vt 0.746094 0.246094
vt 0.503906 0.003906
vt 0.996094 0.003906
vt 0.746094 0.003906
vt 0.503906 0.246094
vt 0.746094 0.246094
vt 0.996094 0.246094
vt 0.996094 0.246094
vt 0.503906 0.246094
vt 0.746094 0.246094
vt 0.503906 0.003906
vt 0.996094 0.003906
vt 0.503906 0.375000
vt 0.996094 0.371094
vt 0.785156 0.378906
vt 0.746094 0.003906
vt 0.746094 0.246094
vt 0.996094 0.246094
vt 0.753906 0.246094
vt 0.503906 0.246094
vt 0.753906 0.003906
vt 0.746094 0.003906
vt 0.503906 0.246094
vt 0.996094 0.246094
vt 0.746094 0.246094
vt 0.996094 0.246094
vt 0.746094 0.246094
vt 0.503906 0.246094
vt 0.503906 0.003906
vt 0.996094 0.003906
vt 0.996094 0.003906
vt 0.503906 0.003906
vt 0.996094 0.246094
vt 0.746094 0.246094
vt 0.503906 0.246094
vt 0.785156 0.378906
vt 0.503906 0.375000
vt 0.996094 0.375000
vt 0.753906 0.246094
vt 0.746094 0.246094
vt 0.503906 0.246094
vt 0.746094 0.003906
vt 0.503906 0.003906
vt 0.785156 0.378906
vt 0.753906 0.378906
vt 0.503906 0.375000
vt 0.753906 0.125000
vt 0.746094 0.125000
vt 0.996094 0.125000
vt 0.503906 0.125000
vt 0.746094 0.125000
vt 0.996094 0.125000
vt 0.503906 0.125000
vt 0.503906 0.125000
vt 0.746094 0.125000
vt 0.785156 0.378906
vt 0.746094 0.375000
vt 0.746094 0.003906
vt 0.503906 0.246094
vt 0.746094 0.246094
vt 0.996094 0.246094
vt 0.996094 0.246094
vt 0.503906 0.246094
vt 0.746094 0.246094
vt 0.996094 0.003906
vt 0.503906 0.003906
vt 0.996094 0.003906
vt 0.503906 0.003906
vt 0.746094 0.246094
vt 0.996094 0.246094
vt 0.503906 0.246094
vt 0.746094 0.125000
vt 0.503906 0.125000
vt 0.996094 0.125000
vt 0.746094 0.125000
vt 0.503906 0.125000
vt 0.996094 0.125000
vt 0.746094 0.125000
vt 0.996094 0.128906
vt 0.996094 0.125000
vt 0.503906 0.125000
vt 0.503906 0.125000
vt 0.996094 0.125000
vt 0.746094 0.125000
vt 0.503906 0.125000
vt 0.996094 0.125000
vt 0.996094 0.003906
vt 0.503906 0.003906
vt 0.996094 0.246094
vt 0.503906 0.246094
vt 0.996094 0.121094
vt 0.503906 0.121094
vt 0.738281 0.121094
vt 0.769531 0.003906
vt 0.753906 0.378906
vt 0.785156 0.378906
vt 0.769531 0.121094
vt 0.753906 0.246094
vt 0.769531 0.246094
vt 0.871094 0.246094
vt 0.871094 0.375000
vt 0.785156 0.378906
vt 0.871094 0.003906
vt 0.871094 0.125000
vt 0.871094 0.003906
vt 0.871094 0.246094
vt 0.785156 0.378906
vt 0.871094 0.375000
vt 0.871094 0.125000
vt 0.625000 0.246094
vt 0.625000 0.003906
vt 0.625000 0.125000
vt 0.785156 0.378906
vt 0.625000 0.375000
vt 0.625000 0.246094
vt 0.625000 0.003906
vt 0.625000 0.125000
vt 0.785156 0.378906
vt 0.625000 0.375000
vt 0.785156 0.378906
vt 0.746094 0.375000
vt 0.753906 0.875000
vt 0.996094 0.875000
vt 0.628906 0.003906
vt 0.996094 0.875000
vt 0.628906 0.246094
vt 0.628906 0.125000
vt 0.875000 0.875000
vt 0.628906 0.378906
vt 0.785156 0.378906
vt 0.871094 0.003906
vt 0.996094 0.875000
vt 0.753906 0.875000
vt 0.996094 0.875000
vt 0.871094 0.246094
vt 0.871094 0.125000
vt 0.875000 0.875000
vt 0.871094 0.375000
vt 0.785156 0.378906
vt 0.628906 0.996094
vt 0.753906 0.875000
vt 0.625000 0.246094
vt 0.753906 0.875000
vt 0.996094 0.875000
vt 0.625000 0.003906
vt 0.996094 0.875000
vt 0.625000 0.125000
vt 0.875000 0.875000
vt 0.625000 0.375000
vt 0.785156 0.378906
vt 0.746094 0.878906
vt 0.753906 0.875000
vt 0.785156 0.378906
vt 0.871094 0.375000
vt 0.753906 0.875000
vt 0.996094 0.875000
vt 0.871094 0.246094
vt 0.871094 0.003906
vt 0.996094 0.875000
vt 0.871094 0.125000
vt 0.875000 0.875000
vt 0.625000 0.375000
vt 0.785156 0.378906
vt 0.753906 0.875000
vt 0.996094 0.875000
vt 0.625000 0.003906
vt 0.996094 0.875000
vt 0.625000 0.246094
vt 0.625000 0.125000
vt 0.875000 0.875000
vt 0.996094 0.814453
vt 0.808594 0.003906
vt 0.808594 0.246094
vt 0.933594 0.246094
vt 0.875000 0.814453
vt 0.808594 0.125000
vt 0.996094 0.814453
vt 0.753906 0.814453
vt 0.785156 0.378906
vt 0.933594 0.375000
vt 0.625000 0.003906
vt 0.996094 0.875000
vt 0.753906 0.875000
vt 0.996094 0.875000
vt 0.625000 0.246094
vt 0.625000 0.125000
vt 0.875000 0.875000
vt 0.785156 0.378906
vt 0.625000 0.375000
vt 0.753906 0.875000
vt 0.996094 0.875000
vt 0.871094 0.003906
vt 0.996094 0.875000
vt 0.871094 0.246094
vt 0.871094 0.125000
vt 0.875000 0.875000
vt 0.785156 0.378906
vt 0.871094 0.375000
vt 0.628906 0.996094
vt 0.753906 0.875000
vt 0.753906 0.875000
vt 0.996094 0.875000
vt 0.625000 0.003906
vt 0.996094 0.875000
vt 0.625000 0.125000
vt 0.625000 0.246094
vt 0.875000 0.875000
vt 0.785156 0.378906
vt 0.625000 0.375000
vt 0.871094 0.003906
vt 0.996094 0.875000
vt 0.871094 0.246094
vt 0.753906 0.875000
vt 0.996094 0.875000
vt 0.875000 0.875000
vt 0.871094 0.125000
vt 0.785156 0.378906
vt 0.871094 0.371094
vt 0.628906 0.996094
vt 0.753906 0.875000
vt 0.875000 0.003906
vt 0.996094 0.875000
vt 0.875000 0.125000
vt 0.875000 0.875000
vt 0.753906 0.875000
vt 0.996094 0.875000
vt 0.871094 0.246094
vt 0.875000 0.246094
vt 0.785156 0.378906
vt 0.871094 0.375000
vt 0.785156 0.378906
vt 0.871094 0.375000
vt 0.753906 0.875000
vt 0.996094 0.875000
vt 0.875000 0.125000
vt 0.875000 0.875000
vt 0.875000 0.003906
vt 0.996094 0.875000
vt 0.871094 0.246094
vt 0.875000 0.246094
vt 0.625000 0.003906
vt 0.996094 0.875000
vt 0.625000 0.246094
vt 0.753906 0.875000
vt 0.996094 0.875000
vt 0.625000 0.125000
vt 0.875000 0.875000
vt 0.785156 0.378906
vt 0.625000 0.375000
vt 0.753906 0.875000
vt 0.996094 0.875000
vt 0.871094 0.003906
vt 0.996094 0.875000
vt 0.871094 0.246094
vt 0.871094 0.125000
vt 0.875000 0.875000
vt 0.785156 0.378906
vt 0.871094 0.375000
vt 0.625000 0.246094
vt 0.753906 0.875000
vt 0.996094 0.875000
vt 0.625000 0.003906
vt 0.996094 0.875000
vt 0.625000 0.125000
vt 0.875000 0.875000
vt 0.785156 0.378906
vt 0.625000 0.375000
vt 0.628906 0.996094
vt 0.753906 0.875000
vt 0.753906 0.875000
vt 0.996094 0.875000
vt 0.871094 0.003906
vt 0.996094 0.875000
vt 0.871094 0.246094
vt 0.871094 0.125000
vt 0.875000 0.875000
vt 0.785156 0.378906
vt 0.871094 0.375000
vt 0.785156 0.378906
vt 0.628906 0.378906
vt 0.753906 0.875000
vt 0.996094 0.875000
vt 0.628906 0.003906
vt 0.996094 0.875000
vt 0.628906 0.246094
vt 0.628906 0.125000
vt 0.875000 0.875000
vt 0.625000 0.003906
vt 0.996094 0.875000
vt 0.753906 0.875000
vt 0.996094 0.875000
vt 0.625000 0.125000
vt 0.625000 0.246094
vt 0.875000 0.875000
vt 0.785156 0.378906
vt 0.625000 0.375000
vt 0.753906 0.875000
vt 0.503906 0.878906
vt 0.753906 0.875000
vt 0.996094 0.875000
vt 0.871094 0.003906
vt 0.996094 0.875000
vt 0.871094 0.246094
vt 0.871094 0.125000
vt 0.875000 0.875000
vt 0.785156 0.378906
vt 0.871094 0.375000
vt 0.785156 0.378906
vt 0.625000 0.375000
vt 0.625000 0.246094
vt 0.753906 0.875000
vt 0.996094 0.875000
vt 0.625000 0.003906
vt 0.996094 0.875000
vt 0.625000 0.125000
vt 0.875000 0.875000
vt 0.753906 0.875000
vt 0.996094 0.875000
vt 0.871094 0.125000
vt 0.875000 0.875000
vt 0.871094 0.003906
vt 0.996094 0.875000
vt 0.871094 0.246094
vt 0.785156 0.378906
vt 0.871094 0.375000
vt 0.625000 0.246094
vt 0.753906 0.875000
vt 0.996094 0.875000
vt 0.625000 0.003906
vt 0.996094 0.875000
vt 0.625000 0.125000
vt 0.875000 0.875000
vt 0.785156 0.378906
vt 0.625000 0.375000
vt 0.871094 0.003906
vt 0.996094 0.875000
vt 0.753906 0.875000
vt 0.996094 0.875000
vt 0.871094 0.246094
vt 0.875000 0.875000
vt 0.871094 0.125000
vt 0.785156 0.378906
vt 0.871094 0.371094
vt 0.871094 0.246094
vt 0.753906 0.875000
vt 0.996094 0.875000
vt 0.871094 0.003906
vt 0.996094 0.875000
vt 0.875000 0.875000
vt 0.871094 0.125000
vt 0.785156 0.378906
vt 0.871094 0.371094
vt 0.628906 0.753906
vt 0.753906 0.875000
vt 0.785156 0.378906
vt 0.625000 0.375000
vt 0.625000 0.246094
vt 0.753906 0.875000
vt 0.996094 0.875000
vt 0.625000 0.003906
vt 0.996094 0.875000
vt 0.875000 0.875000
vt 0.625000 0.125000
vt 0.685547 0.003906
vt 0.996094 0.935547
vt 0.753906 0.935547
vt 0.996094 0.935547
vt 0.875000 0.935547
vt 0.685547 0.125000
vt 0.564453 0.246094
vt 0.685547 0.246094
vt 0.785156 0.378906
vt 0.564453 0.375000
vt 0.685547 0.246094
vt 0.564453 0.246094
vt 0.564453 0.003906
vt 0.996094 0.814453
vt 0.753906 0.814453
vt 0.996094 0.814453
vt 0.875000 0.814453
vt 0.564453 0.125000
vt 0.785156 0.378906
vt 0.685547 0.375000
vt 0.753906 0.875000
vt 0.996094 0.875000
vt 0.871094 0.246094
vt 0.785156 0.378906
vt 0.871094 0.375000
vt 0.871094 0.003906
vt 0.996094 0.875000
vt 0.875000 0.875000
vt 0.871094 0.125000
vt 0.625000 0.003906
vt 0.996094 0.875000
vt 0.625000 0.246094
vt 0.753906 0.875000
vt 0.996094 0.875000
vt 0.875000 0.875000
vt 0.625000 0.125000
vt 0.785156 0.378906
vt 0.625000 0.375000
vt 0.785156 0.378906
vt 0.871094 0.375000
vt 0.753906 0.875000
vt 0.996094 0.875000
vt 0.871094 0.003906
vt 0.996094 0.875000
vt 0.871094 0.246094
vt 0.875000 0.875000
vt 0.871094 0.125000
vt 0.753906 0.875000
vt 0.996094 0.875000
vt 0.871094 0.003906
vt 0.996094 0.875000
vt 0.871094 0.246094
vt 0.871093 0.125000
vt 0.875000 0.875000
vt 0.871094 0.375000
vt 0.785156 0.378906
vt 0.625000 0.003906
vt 0.996094 0.875000
vt 0.625000 0.246094
vt 0.753906 0.875000
vt 0.996094 0.875000
vt 0.625000 0.125000
vt 0.875000 0.875000
vt 0.625000 0.375000
vt 0.785156 0.378906
vt 0.875000 0.003906
vt 0.996094 0.875000
vt 0.753906 0.875000
vt 0.996094 0.875000
vt 0.875000 0.125000
vt 0.875000 0.875000
vt 0.871094 0.246094
vt 0.875000 0.246094
vt 0.871094 0.375000
vt 0.785156 0.378906
vt 0.625000 0.246094
vt 0.628906 0.246094
vt 0.753906 0.875000
vt 0.996094 0.875000
vt 0.875000 0.875000
vt 0.628906 0.003906
vt 0.996094 0.875000
vt 0.628906 0.125000
vt 0.625000 0.375000
vt 0.785156 0.378906
vt 0.753906 0.875000
vt 0.746094 0.375000
vt 0.785156 0.378906
vt 0.996094 0.375000
vt 0.785156 0.378906
vt 0.503906 0.375000
vt 0.746094 0.375000
vt 0.785156 0.378906
vt 0.871094 0.375000
vt 0.746094 0.375000
vt 0.785156 0.378906
vt 0.746094 0.246094
vt 0.996094 0.246094
vt 0.753906 0.246094
vt 0.503906 0.246094
vt 0.503906 0.246094
vt 0.996094 0.246094
vt 0.746094 0.246094
vt 0.996094 0.246094
vt 0.503906 0.246094
vt 0.746094 0.246094
vt 0.996094 0.246094
vt 0.746094 0.246094
vt 0.503906 0.246094
vt 0.753906 0.246094
vt 0.996094 0.246094
vt 0.746094 0.246094
vt 0.503906 0.246094
vt 0.746094 0.375000
vt 0.785156 0.378906
vt 0.503906 0.246094
vt 0.996094 0.246094
vt 0.746094 0.246094
vt 0.996094 0.246094
vt 0.503906 0.246094
vt 0.746094 0.246094
vt 0.996094 0.246094
vt 0.746094 0.246094
vt 0.503906 0.246094
vt 0.503906 0.246094
vt 0.996094 0.246094
vt 0.746094 0.246094
vt 0.871094 0.125000
vt 0.503906 0.125000
vt 0.753906 0.246094
vt 0.503906 0.246094
vt 0.996094 0.246094
vt 0.746094 0.246094
vt 0.746094 0.125000
vt 0.753906 0.125000
vt 0.503906 0.125000
vt 0.996094 0.125000
vt 0.753906 0.125000
vt 0.746094 0.125000
vt 0.746094 0.125000
vt 0.503906 0.125000
vt 0.996094 0.125000
vt 0.503906 0.125000
vt 0.996094 0.125000
vt 0.746094 0.125000
vt 0.996094 0.125000
vt 0.503906 0.125000
vt 0.996094 0.125000
vt 0.503906 0.125000
vt 0.746094 0.125000
vt 0.871094 0.246094
vt 0.746094 0.246094
vt 0.503906 0.246094
vt 0.503906 0.375000
vt 0.996094 0.375000
vt 0.785156 0.378906
vt 0.628906 0.246094
vt 0.628906 0.125000
vt 0.871094 0.246094
vt 0.871094 0.125000
vt 0.871094 0.375000
vt 0.785156 0.378906
vt 0.625000 0.246094
vt 0.625000 0.125000
vt 0.625000 0.375000
vt 0.785156 0.378906
vt 0.785156 0.378906
vt 0.871094 0.375000
vt 0.871094 0.246094
vt 0.871094 0.125000
vt 0.785156 0.378906
vt 0.625000 0.375000
vt 0.625000 0.246094
vt 0.625000 0.125000
vt 0.871094 0.246094
vt 0.871094 0.125000
vt 0.871094 0.375000
vt 0.785156 0.378906
vt 0.625000 0.246094
vt 0.625000 0.125000
vt 0.875000 0.125000
vt 0.871094 0.375000
vt 0.785156 0.378906
vt 0.785156 0.378906
vt 0.738281 0.246094
vt 0.738281 0.003906
vt 0.738281 0.378906
vt 0.785156 0.378906
vt 0.746094 0.375000
vt 0.753906 0.371094
vt 0.785156 0.378906
vt 0.628906 0.371094
vt 0.785156 0.378906
vt 0.996094 0.375000
vt 0.503906 0.371094
vt 0.785156 0.378906
vt 0.746094 0.375000
vt 0.785156 0.378906
vt 0.996094 0.375000
vt 0.503906 0.375000
vt 0.785156 0.378906
vt 0.625000 0.375000
vt 0.785156 0.378906
vt 0.503906 0.375000
vt 0.996094 0.375000
vt 0.785156 0.378906
vt 0.785156 0.378906
vt 0.785156 0.378906
vt 0.785156 0.378906
vt 0.785156 0.378906
vt 0.785156 0.378906
vt 0.503906 0.375000
vt 0.996094 0.375000
vt 0.785156 0.378906
vt 0.746094 0.246094
vt 0.503906 0.246094
vt 0.625000 0.246094
vt 0.753906 0.003906
vt 0.996094 0.996094
vt 0.746094 0.003906
vt 0.996094 0.246094
vt 0.753906 0.246094
vt 0.503906 0.246094
vt 0.746094 0.246094
vt 0.753906 0.125000
vt 0.746094 0.125000
vt 0.503906 0.371094
vt 0.996094 0.371094
vt 0.785156 0.378906
vt 0.625000 0.003906
vt 0.996094 0.753906
vt 0.503906 0.003906
vt 0.996094 0.875000
vt 0.753906 0.875000
vt 0.753906 0.753906
vt 0.996094 0.875000
vt 0.996094 0.753906
vt 0.753906 0.996094
vt 0.996094 0.875000
vt 0.503906 0.125000
vt 0.625000 0.125000
vt 0.875000 0.753906
vt 0.875000 0.875000
vt 0.875000 0.996094
vt 0.996094 0.003906
vt 0.503906 0.003906
vt 0.746094 0.246094
vt 0.996094 0.246094
vt 0.503906 0.246094
vt 0.746094 0.375000
vt 0.996094 0.371094
vt 0.785156 0.378906
vt 0.996094 0.125000
vt 0.503906 0.125000
vt 0.996094 0.003906
vt 0.503906 0.003906
vt 0.996094 0.246094
vt 0.503906 0.246094
vt 0.996094 0.121094
vt 0.503906 0.121094
vt 0.738281 0.246094
vt 0.738281 0.003906
vt 0.738281 0.371094
vt 0.785156 0.378906
vt 0.738281 0.121094
vt 0.769531 0.003906
vt 0.753906 0.371094
vt 0.996094 0.371094
vt 0.785156 0.378906
vt 0.769531 0.121094
vt 0.503906 0.125000
vt 0.753906 0.246094
vt 0.769531 0.246094
vt 0.503906 0.246094
vt 0.996094 0.246094
vt 0.871094 0.246094
vt 0.785156 0.378906
vt 0.871094 0.375000
vt 0.871094 0.003906
vt 0.871094 0.125000
vt 0.746094 0.375000
vt 0.625000 0.375000
vt 0.785156 0.378906
vt 0.697656 0.246094
vt 0.553906 0.246094
vt 0.996094 0.875000
vt 0.996094 0.753906
vt 0.753906 0.802344
vt 0.875000 0.802344
vt 0.996094 0.802344
vt 0.553906 0.003906
vt 0.553906 0.125000
vt 0.785156 0.378906
vt 0.697656 0.375000
vt 0.996094 0.246094
vt 0.746094 0.246094
vt 0.753906 0.246094
vt 0.769531 0.246094
vt 0.769531 0.121094
vt 0.996094 0.125000
vt 0.746094 0.375000
vt 0.753906 0.371094
vt 0.785156 0.378906
vt 0.875000 0.246094
vt 0.871094 0.246094
vt 0.785156 0.378906
vt 0.785156 0.378906
vt 0.785156 0.378906
vt 0.785156 0.378906
vt 0.785156 0.378906
vt 0.785156 0.378906
vt 0.785156 0.378906
vt 0.503906 0.371094
vt 0.996094 0.371094
vt 0.996094 0.246094
vt 0.503906 0.246094
vt 0.996094 0.121094
vt 0.503906 0.121094
vt 0.738281 0.246094
vt 0.738281 0.371094
vt 0.785156 0.378906
vt 0.738281 0.121094
vt 0.753906 0.371094
vt 0.996094 0.371094
vt 0.785156 0.378906
vt 0.769531 0.121094
vt 0.503906 0.125000
vt 0.753906 0.246094
vt 0.769531 0.246094
vt 0.503906 0.246094
vt 0.996094 0.246094
vt 0.503906 0.371094
vt 0.996094 0.371094
vt 0.785156 0.378906
vt 0.996094 0.246094
vt 0.503906 0.246094
vt 0.996094 0.121094
vt 0.503906 0.121094
vt 0.738281 0.246094
vt 0.738281 0.371094
vt 0.785156 0.378906
vt 0.738281 0.121094
vt 0.753906 0.371094
vt 0.996094 0.371094
vt 0.785156 0.378906
vt 0.769531 0.121094
vt 0.503906 0.121094
vt 0.753906 0.246094
vt 0.996094 0.246094
vt 0.769531 0.246094
vt 0.503906 0.246094
vt 0.785156 0.378906
vt 0.785156 0.378906
vt 0.785156 0.378906
vt 0.785156 0.378906
vt 0.785156 0.378906
vt 0.785156 0.378906
vt 0.785156 0.378906
vt 0.785156 0.378906
vt 0.785156 0.378906
vt 0.785156 0.378906
vt 0.785156 0.378906
vt 0.785156 0.378906
vt 0.785156 0.378906
vt 0.785156 0.378906
vt 0.785156 0.378906
vt 0.503906 0.375000
vt 0.996094 0.375000
vt 0.785156 0.378906
vt 0.503906 0.246094
vt 0.753906 0.246094
vt 0.996094 0.246094
vt 0.746094 0.246094
vt 0.746094 0.125000
vt 0.753906 0.125000
vt 0.503906 0.371094
vt 0.996094 0.371094
vt 0.785156 0.378906
vt 0.746094 0.246094
vt 0.503906 0.246094
vt 0.996094 0.246094
vt 0.746094 0.375000
vt 0.996094 0.371094
vt 0.785156 0.378906
vt 0.503906 0.125000
vt 0.996094 0.125000
vt 0.996094 0.246094
vt 0.503906 0.246094
vt 0.503906 0.121094
vt 0.996094 0.121094
vt 0.738281 0.246094
vt 0.738281 0.371094
vt 0.785156 0.378906
vt 0.738281 0.121094
vt 0.753906 0.371094
vt 0.996094 0.371094
vt 0.785156 0.378906
vt 0.503906 0.125000
vt 0.769531 0.121094
vt 0.753906 0.246094
vt 0.769531 0.246094
vt 0.503906 0.246094
vt 0.996094 0.246094
vt 0.871094 0.246094
vt 0.871094 0.375000
vt 0.785156 0.378906
vt 0.871094 0.125000
vt 0.625000 0.246094
vt 0.628906 0.246094
vt 0.628906 0.125000
vt 0.625000 0.375000
vt 0.785156 0.378906
vt 0.753906 0.246094
vt 0.996094 0.246094
vt 0.746094 0.246094
vt 0.769531 0.246094
vt 0.996094 0.125000
vt 0.769531 0.121094
vt 0.753906 0.855469
vt 0.746094 0.375000
vt 0.785156 0.378906
vt 0.753906 0.371094
vt 0.875000 0.125000
vt 0.753906 0.855469
vt 0.773438 0.125000
vt 0.871094 0.246094
vt 0.796875 0.246094
vt 0.875000 0.246094
vt 0.773438 0.246094
vt 0.871094 0.375000
vt 0.785156 0.378906
vt 0.796875 0.371094
vt 0.785156 0.378906
vt 0.785156 0.378906
vt 0.785156 0.378906
vt 0.503906 0.371094
vt 0.996094 0.371094
vt 0.785156 0.378906
vt 0.996094 0.246094
vt 0.503906 0.246094
vt 0.503906 0.121094
vt 0.996094 0.121094
vt 0.738281 0.246094
vt 0.738281 0.371094
vt 0.785156 0.378906
vt 0.738281 0.121094
vt 0.753906 0.371094
vt 0.996094 0.371094
vt 0.785156 0.378906
vt 0.503906 0.125000
vt 0.769531 0.121094
vt 0.753906 0.246094
vt 0.769531 0.246094
vt 0.503906 0.246094
vt 0.996094 0.246094
vt 0.503906 0.371094
vt 0.996094 0.371094
vt 0.785156 0.378906
vt 0.996094 0.246094
vt 0.503906 0.246094
vt 0.503906 0.121094
vt 0.996094 0.121094
vt 0.738281 0.246094
vt 0.738281 0.371094
vt 0.785156 0.378906
vt 0.738281 0.121094
vt 0.753906 0.371094
vt 0.996094 0.371094
vt 0.785156 0.378906
vt 0.503906 0.121094
vt 0.769531 0.121094
vt 0.753906 0.855469
vt 0.753906 0.246094
vt 0.769531 0.246094
vt 0.996094 0.246094
vt 0.503906 0.246094
vt 0.785156 0.378906
vt 0.785156 0.378906
vt 0.785156 0.378906
vt 0.785156 0.378906
vt 0.785156 0.378906
vt 0.785156 0.378906
vt 0.785156 0.378906
vt 0.785156 0.378906
vt 0.785156 0.378906
vt 0.785156 0.378906
vt 0.785156 0.378906
vt 0.785156 0.378906
vt 0.785156 0.378906
vt 0.785156 0.378906
vt 0.785156 0.378906
vt 0.875000 0.753906
vt 0.753906 0.935547
vt 0.673828 0.003906
vt 0.996094 0.935547
vt 0.753906 0.814453
vt 0.996094 0.814453
vt 0.875000 0.814453
vt 0.996094 0.371094
vt 0.785156 0.378906
vt 0.996094 0.375000
vt 0.746094 0.375000
vt 0.785156 0.378906
vt 0.625000 0.375000
vt 0.785156 0.378906
vt 0.796875 0.371094
vt 0.753906 0.996094
vt 0.753906 0.753906
vt 0.996094 0.753906
vt 0.564453 0.246094
vt 0.685547 0.246094
vt 0.996094 0.246094
vt 0.574219 0.246094
vt 0.746094 0.246094
vt 0.574219 0.003906
vt 0.746094 0.003906
vt 0.996094 0.996094
vt 0.996094 0.753906
vt 0.753906 0.753906
vt 0.753906 0.855469
vt 0.753906 0.875000
vt 0.753906 0.855469
vt 0.773437 0.003906
vt 0.996094 0.875000
vt 0.996094 0.814453
vt 0.564453 0.003906
vt 0.996094 0.996094
vt 0.753906 0.996094
vt 0.996094 0.753906
vt 0.753906 0.753906
vt 0.996094 0.996094
vt 0.746094 0.003906
vt 0.996094 0.753906
vt 0.503906 0.246094
vt 0.996094 0.246094
vt 0.746094 0.246094
vt 0.503906 0.003906
vt 0.996094 0.996094
vt 0.996094 0.003906
vt 0.996094 0.753906
vt 0.753906 0.996094
vt 0.996094 0.996094
vt 0.753906 0.753906
vt 0.996094 0.753906
vt 0.996094 0.246094
vt 0.746094 0.246094
vt 0.503906 0.246094
vt 0.503906 0.375000
vt 0.996094 0.375000
vt 0.785156 0.378906
vt 0.996094 0.996094
vt 0.753906 0.996094
vt 0.996094 0.753906
vt 0.753906 0.753906
vt 0.996094 0.996094
vt 0.996094 0.003906
vt 0.996094 0.753906
vt 0.503906 0.003906
vt 0.996094 0.246094
vt 0.746094 0.246094
vt 0.503906 0.246094
vt 0.746094 0.375000
vt 0.785156 0.378906
vt 0.875000 0.996094
vt 0.875000 0.753906
vt 0.753906 0.855469
vt 0.875000 0.875000
vt 0.875000 0.996094
vt 0.875000 0.753906
vt 0.875000 0.996094
vt 0.875000 0.753906
vt 0.875000 0.996094
vt 0.875000 0.753906
vt 0.574219 0.125000
vt 0.746094 0.125000
vt 0.746094 0.125000
vt 0.996094 0.125000
vt 0.503906 0.125000
vt 0.996094 0.125000
vt 0.503906 0.125000
vt 0.625000 0.003906
vt 0.996094 0.875000
vt 0.773437 0.003906
vt 0.796875 0.246094
vt 0.625000 0.246094
vt 0.773438 0.246094
vt 0.753906 0.753906
vt 0.996094 0.875000
vt 0.753906 0.875000
vt 0.753906 0.875000
vt 0.753906 0.996094
vt 0.875000 0.875000
vt 0.625000 0.125000
vt 0.773437 0.125000
vt 0.564453 0.246094
vt 0.685547 0.246094
vt 0.564453 0.003906
vt 0.996094 0.814453
vt 0.753906 0.814453
vt 0.996094 0.814453
vt 0.875000 0.814453
vt 0.564453 0.125000
vt 0.785156 0.378906
vt 0.685547 0.375000
vt 0.753906 0.875000
vt 0.996094 0.875000
vt 0.871094 0.246094
vt 0.871094 0.375000
vt 0.785156 0.378906
vt 0.871094 0.003906
vt 0.996094 0.875000
vt 0.875000 0.875000
vt 0.871094 0.125000
vt 0.625000 0.003906
vt 0.996094 0.875000
vt 0.625000 0.246094
vt 0.753906 0.875000
vt 0.996094 0.875000
vt 0.875000 0.875000
vt 0.625000 0.125000
vt 0.625000 0.375000
vt 0.785156 0.378906
vt 0.871094 0.375000
vt 0.785156 0.378906
vt 0.753906 0.875000
vt 0.996094 0.875000
vt 0.871094 0.003906
vt 0.996094 0.875000
vt 0.871094 0.246094
vt 0.875000 0.875000
vt 0.871094 0.125000
vt 0.875000 0.935547
vt 0.753906 0.753906
vt 0.753906 0.875000
vt 0.785156 0.378906
vt 0.996094 0.375000
vt 0.628906 0.378906
vt 0.746094 0.375000
vt 0.785156 0.378906
vt 0.753906 0.753906
vt 0.996094 0.875000
vt 0.996094 0.753906
vt 0.753906 0.875000
vt 0.628906 0.246094
vt 0.996094 0.246094
vt 0.746094 0.246094
vt 0.746094 0.003906
vt 0.996094 0.875000
vt 0.996094 0.753906
vt 0.628906 0.003906
vt 0.996094 0.996094
vt 0.753906 0.996094
vt 0.753906 0.753906
vt 0.996094 0.753906
vt 0.996094 0.996094
vt 0.746094 0.003906
vt 0.996094 0.753906
vt 0.503906 0.246094
vt 0.996094 0.246094
vt 0.746094 0.246094
vt 0.996094 0.996094
vt 0.996094 0.003906
vt 0.503906 0.003906
vt 0.996094 0.753906
vt 0.753906 0.996094
vt 0.996094 0.996094
vt 0.753906 0.753906
vt 0.996094 0.753906
vt 0.996094 0.246094
vt 0.746094 0.246094
vt 0.503906 0.246094
vt 0.503906 0.375000
vt 0.996094 0.375000
vt 0.785156 0.378906
vt 0.996094 0.996094
vt 0.996094 0.003906
vt 0.503906 0.003906
vt 0.996094 0.753906
vt 0.746094 0.246094
vt 0.996094 0.246094
vt 0.503906 0.246094
vt 0.875000 0.753906
vt 0.875000 0.875000
vt 0.875000 0.996094
vt 0.875000 0.753906
vt 0.875000 0.996094
vt 0.875000 0.753906
vt 0.746094 0.125000
vt 0.628906 0.125000
vt 0.746094 0.125000
vt 0.996094 0.125000
vt 0.503906 0.125000
vt 0.996094 0.125000
vt 0.503906 0.125000
vt 0.875000 0.899219
vt 0.753906 0.996094
vt 0.996094 0.996094
vt 0.753906 0.753906
vt 0.996094 0.753906
vt 0.875000 0.996094
vt 0.875000 0.753906
vt 0.746094 0.375000
vt 0.785156 0.378906
vt 0.753906 0.875000
vt 0.996094 0.875000
vt 0.871094 0.246094
vt 0.871094 0.375000
vt 0.785156 0.378906
vt 0.871094 0.003906
vt 0.996094 0.875000
vt 0.875000 0.875000
vt 0.871094 0.125000
vt 0.625000 0.003906
vt 0.996094 0.875000
vt 0.625000 0.246094
vt 0.753906 0.875000
vt 0.996094 0.875000
vt 0.875000 0.875000
vt 0.625000 0.125000
vt 0.625000 0.375000
vt 0.785156 0.378906
vt 0.871094 0.375000
vt 0.785156 0.378906
vt 0.753906 0.875000
vt 0.996094 0.875000
vt 0.871094 0.003906
vt 0.996094 0.875000
vt 0.871094 0.246094
vt 0.875000 0.875000
vt 0.871094 0.125000
vt 0.753906 0.875000
vt 0.753906 0.875000
vt 0.753906 0.753906
vt 0.996094 0.875000
vt 0.996094 0.753906
vt 0.600781 0.246094
vt 0.653906 0.246094
vt 0.785156 0.378906
vt 0.996094 0.753906
vt 0.996094 0.875000
vt 0.753906 0.753906
vt 0.753906 0.875000
vt 0.996094 0.875000
vt 0.753906 0.855469
vt 0.753906 0.855469
vt 0.753906 0.855469
vt 0.673828 0.125000
vt 0.753906 0.855469
vt 0.753906 0.996094
vt 0.753906 0.753906
vt 0.753906 0.996094
vt 0.753906 0.753906
vt 0.753906 0.996094
vt 0.753906 0.753906
vt 0.753906 0.875000
vt 0.753906 0.814453
vt 0.753906 0.996094
vt 0.996094 0.996094
vt 0.753906 0.996094
vt 0.753906 0.875000
vt 0.996094 0.996094
vt 0.753906 0.753906
vt 0.785156 0.378906
vt 0.996094 0.371094
vt 0.996094 0.375000
vt 0.746094 0.371094
vt 0.871094 0.375000
vt 0.785156 0.378906
vt 0.785156 0.378906
vt 0.746094 0.375000
vt 0.625000 0.375000
vt 0.785156 0.378906
vt 0.753906 0.996094
vt 0.753906 0.753906
vt 0.996094 0.753906
vt 0.753906 0.996094
vt 0.753906 0.753906
vt 0.574219 0.246094
vt 0.996094 0.246094
vt 0.746094 0.246094
vt 0.574219 0.003906
vt 0.746094 0.003906
vt 0.996094 0.996094
vt 0.996094 0.753906
vt 0.753906 0.996094
vt 0.996094 0.996094
vt 0.753906 0.753906
vt 0.996094 0.753906
vt 0.996094 0.996094
vt 0.746094 0.003906
vt 0.996094 0.753906
vt 0.503906 0.246094
vt 0.996094 0.246094
vt 0.746094 0.246094
vt 0.503906 0.003906
vt 0.996094 0.996094
vt 0.996094 0.003906
vt 0.996094 0.753906
vt 0.753906 0.996094
vt 0.996094 0.996094
vt 0.753906 0.753906
vt 0.996094 0.753906
vt 0.996094 0.246094
vt 0.746094 0.246094
vt 0.503906 0.246094
vt 0.785156 0.378906
vt 0.503906 0.375000
vt 0.996094 0.375000
vt 0.753906 0.753906
vt 0.996094 0.996094
vt 0.753906 0.996094
vt 0.996094 0.753906
vt 0.996094 0.996094
vt 0.746094 0.003906
vt 0.996094 0.753906
vt 0.503906 0.246094
vt 0.996094 0.246094
vt 0.746094 0.246094
vt 0.996094 0.003906
vt 0.996094 0.996094
vt 0.996094 0.753906
vt 0.503906 0.003906
vt 0.753906 0.996094
vt 0.753906 0.753906
vt 0.996094 0.996094
vt 0.996094 0.753906
vt 0.996094 0.246094
vt 0.503906 0.246094
vt 0.746094 0.246094
vt 0.746093 0.375000
vt 0.785156 0.378906
vt 0.503906 0.375000
vt 0.996094 0.371094
vt 0.785156 0.378906
vt 0.996094 0.996094
vt 0.753906 0.996094
vt 0.753906 0.875000
vt 0.996094 0.875000
vt 0.996094 0.246094
vt 0.746094 0.246094
vt 0.871094 0.246094
vt 0.996094 0.003906
vt 0.996094 0.996094
vt 0.871094 0.003906
vt 0.996094 0.875000
vt 0.875000 0.996094
vt 0.875000 0.753906
vt 0.875000 0.996094
vt 0.875000 0.753906
vt 0.875000 0.996094
vt 0.875000 0.753906
vt 0.875000 0.996094
vt 0.875000 0.753906
vt 0.875000 0.996094
vt 0.875000 0.753906
vt 0.875000 0.996094
vt 0.875000 0.875000
vt 0.574219 0.125000
vt 0.746094 0.125000
vt 0.746094 0.125000
vt 0.996094 0.125000
vt 0.503906 0.125000
vt 0.746094 0.125000
vt 0.996094 0.125000
vt 0.503906 0.125000
vt 0.996094 0.125000
vt 0.871094 0.125000
vt 0.625000 0.003906
vt 0.996094 0.875000
vt 0.625000 0.246094
vt 0.753906 0.875000
vt 0.996094 0.875000
vt 0.753906 0.875000
vt 0.875000 0.875000
vt 0.625000 0.125000
vt 0.871094 0.246094
vt 0.753906 0.875000
vt 0.996094 0.875000
vt 0.871094 0.003906
vt 0.996094 0.875000
vt 0.875000 0.875000
vt 0.871094 0.125000
vt 0.871094 0.371094
vt 0.785156 0.378906
vt 0.753906 0.875000
vt 0.685547 0.003906
vt 0.996094 0.935547
vt 0.753906 0.935547
vt 0.996094 0.935547
vt 0.875000 0.935547
vt 0.685547 0.125000
vt 0.564453 0.246094
vt 0.685547 0.246094
vt 0.564453 0.375000
vt 0.785156 0.378906
vt 0.753906 0.935547
vt 0.685547 0.246094
vt 0.564453 0.246094
vt 0.564453 0.003906
vt 0.996094 0.814453
vt 0.996094 0.814453
vt 0.753906 0.814453
vt 0.875000 0.814453
vt 0.564453 0.125000
vt 0.685547 0.375000
vt 0.785156 0.378906
vt 0.753906 0.875000
vt 0.996094 0.875000
vt 0.871094 0.246094
vt 0.785156 0.378906
vt 0.871094 0.375000
vt 0.871094 0.003906
vt 0.996094 0.875000
vt 0.875000 0.875000
vt 0.871094 0.125000
vt 0.753906 0.875000
vt 0.625000 0.003906
vt 0.996094 0.875000
vt 0.625000 0.246094
vt 0.753906 0.875000
vt 0.996094 0.875000
vt 0.875000 0.875000
vt 0.625000 0.125000
vt 0.785156 0.378906
vt 0.625000 0.375000
vt 0.785156 0.378906
vt 0.871094 0.375000
vt 0.753906 0.875000
vt 0.996094 0.875000
vt 0.871094 0.003906
vt 0.996094 0.875000
vt 0.871094 0.246094
vt 0.875000 0.875000
vt 0.871094 0.125000
vt 0.753906 0.875000
vt 0.753906 0.753906
vt 0.753906 0.996094
vt 0.753906 0.996094
vt 0.753906 0.753906
vt 0.753906 0.996094
vt 0.753906 0.753906
vt 0.753906 0.875000
vt 0.753906 0.875000
vt 0.753906 0.875000
vt 0.753906 0.875000
vt 0.753906 0.875000
vt 0.753906 0.875000
vt 0.753906 0.753906
vt 0.753906 0.996094
vt 0.753906 0.996094
vt 0.753906 0.753906
vt 0.753906 0.996094
vt 0.753906 0.753906
vt 0.753906 0.996094
vt 0.753906 0.753906
vt 0.753906 0.996094
vt 0.753906 0.753906
vt 0.753906 0.996094
vt 0.753906 0.753906
vt 0.753906 0.753906
vt 0.753906 0.996094
vt 0.746094 0.375000
vt 0.785156 0.378906
vt 0.996094 0.375000
vt 0.871094 0.375000
vt 0.785156 0.378906
vt 0.996094 0.375000
vt 0.785156 0.378906
vt 0.503906 0.375000
vt 0.996094 0.375000
vt 0.785156 0.378906
vt 0.503906 0.375000
vt 0.785156 0.378906
vt 0.503906 0.378906
vt 0.996094 0.375000
vt 0.996094 0.375000
vt 0.785156 0.378906
vt 0.746094 0.375000
vt 0.875000 0.875000
vt 0.875000 0.753906
vt 0.996094 0.753906
vt 0.996094 0.996094
vt 0.753906 0.996094
vt 0.753906 0.753906
vt 0.746094 0.246094
vt 0.503906 0.246094
vt 0.996094 0.246094
vt 0.996094 0.753906
vt 0.996094 0.996094
vt 0.746094 0.003906
vt 0.871094 0.125000
vt 0.753906 0.125000
vt 0.753906 0.753906
vt 0.996094 0.996094
vt 0.753906 0.996094
vt 0.996094 0.753906
vt 0.996094 0.753906
vt 0.996094 0.996094
vt 0.753906 0.996094
vt 0.753906 0.753906
vt 0.996094 0.246094
vt 0.503906 0.246094
vt 0.746094 0.246094
vt 0.996094 0.753906
vt 0.996094 0.996094
vt 0.746094 0.003906
vt 0.503906 0.246094
vt 0.996094 0.246094
vt 0.746094 0.246094
vt 0.996094 0.753906
vt 0.996094 0.996094
vt 0.996094 0.003906
vt 0.503906 0.003906
vt 0.746094 0.125000
vt 0.746094 0.125000
vt 0.996094 0.125000
vt 0.503906 0.125000
vt 0.875000 0.996094
vt 0.875000 0.753906
vt 0.875000 0.996094
vt 0.875000 0.753906
vt 0.875000 0.996094
vt 0.875000 0.753906
vt 0.753906 0.246094
vt 0.871094 0.246094
vt 0.996094 0.246094
vt 0.996094 0.753906
vt 0.871094 0.003906
vt 0.996094 0.875000
vt 0.753906 0.003906
vt 0.996094 0.753906
vt 0.753906 0.875000
vt 0.996094 0.875000
vt 0.753906 0.753906
vt 0.753906 0.875000
vt 0.753906 0.753906
vt 0.996094 0.996094
vt 0.753906 0.996094
vt 0.753906 0.753906
vt 0.996094 0.753906
vt 0.996094 0.753906
vt 0.996094 0.996094
vt 0.753906 0.996094
vt 0.753906 0.753906
vt 0.996094 0.246094
vt 0.746094 0.246094
vt 0.746094 0.003906
vt 0.996094 0.753906
vt 0.996094 0.996094
vt 0.996094 0.003906
vt 0.996094 0.246094
vt 0.746094 0.246094
vt 0.503906 0.246094
vt 0.996094 0.753906
vt 0.996094 0.996094
vt 0.996094 0.003906
vt 0.503906 0.003906
vt 0.785156 0.378906
vt 0.746094 0.375000
vt 0.996094 0.371094
vt 0.875000 0.996094
vt 0.875000 0.753906
vt 0.875000 0.996094
vt 0.875000 0.753906
vt 0.996094 0.125000
vt 0.746094 0.125000
vt 0.503906 0.125000
vt 0.996094 0.125000
vt 0.996094 0.375000
vt 0.503906 0.375000
vt 0.785156 0.378906
vt 0.503906 0.375000
vt 0.996094 0.375000
vt 0.785156 0.378906
vt 0.746094 0.375000
vt 0.746094 0.371094
vt 0.785156 0.378906
vt 0.753906 0.996094
vt 0.753906 0.753906
vt 0.996094 0.753906
vt 0.996094 0.996094
vt 0.753906 0.996094
vt 0.753906 0.753906
vt 0.753906 0.003906
vt 0.996094 0.753906
vt 0.996094 0.996094
vt 0.996094 0.003906
vt 0.875000 0.996094
vt 0.875000 0.753906
vt 0.996094 0.125000
vt 0.753906 0.125000
vt 0.996094 0.996094
vt 0.753906 0.996094
vt 0.753906 0.753906
vt 0.996094 0.753906
vt 0.996094 0.753906
vt 0.996094 0.996094
vt 0.746094 0.003906
vt 0.996094 0.753906
vt 0.996094 0.996094
vt 0.753906 0.996094
vt 0.753906 0.753906
vt 0.996094 0.753906
vt 0.996094 0.996094
vt 0.753906 0.996094
vt 0.753906 0.753906
vt 0.996094 0.753906
vt 0.996094 0.996094
vt 0.753906 0.996094
vt 0.753906 0.753906
vt 0.996094 0.246094
vt 0.753906 0.246094
vt 0.503906 0.246094
vt 0.746094 0.246094
vt 0.996094 0.753906
vt 0.996094 0.996094
vt 0.753906 0.003906
vt 0.746094 0.003906
vt 0.746094 0.246094
vt 0.503906 0.246094
vt 0.996094 0.246094
vt 0.996094 0.246094
vt 0.746094 0.246094
vt 0.503906 0.246094
vt 0.503906 0.003906
vt 0.996094 0.753906
vt 0.996094 0.996094
vt 0.996094 0.003906
vt 0.753906 0.003906
vt 0.996094 0.753906
vt 0.996094 0.996094
vt 0.746094 0.003906
vt 0.753906 0.246094
vt 0.746094 0.246094
vt 0.503906 0.246094
vt 0.996094 0.246094
vt 0.996094 0.753906
vt 0.996094 0.996094
vt 0.996094 0.003906
vt 0.503906 0.003906
vt 0.996094 0.753906
vt 0.996094 0.996094
vt 0.753906 0.996094
vt 0.753906 0.753906
vt 0.503906 0.246094
vt 0.996094 0.246094
vt 0.746094 0.246094
vt 0.785156 0.378906
vt 0.746094 0.375000
vt 0.746094 0.125000
vt 0.753906 0.125000
vt 0.996094 0.125000
vt 0.503906 0.125000
vt 0.746094 0.125000
vt 0.753906 0.125000
vt 0.746094 0.125000
vt 0.996094 0.125000
vt 0.503906 0.125000
vt 0.875000 0.996094
vt 0.875000 0.753906
vt 0.875000 0.996094
vt 0.875000 0.753906
vt 0.875000 0.996094
vt 0.875000 0.753906
vt 0.875000 0.996094
vt 0.875000 0.753906
vt 0.875000 0.996094
vt 0.875000 0.753906
vt 0.785156 0.378906
vt 0.746094 0.375000
vt 0.746094 0.246094
vt 0.996094 0.246094
vt 0.753906 0.246094
vt 0.996094 0.814453
vt 0.808594 0.003906
vt 0.808594 0.246094
vt 0.933594 0.246094
vt 0.875000 0.814453
vt 0.808594 0.125000
vt 0.996094 0.814453
vt 0.753906 0.814453
vt 0.785156 0.378906
vt 0.933594 0.375000
vt 0.753906 0.814453
vt 0.625000 0.003906
vt 0.996094 0.875000
vt 0.753906 0.875000
vt 0.996094 0.875000
vt 0.625000 0.246094
vt 0.625000 0.125000
vt 0.875000 0.875000
vt 0.625000 0.375000
vt 0.785156 0.378906
vt 0.753906 0.875000
vt 0.996094 0.875000
vt 0.871094 0.003906
vt 0.996094 0.875000
vt 0.871094 0.246094
vt 0.871094 0.125000
vt 0.875000 0.875000
vt 0.871094 0.375000
vt 0.785156 0.378906
vt 0.753906 0.875000
vt 0.753906 0.875000
vt 0.996094 0.875000
vt 0.625000 0.003906
vt 0.996094 0.875000
vt 0.625000 0.125000
vt 0.625000 0.246094
vt 0.875000 0.875000
vt 0.625000 0.375000
vt 0.785156 0.378906
vt 0.871094 0.003906
vt 0.996094 0.875000
vt 0.871094 0.246094
vt 0.753906 0.875000
vt 0.996094 0.875000
vt 0.875000 0.875000
vt 0.871094 0.125000
vt 0.871094 0.371094
vt 0.785156 0.378906
vt 0.753906 0.875000
vt 0.875000 0.003906
vt 0.996094 0.875000
vt 0.875000 0.125000
vt 0.875000 0.875000
vt 0.753906 0.875000
vt 0.996094 0.875000
vt 0.871094 0.246094
vt 0.875000 0.246094
vt 0.785156 0.378906
vt 0.871094 0.375000
vt 0.785156 0.378906
vt 0.871094 0.375000
vt 0.753906 0.875000
vt 0.996094 0.875000
vt 0.875000 0.125000
vt 0.875000 0.875000
vt 0.875000 0.003906
vt 0.996094 0.875000
vt 0.871094 0.246094
vt 0.875000 0.246094
vt 0.625000 0.003906
vt 0.996094 0.875000
vt 0.625000 0.246094
vt 0.753906 0.875000
vt 0.996094 0.875000
vt 0.625000 0.125000
vt 0.875000 0.875000
vt 0.785156 0.378906
vt 0.625000 0.375000
vt 0.753906 0.875000
vt 0.996094 0.875000
vt 0.871094 0.003906
vt 0.996094 0.875000
vt 0.871094 0.246094
vt 0.871094 0.125000
vt 0.875000 0.875000
vt 0.785156 0.378906
vt 0.871094 0.375000
vt 0.625000 0.246094
vt 0.753906 0.875000
vt 0.996094 0.875000
vt 0.625000 0.003906
vt 0.996094 0.875000
vt 0.625000 0.125000
vt 0.875000 0.875000
vt 0.785156 0.378906
vt 0.625000 0.375000
vt 0.753906 0.875000
vt 0.753906 0.875000
vt 0.996094 0.875000
vt 0.871094 0.003906
vt 0.996094 0.875000
vt 0.871094 0.246094
vt 0.871094 0.125000
vt 0.875000 0.875000
vt 0.785156 0.378906
vt 0.871094 0.375000
vt 0.753906 0.875000
vt 0.753906 0.875000
vt 0.753906 0.875000
vt 0.753906 0.875000
vt 0.753906 0.875000
vt 0.753906 0.996094
vt 0.753906 0.753906
vt 0.753906 0.996094
vt 0.753906 0.753906
vt 0.753906 0.996094
vt 0.753906 0.753906
vt 0.753906 0.996094
vt 0.753906 0.753906
vt 0.753906 0.753906
vt 0.753906 0.996094
vt 0.746094 0.375000
vt 0.785156 0.378906
vt 0.871094 0.375000
vt 0.785156 0.378906
vt 0.996094 0.375000
vt 0.746094 0.375000
vt 0.785156 0.378906
vt 0.875000 0.875000
vt 0.996094 0.753906
vt 0.996094 0.996094
vt 0.753906 0.996094
vt 0.753906 0.753906
vt 0.503906 0.246094
vt 0.746094 0.246094
vt 0.996094 0.246094
vt 0.996094 0.753906
vt 0.996094 0.996094
vt 0.746094 0.003906
vt 0.871094 0.125000
vt 0.753906 0.753906
vt 0.996094 0.753906
vt 0.996094 0.996094
vt 0.753906 0.996094
vt 0.996094 0.753906
vt 0.996094 0.996094
vt 0.753906 0.996094
vt 0.753906 0.753906
vt 0.996094 0.246094
vt 0.503906 0.246094
vt 0.746094 0.246094
vt 0.996094 0.753906
vt 0.996094 0.996094
vt 0.746094 0.003906
vt 0.503906 0.246094
vt 0.996094 0.246094
vt 0.746094 0.246094
vt 0.996094 0.753906
vt 0.996094 0.996094
vt 0.996094 0.003906
vt 0.503906 0.003906
vt 0.746094 0.125000
vt 0.746094 0.125000
vt 0.996094 0.125000
vt 0.503906 0.125000
vt 0.875000 0.996094
vt 0.875000 0.753906
vt 0.875000 0.996094
vt 0.875000 0.753906
vt 0.875000 0.996094
vt 0.875000 0.753906
vt 0.871094 0.246094
vt 0.996094 0.875000
vt 0.871094 0.003906
vt 0.996094 0.875000
vt 0.753906 0.875000
vt 0.753906 0.875000
vt 0.996094 0.996094
vt 0.753906 0.996094
vt 0.753906 0.753906
vt 0.996094 0.753906
vt 0.996094 0.753906
vt 0.996094 0.996094
vt 0.753906 0.996094
vt 0.753906 0.753906
vt 0.996094 0.246094
vt 0.746094 0.246094
vt 0.746094 0.003906
vt 0.996094 0.753906
vt 0.996094 0.996094
vt 0.996094 0.003906
vt 0.996094 0.246094
vt 0.746094 0.246094
vt 0.503906 0.246094
vt 0.996094 0.753906
vt 0.996094 0.996094
vt 0.996094 0.003906
vt 0.503906 0.003906
vt 0.996094 0.371094
vt 0.746094 0.375000
vt 0.785156 0.378906
vt 0.875000 0.996094
vt 0.875000 0.753906
vt 0.875000 0.996094
vt 0.875000 0.753906
vt 0.996094 0.125000
vt 0.746094 0.125000
vt 0.503906 0.125000
vt 0.996094 0.125000
vt 0.996094 0.375000
vt 0.503906 0.375000
vt 0.785156 0.378906
vt 0.503906 0.375000
vt 0.996094 0.375000
vt 0.785156 0.378906
vt 0.746094 0.375000
vt 0.746094 0.371094
vt 0.785156 0.378906
vt 0.753906 0.996094
vt 0.753906 0.753906
vt 0.996094 0.753906
vt 0.996094 0.996094
vt 0.753906 0.996094
vt 0.753906 0.753906
vt 0.753906 0.003906
vt 0.996094 0.753906
vt 0.996094 0.996094
vt 0.996094 0.003906
vt 0.875000 0.996094
vt 0.875000 0.753906
vt 0.996094 0.125000
vt 0.753906 0.125000
vt 0.746094 0.246094
vt 0.996094 0.246094
vt 0.753906 0.246094
vt 0.996094 0.814453
vt 0.808594 0.003906
vt 0.808594 0.246094
vt 0.933594 0.246094
vt 0.875000 0.814453
vt 0.808594 0.125000
vt 0.996094 0.814453
vt 0.753906 0.814453
vt 0.933594 0.375000
vt 0.785156 0.378906
vt 0.753906 0.814453
vt 0.625000 0.003906
vt 0.996094 0.875000
vt 0.753906 0.875000
vt 0.996094 0.875000
vt 0.625000 0.246094
vt 0.625000 0.125000
vt 0.875000 0.875000
vt 0.625000 0.375000
vt 0.785156 0.378906
vt 0.753906 0.875000
vt 0.996094 0.875000
vt 0.871094 0.003906
vt 0.996094 0.875000
vt 0.871094 0.246094
vt 0.871094 0.125000
vt 0.875000 0.875000
vt 0.871094 0.375000
vt 0.785156 0.378906
vt 0.753906 0.875000
vt 0.753906 0.875000
vt 0.996094 0.875000
vt 0.625000 0.003906
vt 0.996094 0.875000
vt 0.625000 0.125000
vt 0.625000 0.246094
vt 0.875000 0.875000
vt 0.625000 0.375000
vt 0.785156 0.378906
vt 0.871094 0.003906
vt 0.996094 0.875000
vt 0.871094 0.246094
vt 0.753906 0.875000
vt 0.996094 0.875000
vt 0.875000 0.875000
vt 0.871094 0.125000
vt 0.871094 0.371094
vt 0.785156 0.378906
vt 0.753906 0.875000
vt 0.875000 0.003906
vt 0.996094 0.875000
vt 0.875000 0.125000
vt 0.875000 0.875000
vt 0.753906 0.875000
vt 0.996094 0.875000
vt 0.871094 0.246094
vt 0.875000 0.246094
vt 0.871094 0.375000
vt 0.785156 0.378906
vt 0.871094 0.375000
vt 0.785156 0.378906
vt 0.753906 0.875000
vt 0.996094 0.875000
vt 0.875000 0.125000
vt 0.875000 0.875000
vt 0.875000 0.003906
vt 0.996094 0.875000
vt 0.871094 0.246094
vt 0.875000 0.246094
vt 0.785156 0.378906
vt 0.785156 0.378906
vt 0.785156 0.378906
vt 0.785156 0.378906
vt 0.785156 0.378906
vt 0.785156 0.378906
vt 0.785156 0.378906
vt 0.785156 0.378906
vt 0.785156 0.378906
vt 0.785156 0.378906
vt 0.785156 0.378906
vt 0.785156 0.378906
vt 0.785156 0.378906
vt 0.785156 0.378906
vt 0.753906 0.753906
vt 0.753906 0.814453
vt 0.753906 0.875000
vt 0.753906 0.875000
vt 0.753906 0.875000
vt 0.753906 0.875000
vt 0.753906 0.753906
vt 0.753906 0.996094
vt 0.753906 0.996094
vt 0.753906 0.753906
vt 0.753906 0.996094
vt 0.753906 0.753906
vt 0.753906 0.996094
vt 0.753906 0.753906
vt 0.753906 0.753906
vt 0.753906 0.996094
vt 0.746094 0.375000
vt 0.785156 0.378906
vt 0.871094 0.375000
vt 0.996094 0.375000
vt 0.785156 0.378906
vt 0.785156 0.378906
vt 0.996094 0.375000
vt 0.933594 0.375000
vt 0.785400 0.379048
vt 0.996094 0.375000
vt 0.785156 0.378906
vt 0.746094 0.375000
vt 0.875000 0.875000
vt 0.875000 0.753906
vt 0.996094 0.753906
vt 0.996094 0.996094
vt 0.753906 0.996094
vt 0.753906 0.753906
vt 0.503906 0.246094
vt 0.746094 0.246094
vt 0.996094 0.246094
vt 0.996094 0.753906
vt 0.996094 0.996094
vt 0.746094 0.003906
vt 0.871094 0.125000
vt 0.753906 0.125000
vt 0.753906 0.753906
vt 0.996094 0.996094
vt 0.753906 0.996094
vt 0.996094 0.753906
vt 0.996094 0.753906
vt 0.996094 0.996094
vt 0.753906 0.996094
vt 0.753906 0.753906
vt 0.996094 0.246094
vt 0.503906 0.246094
vt 0.746094 0.246094
vt 0.996094 0.753906
vt 0.996094 0.996094
vt 0.746094 0.003906
vt 0.996094 0.246094
vt 0.746094 0.246094
vt 0.503906 0.246094
vt 0.503906 0.003906
vt 0.996094 0.753906
vt 0.996094 0.996094
vt 0.996094 0.003906
vt 0.746094 0.125000
vt 0.746094 0.125000
vt 0.996094 0.125000
vt 0.503906 0.125000
vt 0.875000 0.996094
vt 0.875000 0.753906
vt 0.875000 0.996094
vt 0.875000 0.753906
vt 0.875000 0.996094
vt 0.875000 0.753906
vt 0.996094 0.246094
vt 0.871094 0.246094
vt 0.753906 0.246094
vt 0.753906 0.003906
vt 0.996094 0.753906
vt 0.871094 0.003906
vt 0.996094 0.875000
vt 0.753906 0.875000
vt 0.996094 0.875000
vt 0.753906 0.753906
vt 0.996094 0.753906
vt 0.753906 0.753906
vt 0.753906 0.875000
vt 0.996094 0.996094
vt 0.753906 0.996094
vt 0.753906 0.753906
vt 0.996094 0.753906
vt 0.996094 0.753906
vt 0.996094 0.996094
vt 0.753906 0.996094
vt 0.753906 0.753906
vt 0.996094 0.246094
vt 0.746094 0.246094
vt 0.746094 0.003906
vt 0.996094 0.753906
vt 0.996094 0.996094
vt 0.996094 0.003906
vt 0.996094 0.246094
vt 0.746094 0.246094
vt 0.503906 0.246094
vt 0.503906 0.003906
vt 0.996094 0.753906
vt 0.996094 0.996094
vt 0.996094 0.003906
vt 0.996094 0.371094
vt 0.785156 0.378906
vt 0.746094 0.375000
vt 0.875000 0.996094
vt 0.875000 0.753906
vt 0.875000 0.996094
vt 0.875000 0.753906
vt 0.996094 0.125000
vt 0.746094 0.125000
vt 0.996094 0.125000
vt 0.503906 0.125000
vt 0.996094 0.375000
vt 0.503906 0.375000
vt 0.785156 0.378906
vt 0.503906 0.375000
vt 0.996094 0.375000
vt 0.785156 0.378906
vt 0.746094 0.375000
vt 0.746094 0.371094
vt 0.785156 0.378906
vt 0.753906 0.996094
vt 0.753906 0.753906
vt 0.996094 0.753906
vt 0.996094 0.996094
vt 0.753906 0.996094
vt 0.753906 0.753906
vt 0.996094 0.753906
vt 0.996094 0.996094
vt 0.996094 0.003906
vt 0.753906 0.003906
vt 0.875000 0.996094
vt 0.875000 0.753906
vt 0.753906 0.125000
vt 0.996094 0.125000
vt 0.996094 0.753906
vt 0.753906 0.003906
vt 0.996094 0.814453
vt 0.808594 0.003906
vt 0.996094 0.246094
vt 0.753906 0.246094
vt 0.808594 0.246094
vt 0.933594 0.246094
vt 0.996094 0.753906
vt 0.753906 0.753906
vt 0.996094 0.814453
vt 0.753906 0.814453
vt 0.753906 0.125000
vt 0.808594 0.125000
vt 0.875000 0.753906
vt 0.875000 0.814453
vt 0.746094 0.246094
vt 0.996094 0.246094
vt 0.753906 0.246094
vt 0.996094 0.814453
vt 0.808594 0.003906
vt 0.808594 0.246094
vt 0.933594 0.246094
vt 0.875000 0.814453
vt 0.808594 0.125000
vt 0.996094 0.814453
vt 0.753906 0.814453
vt 0.785156 0.378906
vt 0.933594 0.375000
vt 0.753906 0.814453
vt 0.625000 0.003906
vt 0.996094 0.875000
vt 0.753906 0.875000
vt 0.996094 0.875000
vt 0.625000 0.246094
vt 0.625000 0.125000
vt 0.875000 0.875000
vt 0.625000 0.375000
vt 0.785156 0.378906
vt 0.753906 0.875000
vt 0.996094 0.875000
vt 0.871094 0.003906
vt 0.996094 0.875000
vt 0.871094 0.246094
vt 0.871094 0.125000
vt 0.875000 0.875000
vt 0.871094 0.375000
vt 0.785156 0.378906
vt 0.753906 0.875000
vt 0.753906 0.875000
vt 0.996094 0.875000
vt 0.625000 0.003906
vt 0.996094 0.875000
vt 0.625000 0.125000
vt 0.625000 0.246094
vt 0.875000 0.875000
vt 0.625000 0.375000
vt 0.785156 0.378906
vt 0.871094 0.003906
vt 0.996094 0.875000
vt 0.871094 0.246094
vt 0.753906 0.875000
vt 0.996094 0.875000
vt 0.875000 0.875000
vt 0.871094 0.125000
vt 0.785156 0.378906
vt 0.871094 0.371094
vt 0.753906 0.875000
vt 0.875000 0.003906
vt 0.996094 0.875000
vt 0.875000 0.125000
vt 0.875000 0.875000
vt 0.753906 0.875000
vt 0.996094 0.875000
vt 0.871094 0.246094
vt 0.875000 0.246094
vt 0.785156 0.378906
vt 0.871094 0.375000
vt 0.785156 0.378906
vt 0.871094 0.375000
vt 0.753906 0.875000
vt 0.996094 0.875000
vt 0.875000 0.125000
vt 0.875000 0.875000
vt 0.875000 0.003906
vt 0.996094 0.875000
vt 0.871094 0.246094
vt 0.875000 0.246094
vt 0.753906 0.875000
vt 0.753906 0.875000
vt 0.753906 0.875000
vt 0.753906 0.875000
vt 0.753906 0.753906
vt 0.753906 0.996094
vt 0.753906 0.996094
vt 0.753906 0.753906
vt 0.753906 0.996094
vt 0.753906 0.753906
vt 0.753906 0.996094
vt 0.753906 0.753906
vt 0.753906 0.753906
vt 0.753906 0.996094
vt 0.746094 0.375000
vt 0.785156 0.378906
vt 0.746094 0.375000
vt 0.996094 0.375000
vt 0.785156 0.378906
vt 0.996094 0.753906
vt 0.996094 0.996094
vt 0.753906 0.996094
vt 0.753906 0.753906
vt 0.503906 0.246094
vt 0.746094 0.246094
vt 0.996094 0.246094
vt 0.996094 0.753906
vt 0.996094 0.996094
vt 0.746094 0.003906
vt 0.753906 0.753906
vt 0.996094 0.996094
vt 0.753906 0.996094
vt 0.996094 0.753906
vt 0.996094 0.753906
vt 0.996094 0.996094
vt 0.753906 0.996094
vt 0.753906 0.753906
vt 0.996094 0.246094
vt 0.503906 0.246094
vt 0.746094 0.246094
vt 0.996094 0.753906
vt 0.996094 0.996094
vt 0.746094 0.003906
vt 0.503906 0.246094
vt 0.996094 0.246094
vt 0.746094 0.246094
vt 0.996094 0.996094
vt 0.996094 0.003906
vt 0.503906 0.003906
vt 0.996094 0.753906
vt 0.746094 0.125000
vt 0.746094 0.125000
vt 0.996094 0.125000
vt 0.503906 0.125000
vt 0.875000 0.996094
vt 0.875000 0.753906
vt 0.875000 0.996094
vt 0.875000 0.753906
vt 0.875000 0.996094
vt 0.875000 0.753906
vt 0.996094 0.996094
vt 0.753906 0.996094
vt 0.753906 0.753906
vt 0.996094 0.753906
vt 0.996094 0.753906
vt 0.996094 0.996094
vt 0.753906 0.996094
vt 0.753906 0.753906
vt 0.996094 0.246094
vt 0.746094 0.246094
vt 0.746094 0.003906
vt 0.996094 0.753906
vt 0.996094 0.996094
vt 0.996094 0.003906
vt 0.996094 0.246094
vt 0.746094 0.246094
vt 0.503906 0.246094
vt 0.503906 0.003906
vt 0.996094 0.753906
vt 0.996094 0.996094
vt 0.996094 0.003906
vt 0.746094 0.375000
vt 0.996094 0.371094
vt 0.785156 0.378906
vt 0.875000 0.996094
vt 0.875000 0.753906
vt 0.875000 0.996094
vt 0.875000 0.753906
vt 0.996094 0.125000
vt 0.746094 0.125000
vt 0.996094 0.125000
vt 0.503906 0.125000
vt 0.996094 0.375000
vt 0.503906 0.375000
vt 0.785156 0.378906
vt 0.503906 0.375000
vt 0.996094 0.375000
vt 0.785156 0.378906
vt 0.746094 0.375000
vt 0.746094 0.371094
vt 0.785156 0.378906
vt 0.753906 0.996094
vt 0.753906 0.753906
vt 0.996094 0.753906
vt 0.996094 0.996094
vt 0.753906 0.996094
vt 0.753906 0.753906
vt 0.753906 0.003906
vt 0.996094 0.753906
vt 0.996094 0.996094
vt 0.996094 0.003906
vt 0.875000 0.996094
vt 0.875000 0.753906
vt 0.996094 0.125000
vt 0.753906 0.125000
vt 0.996094 0.246094
vt 0.746094 0.246094
vt 0.753906 0.246094
vt 0.996094 0.814453
vt 0.808594 0.003906
vt 0.808594 0.246094
vt 0.933594 0.246094
vt 0.875000 0.814453
vt 0.808594 0.125000
vt 0.996093 0.814453
vt 0.753906 0.814453
vt 0.933594 0.375000
vt 0.785156 0.378906
vt 0.753906 0.814453
vt 0.625000 0.003906
vt 0.996094 0.875000
vt 0.753906 0.875000
vt 0.996094 0.875000
vt 0.625000 0.246094
vt 0.625000 0.125000
vt 0.875000 0.875000
vt 0.625000 0.375000
vt 0.785156 0.378906
vt 0.753906 0.875000
vt 0.996094 0.875000
vt 0.871094 0.003906
vt 0.996094 0.875000
vt 0.871094 0.246094
vt 0.871094 0.125000
vt 0.875000 0.875000
vt 0.871094 0.375000
vt 0.785156 0.378906
vt 0.753906 0.875000
vt 0.753906 0.875000
vt 0.996094 0.875000
vt 0.625000 0.003906
vt 0.996094 0.875000
vt 0.625000 0.125000
vt 0.625000 0.246094
vt 0.875000 0.875000
vt 0.625000 0.375000
vt 0.785156 0.378906
vt 0.871094 0.003906
vt 0.996094 0.875000
vt 0.871094 0.246094
vt 0.753906 0.875000
vt 0.996094 0.875000
vt 0.875000 0.875000
vt 0.871094 0.125000
vt 0.871094 0.371094
vt 0.785156 0.378906
vt 0.753906 0.875000
vt 0.875000 0.003906
vt 0.996094 0.875000
vt 0.875000 0.125000
vt 0.875000 0.875000
vt 0.753906 0.875000
vt 0.996094 0.875000
vt 0.871094 0.246094
vt 0.875000 0.246094
vt 0.871094 0.375000
vt 0.785156 0.378906
vt 0.871094 0.375000
vt 0.785156 0.378906
vt 0.753906 0.875000
vt 0.996094 0.875000
vt 0.875000 0.125000
vt 0.875000 0.875000
vt 0.875000 0.003906
vt 0.996094 0.875000
vt 0.871094 0.246094
vt 0.875000 0.246094
vt 0.785156 0.378906
vt 0.785156 0.378906
vt 0.785156 0.378906
vt 0.503906 0.937500
vt 0.746094 0.937500
vt 0.628906 0.937500
vt 0.628906 0.937500
vt 0.753906 0.875000
vt 0.746094 0.937500
vt 0.996094 0.875000
vt 0.875000 0.875000
vt 0.653906 0.125000
vt 0.785156 0.378906
vt 0.600781 0.375000
vt 0.753906 0.899219
vt 0.996094 0.814453
vt 0.653906 0.003906
vt 0.996094 0.899219
vt 0.753906 0.814453
vt 0.996094 0.814453
vt 0.564453 0.125000
vt 0.685547 0.375000
vt 0.785156 0.378906
vt 0.566406 0.753906
vt 2.273438 -0.601562
vt 0.785156 0.378906
vt 0.896484 0.371094
vt 0.896484 0.246094
vt 0.673828 0.246094
vt 0.785156 0.378906
vt 0.996094 0.814453
vt 0.808594 0.003906
vt 0.808594 0.246094
vt 0.933594 0.246094
vt 0.785156 0.378906
vt 0.933594 0.375000
vt 0.996094 0.814453
vt 0.753906 0.814453
vt 0.875000 0.814453
vt 0.808594 0.125000
vt 0.785156 0.378906
vt 0.785156 0.378906
vt 0.785156 0.378906
vt 0.808594 0.375000
vt 0.753906 0.935547
vt 0.996094 0.935547
vt 0.875000 0.935547
vt 0.933594 0.125000
vt 0.753906 0.905273
vt 0.566406 0.878906
vt 0.933594 0.003906
vt 0.996094 0.935547
vt 0.808594 0.246094
vt 0.933594 0.246094
vt 0.785156 0.378906
vt 0.785156 0.378906
vt 0.785156 0.378906
vt 0.785156 0.378906
vt 0.839844 0.375000
vt 0.753906 0.905273
vt 0.996094 0.905273
vt 0.875000 0.905274
vt 0.902344 0.125000
vt 0.753906 0.753906
vt 0.753906 0.996094
vt 0.753906 0.996094
vt 0.753906 0.753906
vt 0.753906 0.875000
vt 0.753906 0.875000
vt 0.753906 0.875000
vt 0.753906 0.875000
vt 0.753906 0.875000
vt 0.753906 0.753906
vt 0.753906 0.996094
vt 0.753906 0.996094
vt 0.753906 0.753906
vt 0.753906 0.996094
vt 0.753906 0.753906
vt 0.753906 0.996094
vt 0.753906 0.753906
vt 0.753906 0.753906
vt 0.753906 0.996094
vt 0.785156 0.378906
vt 0.746094 0.375000
vt 0.996094 0.375000
vt 0.785156 0.378906
vt 0.871094 0.375000
vt 0.996094 0.375000
vt 0.503906 0.375000
vt 0.785156 0.378906
vt 0.996094 0.375000
vt 0.746094 0.375000
vt 0.785156 0.378906
vt 0.875000 0.875000
vt 0.875000 0.753906
vt 0.996094 0.753906
vt 0.996094 0.996094
vt 0.753906 0.996094
vt 0.753906 0.753906
vt 0.503906 0.246094
vt 0.746094 0.246094
vt 0.996094 0.246094
vt 0.996094 0.753906
vt 0.996094 0.996094
vt 0.746094 0.003906
vt 0.871094 0.125000
vt 0.753906 0.125000
vt 0.753906 0.753906
vt 0.996094 0.996094
vt 0.753906 0.996094
vt 0.996094 0.753906
vt 0.996094 0.753906
vt 0.996094 0.996094
vt 0.753906 0.996094
vt 0.753906 0.753906
vt 0.996094 0.246094
vt 0.503906 0.246094
vt 0.746094 0.246094
vt 0.996094 0.753906
vt 0.996094 0.996094
vt 0.746094 0.003906
vt 0.503906 0.246094
vt 0.996094 0.246094
vt 0.746094 0.246094
vt 0.503906 0.003906
vt 0.996094 0.753906
vt 0.996094 0.996094
vt 0.996094 0.003906
vt 0.746094 0.125000
vt 0.746094 0.125000
vt 0.996094 0.125000
vt 0.503906 0.125000
vt 0.875000 0.996094
vt 0.875000 0.753906
vt 0.875000 0.996094
vt 0.875000 0.753906
vt 0.875000 0.996094
vt 0.875000 0.753906
vt 0.753906 0.246094
vt 0.871094 0.246094
vt 0.996094 0.246094
vt 0.996094 0.753906
vt 0.871094 0.003906
vt 0.996094 0.875000
vt 0.753906 0.003906
vt 0.996094 0.753906
vt 0.753906 0.875000
vt 0.996094 0.875000
vt 0.753906 0.753906
vt 0.753906 0.875000
vt 0.753906 0.753906
vt 0.996094 0.996094
vt 0.753906 0.996094
vt 0.753906 0.753906
vt 0.996094 0.753906
vt 0.996094 0.753906
vt 0.996094 0.996094
vt 0.753906 0.996094
vt 0.753906 0.753906
vt 0.996094 0.246094
vt 0.746094 0.246094
vt 0.996094 0.753906
vt 0.996094 0.996094
vt 0.996094 0.003906
vt 0.746094 0.003906
vt 0.503906 0.246094
vt 0.996094 0.246094
vt 0.746094 0.246094
vt 0.996094 0.753906
vt 0.996094 0.996094
vt 0.996094 0.003906
vt 0.503906 0.003906
vt 0.746094 0.375000
vt 0.996094 0.371094
vt 0.785156 0.378906
vt 0.875000 0.996094
vt 0.875000 0.753906
vt 0.875000 0.996094
vt 0.875000 0.753906
vt 0.746094 0.125000
vt 0.996094 0.125000
vt 0.996094 0.125000
vt 0.503906 0.125000
vt 0.996094 0.375000
vt 0.785156 0.378906
vt 0.503906 0.375000
vt 0.785156 0.378906
vt 0.503906 0.375000
vt 0.996094 0.375000
vt 0.746094 0.375000
vt 0.746094 0.371094
vt 0.785156 0.378906
vt 0.753906 0.996094
vt 0.753906 0.753906
vt 0.996094 0.753906
vt 0.996094 0.996094
vt 0.753906 0.996094
vt 0.753906 0.753906
vt 0.753906 0.003906
vt 0.996094 0.753906
vt 0.996094 0.996094
vt 0.996094 0.003906
vt 0.875000 0.996094
vt 0.875000 0.753906
vt 0.996094 0.125000
vt 0.753906 0.125000
vt 0.996094 0.996094
vt 0.753906 0.996094
vt 0.753906 0.753906
vt 0.996094 0.753906
vt 0.996094 0.753906
vt 0.996094 0.996094
vt 0.746094 0.003906
vt 0.753906 0.003906
vt 0.753906 0.246094
vt 0.746094 0.246094
vt 0.503906 0.246094
vt 0.996094 0.246094
vt 0.996094 0.753906
vt 0.996094 0.996094
vt 0.996094 0.003906
vt 0.503906 0.003906
vt 0.996094 0.753906
vt 0.996094 0.996094
vt 0.753906 0.996094
vt 0.753906 0.753906
vt 0.503906 0.246094
vt 0.996094 0.246094
vt 0.746094 0.246094
vt 0.746094 0.375000
vt 0.785156 0.378906
vt 0.746094 0.125000
vt 0.753906 0.125000
vt 0.996094 0.125000
vt 0.503906 0.125000
vt 0.875000 0.996094
vt 0.875000 0.753906
vt 0.875000 0.996094
vt 0.875000 0.753906
vt 0.746094 0.246094
vt 0.996094 0.246094
vt 0.753906 0.246094
vt 0.996094 0.814453
vt 0.808594 0.003906
vt 0.808594 0.246094
vt 0.933594 0.246094
vt 0.875000 0.814453
vt 0.808594 0.125000
vt 0.996094 0.814453
vt 0.753906 0.814453
vt 0.785156 0.378906
vt 0.933594 0.375000
vt 0.753906 0.814453
vt 0.625000 0.003906
vt 0.996094 0.875000
vt 0.753906 0.875000
vt 0.996094 0.875000
vt 0.625000 0.246094
vt 0.625000 0.125000
vt 0.875000 0.875000
vt 0.785156 0.378906
vt 0.625000 0.375000
vt 0.753906 0.875000
vt 0.996094 0.875000
vt 0.871094 0.003906
vt 0.996094 0.875000
vt 0.871094 0.246094
vt 0.871094 0.125000
vt 0.875000 0.875000
vt 0.785156 0.378906
vt 0.871094 0.375000
vt 0.753906 0.875000
vt 0.753906 0.875000
vt 0.996094 0.875000
vt 0.625000 0.003906
vt 0.996094 0.875000
vt 0.625000 0.125000
vt 0.625000 0.246094
vt 0.875000 0.875000
vt 0.785156 0.378906
vt 0.625000 0.375000
vt 0.871094 0.003906
vt 0.996094 0.875000
vt 0.871094 0.246094
vt 0.753906 0.875000
vt 0.996094 0.875000
vt 0.875000 0.875000
vt 0.871094 0.125000
vt 0.871094 0.371094
vt 0.785156 0.378906
vt 0.753906 0.875000
vt 0.875000 0.003906
vt 0.996094 0.875000
vt 0.875000 0.125000
vt 0.875000 0.875000
vt 0.753906 0.875000
vt 0.996094 0.875000
vt 0.871094 0.246094
vt 0.875000 0.246094
vt 0.871094 0.375000
vt 0.785156 0.378906
vt 0.871094 0.375000
vt 0.785156 0.378906
vt 0.753906 0.875000
vt 0.996094 0.875000
vt 0.875000 0.125000
vt 0.875000 0.875000
vt 0.875000 0.003906
vt 0.996094 0.875000
vt 0.871094 0.246094
vt 0.875000 0.246094
vt 0.625000 0.003906
vt 0.996094 0.875000
vt 0.625000 0.246094
vt 0.753906 0.875000
vt 0.996094 0.875000
vt 0.625000 0.125000
vt 0.875000 0.875000
vt 0.625000 0.375000
vt 0.785156 0.378906
vt 0.753906 0.875000
vt 0.753906 0.875000
vt 0.753906 0.875000
vt 0.753906 0.875000
vt 0.753906 0.996094
vt 0.753906 0.753906
vt 0.753906 0.996094
vt 0.753906 0.753906
vt 0.753906 0.996094
vt 0.753906 0.753906
vt 0.753906 0.996094
vt 0.753906 0.753906
vt 0.753906 0.753906
vt 0.753906 0.996094
vt 0.785156 0.378906
vt 0.746094 0.375000
vt 0.785156 0.378906
vt 0.871094 0.375000
vt 0.996094 0.375000
vt 0.996094 0.375000
vt 0.785156 0.378906
vt 0.746094 0.375000
vt 0.875000 0.875000
vt 0.875000 0.753906
vt 0.996094 0.753906
vt 0.996094 0.996094
vt 0.753906 0.996094
vt 0.753906 0.753906
vt 0.746094 0.246094
vt 0.503906 0.246094
vt 0.996094 0.246094
vt 0.996094 0.753906
vt 0.996094 0.996094
vt 0.746094 0.003906
vt 0.871094 0.125000
vt 0.753906 0.125000
vt 0.996094 0.753906
vt 0.996094 0.996094
vt 0.753906 0.996094
vt 0.753906 0.753906
vt 0.996094 0.753906
vt 0.996094 0.996094
vt 0.753906 0.996094
vt 0.753906 0.753906
vt 0.996094 0.246094
vt 0.503906 0.246094
vt 0.746094 0.246094
vt 0.996094 0.753906
vt 0.996094 0.996094
vt 0.746094 0.003906
vt 0.996094 0.246094
vt 0.746094 0.246094
vt 0.503906 0.246094
vt 0.996094 0.753906
vt 0.996094 0.996094
vt 0.996094 0.003906
vt 0.503906 0.003906
vt 0.746094 0.125000
vt 0.746094 0.125000
vt 0.503906 0.125000
vt 0.996094 0.125000
vt 0.875000 0.996094
vt 0.875000 0.753906
vt 0.875000 0.996094
vt 0.875000 0.753906
vt 0.875000 0.996094
vt 0.875000 0.753906
vt 0.996094 0.246094
vt 0.871094 0.246094
vt 0.753906 0.246094
vt 0.753906 0.003906
vt 0.996094 0.753906
vt 0.871094 0.003906
vt 0.996094 0.875000
vt 0.996094 0.753906
vt 0.753906 0.875000
vt 0.996094 0.875000
vt 0.753906 0.753906
vt 0.753906 0.875000
vt 0.753906 0.753906
vt 0.996094 0.996094
vt 0.753906 0.996094
vt 0.753906 0.753906
vt 0.996094 0.753906
vt 0.996094 0.753906
vt 0.996094 0.996094
vt 0.753906 0.996094
vt 0.753906 0.753906
vt 0.996094 0.246094
vt 0.746094 0.246094
vt 0.746094 0.003906
vt 0.996094 0.753906
vt 0.996094 0.996094
vt 0.996094 0.003906
vt 0.996094 0.246094
vt 0.746094 0.246094
vt 0.503906 0.246094
vt 0.996094 0.753906
vt 0.996094 0.996094
vt 0.996094 0.003906
vt 0.503906 0.003906
vt 0.996094 0.371094
vt 0.785156 0.378906
vt 0.746094 0.375000
vt 0.875000 0.996094
vt 0.875000 0.753906
vt 0.875000 0.996094
vt 0.875000 0.753906
vt 0.996094 0.125000
vt 0.746094 0.125000
vt 0.503906 0.125000
vt 0.996094 0.125000
vt 0.996094 0.375000
vt 0.785156 0.378906
vt 0.503906 0.375000
vt 0.785156 0.378906
vt 0.503906 0.375000
vt 0.996094 0.375000
vt 0.746094 0.375000
vt 0.785156 0.378906
vt 0.746094 0.371094
vt 0.753906 0.996094
vt 0.753906 0.753906
vt 0.996094 0.753906
vt 0.996094 0.996094
vt 0.753906 0.996094
vt 0.753906 0.753906
vt 0.753906 0.003906
vt 0.996094 0.753906
vt 0.996094 0.996094
vt 0.996094 0.003906
vt 0.875000 0.996094
vt 0.875000 0.753906
vt 0.996094 0.125000
vt 0.753906 0.125000
vt 0.746094 0.246094
vt 0.996094 0.246094
vt 0.753906 0.246094
vt 0.996094 0.814453
vt 0.808594 0.003906
vt 0.808594 0.246094
vt 0.933594 0.246094
vt 0.875000 0.814453
vt 0.808594 0.125000
vt 0.996094 0.814453
vt 0.753906 0.814453
vt 0.785156 0.378906
vt 0.933594 0.375000
vt 0.753906 0.814453
vt 0.625000 0.003906
vt 0.996094 0.875000
vt 0.753906 0.875000
vt 0.996094 0.875000
vt 0.625000 0.246094
vt 0.625000 0.125000
vt 0.875000 0.875000
vt 0.785156 0.378906
vt 0.625000 0.375000
vt 0.753906 0.875000
vt 0.996094 0.875000
vt 0.871094 0.003906
vt 0.996094 0.875000
vt 0.871094 0.246094
vt 0.871094 0.125000
vt 0.875000 0.875000
vt 0.785156 0.378906
vt 0.871094 0.375000
vt 0.753906 0.875000
vt 0.753906 0.875000
vt 0.996094 0.875000
vt 0.625000 0.003906
vt 0.996094 0.875000
vt 0.625000 0.125000
vt 0.625000 0.246094
vt 0.875000 0.875000
vt 0.785156 0.378906
vt 0.625000 0.375000
vt 0.871094 0.003906
vt 0.996094 0.875000
vt 0.871094 0.246094
vt 0.753906 0.875000
vt 0.996094 0.875000
vt 0.875000 0.875000
vt 0.871094 0.125000
vt 0.785156 0.378906
vt 0.871094 0.371094
vt 0.753906 0.875000
vt 0.875000 0.003906
vt 0.996094 0.875000
vt 0.875000 0.125000
vt 0.875000 0.875000
vt 0.753906 0.875000
vt 0.996094 0.875000
vt 0.871094 0.246094
vt 0.875000 0.246094
vt 0.785156 0.378906
vt 0.871094 0.375000
vt 0.785156 0.378906
vt 0.871094 0.375000
vt 0.753906 0.875000
vt 0.996094 0.875000
vt 0.875000 0.125000
vt 0.875000 0.875000
vt 0.875000 0.003906
vt 0.996094 0.875000
vt 0.871094 0.246094
vt 0.875000 0.246094
vt 0.753906 0.875000
vt 0.753906 0.875000
vt 0.753906 0.875000
vt 0.753906 0.875000
vt 0.753906 0.753906
vt 0.753906 0.996094
vt 0.753906 0.996094
vt 0.753906 0.753906
vt 0.753906 0.996094
vt 0.753906 0.753906
vt 0.753906 0.753906
vt 0.753906 0.996094
vt 0.753906 0.753906
vt 0.753906 0.996094
vt 0.746094 0.375000
vt 0.785400 0.379048
vt 0.996094 0.375000
vt 0.785156 0.378906
vt 0.746094 0.375000
vt 0.753906 0.753906
vt 0.996094 0.996094
vt 0.753906 0.996094
vt 0.996094 0.753906
vt 0.996094 0.246094
vt 0.503906 0.246094
vt 0.746094 0.246094
vt 0.996094 0.753906
vt 0.996094 0.996094
vt 0.746094 0.003906
vt 0.753906 0.753906
vt 0.996094 0.996094
vt 0.753906 0.996094
vt 0.996094 0.753906
vt 0.996094 0.753906
vt 0.996094 0.996094
vt 0.753906 0.996094
vt 0.753906 0.753906
vt 0.996094 0.246094
vt 0.503906 0.246094
vt 0.746094 0.246094
vt 0.996094 0.753906
vt 0.996094 0.996094
vt 0.746094 0.003906
vt 0.996094 0.246094
vt 0.746094 0.246094
vt 0.503906 0.246094
vt 0.503906 0.003906
vt 0.996094 0.753906
vt 0.996094 0.996094
vt 0.996094 0.003906
vt 0.746094 0.125000
vt 0.746094 0.125000
vt 0.996094 0.125000
vt 0.503906 0.125000
vt 0.875000 0.996094
vt 0.875000 0.753906
vt 0.875000 0.996094
vt 0.875000 0.753906
vt 0.875000 0.996094
vt 0.875000 0.753906
vt 0.996094 0.996094
vt 0.753906 0.996094
vt 0.753906 0.753906
vt 0.996094 0.753906
vt 0.996094 0.753906
vt 0.996094 0.996094
vt 0.753906 0.996094
vt 0.753906 0.753906
vt 0.996094 0.246094
vt 0.746094 0.246094
vt 0.746094 0.003906
vt 0.996094 0.753906
vt 0.996094 0.996094
vt 0.996094 0.003906
vt 0.996094 0.246094
vt 0.746094 0.246094
vt 0.503906 0.246094
vt 0.503906 0.003906
vt 0.996094 0.753906
vt 0.996094 0.996094
vt 0.996094 0.003906
vt 0.996094 0.371094
vt 0.785156 0.378906
vt 0.746094 0.375000
vt 0.875000 0.996094
vt 0.875000 0.753906
vt 0.875000 0.996094
vt 0.875000 0.753906
vt 0.996094 0.125000
vt 0.746094 0.125000
vt 0.996094 0.125000
vt 0.503906 0.125000
vt 0.503906 0.375000
vt 0.996094 0.375000
vt 0.785400 0.379048
vt 0.503906 0.375000
vt 0.996094 0.375000
vt 0.785400 0.379048
vt 0.746094 0.375000
vt 0.785156 0.378906
vt 0.746094 0.371094
vt 0.785400 0.379048
vt 0.753906 0.996094
vt 0.753906 0.753906
vt 0.996094 0.753906
vt 0.996094 0.996094
vt 0.753906 0.996094
vt 0.753906 0.753906
vt 0.996094 0.753906
vt 0.996094 0.996094
vt 0.996094 0.003906
vt 0.753906 0.003906
vt 0.875000 0.996094
vt 0.875000 0.753906
vt 0.753906 0.125000
vt 0.996094 0.125000
vt 0.746094 0.246094
vt 0.996094 0.246094
vt 0.753906 0.246094
vt 0.625000 0.003906
vt 0.996094 0.875000
vt 0.753906 0.875000
vt 0.996094 0.875000
vt 0.625000 0.246094
vt 0.625000 0.125000
vt 0.875000 0.875000
vt 0.625000 0.375000
vt 0.785400 0.379048
vt 0.753906 0.875000
vt 0.996094 0.875000
vt 0.871094 0.003906
vt 0.996094 0.875000
vt 0.871094 0.246094
vt 0.871094 0.125000
vt 0.875000 0.875000
vt 0.871094 0.375000
vt 0.785400 0.379048
vt 0.753906 0.875000
vt 0.753906 0.875000
vt 0.996094 0.875000
vt 0.625000 0.003906
vt 0.996094 0.875000
vt 0.625000 0.125000
vt 0.625000 0.246094
vt 0.875000 0.875000
vt 0.625000 0.375000
vt 0.785400 0.379048
vt 0.871094 0.003906
vt 0.996094 0.875000
vt 0.871094 0.246094
vt 0.753906 0.875000
vt 0.996094 0.875000
vt 0.875000 0.875000
vt 0.871094 0.125000
vt 0.785156 0.378906
vt 0.871094 0.371094
vt 0.753906 0.875000
vt 0.875000 0.003906
vt 0.996094 0.875000
vt 0.875000 0.125000
vt 0.875000 0.875000
vt 0.753906 0.875000
vt 0.996094 0.875000
vt 0.871094 0.246094
vt 0.875000 0.246094
vt 0.785156 0.378906
vt 0.871094 0.375000
vt 0.785156 0.378906
vt 0.871094 0.375000
vt 0.753906 0.875000
vt 0.996094 0.875000
vt 0.875000 0.125000
vt 0.875000 0.875000
vt 0.875000 0.003906
vt 0.996094 0.875000
vt 0.871094 0.246094
vt 0.875000 0.246094
vt 0.785156 0.378906
s 1
f 49/74 7/13 20/39
f 49/76 3/5 4/7
f 49/73 5/9 3/5
f 49/75 1/1 2/3
f 45/69 17/34 41/65
f 41/65 15/30 43/67
f 42/66 13/26 39/63
f 43/67 16/32 42/66
f 48/72 20/40 38/62
f 48/72 22/44 19/38
f 23/46 44/68 46/70
f 24/48 46/70 40/64
f 47/71 21/42 22/44
f 37/61 24/48 40/64
f 37/61 13/26 14/28
f 12/24 45/69 36/60
f 49/80 14/27 13/25
f 49/73 16/31 15/29
f 49/79 15/29 17/33
f 49/74 18/35 12/23
f 49/77 20/39 19/37
f 49/78 22/43 21/41
f 49/76 13/25 16/31
f 49/77 17/33 18/35
f 49/76 21/41 23/45
f 49/80 23/45 24/47
f 49/79 19/37 22/43
f 49/75 24/47 14/27
f 28/52 3/6 5/10
f 4/8 30/54 29/53
f 32/56 5/10 6/12
f 35/59 9/18 34/58
f 33/57 11/22 27/51
f 31/55 10/20 33/57
f 1/2 29/53 26/50
f 20/40 35/59 38/62
f 34/58 8/16 31/55
f 25/49 1/2 26/50
f 25/49 11/22 2/4
f 32/56 12/24 36/60
f 49/77 12/23 6/11
f 49/76 11/21 10/19
f 49/77 9/17 7/13
f 49/78 10/19 8/15
f 49/79 6/11 5/9
f 49/80 4/7 1/1
f 49/79 8/15 9/17
f 49/80 2/3 11/21
s 0
f 53/84 50/81 51/82
f 246/588 65/119 178/409
f 244/585 118/256 90/181
f 132/296 128/283 79/159
f 153/353 149/344 234/560
f 141/323 140/319 75/146
f 226/534 73/141 71/139
f 228/541 148/341 108/228
f 108/228 224/529 83/165
f 107/224 242/579 157/358
f 104/217 222/526 221/521
f 160/367 159/365 218/513
f 106/223 105/222 219/517
f 87/177 165/377 106/223
f 217/512 161/369 160/367
f 121/262 169/387 88/178
f 168/385 170/389 90/182
f 214/505 172/395 215/506
f 122/264 123/265 93/193
f 104/218 221/522 67/123
f 115/245 246/588 191/442
f 246/588 208/492 180/411
f 207/487 196/451 94/197
f 191/442 117/253 192/443
f 177/406 116/249 245/586
f 177/406 113/240 213/502
f 99/206 55/88 183/419
f 191/442 199/464 115/244
f 204/478 97/201 184/421
f 100/207 193/444 192/443
f 195/450 205/480 94/196
f 194/446 101/210 114/242
f 192/443 64/114 100/208
f 203/477 185/424 96/199
f 191/442 55/87 199/464
f 115/245 209/496 246/588
f 177/406 245/586 113/240
f 200/466 187/428 177/406
f 189/438 188/432 192/443
f 192/443 56/89 61/104
f 202/476 182/417 62/105
f 198/458 97/200 186/425
f 191/442 56/90 117/253
f 95/198 62/108 96/199
f 95/198 63/111 103/215
f 205/481 206/483 94/195
f 209/495 208/492 246/588
f 115/245 208/493 209/496
f 179/410 211/499 195/449
f 177/406 212/500 178/407
f 177/406 213/503 212/500
f 177/406 178/407 176/404
f 91/183 92/188 174/401
f 119/257 91/183 174/401
f 69/128 173/398 57/92
f 69/129 120/258 173/396
f 92/187 91/184 107/225
f 89/179 168/385 118/255
f 68/125 118/255 222/526
f 216/510 88/178 168/385
f 88/178 169/387 168/385
f 168/385 57/91 244/583
f 243/581 93/193 123/265
f 122/264 166/379 219/516
f 122/264 162/370 166/379
f 219/517 105/222 167/380
f 165/377 86/174 93/191
f 86/175 122/264 93/192
f 242/578 84/166 70/131
f 222/524 220/518 85/171
f 85/173 158/361 220/519
f 118/256 85/173 222/525
f 220/520 157/359 158/361
f 107/225 84/167 242/579
f 91/185 84/168 107/225
f 148/341 149/343 108/228
f 128/284 132/295 131/293
f 59/97 112/238 151/350
f 233/557 227/535 230/548
f 73/142 125/271 71/139
f 154/355 239/571 124/269
f 229/545 241/577 147/339
f 72/140 146/338 229/545
f 227/536 233/557 232/555
f 58/93 225/531 233/557
f 144/331 150/346 127/280
f 109/229 141/323 75/146
f 140/320 143/330 235/561
f 79/158 128/285 139/318
f 137/311 136/309 79/159
f 236/566 237/567 78/157
f 236/563 108/227 237/567
f 134/304 135/306 237/567
f 78/157 237/567 60/101
f 136/310 124/267 239/572
f 131/294 77/156 130/292
f 77/153 81/161 130/291
f 236/566 133/301 240/573
f 238/569 139/316 60/98
f 74/144 150/345 111/235
f 229/546 59/96 151/349
f 77/155 156/357 81/163
f 211/499 205/482 195/449
f 190/440 115/246 199/465
f 116/250 191/442 246/588
f 116/250 246/588 245/587
f 245/587 246/588 113/241
f 174/401 122/264 121/263
f 142/326 127/279 235/561
f 238/568 60/99 135/305
f 137/311 125/270 136/308
f 79/159 139/316 238/569
f 79/159 136/309 132/296
f 81/162 128/286 138/313
f 137/312 80/160 71/139
f 135/307 79/159 238/569
f 110/234 235/562 127/282
f 76/152 141/324 234/560
f 127/280 142/325 144/331
f 234/560 109/231 153/353
f 111/236 150/346 144/331
f 76/150 232/555 233/557
f 76/149 227/538 232/556
f 75/148 231/554 112/239
f 145/333 126/274 231/552
f 230/550 229/545 151/350
f 71/135 229/545 147/339
f 228/542 73/143 148/342
f 227/537 234/558 149/344
f 241/576 230/547 71/139
f 153/353 108/228 149/343
f 155/356 129/289 154/355
f 223/528 229/544 146/337
f 236/564 240/574 154/354
f 85/172 158/362 221/523
f 222/526 104/219 68/124
f 159/365 161/368 162/371
f 57/92 87/177 163/373
f 217/512 160/367 218/515
f 218/514 92/189 171/394
f 215/507 118/256 173/400
f 214/505 215/506 173/397
f 174/401 169/388 216/508
f 70/132 84/170 221/522
f 175/403 180/412 197/457
f 176/404 178/408 65/116
f 177/406 65/118 205/482
f 114/243 179/410 195/449
f 62/106 182/418 203/477
f 185/424 183/420 55/88
f 103/215 62/108 95/198
f 202/475 62/107 201/469
f 192/443 63/111 95/198
f 191/442 95/198 96/199
f 184/421 97/200 198/458
f 96/199 62/108 203/477
f 189/438 187/427 188/433
f 177/406 187/428 189/437
f 62/110 193/445 201/470
f 201/471 193/445 100/208
f 190/441 194/448 197/456
f 114/242 187/429 200/467
f 114/242 196/452 66/121
f 102/214 66/120 197/455
f 195/450 196/453 114/242
f 195/450 94/196 196/453
f 101/210 187/430 114/242
f 114/242 200/467 54/85
f 66/121 194/447 114/242
f 194/448 102/214 197/456
f 198/459 99/205 184/421
f 201/472 100/209 64/113
f 190/439 99/205 198/460
f 190/439 198/461 101/211
f 192/443 117/254 56/89
f 188/434 64/114 192/443
f 191/442 116/251 61/102
f 56/90 191/442 61/103
f 184/421 99/206 183/419
f 197/457 115/247 190/440
f 182/418 98/203 97/201
f 191/442 96/199 185/423
f 200/468 177/405 54/86
f 189/438 192/443 177/406
f 177/406 61/104 116/252
f 202/476 98/204 182/417
f 64/115 186/426 98/202
f 98/202 201/473 64/115
f 188/435 186/426 64/115
f 98/203 186/425 97/200
f 191/442 185/423 55/87
f 192/443 95/198 191/442
f 203/477 184/422 185/424
f 97/201 204/478 182/418
f 205/481 65/117 206/484
f 204/479 203/477 182/418
f 206/484 65/117 181/413
f 94/197 206/485 207/488
f 207/489 206/486 181/414
f 246/588 212/501 213/504
f 246/588 213/504 113/241
f 207/490 210/497 175/402
f 210/497 180/412 175/402
f 180/411 210/498 246/588
f 177/406 211/499 179/410
f 177/405 114/243 54/86
f 176/404 65/118 177/406
f 66/122 175/403 197/457
f 197/457 180/412 208/494
f 197/457 208/494 115/248
f 207/491 66/122 196/454
f 67/123 91/186 119/257
f 67/123 84/169 91/186
f 221/522 84/170 67/123
f 68/127 174/401 216/509
f 68/127 119/257 174/401
f 119/257 104/220 67/123
f 244/582 57/92 173/398
f 92/188 159/364 174/401
f 168/385 122/264 57/91
f 121/261 122/264 168/385
f 172/395 214/505 171/390
f 214/505 173/399 171/391
f 171/392 173/399 120/258
f 172/395 118/256 215/507
f 90/182 118/255 168/385
f 171/393 107/226 172/395
f 107/225 171/394 92/189
f 92/190 218/513 159/365
f 89/179 118/255 68/125
f 88/178 216/510 169/386
f 216/510 168/385 89/179
f 169/387 121/262 168/385
f 216/511 89/180 68/126
f 244/583 170/389 168/385
f 93/193 243/581 167/384
f 170/389 244/584 90/182
f 122/264 159/366 162/370
f 105/221 165/376 167/381
f 165/376 93/194 167/382
f 87/176 217/512 163/372
f 219/516 167/383 122/264
f 87/176 106/223 161/369
f 163/372 217/512 69/129
f 217/512 120/260 69/129
f 165/377 164/375 86/174
f 122/264 164/374 57/92
f 164/374 122/264 86/175
f 57/92 164/375 87/177
f 57/92 163/373 69/130
f 162/371 161/368 166/378
f 106/223 166/379 161/368
f 220/520 107/226 157/360
f 172/395 85/173 118/256
f 70/134 157/360 242/580
f 172/395 107/226 85/173
f 85/172 221/523 222/527
f 158/362 70/133 221/523
f 154/355 129/289 239/571
f 77/154 154/355 156/357
f 155/356 154/355 77/154
f 155/356 77/155 129/289
f 229/546 108/228 83/165
f 154/355 240/574 81/162
f 108/228 124/269 228/541
f 108/228 223/528 146/337
f 154/355 108/228 236/565
f 74/144 82/164 151/350
f 224/529 59/95 83/165
f 153/353 109/231 224/529
f 145/334 151/350 112/238
f 151/350 82/164 152/351
f 151/350 152/351 225/530
f 151/350 225/530 58/94
f 150/348 145/336 126/275
f 150/348 74/144 151/350
f 230/548 58/93 233/557
f 230/551 226/534 71/139
f 149/344 148/342 73/143
f 73/143 228/542 125/273
f 226/532 149/344 73/143
f 58/94 230/549 151/350
f 72/140 229/545 71/138
f 146/338 72/140 108/227
f 127/281 150/347 126/276
f 127/282 126/277 110/234
f 145/334 112/238 231/553
f 145/335 231/554 75/148
f 75/146 224/529 109/230
f 75/148 59/97 224/529
f 110/232 145/335 75/148
f 110/233 126/278 145/335
f 82/164 144/331 143/327
f 76/150 82/164 143/327
f 82/164 225/531 152/352
f 233/557 82/164 76/150
f 82/164 74/145 144/331
f 111/237 144/331 74/145
f 140/322 76/152 143/328
f 76/151 234/559 227/538
f 235/562 75/147 140/321
f 133/299 139/317 81/162
f 133/299 60/100 139/317
f 81/162 139/318 128/287
f 135/307 134/303 80/160
f 134/303 71/136 80/160
f 134/303 135/305 71/137
f 79/159 80/160 137/312
f 125/271 137/312 71/139
f 134/304 237/567 71/138
f 72/140 237/567 108/227
f 238/570 237/567 135/306
f 71/138 237/567 72/140
f 124/267 136/310 125/272
f 78/157 60/101 133/300
f 239/572 132/297 136/310
f 131/294 129/290 77/156
f 132/298 239/572 129/290
f 124/268 125/273 228/543
f 128/288 130/292 138/314
f 130/291 81/161 138/315
f 142/325 143/329 144/332
f 78/157 133/301 236/566
f 81/162 240/575 133/302
f 235/561 143/330 142/326
f 149/344 226/533 227/539
f 71/139 147/340 241/576
f 83/165 59/96 229/546
f 154/355 81/163 156/357
f 243/581 123/266 122/264
f 122/264 167/384 243/581
f 120/259 218/514 171/394
f 65/119 210/498 181/415
f 173/400 118/256 244/585
f 169/388 174/401 121/263
f 211/499 177/406 205/482
f 55/88 190/440 199/465
f 246/588 178/409 212/501
f 188/436 101/213 198/462
f 192/443 62/109 103/216
f 63/112 192/443 103/216
s 1
f 264/608 315/677 275/619
f 268/612 250/593 248/590
f 257/600 272/616 259/602
f 265/609 277/621 266/610
f 252/595 270/614 251/594
f 303/663 253/596 250/593
f 266/610 314/676 261/605
f 279/624 271/615 406/830
f 278/622 318/681 265/609
f 260/604 311/672 258/601
f 306/666 254/597 253/596
f 314/676 262/606 261/605
f 247/589 268/612 248/590
f 254/597 305/665 252/595
f 263/607 273/617 260/604
f 247/589 269/613 267/611
f 309/670 255/598 256/599
f 264/608 274/618 263/607
f 270/614 256/599 251/594
f 257/600 311/672 310/671
f 283/632 287/639 286/637
f 251/594 289/641 252/595
f 290/642 291/644 285/635
f 289/641 286/638 288/640
f 290/643 289/641 288/640
f 249/592 292/647 293/648
f 287/639 282/629 294/649
f 283/632 256/599 255/598
f 279/624 283/632 255/598
f 294/650 299/657 295/651
f 299/657 296/652 295/651
f 278/622 280/626 279/624
f 282/630 278/622 265/609
f 266/610 282/630 265/609
f 262/606 282/630 261/605
f 257/600 284/634 258/601
f 260/604 299/658 263/607
f 264/608 299/658 262/606
f 297/654 281/628 284/633
f 284/633 260/604 258/601
f 297/655 259/603 298/656
f 254/597 289/641 253/596
f 289/641 250/593 253/596
f 250/593 291/644 248/590
f 247/589 291/645 249/591
f 328/694 270/614 305/665
f 309/670 325/690 271/615
f 325/690 406/830 271/615
f 411/841 406/830 322/685
f 411/841 324/688 318/681
f 324/688 277/621 318/681
f 314/676 330/697 315/677
f 310/671 326/691 312/673
f 330/697 273/617 274/618
f 275/619 330/697 274/618
f 273/617 326/692 311/672
f 328/694 307/667 306/666
f 303/663 328/694 306/666
f 303/663 329/695 327/693
f 267/611 329/696 268/612
f 308/668 312/673 326/691
f 300/659 327/693 329/695
f 316/678 330/697 324/688
f 325/690 319/682 322/685
f 304/664 328/694 327/693
f 323/687 308/669 326/692
f 302/662 300/660 329/696
f 330/697 317/679 323/686
f 328/694 313/674 325/689
f 319/682 324/688 322/685
f 337/707 276/620 316/678
f 334/702 301/661 304/664
f 335/704 320/683 308/668
f 339/710 316/678 319/682
f 276/620 338/709 317/679
f 333/701 313/674 301/661
f 321/684 332/699 300/660
f 313/675 339/710 319/682
f 332/700 304/664 300/659
f 317/680 335/703 308/669
f 333/701 332/700 341/713
f 335/704 331/698 340/712
f 321/684 344/717 341/714
f 344/717 343/716 341/714
f 342/715 347/723 340/711
f 346/719 349/726 350/727
f 331/698 342/715 340/711
f 346/719 350/728 348/724
f 333/701 343/716 336/706
f 347/722 346/720 348/725
f 351/729 337/707 339/710
f 343/716 352/730 351/729
f 340/711 347/723 320/683
f 347/723 348/725 320/683
f 352/730 342/715 351/729
f 351/729 336/706 343/716
f 397/814 372/768 355/736
f 373/770 397/813 355/735
f 399/817 397/813 356/740
f 367/758 361/747 362/748
f 362/748 359/745 360/746
f 358/743 360/746 359/745
f 357/741 374/775 364/751
f 369/760 365/753 353/732
f 353/731 363/750 366/756
f 389/795 371/766 395/809
f 365/755 370/762 371/766
f 378/780 375/776 377/779
f 376/777 364/752 374/774
f 377/779 366/757 363/749
f 355/736 372/768 410/840
f 372/769 395/810 371/767
f 410/838 371/767 370/763
f 369/761 410/839 370/764
f 380/783 385/789 381/784
f 386/790 383/787 385/789
f 382/785 384/788 379/781
f 388/794 379/782 400/821
f 387/791 354/734 391/799
f 390/798 393/805 354/733
f 389/795 394/807 390/796
f 390/796 394/807 392/801
f 363/749 389/795 387/792
f 414/850 393/806 392/802
f 365/755 389/795 363/749
f 395/810 398/815 394/808
f 394/808 414/851 392/803
f 412/845 414/852 398/816
f 397/814 398/816 396/811
f 400/822 402/825 388/793
f 391/800 403/826 387/792
f 401/823 404/827 403/826
f 405/828 399/818 356/739
f 373/771 405/828 356/739
f 373/772 408/835 407/833
f 373/773 279/625 406/829
f 355/738 409/837 408/834
f 387/792 389/795 390/797
f 399/819 278/623 413/848
f 387/792 377/779 363/749
f 415/854 412/846 416/855
f 416/856 399/820 413/849
f 391/800 375/776 401/823
f 391/800 353/731 366/757
s 0
f 427/867 417/857 428/868
f 429/869 419/859 427/867
f 430/870 418/858 429/869
f 419/859 420/860 417/857
f 419/859 418/858 420/860
f 426/866 420/860 418/858
f 422/862 424/864 425/865
f 422/862 423/863 424/864
f 423/863 421/861 424/864
s 1
f 421/861 400/822 379/782
f 404/827 428/868 403/826
s 0
f 430/870 422/862 425/865
f 429/869 423/863 422/862
f 427/867 421/861 423/863
s 1
f 386/790 424/864 384/788
f 428/868 378/780 377/779
f 403/826 428/868 377/779
f 357/742 378/780 360/746
f 417/857 367/758 362/748
f 436/877 383/787 382/785
f 359/745 431/872 358/743
f 441/884 439/882 434/875
f 435/876 375/776 376/777
f 402/824 382/786 388/794
f 434/875 401/823 375/776
f 402/825 440/883 436/878
f 358/744 376/778 374/775
f 439/882 402/825 401/823
f 435/876 376/778 431/871
f 431/871 442/885 435/876
f 445/889 440/883 439/882
f 443/886 437/879 436/877
f 433/874 431/872 432/873
f 446/890 436/878 440/883
f 442/885 434/875 435/876
f 408/835 413/849 407/833
f 278/623 407/833 413/848
f 353/732 409/837 369/760
f 416/856 353/732 354/734
f 354/734 415/854 416/856
f 456/910 447/891 452/901
f 455/908 448/894 456/909
f 453/904 450/897 454/905
f 454/906 449/896 455/907
f 452/902 451/900 453/903
f 465/928 458/913 466/929
f 466/930 457/911 462/921
f 464/926 459/916 465/927
f 463/924 460/918 464/925
f 462/922 461/920 463/923
f 468/933 475/948 476/949
f 471/939 472/942 473/943
f 469/936 474/946 475/947
f 470/938 473/944 474/945
f 467/932 476/950 472/941
f 480/957 483/964 484/965
f 481/960 482/962 483/963
f 479/955 484/966 485/967
f 477/952 486/970 482/961
f 478/954 485/968 486/969
f 488/973 495/988 496/989
f 487/971 496/990 492/981
f 489/976 494/986 495/987
f 490/978 493/984 494/985
f 491/980 492/982 493/983
f 497/991 506/1010 502/1001
f 498/994 505/1008 506/1009
f 499/996 504/1006 505/1007
f 501/999 502/1002 503/1003
f 500/998 503/1004 504/1005
f 508/1013 515/1028 516/1029
f 511/1019 512/1022 513/1023
f 509/1016 514/1026 515/1027
f 510/1018 513/1024 514/1025
f 507/1012 516/1030 512/1021
f 521/1039 522/1042 523/1043
f 520/1037 523/1044 524/1045
f 518/1033 525/1048 526/1049
f 519/1036 524/1046 525/1047
f 517/1032 526/1050 522/1041
f 529/1055 534/1066 535/1067
f 528/1053 535/1068 536/1069
f 527/1051 536/1070 532/1061
f 530/1058 533/1064 534/1065
f 531/1060 532/1062 533/1063
f 538/1073 545/1088 546/1089
f 541/1079 542/1082 543/1083
f 539/1076 544/1086 545/1087
f 540/1078 543/1084 544/1085
f 537/1072 546/1090 542/1081
f 551/1099 552/1102 553/1103
f 548/1093 555/1108 556/1109
f 549/1096 554/1106 555/1107
f 550/1098 553/1104 554/1105
f 547/1092 556/1110 552/1101
f 558/1113 565/1128 566/1129
f 560/1117 563/1124 564/1125
f 559/1116 564/1126 565/1127
f 557/1111 566/1130 562/1121
f 561/1120 562/1122 563/1123
f 568/1133 575/1148 576/1149
f 567/1131 576/1150 572/1141
f 569/1136 574/1146 575/1147
f 570/1138 573/1144 574/1145
f 571/1140 572/1142 573/1143
f 582/1162 581/1159 583/1163
f 583/1164 580/1157 584/1165
f 586/1170 577/1152 582/1161
f 584/1166 579/1155 585/1167
f 585/1168 578/1154 586/1169
f 593/1184 590/1177 594/1185
f 592/1182 591/1180 593/1183
f 594/1186 589/1175 595/1187
f 595/1188 588/1173 596/1189
f 596/1190 587/1172 592/1181
f 606/1210 597/1191 602/1201
f 604/1206 599/1195 605/1207
f 605/1208 598/1194 606/1209
f 603/1204 600/1198 604/1205
f 602/1202 601/1200 603/1203
f 614/1226 609/1215 615/1227
f 616/1230 607/1211 612/1221
f 613/1224 610/1218 614/1225
f 615/1228 608/1214 616/1229
f 612/1222 611/1220 613/1223
f 623/1244 620/1237 624/1245
f 625/1248 618/1233 626/1249
f 626/1250 617/1231 622/1241
f 624/1246 619/1236 625/1247
f 622/1242 621/1240 623/1243
f 636/1270 627/1251 632/1261
f 635/1268 628/1254 636/1269
f 633/1264 630/1257 634/1265
f 634/1266 629/1256 635/1267
f 632/1262 631/1260 633/1263
f 644/1286 639/1275 645/1287
f 643/1284 640/1278 644/1285
f 645/1288 638/1273 646/1289
f 646/1290 637/1271 642/1281
f 642/1282 641/1280 643/1283
f 652/1302 651/1299 653/1303
f 655/1308 648/1293 656/1309
f 653/1304 650/1297 654/1305
f 654/1306 649/1296 655/1307
f 656/1310 647/1292 652/1301
f 662/1322 661/1319 663/1323
f 665/1328 658/1313 666/1329
f 663/1324 660/1317 664/1325
f 664/1326 659/1316 665/1327
f 666/1330 657/1312 662/1321
f 673/1343 670/1338 671/1339
f 669/1335 676/1349 668/1333
f 674/1346 669/1336 670/1337
f 676/1350 667/1332 668/1334
f 672/1342 671/1340 667/1331
f 677/1352 686/1369 678/1353
f 680/1358 683/1363 681/1359
f 681/1360 682/1362 677/1351
f 679/1355 684/1366 680/1357
f 686/1370 679/1356 678/1354
f 693/1379 690/1376 692/1378
f 687/1371 694/1382 691/1377
f 708/1404 701/1393 705/1399
f 707/1401 704/1398 703/1396
f 709/1405 705/1399 701/1393
f 711/1408 714/1413 710/1406
f 707/1402 702/1395 708/1403
f 695/1383 700/1391 696/1384
f 688/1373 693/1380 694/1381
f 700/1392 697/1386 696/1385
f 697/1387 692/1378 690/1376
f 714/1414 709/1405 710/1407
f 706/1400 711/1409 704/1398
f 691/1377 695/1383 687/1371
f 721/1423 718/1420 720/1422
f 715/1415 722/1426 719/1421
f 723/1427 728/1435 724/1428
f 716/1417 721/1424 722/1425
f 728/1436 725/1430 724/1429
f 725/1431 720/1422 718/1420
f 719/1421 723/1427 715/1415
f 735/1445 732/1442 731/1440
f 742/1457 737/1449 738/1450
f 737/1449 733/1443 729/1437
f 736/1448 729/1437 733/1443
f 734/1444 739/1452 732/1442
f 739/1453 742/1458 738/1451
f 735/1446 730/1439 736/1447
f 750/1470 743/1459 747/1465
f 749/1467 746/1464 745/1462
f 756/1479 751/1471 752/1472
f 748/1466 753/1474 746/1464
f 751/1471 747/1465 743/1459
f 749/1468 744/1461 750/1469
f 753/1475 756/1480 752/1473
f 757/1481 764/1492 761/1487
f 763/1489 760/1486 762/1488
f 765/1493 770/1501 766/1494
f 767/1496 762/1488 760/1486
f 761/1487 765/1493 757/1481
f 758/1483 763/1490 764/1491
f 770/1502 767/1497 766/1495
f 777/1511 820/1602 773/1507
f 773/1507 820/1602 776/1510
f 794/1534 820/1602 791/1529
f 804/1557 786/1523 784/1519
f 775/1509 820/1602 792/1531
f 776/1510 820/1602 772/1505
f 792/1531 820/1602 794/1534
f 811/1578 775/1509 792/1530
f 815/1590 782/1517 785/1521
f 779/1514 820/1602 778/1512
f 796/1538 774/1508 775/1509
f 778/1512 820/1602 777/1511
f 772/1505 820/1602 771/1504
f 781/1516 820/1602 780/1515
f 774/1508 820/1602 775/1509
f 780/1515 820/1602 779/1514
f 795/1536 771/1504 774/1508
f 782/1517 820/1602 785/1522
f 801/1550 785/1522 781/1516
f 783/1518 820/1602 782/1517
f 785/1522 820/1602 781/1516
f 819/1601 792/1531 794/1534
f 787/1524 820/1602 786/1523
f 786/1523 820/1602 784/1520
f 784/1520 820/1602 783/1518
f 806/1562 787/1524 786/1523
f 808/1567 791/1529 793/1532
f 790/1528 820/1602 789/1527
f 789/1527 820/1602 787/1524
f 802/1552 784/1520 783/1518
f 793/1533 820/1602 788/1525
f 807/1564 794/1534 791/1529
f 791/1529 820/1602 793/1533
f 788/1525 820/1602 790/1528
f 809/1569 797/1539 812/1580
f 809/1570 812/1580 810/1572
f 809/1570 796/1537 811/1576
f 809/1569 795/1535 796/1537
f 809/1571 810/1573 795/1535
f 809/1571 813/1582 797/1539
f 809/1569 799/1545 814/1586
f 809/1570 814/1586 813/1583
f 809/1571 798/1541 799/1545
f 809/1570 800/1547 798/1542
f 809/1571 815/1588 801/1549
f 809/1569 801/1549 800/1547
f 809/1569 802/1551 803/1553
f 809/1570 803/1553 815/1589
f 809/1571 804/1555 802/1551
f 809/1569 805/1559 806/1561
f 809/1570 806/1561 804/1556
f 809/1571 816/1592 805/1559
f 809/1569 817/1596 818/1598
f 809/1570 818/1598 816/1593
f 809/1571 808/1565 817/1596
f 809/1569 819/1600 807/1563
f 809/1570 807/1563 808/1566
f 809/1571 811/1577 819/1600
f 816/1594 790/1528 789/1526
f 810/1575 772/1505 771/1503
f 800/1548 781/1516 780/1515
f 798/1543 780/1515 779/1513
f 813/1584 777/1511 773/1506
f 812/1581 776/1510 772/1505
f 814/1587 778/1512 777/1511
f 803/1554 783/1518 782/1517
f 818/1599 788/1525 790/1528
f 805/1560 789/1527 787/1524
f 797/1540 773/1507 776/1510
f 817/1597 793/1533 788/1525
f 799/1546 779/1514 778/1512
f 771/1504 820/1602 774/1508
f 930/1922 928/1918 824/1613
f 838/1666 1127/2242 911/1886
f 963/1987 927/1916 823/1609
f 931/1923 936/1933 840/1672
f 926/1914 900/1862 825/1615
f 826/1620 1123/2237 933/1927
f 954/1972 935/1930 827/1623
f 1121/2234 831/1640 902/1866
f 830/1637 1120/2233 904/1870
f 939/1940 938/1938 846/1695
f 905/1873 903/1868 834/1650
f 941/1944 917/1898 849/1708
f 1116/2228 833/1646 977/2019
f 1115/2227 867/1774 990/2046
f 973/2010 985/2036 836/1658
f 1654/3507 1113/2225 1633/3451
f 837/1662 1112/2224 907/1877
f 1697/3611 1111/2223 1632/3449
f 841/1677 1110/2222 946/1957
f 1698/3613 1109/2221 958/1981
f 842/1681 1108/2220 913/1889
f 1107/2219 1132/2254 957/1979
f 1106/2218 843/1686 949/1963
f 844/1688 1105/2217 915/1894
f 847/1701 1104/2216 2003/4359
f 950/1965 1145/2298 1130/2245
f 961/1984 962/1985 821/1603
f 923/1910 920/1904 850/1712
f 921/1906 944/1953 853/1720
f 922/1908 919/1901 855/1728
f 942/1946 955/1974 822/1605
f 952/1968 979/2023 854/1724
f 828/1627 1094/2204 943/1948
f 829/1632 1093/2202 937/1935
f 1092/2201 832/1643 980/2025
f 861/1753 1091/2200 972/2008
f 982/2030 978/2021 835/1654
f 965/1991 970/2002 865/1767
f 914/1891 984/2034 845/1692
f 989/2044 994/2054 848/1704
f 995/2056 992/2050 868/1778
f 987/2040 991/2048 1655/3509
f 993/2052 951/1967 1131/2249
f 1045/2137 983/2032 864/1763
f 1003/2069 918/1899 852/1718
f 851/1714 1081/2190 953/1970
f 999/2063 924/1911 857/1735
f 873/1791 1079/2188 1004/2070
f 874/1793 1078/2187 1005/2071
f 1007/2074 1150/2308 1142/2288
f 878/1807 1076/2185 1009/2078
f 1149/2307 1014/2087 875/1795
f 876/1799 1074/2183 1011/2081
f 2134/4561 1012/2083 877/1803
f 1008/2076 1005/2071 1142/2288
f 1017/2092 1004/2070 874/1793
f 1030/2114 1021/2100 886/1831
f 1023/2103 1026/2108 887/1833
f 890/1840 1068/2177 1025/2107
f 888/1836 1067/2176 1024/2106
f 1028/2111 1027/2109 889/1838
f 1035/2122 1037/2126 891/1842
f 1038/2127 1036/2123 893/1846
f 892/1844 1063/2172 1034/2121
f 899/1859 1062/2171 1031/2116
f 882/1816 1061/2170 1041/2131
f 894/1849 1060/2169 1039/2128
f 869/1782 1059/2168 996/2058
f 1144/2297 1058/2167 1049/2143
f 1512/3198 1057/2163 897/1852
f 1512/3198 1054/2154 1506/3189
f 1002/2067 1512/3199 856/1732
f 898/1858 1505/3188 1056/2162
f 1511/3197 1053/2152 1505/3186
f 1054/2155 1511/3197 1506/3190
f 1503/3182 1499/3175 1052/2148
f 1497/3173 1499/3175 1510/3195
f 1053/2153 1510/3195 1505/3187
f 1507/3191 1502/3180 1509/3194
f 896/1851 1507/3191 1509/3194
f 1051/2147 1509/3194 1499/3176
f 1508/3193 1045/2138 1504/3184
f 1500/3177 869/1783 1508/3193
f 1050/2145 1508/3193 1507/3192
f 1507/3192 1504/3184 1055/2156
f 1052/2150 1509/3194 1502/3180
f 1510/3195 1056/2160 1505/3187
f 1057/2164 1511/3197 898/1856
f 856/1732 897/1853 974/2012
f 1148/2304 1012/2084 1058/2167
f 1058/2167 882/1817 1047/2141
f 1049/2143 1047/2141 895/1850
f 1044/2136 1034/2120 1059/2168
f 1059/2168 1143/2294 1643/3472
f 996/2058 1643/3472 1139/2278
f 1040/2129 1637/3460 1060/2169
f 1060/2169 1825/3968 1030/2115
f 1039/2128 1030/2115 886/1832
f 1013/2085 1018/2094 1061/2170
f 1061/2170 1647/3483 1040/2130
f 1041/2131 1040/2130 894/1848
f 1032/2118 1024/2105 1062/2171
f 1062/2171 1134/2262 1147/2302
f 1031/2116 1147/2302 1631/3445
f 1033/2119 1036/2124 1063/2172
f 1063/2172 883/1820 1642/3469
f 1034/2121 1642/3469 1143/2292
f 891/1843 1064/2173 1038/2127
f 1037/2125 1638/3461 1064/2173
f 1064/2173 883/1821 1036/2123
f 889/1839 1065/2174 1035/2122
f 1027/2110 1019/2096 1065/2174
f 1019/2096 1037/2126 1065/2174
f 899/1860 1066/2175 1028/2111
f 1031/2117 2078/4476 1066/2175
f 1066/2175 1648/3488 1027/2109
f 1022/2101 2097/4506 1067/2176
f 1067/2176 1135/2263 1639/3463
f 1024/2106 1639/3463 1134/2259
f 1657/3516 1068/2177 1029/2112
f 1020/2098 1022/2102 1068/2177
f 1025/2107 1022/2102 888/1835
f 885/1828 1069/2178 1023/2103
f 1640/3465 1029/2113 1069/2178
f 1069/2178 890/1841 1026/2108
f 1825/3969 1070/2179 1030/2114
f 1641/3467 1023/2104 1070/2179
f 1070/2179 887/1834 1021/2100
f 878/1808 1071/2180 1017/2092
f 1009/2079 1016/2091 1071/2180
f 1016/2091 1004/2070 1071/2180
f 1008/2076 1015/2089 1072/2181
f 1072/2181 878/1809 1017/2093
f 1072/2181 874/1794 1005/2071
f 1646/3479 1073/2182 2134/4561
f 1636/3458 1013/2086 1073/2182
f 1073/2182 882/1818 1012/2083
f 1644/3473 1049/2143 1074/2183
f 1074/2183 895/1850 1048/2142
f 1011/2081 1048/2142 881/1814
f 876/1800 1075/2184 1149/2307
f 1011/2082 1046/2140 1075/2184
f 1075/2184 880/1812 1014/2087
f 1015/2090 1014/2088 1076/2185
f 1076/2185 880/1813 1010/2080
f 1076/2185 879/1811 1009/2078
f 870/1785 1077/2186 1007/2074
f 997/2060 1043/2134 1077/2186
f 1077/2186 1656/3513 1150/2308
f 872/1789 1078/2187 1006/2072
f 1001/2066 1007/2075 1078/2187
f 1007/2075 1005/2071 1078/2187
f 1042/2132 1000/2065 1079/2188
f 1000/2065 1006/2073 1079/2188
f 1079/2188 874/1794 1004/2070
f 872/1789 1080/2189 999/2063
f 1000/2065 1002/2068 1080/2189
f 1080/2189 856/1733 924/1911
f 998/2061 1001/2066 1081/2190
f 1081/2190 872/1790 999/2064
f 953/1970 999/2064 857/1736
f 1003/2069 997/2060 1082/2191
f 997/2060 998/2062 1082/2191
f 1082/2191 851/1715 918/1899
f 869/1784 1083/2192 1045/2137
f 996/2059 2047/4427 1083/2192
f 1083/2192 1136/2266 983/2032
f 868/1779 1084/2193 993/2052
f 992/2051 1146/2301 1084/2193
f 1084/2193 1141/2286 951/1967
f 848/1705 1085/2194 987/2040
f 994/2055 993/2053 1085/2194
f 1085/2194 1131/2252 991/2048
f 836/1659 1086/2195 995/2056
f 985/2037 1635/3455 1086/2195
f 1086/2195 1138/2275 992/2050
f 867/1775 1087/2196 989/2044
f 986/2038 995/2057 1087/2196
f 1087/2196 868/1781 994/2054
f 844/1689 1088/2197 914/1891
f 915/1893 1996/4348 1088/2197
f 1088/2197 866/1772 984/2034
f 864/1764 1089/2198 965/1991
f 983/2033 1634/3453 1089/2198
f 1089/2198 1137/2272 970/2002
f 863/1760 1090/2199 982/2030
f 969/2001 965/1992 1090/2199
f 1090/2199 865/1768 978/2021
f 862/1755 1091/2200 968/1998
f 964/1989 982/2031 1091/2200
f 982/2031 972/2008 1091/2200
f 860/1748 1092/2201 980/2025
f 966/1993 968/1999 1092/2201
f 976/2017 968/1999 861/1751
f 981/2028 967/1996 1093/2202
f 1093/2202 860/1749 980/2026
f 937/1937 980/2027 832/1645
f 858/1740 1094/2204 975/2015
f 1094/2205 859/1744 981/2029
f 943/1949 981/2029 829/1631
f 3091/6484 932/1925 3090/6483
f 3089/6482 1095/2206 3091/6484
f 3089/6482 956/1977 3092/6485
f 3092/6485 1654/3508 3093/6487
f 857/1737 1097/2208 952/1968
f 924/1912 974/2013 1097/2208
f 1097/2208 858/1741 979/2023
f 854/1725 1098/2209 942/1946
f 979/2024 975/2016 1098/2209
f 1098/2209 828/1628 955/1974
f 922/1908 953/1971 1099/2210
f 1099/2210 857/1738 952/1969
f 1099/2210 854/1726 919/1901
f 855/1729 1100/2211 921/1906
f 919/1903 942/1947 1100/2212
f 1100/2212 822/1606 944/1952
f 852/1719 1101/2213 923/1910
f 918/1900 922/1909 1101/2213
f 1101/2213 855/1730 920/1904
f 961/1984 920/1905 1102/2214
f 920/1905 921/1907 1102/2214
f 1102/2214 853/1721 962/1985
f 950/1965 917/1897 1103/2215
f 848/1706 1103/2215 917/1897
f 1103/2215 1655/3511 1145/2298
f 916/1895 938/1939 1104/2216
f 1104/2216 849/1710 950/1966
f 2003/4359 950/1966 1130/2246
f 947/1959 940/1942 1105/2217
f 1105/2217 846/1697 916/1896
f 915/1894 916/1896 847/1699
f 933/1926 949/1963 826/1619
f 831/1642 1106/2218 933/1926
f 947/1960 948/1961 1106/2218
f 948/1962 957/1979 843/1684
f 844/1691 1107/2219 948/1962
f 914/1892 959/1982 1107/2219
f 945/1955 936/1934 1108/2220
f 826/1621 1108/2220 936/1934
f 913/1889 949/1964 843/1685
f 912/1887 913/1890 1109/2221
f 1109/2221 843/1687 957/1980
f 958/1981 957/1980 1132/2253
f 909/1881 911/1885 1110/2222
f 1110/2222 840/1675 945/1956
f 946/1957 945/1956 842/1680
f 908/1879 946/1958 1111/2223
f 1111/2223 842/1683 912/1888
f 1632/3449 912/1888 1698/3612
f 910/1883 906/1875 1112/2224
f 1112/2224 838/1668 909/1882
f 907/1877 909/1882 841/1676
f 956/1978 907/1878 1113/2225
f 1113/2225 841/1679 908/1880
f 1633/3451 908/1880 1697/3608
f 865/1769 1114/2226 973/2010
f 970/2003 2034/4407 1114/2226
f 1114/2226 1645/3478 985/2036
f 990/2046 978/2022 1115/2227
f 865/1770 1115/2227 978/2022
f 973/2011 986/2039 1115/2227
f 972/2009 977/2019 861/1752
f 1116/2228 835/1657 990/2047
f 990/2047 988/2042 1116/2228
f 833/1647 1117/2229 941/1944
f 867/1777 1117/2229 988/2043
f 989/2045 917/1898 1117/2229
f 905/1873 976/2018 1118/2230
f 861/1754 1118/2230 976/2018
f 1118/2230 833/1648 903/1868
f 834/1652 1119/2231 939/1940
f 903/1869 941/1945 1119/2231
f 1119/2231 849/1711 938/1938
f 934/1928 937/1936 1120/2233
f 1120/2232 832/1645 905/1872
f 904/1870 905/1874 834/1651
f 904/1871 902/1866 830/1635
f 834/1653 1121/2234 904/1871
f 939/1941 940/1943 1121/2234
f 954/1972 943/1950 1122/2235
f 1122/2236 829/1634 934/1929
f 935/1931 934/1929 830/1636
f 901/1864 935/1932 1123/2237
f 1123/2237 830/1638 902/1867
f 933/1927 902/1867 831/1639
f 822/1607 1124/2238 926/1914
f 955/1976 954/1973 1124/2239
f 1124/2239 827/1625 900/1861
f 825/1616 1125/2240 931/1923
f 900/1863 901/1865 1125/2240
f 1125/2240 826/1622 936/1933
f 853/1722 1126/2241 963/1987
f 944/1954 926/1915 1126/2241
f 1126/2241 825/1617 927/1916
f 929/1920 927/1917 1127/2242
f 1127/2242 825/1618 931/1924
f 911/1886 931/1924 840/1673
f 821/1604 1128/2243 930/1922
f 962/1986 963/1988 1128/2243
f 1128/2243 823/1611 928/1918
f 824/1614 1129/2244 925/1913
f 928/1919 929/1921 1129/2244
f 906/1876 929/1921 838/1665
f 925/1913 906/1876 839/1669
f 1157/2333 1174/2371 1164/2353
f 1165/2354 1159/2339 1154/2321
f 1156/2329 1172/2367 1163/2349
f 1171/2366 1178/2385 1182/2399
f 1192/2422 1160/2341 1176/2376
f 1169/2363 1175/2372 1181/2396
f 1175/2373 1273/2615 1284/2648
f 1157/2334 1273/2615 1161/2345
f 1176/2377 1169/2363 1181/2396
f 1156/2330 1169/2363 1160/2342
f 1169/2363 1157/2335 1161/2344
f 1168/2361 1192/2422 1178/2384
f 1168/2362 1166/2356 1170/2364
f 1166/2356 1160/2343 1170/2364
f 1171/2366 1154/2324 1168/2360
f 1159/2340 1166/2357 1154/2322
f 1159/2340 1167/2358 1172/2367
f 1167/2358 1163/2349 1172/2367
f 1173/2368 1155/2327 1159/2339
f 1267/2603 1164/2352 1275/2617
f 1164/2352 1340/2778 1275/2617
f 1162/2348 1163/2350 1174/2369
f 1163/2351 1247/2550 1174/2370
f 1164/2353 1247/2551 1152/2313
f 1180/2392 1199/2435 1189/2416
f 1190/2418 1183/2402 1177/2380
f 1179/2388 1197/2431 1188/2413
f 1196/2430 1203/2449 1184/2403
f 1220/2490 1185/2405 1201/2440
f 1194/2427 1200/2436 1209/2466
f 1200/2437 1297/2677 1311/2716
f 1180/2393 1297/2677 1186/2409
f 1201/2441 1194/2427 1209/2466
f 1179/2389 1194/2427 1185/2406
f 1194/2427 1180/2394 1186/2408
f 1193/2425 1220/2490 1203/2448
f 1193/2426 1191/2421 1195/2428
f 1191/2421 1185/2407 1195/2428
f 1196/2430 1177/2382 1193/2424
f 1177/2383 1197/2431 1191/2420
f 1197/2431 1178/2386 1192/2423
f 1192/2423 1188/2413 1197/2431
f 1182/2400 1183/2402 1198/2432
f 1291/2665 1189/2417 1299/2679
f 1299/2679 1175/2374 1284/2649
f 1187/2412 1188/2414 1199/2433
f 1199/2434 1176/2379 1181/2397
f 1199/2435 1175/2375 1189/2416
f 1215/2479 1217/2484 1207/2460
f 1218/2486 1210/2470 1202/2444
f 1205/2454 1226/2500 1216/2481
f 1211/2471 1221/2493 1204/2452
f 1224/2497 1206/2459 1213/2475
f 1223/2496 1208/2465 1222/2495
f 1214/2477 1313/2720 1208/2464
f 1207/2461 1327/2748 1214/2477
f 1212/2474 1222/2495 1206/2458
f 1212/2474 1215/2480 1223/2496
f 1223/2496 1207/2462 1214/2476
f 1204/2453 1224/2497 1213/2475
f 1202/2445 1224/2498 1221/2492
f 1224/2498 1205/2456 1212/2472
f 1225/2499 1202/2446 1221/2493
f 1202/2447 1226/2500 1219/2488
f 1210/2469 1220/2491 1226/2500
f 1220/2491 1216/2481 1226/2500
f 1184/2404 1210/2470 1227/2501
f 1320/2735 1217/2485 1329/2750
f 1329/2750 1200/2438 1311/2717
f 1205/2457 1228/2502 1215/2478
f 1228/2503 1201/2443 1209/2467
f 1228/2504 1200/2439 1217/2484
f 1234/2519 1253/2560 1242/2539
f 1243/2541 1237/2527 1231/2509
f 1233/2515 1251/2556 1241/2536
f 1250/2555 1155/2328 1158/2337
f 1167/2359 1238/2529 1153/2317
f 1248/2552 1152/2315 1247/2549
f 1152/2316 1352/2803 1340/2777
f 1239/2531 1346/2793 1352/2803
f 1153/2320 1248/2552 1247/2549
f 1233/2516 1248/2552 1238/2530
f 1240/2534 1239/2532 1248/2552
f 1246/2547 1167/2359 1155/2325
f 1246/2548 1244/2544 1249/2554
f 1249/2554 1233/2517 1238/2528
f 1250/2555 1231/2511 1246/2546
f 1231/2512 1251/2556 1244/2543
f 1251/2556 1232/2513 1245/2545
f 1245/2545 1241/2536 1251/2556
f 1236/2525 1237/2527 1252/2557
f 1346/2792 1242/2540 1354/2805
f 1354/2805 1229/2505 1338/2774
f 1240/2535 1241/2537 1253/2558
f 1253/2559 1230/2508 1235/2523
f 1253/2560 1229/2506 1242/2539
f 1259/2581 1276/2620 1266/2601
f 1267/2603 1261/2589 1256/2569
f 1258/2577 1274/2616 1265/2598
f 1273/2615 1280/2634 1284/2648
f 1272/2613 1278/2626 1293/2669
f 1271/2612 1277/2621 1283/2646
f 1277/2622 1395/2900 1405/2929
f 1259/2582 1395/2900 1263/2594
f 1262/2592 1283/2646 1278/2625
f 1262/2592 1264/2596 1271/2612
f 1271/2612 1259/2583 1263/2593
f 1270/2610 1293/2669 1280/2633
f 1270/2611 1268/2606 1272/2614
f 1272/2614 1258/2579 1262/2590
f 1273/2615 1256/2571 1270/2609
f 1256/2572 1274/2616 1268/2605
f 1274/2616 1257/2574 1269/2607
f 1269/2607 1265/2598 1274/2616
f 1340/2778 1261/2589 1275/2617
f 1389/2888 1266/2602 1397/2902
f 1397/2902 1254/2561 1384/2876
f 1264/2597 1265/2599 1276/2618
f 1276/2619 1255/2567 1260/2585
f 1276/2620 1254/2562 1266/2601
f 1288/2657 1290/2663 1282/2641
f 1299/2679 1279/2630 1291/2665
f 1281/2637 1298/2678 1289/2660
f 1297/2677 1304/2696 1311/2716
f 1296/2675 1302/2688 1322/2739
f 1295/2674 1301/2683 1310/2713
f 1301/2684 1416/2954 1429/2983
f 1282/2642 1416/2954 1287/2656
f 1286/2653 1310/2713 1302/2687
f 1281/2638 1295/2674 1286/2653
f 1295/2674 1282/2643 1287/2655
f 1294/2672 1322/2739 1304/2695
f 1279/2631 1296/2676 1294/2671
f 1292/2667 1286/2654 1296/2676
f 1291/2666 1294/2673 1297/2677
f 1285/2651 1292/2668 1279/2629
f 1298/2678 1280/2635 1293/2670
f 1298/2678 1278/2627 1289/2660
f 1299/2679 1280/2636 1285/2650
f 1410/2942 1290/2664 1418/2956
f 1418/2956 1277/2623 1405/2930
f 1288/2659 1289/2661 1300/2680
f 1300/2681 1278/2628 1283/2645
f 1300/2682 1277/2624 1290/2663
f 1317/2728 1319/2733 1308/2707
f 1320/2735 1312/2718 1303/2691
f 1321/2737 1318/2730 1306/2701
f 1327/2748 1305/2699 1313/2720
f 1315/2724 1314/2722 1307/2705
f 1324/2744 1316/2725 1309/2711
f 1316/2726 1431/2987 1309/2712
f 1308/2708 1443/3011 1316/2726
f 1307/2706 1325/2745 1324/2744
f 1314/2723 1317/2729 1325/2745
f 1325/2745 1308/2709 1316/2725
f 1305/2700 1326/2746 1315/2724
f 1323/2743 1321/2738 1326/2747
f 1326/2747 1306/2703 1314/2721
f 1327/2748 1303/2693 1323/2741
f 1303/2694 1328/2749 1321/2737
f 1312/2719 1322/2740 1328/2749
f 1328/2749 1302/2689 1318/2730
f 1329/2750 1304/2698 1312/2718
f 1437/2999 1319/2734 1445/3013
f 1445/3013 1301/2685 1429/2984
f 1306/2704 1330/2752 1317/2727
f 1318/2732 1310/2714 1330/2751
f 1330/2753 1301/2686 1319/2733
f 1343/2785 1345/2790 1336/2768
f 1346/2792 1339/2775 1333/2758
f 1347/2795 1344/2787 1335/2764
f 1352/2803 1257/2576 1340/2777
f 1351/2801 1255/2568 1269/2608
f 1350/2800 1254/2563 1260/2587
f 1254/2564 1376/2853 1384/2875
f 1342/2782 1369/2840 1376/2853
f 1341/2780 1260/2587 1255/2565
f 1335/2765 1350/2800 1341/2780
f 1343/2786 1342/2783 1350/2800
f 1349/2798 1269/2608 1257/2573
f 1333/2760 1351/2802 1349/2797
f 1347/2794 1341/2781 1351/2802
f 1346/2793 1349/2799 1352/2803
f 1339/2776 1347/2795 1333/2759
f 1339/2776 1348/2796 1353/2804
f 1348/2796 1344/2787 1353/2804
f 1354/2805 1334/2763 1339/2775
f 1369/2839 1345/2791 1378/2855
f 1378/2855 1331/2754 1363/2826
f 1335/2767 1355/2806 1343/2784
f 1355/2807 1332/2757 1337/2772
f 1355/2808 1331/2755 1345/2790
f 1361/2822 1379/2858 1368/2838
f 1378/2855 1358/2813 1369/2839
f 1370/2842 1367/2835 1360/2818
f 1376/2853 1382/2868 1384/2875
f 1375/2851 1380/2860 1391/2892
f 1373/2848 1486/3139 1488/3145
f 1365/2831 1373/2848 1380/2859
f 1365/2831 1366/2833 1374/2850
f 1374/2850 1361/2823 1486/3139
f 1372/2845 1391/2892 1382/2867
f 1358/2814 1375/2852 1372/2844
f 1375/2852 1360/2820 1365/2829
f 1369/2840 1372/2846 1376/2853
f 1364/2828 1370/2842 1358/2812
f 1377/2854 1359/2816 1371/2843
f 1371/2843 1367/2835 1377/2854
f 1378/2855 1359/2817 1364/2827
f 1366/2834 1367/2836 1379/2856
f 1379/2857 1357/2811 1362/2824
f 1379/2858 1356/2809 1368/2838
f 1387/2882 1490/3152 1487/3141
f 1389/2888 1385/2877 1381/2863
f 1383/2871 1396/2901 1388/2885
f 1395/2900 1401/2915 1405/2929
f 1394/2898 1399/2906 1412/2946
f 1393/2897 1492/3160 1404/2926
f 1399/2907 1393/2897 1404/2926
f 1386/2881 1387/2883 1393/2897
f 1393/2897 1487/3142 1489/3149
f 1392/2895 1412/2946 1401/2914
f 1392/2896 1390/2891 1394/2899
f 1394/2899 1383/2873 1386/2879
f 1395/2900 1381/2865 1392/2894
f 1381/2866 1396/2901 1390/2890
f 1385/2878 1391/2893 1396/2901
f 1391/2893 1388/2885 1396/2901
f 1397/2902 1382/2870 1385/2877
f 1387/2884 1388/2886 1398/2903
f 1398/2904 1380/2862 1373/2847
f 1398/2905 1488/3146 1490/3152
f 1408/2936 1494/3165 1491/3154
f 1410/2942 1406/2931 1400/2910
f 1403/2922 1417/2955 1409/2939
f 1416/2954 1402/2919 1429/2983
f 1415/2952 1421/2962 1439/3003
f 1428/2981 1493/3163 1495/3167
f 1407/2935 1428/2981 1421/2961
f 1407/2935 1408/2937 1414/2951
f 1408/2937 1493/3163 1414/2951
f 1413/2949 1439/3003 1402/2918
f 1413/2950 1411/2945 1415/2953
f 1415/2953 1403/2924 1407/2933
f 1416/2954 1400/2912 1413/2948
f 1400/2913 1417/2955 1411/2944
f 1406/2932 1412/2947 1417/2955
f 1412/2947 1409/2939 1417/2955
f 1418/2956 1401/2917 1406/2931
f 1408/2938 1409/2940 1419/2957
f 1409/2941 1404/2927 1419/2958
f 1494/3165 1404/2928 1492/3158
f 1426/2977 1446/3016 1496/3171
f 1437/2999 1430/2985 1422/2965
f 1424/2971 1444/3012 1436/2996
f 1431/2987 1440/3005 1423/2969
f 1442/3009 1425/2976 1433/2991
f 1441/3008 1427/2979 1420/2960
f 1432/2990 1420/2960 1425/2975
f 1432/2990 1435/2994 1441/3008
f 1441/3008 1426/2978 1434/2992
f 1440/3006 1433/2991 1423/2970
f 1440/3007 1438/3002 1442/3010
f 1442/3010 1424/2973 1432/2988
f 1443/3011 1422/2967 1440/3005
f 1422/2968 1444/3012 1438/3001
f 1444/3012 1402/2920 1439/3004
f 1439/3004 1436/2996 1444/3012
f 1445/3013 1402/2921 1430/2985
f 1435/2995 1436/2997 1446/3014
f 1446/3015 1421/2964 1428/2980
f 1446/3016 1495/3168 1496/3171
f 1459/3056 1535/3263 1450/3025
f 1447/3017 1536/3267 1449/3022
f 1450/3026 1537/3270 1447/3017
f 1455/3043 1457/3048 1452/3033
f 1458/3052 1456/3045 1451/3029
f 1474/3102 1453/3037 1465/3072
f 1460/3059 1464/3069 1468/3083
f 1453/3038 1468/3083 1465/3073
f 1453/3038 1455/3044 1460/3059
f 1460/3059 1452/3034 1454/3039
f 1461/3062 1451/3031 1453/3036
f 1462/3064 1450/3027 1456/3045
f 1451/3032 1463/3067 1455/3042
f 1456/3047 1447/3018 1463/3066
f 1463/3068 1449/3023 1457/3048
f 1471/3092 1524/3231 1467/3079
f 1466/3076 1477/3112 1472/3095
f 1483/3131 1469/3086 1480/3120
f 1481/3124 1470/3089 1479/3117
f 1480/3121 1475/3107 1481/3124
f 1469/3088 1471/3093 1475/3106
f 1475/3107 1467/3080 1470/3089
f 1476/3109 1466/3077 1469/3085
f 1474/3103 1472/3095 1477/3112
f 1466/3078 1478/3114 1471/3093
f 1478/3115 1465/3075 1468/3082
f 1478/3116 1464/3070 1524/3231
f 1484/3135 1480/3122 1482/3127
f 1482/3128 1481/3125 1485/3136
f 1485/3138 1479/3118 1545/3291
f 1488/3147 1448/3021 1459/3055
f 1487/3143 1462/3065 1458/3051
f 1489/3150 1474/3104 1492/3159
f 1489/3151 1458/3054 1461/3060
f 1488/3148 1462/3065 1490/3153
f 1491/3156 1477/3113 1473/3098
f 1495/3169 1476/3110 1483/3130
f 1491/3157 1476/3111 1493/3162
f 1492/3161 1477/3113 1494/3166
f 1496/3172 1483/3133 1484/3134
f 863/1762 1504/3185 969/2000
f 1504/3185 864/1766 969/2000
f 1502/3181 862/1757 1052/2149
f 964/1990 1055/2159 863/1759
f 860/1750 1503/3183 966/1994
f 1052/2151 966/1994 1503/3183
f 859/1745 898/1857 967/1995
f 967/1997 1056/2162 860/1747
f 974/2014 971/2007 858/1739
f 897/1855 859/1746 971/2004
f 1514/3203 1515/3206 1513/3200
f 1470/3090 1514/3204 1522/3225
f 1522/3226 1513/3201 1520/3220
f 1467/3081 1516/3209 1514/3204
f 1519/3217 1520/3220 1517/3211
f 1545/3289 1519/3218 1521/3222
f 1521/3223 1517/3212 1518/3214
f 1479/3119 1522/3227 1519/3218
f 1525/3234 1528/3243 1523/3228
f 1524/3233 1525/3235 1516/3208
f 1516/3210 1523/3229 1515/3206
f 1464/3071 1526/3239 1525/3235
f 1527/3240 1533/3258 1531/3251
f 1454/3041 1529/3247 1526/3237
f 1529/3246 1528/3243 1526/3238
f 1529/3247 1457/3049 1533/3256
f 1530/3248 1534/3260 1559/3334
f 1457/3050 1532/3254 1533/3257
f 1532/3255 1531/3251 1533/3258
f 1449/3024 1534/3261 1532/3254
f 2425/5121 1577/3381 2369/5004
f 2461/5191 1567/3356 2457/5185
f 1542/3282 1541/3279 1559/3334
f 1542/3282 1559/3334 1534/3260
f 3122/6534 3124/6536 3123/6535
f 1549/3302 1521/3223 1518/3214
f 1547/3296 1521/3224 1544/3285
f 1548/3298 1545/3291 1547/3294
f 1548/3299 1482/3129 1485/3137
f 1550/3307 1555/3323 1552/3312
f 1549/3303 1551/3310 1550/3305
f 1554/3321 1556/3326 1553/3315
f 1554/3318 1553/3316 1558/3331
f 1552/3313 1557/3329 1554/3319
f 2468/5202 1538/3273 2465/5198
f 3118/6528 1563/3344 3102/6502
f 1563/3345 1565/3350 1560/3337
f 3121/6533 3123/6535 1577/3381
f 2463/5194 1578/3382 2466/5200
f 1565/3351 1568/3359 1560/3338
f 1566/3354 1572/3372 1568/3358
f 2467/5201 3125/6538 2464/5196
f 1541/3280 3125/6539 3118/6527
f 1570/3365 1576/3379 1572/3371
f 1569/3362 1573/3374 1576/3378
f 2466/5200 3127/6541 2468/5202
f 2459/5189 1569/3363 1570/3366
f 2458/5187 1540/3277 1539/3275
f 1559/3335 1579/3384 1530/3250
f 1513/3202 1603/3413 1592/3400
f 1527/3242 1597/3405 1528/3244
f 2459/5188 1562/3343 1564/3348
f 1573/3375 1601/3411 1576/3380
f 1515/3207 1598/3406 1603/3413
f 1531/3252 1602/3412 1527/3242
f 1576/3380 1590/3398 1572/3373
f 1556/3327 1600/3410 1581/3386
f 1557/3330 1596/3404 1600/3410
f 1558/3332 1582/3387 1599/3407
f 1523/3230 1597/3405 1598/3406
f 1560/3339 1593/3401 1563/3346
f 1555/3325 1595/3403 1596/3404
f 1551/3311 1587/3392 1595/3403
f 1563/3346 1575/3377 3102/6503
f 1520/3221 1592/3400 1583/3388
f 1571/3369 1591/3399 1573/3375
f 1572/3373 1585/3390 1568/3360
f 2465/5199 3126/6540 2467/5201
f 1518/3216 1584/3389 1587/3392
f 1568/3360 1586/3391 1560/3339
f 1517/3213 1583/3388 1584/3389
f 1553/3317 1581/3386 1582/3387
f 1530/3250 1580/3385 1531/3252
f 1594/3402 1605/3416 1579/3384
f 1592/3400 1629/3440 1611/3422
f 1602/3412 1613/3424 1597/3405
f 1588/3393 1604/3414 1609/3420
f 1591/3399 1614/3425 1601/3411
f 1603/3413 1625/3436 1629/3440
f 1580/3385 1628/3439 1602/3412
f 1601/3411 1610/3421 1590/3398
f 1581/3386 1627/3438 1606/3417
f 1600/3410 1624/3435 1627/3438
f 1582/3387 1626/3437 1599/3407
f 1598/3406 1613/3424 1625/3436
f 1586/3391 1612/3423 1593/3401
f 1596/3404 1623/3434 1624/3435
f 1595/3403 1619/3430 1623/3434
f 1593/3401 1574/3376 1575/3377
f 1583/3388 1611/3422 1607/3418
f 1589/3397 1621/3432 1591/3399
f 1590/3398 1608/3419 1585/3390
f 1588/3393 1620/3431 1589/3397
f 1587/3392 1617/3428 1619/3430
f 1585/3390 1618/3429 1586/3391
f 1584/3389 1607/3418 1617/3428
f 1582/3387 1606/3417 1616/3427
f 1579/3384 1615/3426 1580/3385
f 2189/4648 1653/3503 2193/4654
f 2194/4655 1652/3501 2189/4647
f 2193/4654 1651/3496 2192/4652
s 0
f 1934/4244 1689/3600 1973/4315
f 1943/4264 1690/3601 1978/4321
f 1695/3606 2121/4541 1836/4002
f 1696/3607 2071/4465 1670/3549
f 1696/3607 2053/4437 1676/3566
f 1673/3558 1868/4097 2084/4485
f 1675/3564 1832/3992 1695/3606
f 1691/3602 2146/4580 1677/3569
f 1683/3585 1690/3601 1943/4264
f 1689/3600 2155/4595 1808/3909
f 1671/3552 1676/3566 2054/4439
f 1973/4315 1689/3600 1682/3583
f 1689/3600 2165/4610 1665/3536
f 1667/3542 1666/3539 1691/3602
f 1693/3604 2021/4387 1790/3856
f 1982/4326 1689/3600 1835/3999
f 1668/3545 1689/3600 1665/3536
f 1663/3532 1791/3859 1693/3604
s 1
f 1661/3527 2235/4742 2197/4661
f 2197/4661 2004/4361 1661/3527
f 1692/3603 1685/3591 1684/3588
s 0
f 1689/3600 1982/4326 1682/3583
f 1696/3607 2065/4456 1852/4061
f 1666/3539 1816/3935 1691/3602
f 1688/3598 2085/4487 1672/3555
f 1689/3600 1668/3545 1835/3999
f 1677/3569 1689/3600 1691/3602
f 1693/3604 1792/3862 1696/3607
f 1696/3607 1868/4097 1688/3598
f 1790/3856 1663/3532 1693/3604
f 2164/4608 1689/3600 1808/3909
f 2046/4425 1696/3607 1792/3862
f 1667/3542 1836/4002 2127/4550
s 1
f 1659/3522 2232/4738 2196/4659
s 0
f 1689/3600 1978/4321 1690/3601
f 1674/3561 1675/3564 1695/3606
s 1
f 1681/3580 1694/3605 1680/3577
s 0
f 1887/4147 1674/3561 1688/3598
f 1690/3601 1683/3585 1937/4252
f 1672/3555 1887/4147 1688/3598
f 2152/4590 1689/3600 1677/3569
f 1693/3604 2040/4416 1792/3862
f 1696/3607 2077/4474 1868/4097
f 1667/3542 3429/7183 1695/3606
f 1689/3600 1934/4244 1978/4321
f 1695/3606 1688/3598 1674/3561
s 1
f 1632/3450 1700/3618 1697/3609
f 2172/4622 1760/3786 2175/4625
f 1704/3628 1746/3765 1745/3763
f 1707/3637 1748/3768 1746/3764
f 2174/4624 1713/3657 1749/3769
f 2180/4633 1710/3646 1747/3766
f 2177/4629 1762/3789 2181/4634
f 1633/3452 1712/3653 1654/3505
f 2187/4644 1750/3771 2185/4641
f 3093/6486 1715/3666 1151/2310
f 2186/4642 1714/3660 1763/3791
f 2192/4653 1764/3793 2191/4651
f 2190/4650 1717/3670 2195/4657
f 2187/4643 1983/4329 1650/3493
f 1788/3851 1707/3638 1704/3626
f 2178/4630 1787/3847 1710/3645
f 2173/4623 1718/3671 1713/3658
f 1707/3638 1660/3524 1706/3633
f 2003/4360 1720/3677 847/1700
f 1999/4354 1765/3794 2001/4356
f 2007/4367 1766/3796 2009/4369
f 2005/4364 1130/2247 1145/2299
f 2006/4365 1751/3773 2008/4368
f 2000/4355 1724/3693 1752/3775
f 2006/4365 1659/3523 1725/3695
f 1997/4350 1789/3853 1724/3691
f 2011/4373 1655/3512 991/2049
f 2015/4378 1727/3701 1771/3806
f 1774/3812 1767/3798 1699/3615
f 1141/2287 1728/3705 1131/2250
f 1734/3725 1732/3718 1754/3777
f 2014/4377 1723/3690 1758/3784
f 1773/3810 1662/3530 1732/3719
f 2013/4376 1661/3528 1723/3688
f 2023/4392 1138/2276 1635/3456
f 2026/4395 1731/3716 1768/3800
f 2029/4401 1769/3802 2032/4404
f 2034/4408 1735/3728 1645/3475
f 2030/4402 1756/3780 2031/4403
f 2025/4394 1730/3714 1753/3776
f 2033/4406 1739/3741 2030/4402
f 2024/4393 1790/3857 1730/3712
f 1988/4336 1705/3631 1761/3788
f 984/2035 1703/3625 845/1693
f 1986/4334 1745/3762 1987/4335
f 1986/4334 1788/3852 1704/3627
f 1990/4340 1772/3808 1994/4345
f 1996/4349 1741/3749 866/1771
f 1992/4343 1757/3782 1993/4344
f 1995/4346 1742/3752 1992/4343
f 1990/4339 1757/3782 1743/3755
f 1985/4332 1745/3762 1705/3630
f 2022/4389 1753/3776 1731/3715
f 2029/4400 1756/3780 1740/3743
f 2012/4374 1758/3784 1727/3702
f 1734/3725 1733/3722 1774/3811
f 2000/4355 1719/3674 1999/4353
f 2008/4368 1726/3699 2007/4366
f 2185/4641 1714/3661 2183/4637
f 2180/4633 1709/3643 2177/4628
f 2174/4624 1711/3651 2172/4621
f 1746/3764 1701/3620 1708/3639
f 1705/3632 1746/3765 1708/3640
f 1991/4341 1772/3808 1741/3747
f 1984/4330 1761/3788 1703/3624
f 2028/4398 1769/3802 1735/3726
f 2026/4395 1729/3710 2023/4391
f 1775/3813 1767/3798 1728/3704
f 2011/4372 1771/3806 1722/3684
f 2005/4363 1766/3796 1721/3680
f 2001/4356 1720/3678 1998/4351
f 2190/4649 1764/3793 1716/3668
f 2184/4639 1763/3791 1715/3664
f 2181/4634 1712/3654 2179/4631
f 2171/4619 1760/3786 1700/3616
f 2018/4383 1775/3813 2020/4386
f 2019/4384 1774/3811 2016/4380
f 2021/4388 1773/3810 2017/4382
f 2017/4381 1734/3725 2019/4384
f 2020/4385 1141/2287 1146/2300
f 2016/4379 1699/3615 2018/4383
f 1634/3454 1736/3731 1137/2270
f 2036/4412 1770/3804 2039/4415
f 2044/4423 1781/3833 1783/3839
f 2043/4422 1136/2268 2047/4428
f 2042/4420 1786/3845 2045/4424
f 2038/4414 1755/3779 2037/4413
f 2046/4426 1780/3830 2042/4420
f 2038/4414 1791/3860 1737/3734
f 2044/4423 1777/3821 2043/4421
f 2035/4409 1770/3804 1736/3730
f 2037/4413 1738/3738 2036/4411
f 2045/4424 1781/3834 2041/4418
f 1796/3876 1668/3546 1800/3885
f 1888/4149 1795/3873 1873/4114
f 1898/4168 1794/3869 1896/4164
f 1800/3885 1665/3537 1794/3868
f 1798/3882 1133/2256 1801/3887
f 1133/2255 3094/6489 1043/2133
f 1897/4166 1800/3886 1898/4168
f 1150/2309 1802/3890 1142/2289
f 2169/4617 1805/3899 1889/4150
f 2170/4618 1807/3907 1900/4170
f 2160/4603 1899/4169 2163/4607
f 2159/4602 1890/4152 2162/4606
f 1008/2077 1806/3903 875/1796
f 2160/4603 1808/3910 1804/3895
f 2168/4616 1669/3548 1807/3906
f 2153/4593 876/1801 1149/2306
f 2156/4598 1891/4154 2157/4599
f 2154/4594 1902/4173 2158/4600
f 2144/4577 1811/3921 1901/4172
f 2143/4576 1810/3917 1892/4156
f 1148/2305 1813/3928 877/1804
f 2146/4581 1811/3919 2145/4578
f 2154/4594 1815/3934 1814/3932
f 2137/4567 1140/2285 1636/3457
f 2138/4569 1893/4158 2139/4570
f 2130/4556 1894/4160 2131/4557
f 2129/4554 1646/3480 2134/4562
f 2128/4552 1903/4175 2132/4558
f 2140/4571 1820/3951 1904/4177
f 2133/4560 1821/3953 2128/4552
f 2135/4564 1820/3950 2136/4565
f 2117/4536 1825/3970 1637/3459
f 2120/4540 1826/3971 1886/4145
f 2122/4544 1895/4162 2125/4548
f 2123/4546 1647/3484 1018/2095
f 2126/4549 1830/3985 1905/4178
f 2119/4539 1829/3984 1879/4133
f 2127/4551 1830/3986 2124/4547
f 2116/4534 1832/3993 1829/3982
f 2078/4477 1839/4012 1648/3486
f 1019/2097 1837/4006 1630/3441
f 2070/4464 1849/4051 1863/4087
f 2076/4473 1838/4010 1862/4085
f 2080/4481 1864/4089 2083/4484
f 2079/4479 1631/3448 1147/2303
f 2082/4483 1845/4035 1857/4076
f 2075/4472 1844/4034 1859/4080
f 2069/4463 1851/4058 1860/4081
f 2063/4454 1848/4047 1858/4078
f 2064/4455 1847/4043 1866/4093
f 1638/3462 1850/4055 883/1819
f 2059/4448 1834/3997 2056/4443
f 1642/3470 1823/3960 1143/2293
f 2057/4444 1824/3965 1833/3995
f 2059/4447 1676/3567 1906/4180
f 2084/4486 1845/4036 2081/4482
f 2061/4451 1671/3553 1848/4046
f 2068/4462 1852/4062 1851/4059
f 2077/4475 1844/4032 2072/4467
f 2087/4492 1865/4091 2090/4495
f 1639/3464 1841/4021 1134/2260
f 2088/4493 1856/4074 2089/4494
f 2088/4493 1673/3559 1842/4024
f 2087/4491 1856/4074 1843/4028
f 2058/4445 1834/3997 1824/3963
f 2060/4449 1858/4078 1847/4042
f 2067/4460 1860/4081 1849/4050
f 2074/4470 1859/4080 1838/4009
f 2080/4480 1857/4076 1846/4038
f 2090/4495 1841/4022 2086/4489
f 2055/4441 1833/3995 1823/3959
f 2062/4452 1866/4093 1850/4054
f 2083/4484 1840/4018 2079/4478
f 2076/4473 1839/4013 2073/4468
f 2066/4458 1863/4087 1837/4005
f 2106/4520 1657/3518 1640/3466
f 1020/2099 1869/4100 884/1823
f 2099/4510 1884/4141 2102/4513
f 2107/4522 1883/4139 2109/4524
f 2112/4528 1876/4123 1885/4143
f 2110/4526 885/1830 1641/3468
f 2114/4531 1880/4134 2111/4527
f 2105/4518 1881/4136 2108/4523
f 2100/4511 1882/4137 2101/4512
f 2094/4501 1861/4083 2093/4500
f 2091/4497 1867/4095 2095/4502
f 2092/4499 1135/2264 2097/4505
f 2115/4533 1875/4120 2114/4531
f 2096/4504 1854/4069 2094/4501
f 2100/4511 1887/4148 1878/4131
f 2104/4517 1874/4116 2105/4518
f 2091/4496 1861/4083 1855/4070
f 2101/4512 1877/4128 2099/4509
f 2107/4521 1881/4136 1870/4103
f 2113/4529 1880/4134 1876/4122
f 2092/4498 1867/4095 1853/4063
f 2112/4528 1872/4112 2110/4525
f 2109/4524 1871/4107 2106/4519
f 2102/4513 1869/4101 2098/4507
f 2125/4548 1828/3979 2123/4545
f 2117/4535 1886/4145 1827/3974
f 2131/4557 1819/3947 2129/4553
f 2139/4570 1818/3943 2137/4566
f 2142/4574 1892/4156 1813/3926
f 2157/4599 1809/3913 2153/4592
f 2161/4604 1890/4152 1806/3902
f 2166/4612 1889/4150 1802/3888
f 1888/4149 1793/3865 1798/3881
f 2118/4537 1879/4133 1826/3972
f 2126/4549 1831/3990 2122/4543
f 2140/4571 1817/3939 2138/4568
f 2130/4555 1903/4175 1822/3955
f 2141/4572 1901/4172 1810/3916
f 2156/4597 1902/4173 1812/3922
f 2163/4607 1803/3893 2159/4601
f 2170/4618 1805/3900 2167/4614
f 1897/4166 1799/3884 1797/3879
f 1799/3884 1896/4164 1795/3871
f 2049/4431 1778/3823 1785/3843
f 2051/4434 1139/2281 1643/3471
f 2050/4432 1779/3826 1784/3841
f 2052/4435 1782/3837 1778/3824
f 2049/4431 1779/3827 2048/4429
f 2051/4433 1784/3841 1776/3815
f 2148/4584 1911/4189 1907/4183
f 2149/4586 1910/4188 1909/4186
f 2147/4582 1677/3570 1908/4185
f 1644/3474 1909/4187 1144/2296
f 2150/4588 1907/4184 1910/4188
f 2147/4583 1911/4189 2151/4589
f 1967/4308 1955/4288 1970/4312
f 1965/4305 1913/4194 1954/4287
f 1966/4306 1678/3571 1913/4192
f 1967/4308 1916/4200 1915/4197
f 1913/4193 1956/4291 1954/4286
f 1919/4208 1957/4292 1956/4290
f 1913/4194 1679/3574 1919/4209
f 1919/4209 1925/4221 1918/4204
f 1918/4206 1958/4294 1957/4292
f 1958/4293 1922/4214 1950/4280
f 1925/4222 1923/4218 1918/4205
f 1923/4218 1680/3578 1922/4213
f 1938/4256 1930/4234 1939/4257
f 1975/4318 1940/4259 1977/4320
f 1972/4314 1941/4260 1974/4317
f 1979/4323 1897/4167 1981/4325
f 1927/4226 1943/4265 1930/4235
f 1979/4323 1835/4001 1796/3875
f 1972/4314 1682/3584 1933/4242
f 1975/4318 1934/4245 1929/4231
f 1935/4249 1938/4255 1942/4262
f 1937/4253 1927/4228 1935/4247
f 1936/4251 1938/4255 1928/4229
f 1981/4325 1797/3880 1980/4324
f 1971/4313 1941/4260 1932/4239
f 1977/4320 1926/4224 1976/4319
f 1938/4256 1931/4238 1928/4230
f 1922/4214 1951/4282 1950/4280
f 1946/4271 1952/4283 1951/4281
f 1945/4268 1953/4285 1952/4283
f 1949/4279 1942/4263 1953/4284
f 1922/4215 1686/3594 1946/4272
f 1685/3592 1935/4249 1949/4277
f 1945/4269 1685/3592 1949/4277
f 1946/4272 1684/3590 1945/4267
f 1948/4276 1942/4263 1936/4250
f 1944/4266 1953/4285 1948/4275
f 1947/4274 1952/4283 1944/4266
f 1921/4212 1951/4282 1947/4273
f 1958/4293 1921/4212 1924/4219
f 1957/4292 1924/4220 1917/4203
f 1956/4290 1917/4203 1920/4210
f 1954/4286 1920/4211 1912/4190
f 1963/4302 1954/4287 1912/4191
f 1969/4311 1955/4288 1914/4195
f 2247/4757 1961/4299 1959/4295
f 2246/4756 1687/3595 1960/4298
f 1962/4301 1960/4297 1961/4299
f 1961/4300 1963/4302 1959/4296
f 1960/4297 1964/4303 1966/4306
f 1961/4300 1966/4307 1965/4305
f 1651/3498 1970/4312 1969/4311
f 1649/3491 1967/4308 1652/3499
f 1652/3502 1970/4312 1653/3504
f 1940/4259 1971/4313 1926/4224
f 1929/4232 1973/4316 1972/4314
f 1929/4233 1974/4317 1940/4259
f 1939/4258 1976/4319 1931/4237
f 1930/4235 1978/4322 1975/4318
f 1930/4236 1977/4320 1939/4258
f 1932/4240 1981/4325 1980/4324
f 1933/4242 1982/4327 1979/4323
f 1941/4261 1979/4323 1981/4325
f 1772/3809 1984/4330 1741/3748
f 1757/3783 1985/4332 1743/3756
f 1742/3753 1989/4337 1986/4334
f 1742/3754 1987/4335 1757/3783
f 866/1773 1984/4331 984/2035
f 1743/3758 1988/4336 1772/3809
f 1765/3795 1991/4341 1720/3676
f 1752/3775 1990/4339 1719/3674
f 1789/3854 1992/4343 1724/3692
f 1724/3693 1993/4344 1752/3775
f 847/1703 1991/4342 1996/4349
f 1719/3675 1994/4345 1765/3795
f 1721/3682 2001/4356 1998/4351
f 1751/3774 1999/4353 1726/3697
f 1725/3695 2002/4357 1997/4350
f 1725/3696 2000/4355 1751/3774
f 1726/3700 2001/4356 1766/3797
f 1130/2248 1998/4352 2003/4360
f 1722/3686 2009/4369 2005/4363
f 1727/3702 2008/4368 2007/4366
f 1723/3689 2004/4362 2006/4365
f 1758/3784 2006/4365 2008/4368
f 1722/3687 1145/2299 1655/3510
f 1771/3807 2007/4367 2009/4369
f 1728/3706 2015/4378 2011/4372
f 1733/3723 2014/4377 2012/4374
f 1732/3719 2010/4370 2013/4376
f 1754/3778 2013/4376 2014/4377
f 1767/3799 2012/4375 2015/4378
f 1728/3707 991/2049 1131/2251
f 1731/3717 2018/4383 1768/3801
f 1138/2277 2020/4385 1146/2300
f 1753/3776 2017/4381 2019/4384
f 1790/3858 2017/4382 1730/3713
f 1753/3776 2016/4380 1731/3715
f 1768/3801 2020/4386 1729/3708
f 1769/3803 2023/4391 1735/3727
f 1740/3745 2025/4394 2022/4389
f 1739/3741 2027/4397 2024/4393
f 1756/3781 2024/4393 2025/4394
f 1740/3746 2026/4395 1769/3803
f 1735/3729 1635/3456 1645/3476
f 1736/3732 2032/4404 2028/4398
f 1738/3738 2031/4403 2029/4400
f 1791/3861 2030/4402 1737/3735
f 1755/3779 2030/4402 2031/4403
f 1736/3733 2034/4408 1137/2271
f 1770/3805 2029/4401 2032/4404
f 1786/3846 2036/4411 1781/3832
f 1783/3840 2035/4409 1777/3819
f 1780/3830 2040/4417 2038/4414
f 1780/3831 2037/4413 1786/3846
f 1781/3835 2039/4415 1783/3840
f 1136/2269 2035/4410 1634/3454
f 1785/3844 2041/4418 1779/3825
f 1784/3842 2043/4421 1776/3816
f 1782/3838 2042/4420 1778/3823
f 1778/3824 2045/4424 1785/3844
f 1776/3818 2047/4428 1139/2279
f 1779/3828 2044/4423 1784/3842
f 1823/3961 2050/4432 2051/4433
f 1834/3998 2048/4429 1824/3964
f 1906/4181 2053/4438 2052/4435
f 1833/3996 2048/4430 2050/4432
f 1143/2295 2051/4434 1643/3471
f 1906/4182 2049/4431 1834/3998
f 1850/4056 2057/4444 2055/4441
f 1847/4044 2056/4443 2058/4445
f 1848/4048 2054/4440 2059/4447
f 1866/4094 2058/4446 2057/4444
f 883/1822 2055/4442 1642/3470
f 1858/4079 2059/4448 2056/4443
f 1837/4007 2064/4455 2062/4452
f 1849/4052 2063/4454 2060/4449
f 1851/4059 2065/4457 2061/4451
f 1630/3444 2062/4453 1638/3462
f 1863/4088 2060/4450 2064/4455
f 1860/4082 2061/4451 2063/4454
f 1839/4014 2070/4464 2066/4458
f 1859/4080 2067/4460 1838/4009
f 1844/4033 2071/4466 2068/4462
f 1859/4080 2068/4462 2069/4463
f 1862/4086 2067/4461 2070/4464
f 1648/3489 2066/4459 1019/2097
f 1864/4090 2073/4468 1840/4016
f 1857/4077 2074/4470 1846/4039
f 1868/4098 2072/4467 1845/4036
f 1857/4077 2072/4467 2075/4472
f 1846/4041 2076/4473 1864/4090
f 1840/4019 2078/4477 1631/3446
f 1865/4092 2079/4478 1841/4020
f 1843/4030 2082/4483 2080/4480
f 1842/4026 2084/4486 2081/4482
f 1842/4027 2082/4483 1856/4075
f 1841/4023 1147/2303 1134/2261
f 1843/4031 2083/4484 1865/4092
f 1853/4065 2090/4495 2086/4489
f 1855/4072 2089/4494 2087/4491
f 1854/4068 2085/4488 2088/4493
f 1861/4084 2088/4493 2089/4494
f 1135/2265 2086/4490 1639/3464
f 1855/4073 2090/4495 1867/4096
f 1884/4142 2092/4498 1869/4099
f 1882/4138 2091/4496 1877/4126
f 1878/4131 2096/4504 2094/4501
f 884/1826 2092/4499 2097/4505
f 1877/4129 2095/4502 1884/4142
f 1878/4132 2093/4500 1882/4138
f 1871/4108 2102/4513 2098/4507
f 1881/4136 2099/4509 1870/4103
f 1874/4117 2103/4515 2100/4511
f 1874/4118 2101/4512 1881/4136
f 1883/4140 2099/4510 2102/4513
f 1657/3519 2098/4508 1020/2099
f 1885/4144 2106/4519 1872/4110
f 1876/4124 2108/4523 2107/4521
f 1675/3565 2105/4518 1875/4120
f 1875/4121 2108/4523 1880/4135
f 1885/4144 2107/4522 2109/4524
f 1872/4113 1640/3466 885/1827
f 1886/4146 2110/4525 1827/3975
f 1826/3972 2111/4527 2113/4529
f 1832/3994 2114/4531 1829/3983
f 1829/3984 2111/4527 1879/4133
f 1827/3977 1641/3468 1825/3967
f 1826/3973 2112/4528 1886/4146
f 1905/4179 2118/4537 1831/3988
f 1828/3980 2120/4540 2117/4535
f 1830/3986 2121/4542 2116/4534
f 1905/4179 2116/4534 2119/4539
f 1831/3991 2120/4540 1895/4163
f 1647/3485 2117/4536 1637/3459
f 1904/4177 2122/4543 1817/3939
f 1893/4159 2123/4545 1818/3941
f 1667/3544 2124/4547 1820/3949
f 1904/4177 2124/4547 2126/4549
f 1818/3944 1018/2095 1140/2282
f 1817/3940 2125/4548 1893/4159
f 1901/4172 2130/4555 1810/3916
f 1892/4157 2129/4553 1813/3927
f 1811/3920 2133/4560 2128/4552
f 1901/4172 2128/4552 2132/4558
f 1813/3929 2134/4562 877/1805
f 1810/3918 2131/4557 1892/4157
f 1903/4176 2138/4568 1822/3956
f 1894/4161 2137/4566 1819/3945
f 1821/3953 2135/4564 2136/4565
f 1903/4176 2136/4565 2140/4571
f 1822/3958 2139/4570 1894/4161
f 1646/3481 2137/4567 1636/3457
f 1907/4183 2144/4577 2141/4572
f 1910/4188 2142/4574 1909/4186
f 1677/3570 2145/4578 1908/4185
f 1909/4187 1148/2305 1144/2296
f 1910/4188 2141/4573 2143/4576
f 1908/4185 2144/4577 1911/4189
f 1814/3931 2151/4589 1902/4174
f 1891/4155 2148/4585 2150/4588
f 876/1802 2149/4587 1644/3474
f 1814/3932 2152/4591 2147/4582
f 1809/3915 2150/4588 2149/4586
f 1812/3925 2151/4589 2148/4584
f 1803/3893 2158/4600 2156/4597
f 1806/3904 2157/4599 2153/4592
f 1808/3911 2154/4594 1804/3896
f 1804/3897 2158/4600 1899/4169
f 1803/3894 2157/4599 1890/4153
f 875/1798 2153/4593 1149/2306
f 1900/4171 2159/4601 1805/3898
f 1889/4151 2161/4604 1802/3889
f 1669/3548 2160/4603 1807/3906
f 1802/3891 1008/2077 1142/2290
f 1889/4151 2159/4602 2162/4606
f 1807/3908 2163/4607 1900/4171
f 1896/4165 2167/4614 1795/3872
f 1793/3866 2169/4617 2166/4612
f 1665/3538 2168/4616 1794/3868
f 1794/3870 2170/4618 1896/4165
f 1795/3874 2169/4617 1873/4115
f 1656/3514 2166/4613 1150/2309
f 1702/3622 2175/4625 2171/4619
f 1748/3768 2172/4621 1701/3620
f 1660/3525 2173/4623 1706/3634
f 1748/3768 2173/4623 2174/4624
f 1759/3785 2172/4622 2175/4625
f 1698/3614 2171/4620 1632/3450
f 1760/3787 2179/4631 1700/3617
f 1749/3770 2177/4628 1711/3649
f 1713/3658 2182/4635 2178/4630
f 1700/3619 1633/3452 1697/3610
f 1711/3652 2181/4634 1760/3787
f 1749/3770 2178/4630 2180/4633
f 1712/3655 2186/4642 2184/4639
f 1747/3767 2183/4637 1709/3641
f 1710/3647 2188/4645 2187/4643
f 1762/3790 2183/4638 2186/4642
f 1712/3656 3093/6486 1654/3506
f 1747/3767 2187/4644 2185/4641
f 1763/3792 2190/4649 1715/3665
f 1151/2312 2190/4650 2195/4657
f 1714/3662 2191/4651 1763/3792
f 1714/3663 2193/4654 2192/4652
f 1983/4329 2189/4647 1650/3493
f 1650/3495 2193/4654 1750/3772
f 2213/4708 2200/4668 2212/4705
f 2215/4711 2202/4676 2213/4707
f 2216/4713 2238/4746 2239/4747
f 2214/4710 2241/4750 2242/4751
f 2200/4669 2252/4768 2251/4765
f 2203/4680 2254/4773 2241/4750
f 2238/4746 2205/4685 2240/4748
f 2202/4677 2253/4771 2252/4768
f 2217/4715 2233/4740 2234/4741
f 2218/4716 2229/4734 2230/4735
f 2233/4740 2196/4658 2232/4739
f 2229/4734 2223/4725 2231/4736
f 2219/4717 2222/4722 2210/4699
f 2237/4745 2206/4689 2236/4744
f 2222/4722 2198/4663 2199/4665
f 2236/4744 2197/4662 2235/4743
f 2212/4706 2224/4728 2225/4729
f 2200/4671 2250/4763 2224/4728
f 2227/4731 2211/4703 2226/4730
f 2211/4704 2228/4732 2226/4730
f 2224/4728 2249/4761 2211/4701
f 2220/4720 2224/4728 2211/4702
f 2226/4730 2223/4726 2207/4690
f 2227/4731 2207/4692 2218/4716
f 2208/4694 2231/4736 2196/4658
f 2230/4735 2208/4695 2217/4714
f 2206/4688 2232/4739 2197/4660
f 2234/4741 2206/4689 2221/4721
f 2209/4698 2235/4743 2198/4663
f 2219/4718 2236/4744 2209/4696
f 2201/4673 2240/4748 2253/4770
f 2239/4747 2201/4674 2215/4711
f 2204/4683 2254/4773 2205/4685
f 2242/4751 2204/4684 2216/4712
f 2302/4876 2255/4776 2203/4678
f 2243/4752 2203/4681 2214/4709
f 2308/4882 1916/4201 1968/4310
f 2307/4881 1968/4310 1649/3492
f 2245/4755 1649/3492 2194/4656
f 2256/4778 2194/4656 1983/4328
f 2188/4646 2256/4778 1983/4328
f 2255/4777 2188/4646 1787/3849
f 2254/4774 1787/3849 2182/4636
f 2205/4686 2182/4636 1718/3672
f 2240/4749 1718/3672 2176/4627
f 2253/4772 2176/4627 1660/3526
f 2252/4769 1660/3526 1658/3521
f 2251/4767 1658/3521 1788/3850
f 1989/4338 2251/4767 1788/3850
f 1744/3761 2250/4764 1989/4338
f 1914/4196 1962/4301 2247/4757
f 1915/4198 2248/4758 2246/4756
f 1955/4289 2246/4756 1962/4301
f 1995/4347 2249/4762 1744/3761
f 1789/3855 2228/4733 1995/4347
f 2231/4737 1789/3855 2002/4358
f 2196/4659 2002/4358 1659/3522
f 2010/4371 2198/4664 2235/4742
f 1664/3535 2198/4664 1662/3531
f 2516/5308 2265/4796 3095/6490
f 3096/6492 2264/4794 2516/5307
f 3098/6495 2265/4796 2263/4789
f 3098/6496 2272/4815 2492/5266
f 3097/6493 2272/4815 2269/4809
f 2288/4847 2276/4824 2291/4851
f 2288/4847 2275/4821 2274/4818
f 2290/4850 2276/4824 2273/4816
f 2281/4833 2279/4830 2277/4826
f 2280/4832 2266/4798 2278/4829
f 2283/4836 2278/4828 2279/4830
f 2274/4820 2283/4836 2276/4825
f 2275/4822 2280/4832 2274/4819
f 2273/4817 2283/4836 2281/4833
f 2277/4827 2286/4841 2284/4837
f 2278/4828 2285/4838 2287/4843
f 2279/4831 2287/4844 2286/4841
f 2263/4791 2291/4851 2290/4850
f 2261/4784 2288/4847 2264/4792
f 2264/4795 2291/4851 2265/4797
f 2268/4806 2295/4860 2294/4859
f 2267/4802 2295/4860 2271/4813
f 2267/4803 2297/4863 2296/4862
f 2292/4852 2293/4855 2262/4786
f 2262/4787 2297/4863 2270/4811
f 2300/4871 2302/4875 2243/4752
f 2302/4876 2301/4872 2244/4753
f 2244/4754 2303/4877 2256/4778
f 2303/4877 2245/4755 2256/4778
f 2245/4755 2305/4879 2307/4881
f 2305/4879 2308/4882 2307/4881
f 2312/4890 2309/4884 2310/4887
f 2314/4893 2310/4886 2311/4888
f 2286/4842 2312/4890 2314/4893
f 2287/4846 2313/4891 2312/4890
f 2310/4886 2315/4894 2317/4899
f 2311/4889 2317/4900 2316/4897
f 2321/4910 2318/4903 2319/4907
f 2323/4913 2319/4906 2320/4908
f 2316/4898 2321/4910 2323/4913
f 2317/4902 2322/4911 2321/4910
f 2319/4906 2324/4914 2326/4919
f 2320/4909 2326/4921 2325/4917
f 2324/4915 2299/4868 2326/4920
f 2325/4918 2299/4869 2300/4870
f 2332/4928 2331/4927 2257/4779
f 2334/4930 2746/5804 2745/5802
f 2335/4931 2329/4925 2336/4932
f 2337/4933 2763/5830 2757/5821
f 2306/4880 2336/4932 2329/4925
f 2339/4935 2258/4780 2257/4779
f 2335/4931 2330/4926 2257/4779
f 2331/4927 2339/4935 2257/4779
f 2776/5849 2635/5539 2259/4781
f 2330/4926 2332/4928 2257/4779
f 2517/5309 2259/4781 2327/4923
f 3096/6491 2340/4936 2517/5309
f 2313/4892 2330/4926 2309/4883
f 2298/4864 2292/4854 2340/4936
f 2285/4840 2266/4800 2331/4927
f 2266/4800 2339/4935 2331/4927
f 2315/4896 2335/4931 2322/4912
f 2282/4835 2327/4923 2339/4935
f 2318/4905 2306/4880 2324/4916
f 2289/4848 2261/4785 2327/4923
f 2322/4912 2336/4932 2318/4905
f 2275/4823 2289/4848 2327/4923
f 2285/4840 2332/4928 2313/4892
f 2315/4896 2309/4883 2330/4926
f 2301/4874 2306/4880 2303/4877
f 2306/4880 2304/4878 2303/4877
s 0
f 2876/6049 1690/3601 1937/4252
s 1
f 2360/4980 2344/4946 2361/4981
f 2360/4979 2342/4938 2343/4941
f 2357/4975 2348/4957 2359/4978
f 2358/4976 2346/4950 2357/4975
f 2351/4962 2345/4947 2349/4959
f 2351/4962 2350/4961 2353/4965
f 2346/4951 2353/4965 2348/4956
f 2346/4952 2352/4963 2351/4962
f 2349/4958 2354/4966 2356/4971
f 2349/4959 2355/4970 2350/4960
f 2343/4943 2358/4976 2357/4975
f 2343/4944 2359/4978 2344/4945
f 2222/4723 2362/4982 2360/4979
f 2210/4700 2360/4980 2361/4981
f 2364/4988 2367/4999 2366/4994
f 2363/4986 2368/5001 2367/4997
f 2365/4992 3112/6519 2368/5002
f 1678/3573 1694/3605 1679/3576
f 1687/3597 2308/4882 1694/3605
f 2369/5004 2370/5005 2371/5006
f 2375/5014 2372/5007 2373/5011
f 2375/5014 2374/5013 2377/5017
f 2356/4973 2377/5017 2355/4969
f 2356/4974 2376/5015 2375/5014
f 2373/5010 2378/5018 2380/5023
f 2373/5011 2379/5022 2374/5012
f 2384/5034 2381/5027 2382/5031
f 2384/5034 2383/5033 2386/5037
f 2380/5025 2386/5037 2379/5021
f 2380/5026 2385/5035 2384/5034
f 2382/5030 2387/5038 2389/5044
f 2382/5031 2388/5042 2383/5032
f 2389/5046 2365/4993 2363/4984
f 2389/5047 2364/4989 2388/5041
f 2393/5051 2392/5050 2390/5048
f 2395/5053 2394/5052 2390/5048
f 2397/5055 2396/5054 1693/3604
f 2399/5057 2398/5056 2390/5048
f 2396/5054 2400/5058 1693/3604
f 2399/5057 2391/5049 2401/5059
f 2402/5060 2397/5055 1693/3604
f 2398/5056 2393/5051 2390/5048
f 2403/5061 2402/5060 1693/3604
f 2403/5061 2390/5048 2394/5052
f 2404/5062 1664/3535 1693/3604
f 2392/5050 2395/5053 2390/5048
f 2400/5058 2404/5062 1693/3604
f 2362/4983 2400/5058 2342/4940
f 2376/5016 2392/5050 2372/5009
f 2199/4667 2404/5062 2362/4983
f 2345/4949 2394/5052 2354/4968
f 2345/4949 2402/5060 2403/5061
f 2378/5020 2398/5056 2385/5036
f 2352/4964 2397/5055 2402/5060
f 2381/5029 2401/5059 2387/5040
f 2342/4940 2396/5054 2358/4977
f 2385/5036 2399/5057 2381/5029
f 2347/4955 2396/5054 2397/5055
f 2354/4968 2395/5053 2376/5016
f 2372/5009 2393/5051 2378/5020
f 2387/5040 2369/5004 2365/4992
f 2306/4880 2329/4925 2308/4882
f 2401/5059 2370/5005 2369/5004
f 2469/5203 2415/5088 2430/5135
f 3104/6507 2435/5145 2523/5318
f 3104/6506 2409/5070 2414/5083
f 2405/5063 1536/3269 1537/3271
f 1536/3266 2412/5080 1534/3259
f 3115/6524 1565/3352 1561/3340
f 3119/6530 2432/5139 3116/6525
f 3120/6532 2437/5148 3117/6526
f 1539/3276 2436/5147 1543/3284
f 1562/3343 2420/5102 2433/5141
f 1569/3363 2423/5113 1571/3367
f 1539/3275 2425/5119 2421/5105
f 3114/6522 2424/5117 3120/6531
f 2451/5177 1588/3394 1589/3396
f 2455/5183 2427/5126 2434/5143
f 2452/5178 2438/5150 2456/5184
f 2453/5179 2428/5131 2452/5178
f 2455/5183 2426/5123 2451/5176
f 1564/3348 2433/5141 2423/5112
f 3116/6525 2419/5099 3115/6523
f 2405/5064 2430/5135 2412/5078
f 2456/5184 2427/5127 2454/5181
f 1543/3284 2420/5103 1567/3356
f 3117/6526 2422/5110 3119/6529
f 2406/5065 2435/5145 2415/5086
f 2446/5168 2444/5164 2439/5152
f 2447/5170 2443/5163 2441/5160
f 2450/5175 2440/5156 2445/5167
f 1604/3415 2441/5159 2442/5161
f 2448/5172 2439/5153 2443/5163
f 2445/5166 2444/5164 2449/5173
f 2428/5132 2449/5173 2438/5151
f 2434/5144 2446/5169 2448/5172
f 1588/3395 2447/5171 1604/3415
f 2429/5133 2445/5167 2428/5131
f 2426/5125 2448/5172 2447/5170
f 2427/5129 2449/5173 2446/5168
f 2436/5147 2454/5181 2420/5103
f 2423/5114 2455/5183 2451/5176
f 2421/5106 2453/5179 2452/5178
f 2421/5107 2456/5184 2436/5147
f 2433/5142 2454/5182 2455/5183
f 1571/3370 2451/5177 1589/3396
f 3100/6499 2457/5185 2418/5097
f 2407/5067 2460/5190 2459/5188
f 2413/5082 2462/5192 2458/5187
f 2407/5068 1570/3366 1566/3355
f 2408/5069 2457/5186 2460/5190
f 2413/5081 2461/5191 3100/6499
f 3111/6518 2465/5198 3106/6510
f 3110/6517 2464/5196 3109/6516
f 3108/6514 2466/5200 3107/6512
f 3107/6511 2468/5202 3111/6518
f 3106/6509 2467/5201 3110/6517
f 1542/3283 2464/5197 1541/3280
f 2509/5296 1599/3409 2514/5302
f 2510/5298 2486/5255 2512/5300
f 2511/5299 2490/5262 2513/5301
f 2506/5290 2478/5231 2489/5261
f 2505/5289 2477/5226 2487/5257
f 2504/5288 1554/3322 1558/3333
f 2503/5286 2482/5243 2478/5229
f 2511/5299 2472/5209 2481/5241
f 2496/5276 1550/3308 1552/3314
f 2500/5282 2483/5246 2494/5271
f 2501/5283 2484/5251 2491/5264
f 2497/5277 2495/5273 2484/5250
f 2496/5275 2494/5271 2493/5267
f 2504/5287 2487/5257 2480/5236
f 2512/5300 2476/5223 2509/5295
f 2501/5283 2483/5247 2499/5280
f 2502/5284 2489/5261 2477/5227
f 2513/5301 2479/5233 2510/5297
f 2483/5248 2270/4812 2267/4801
f 2493/5269 2271/4814 2268/4805
f 2495/5273 2262/4788 2484/5250
f 2493/5270 1549/3304 1550/3306
f 2494/5272 2267/4804 2271/4814
f 2484/5252 2270/4812 2491/5265
f 2477/5227 2501/5283 2499/5280
f 2480/5238 2500/5282 2496/5275
f 2482/5244 2497/5277 2478/5230
f 2489/5261 2497/5277 2501/5283
f 2487/5258 2499/5281 2500/5282
f 2480/5239 1552/3314 1554/3320
f 2479/5234 2506/5290 2502/5284
f 2476/5224 2505/5289 2504/5287
f 2481/5241 2507/5291 2503/5286
f 2476/5225 1558/3333 1599/3408
f 2486/5256 2502/5285 2505/5289
f 2490/5263 2503/5286 2506/5290
f 2488/5259 2510/5297 2475/5218
f 2485/5253 2509/5295 2473/5211
f 2474/5216 2508/5293 2511/5299
f 2474/5217 2513/5301 2488/5259
f 2475/5220 2512/5300 2485/5253
f 2473/5213 2514/5302 2470/5204
f 2292/4854 2498/5279 2340/4936
f 2482/5245 2340/4936 2498/5279
f 2340/4936 2472/5210 2508/5294
f 2259/4781 2508/5294 2471/5206
f 3113/6520 2368/5002 3112/6519
s 0
f 2369/5004 2411/5076 2450/5174
s 1
f 2429/5134 2425/5121 2369/5004
f 1540/3278 3121/6533 1577/3381
f 3123/6535 2463/5195 3105/6508
s 0
f 2450/5174 2429/5134 2369/5004
s 1
f 2518/5310 1547/3297 1544/3286
f 2268/4808 1544/3288 1549/3301
f 2518/5312 2294/4857 2515/5303
f 3099/6498 1546/3293 1548/3300
f 3099/6497 2269/4810 2519/5313
f 2431/5137 2521/5316 2524/5319
f 2417/5093 2524/5319 2522/5317
f 2366/4995 2522/5317 2520/5315
f 2416/5091 1535/3265 2521/5316
f 2520/5315 2364/4990 2366/4995
f 2443/5163 2540/5354 2559/5417
f 2444/5165 2539/5349 2565/5429
f 2411/5077 2539/5350 2440/5155
f 2537/5346 2442/5162 2441/5158
f 2530/5328 2537/5346 2532/5332
f 2616/5506 2541/5357 2538/5347
f 2614/5504 2544/5367 2560/5419
f 2613/5503 2567/5432 2615/5505
f 2605/5490 2566/5431 2608/5494
f 2607/5493 2542/5360 2561/5421
f 2528/5326 2545/5371 2525/5320
f 2609/5496 2543/5363 2605/5490
f 2610/5498 2546/5375 2613/5503
f 2603/5487 2548/5381 2526/5322
f 2601/5485 2551/5391 2562/5423
f 2598/5480 2569/5435 2602/5486
f 2587/5462 2550/5389 2568/5434
f 2586/5461 2549/5384 2563/5425
f 2590/5467 2552/5396 2527/5324
f 2588/5463 2555/5403 2550/5387
f 2598/5480 2554/5401 2553/5400
f 2580/5452 2558/5414 2564/5427
f 2578/5449 2531/5330 2583/5456
f 2577/5447 2570/5437 2581/5453
f 2582/5454 2557/5411 2577/5447
f 2580/5452 2556/5407 2578/5448
f 2585/5459 2563/5425 2552/5394
f 2601/5485 2548/5382 2597/5478
f 2606/5491 2561/5421 2545/5370
f 2611/5499 2560/5419 2541/5356
f 2441/5160 2559/5417 2537/5344
f 2579/5450 2570/5437 2558/5413
f 2584/5457 2568/5434 2549/5385
f 2600/5483 2569/5435 2551/5390
f 2608/5494 2542/5361 2604/5488
f 2615/5505 2544/5368 2612/5501
f 2439/5154 2565/5429 2540/5352
f 2592/5470 2576/5446 2571/5439
f 2594/5474 2573/5442 2593/5473
f 2596/5476 2572/5441 2591/5468
f 2529/5327 2573/5443 2574/5444
f 2594/5474 2571/5440 2575/5445
f 2591/5469 2576/5446 2595/5475
f 2549/5385 2581/5453 2579/5450
f 2563/5426 2578/5448 2552/5395
f 2555/5404 2577/5447 2550/5388
f 2550/5389 2581/5453 2568/5434
f 2552/5397 2583/5456 2527/5325
f 2563/5426 2579/5451 2580/5452
f 2571/5439 2587/5462 2584/5457
f 2575/5445 2585/5459 2573/5442
f 2572/5441 2589/5465 2588/5463
f 2574/5444 2585/5460 2590/5467
f 2575/5445 2584/5458 2586/5461
f 2576/5446 2588/5464 2587/5462
f 2553/5399 2595/5475 2569/5436
f 2562/5424 2592/5471 2594/5474
f 2526/5323 2593/5472 2529/5327
f 2553/5400 2596/5476 2591/5468
f 2562/5424 2593/5473 2548/5380
f 2551/5393 2595/5475 2592/5470
f 2566/5431 2600/5483 2542/5361
f 2545/5372 2601/5485 2597/5478
f 2543/5364 2599/5482 2598/5480
f 2543/5365 2602/5486 2566/5431
f 2561/5422 2600/5484 2601/5485
f 2525/5321 2597/5479 2603/5487
f 2567/5433 2604/5488 2544/5366
f 2541/5358 2607/5493 2606/5491
f 2535/5341 2605/5490 2546/5375
f 2538/5348 2606/5492 2528/5326
f 2560/5420 2604/5489 2607/5493
f 2546/5376 2608/5494 2567/5433
f 2565/5430 2612/5501 2540/5353
f 2537/5345 2614/5504 2611/5499
f 2533/5336 2613/5503 2539/5350
f 2565/5430 2613/5503 2615/5505
f 2559/5418 2612/5502 2614/5504
f 2532/5333 2611/5500 2616/5506
s 0
f 2411/5076 2371/5006 2533/5334
s 1
f 2609/5495 2610/5497 2371/5006
f 2536/5343 2596/5477 2370/5005
f 2534/5339 2555/5405 2370/5005
f 2338/4934 2885/6058 2260/4782
f 2371/5006 2370/5005 2547/5377
f 2370/5005 2554/5402 2599/5481
f 2547/5377 2370/5005 2599/5481
f 2547/5377 2609/5495 2371/5006
f 2609/5495 2535/5340 2610/5497
f 2610/5497 2533/5334 2371/5006
f 2621/5514 2640/5553 2715/5759
f 2718/5762 2642/5560 2714/5757
f 2724/5771 2649/5582 2721/5768
f 2726/5774 2644/5565 2720/5766
f 2652/5587 2722/5769 2723/5770
f 2717/5761 2641/5556 2716/5760
f 2722/5769 2633/5533 2725/5772
f 2716/5760 2671/5641 2719/5763
f 2714/5756 2650/5585 2717/5761
f 2721/5767 2652/5587 2723/5770
f 2720/5765 2654/5591 2724/5771
f 2715/5758 2653/5589 2718/5762
f 2711/5752 2639/5550 2709/5749
f 2707/5746 2643/5562 2710/5750
f 2656/5596 2712/5754 2708/5748
f 2643/5562 2708/5747 2710/5750
f 2659/5606 2711/5751 2713/5755
f 2709/5749 2657/5600 2707/5745
f 2620/5513 2645/5569 2727/5776
f 2731/5781 2647/5576 2728/5778
f 2736/5789 2665/5626 2733/5785
f 2739/5793 2661/5613 2735/5788
f 2670/5639 2734/5786 2737/5790
f 2651/5586 2730/5780 2729/5779
f 2734/5786 2673/5647 2738/5791
f 2730/5780 2672/5643 2732/5782
f 2735/5787 2667/5632 2736/5789
f 2727/5775 2655/5593 2731/5781
f 2728/5777 2651/5586 2729/5779
f 2665/5627 2737/5790 2733/5784
f 2770/5841 2681/5671 2765/5834
f 2622/5515 2679/5663 2758/5824
f 2762/5829 2691/5709 2759/5826
f 2768/5838 2680/5668 2766/5836
f 2775/5848 2688/5698 2772/5845
f 2777/5851 2682/5675 2771/5843
f 2696/5723 2773/5846 2774/5847
f 2698/5727 2764/5832 2767/5837
f 2761/5828 2693/5717 2760/5827
f 2755/5819 2690/5705 2753/5816
f 2756/5820 2689/5702 2752/5815
f 2623/5516 2692/5713 2754/5818
f 2678/5661 2751/5813 2748/5808
f 2624/5517 2675/5652 2747/5807
f 2749/5809 2676/5657 2750/5811
f 2751/5812 2638/5549 2746/5805
f 2773/5846 2705/5741 2776/5850
f 2690/5706 2757/5822 2753/5816
f 2760/5827 2694/5720 2763/5831
f 2686/5691 2769/5840 2764/5832
f 2485/5254 2685/5687 2475/5219
f 2470/5205 2683/5679 2473/5212
f 2488/5260 2684/5683 2474/5215
f 2684/5684 2471/5208 2474/5215
f 2475/5221 2695/5722 2488/5260
f 2676/5658 2748/5808 2750/5810
f 2752/5814 2697/5725 2755/5819
f 2759/5825 2699/5728 2761/5828
f 2766/5835 2698/5727 2767/5837
f 2772/5844 2696/5723 2774/5847
f 2473/5214 2703/5736 2485/5254
f 2747/5806 2677/5659 2749/5809
f 2754/5817 2704/5738 2756/5820
f 2771/5842 2702/5734 2775/5848
f 2765/5833 2700/5730 2768/5838
f 2758/5823 2701/5732 2762/5829
f 2669/5636 2744/5801 2741/5796
f 2632/5532 2743/5799 2625/5518
f 2742/5797 2663/5620 2740/5795
f 2662/5617 2745/5803 2744/5800
f 2663/5621 2741/5796 2740/5794
f 2743/5798 2668/5634 2742/5797
f 2653/5590 2707/5745 2642/5559
f 2631/5530 2711/5751 2640/5552
f 2650/5585 2708/5747 2641/5556
f 2641/5558 2712/5754 2671/5640
f 2642/5561 2710/5750 2650/5585
f 2640/5555 2709/5749 2653/5590
f 2715/5758 2654/5592 2644/5564
f 2649/5584 2717/5761 2652/5588
f 2648/5580 2719/5763 2633/5533
f 2652/5588 2716/5760 2648/5578
f 2654/5592 2714/5757 2649/5581
f 2621/5514 2644/5567 2626/5519
f 2645/5571 2724/5771 2655/5594
f 2647/5577 2723/5770 2651/5586
f 2722/5769 2672/5644 2646/5572
f 2723/5770 2646/5574 2651/5586
f 2630/5528 2720/5766 2645/5568
f 2655/5594 2721/5768 2647/5575
f 2665/5628 2729/5779 2670/5638
f 2661/5615 2731/5781 2667/5633
f 2664/5623 2732/5782 2673/5646
f 2729/5779 2664/5624 2670/5638
f 2667/5633 2728/5778 2665/5625
f 2629/5526 2727/5776 2661/5612
f 2733/5784 2669/5637 2663/5618
f 2660/5610 2736/5789 2668/5635
f 2734/5786 2666/5631 2662/5616
f 2737/5790 2662/5617 2669/5637
f 2739/5793 2660/5611 2632/5531
f 2668/5635 2733/5785 2663/5619
f 2675/5654 2742/5797 2677/5660
f 2740/5794 2678/5662 2676/5655
f 2706/5743 2745/5803 2638/5547
f 2677/5660 2740/5795 2676/5656
f 2674/5650 2743/5799 2675/5651
f 2741/5796 2706/5744 2678/5662
f 2692/5715 2749/5809 2704/5739
f 2750/5810 2697/5726 2689/5700
f 2690/5707 2746/5805 2636/5541
f 2704/5739 2750/5811 2689/5701
f 2619/5512 2747/5807 2692/5712
f 2697/5726 2751/5813 2690/5704
f 2679/5665 2756/5820 2701/5733
f 2691/5711 2755/5819 2699/5729
f 2753/5816 2694/5720 2693/5718
f 2623/5516 2679/5666 2617/5507
f 2701/5733 2752/5815 2691/5708
f 2699/5729 2753/5816 2693/5716
f 2681/5673 2762/5829 2700/5731
f 2680/5669 2761/5828 2698/5727
f 2686/5692 2763/5831 2635/5538
f 2698/5727 2760/5827 2686/5690
f 2700/5731 2759/5826 2680/5667
f 2627/5522 2758/5824 2681/5670
f 2682/5677 2768/5838 2702/5735
f 2766/5835 2696/5724 2688/5696
f 2764/5832 2705/5741 2687/5694
f 2767/5837 2687/5695 2696/5724
f 2702/5735 2766/5836 2688/5697
f 2618/5510 2765/5834 2682/5674
f 2683/5681 2775/5848 2703/5737
f 2685/5689 2774/5847 2695/5721
f 2773/5846 2637/5546 2684/5682
f 2774/5847 2684/5685 2695/5721
f 2628/5524 2771/5843 2683/5678
f 2703/5737 2772/5845 2685/5686
f 1599/3409 1626/3437 2514/5302
f 2779/5853 2791/5875 2839/5994
f 2842/5997 2793/5882 2838/5992
f 2848/6006 2800/5903 2845/6003
f 2850/6009 2795/5887 2844/6001
f 2803/5908 2846/6004 2847/6005
f 2841/5996 2792/5879 2840/5995
f 2846/6004 2787/5866 2849/6007
f 2840/5995 2822/5955 2843/5998
f 2793/5883 2841/5996 2838/5991
f 2845/6002 2803/5908 2847/6005
f 2844/6000 2805/5912 2848/6006
f 2839/5993 2804/5910 2842/5997
f 2835/5987 2790/5873 2833/5984
f 2831/5981 2794/5884 2834/5985
f 2832/5983 2788/5868 2836/5988
f 2794/5884 2832/5982 2834/5985
f 2837/5990 2809/5919 2835/5986
f 2833/5984 2808/5917 2831/5980
f 2778/5852 2796/5890 2851/6011
f 2855/6016 2798/5897 2852/6013
f 2860/6024 2816/5940 2857/6020
f 2783/5858 2859/6023 2863/6028
f 2821/5953 2858/6021 2861/6025
f 2853/6014 2797/5895 2854/6015
f 2858/6021 2824/5961 2862/6026
f 2854/6015 2823/5957 2856/6017
f 2859/6022 2818/5946 2860/6024
f 2851/6010 2806/5914 2855/6016
f 2852/6012 2802/5907 2853/6014
f 2816/5941 2861/6025 2857/6019
f 2872/6043 2830/5978 2875/6048
f 2780/5854 2826/5966 2871/6042
f 2873/6044 2827/5971 2874/6046
f 2875/6047 2789/5871 2870/6039
f 2874/6045 2829/5975 2872/6043
f 2871/6041 2828/5973 2873/6044
f 2820/5950 2868/6036 2865/6031
f 2786/5865 2867/6034 2781/5855
f 2866/6032 2814/5934 2864/6030
f 2868/6035 2817/5944 2869/6037
f 2814/5935 2865/6031 2864/6029
f 2867/6033 2819/5948 2866/6032
f 2804/5911 2831/5980 2793/5881
f 2785/5863 2835/5986 2791/5874
f 2834/5985 2792/5879 2801/5906
f 2792/5880 2836/5988 2822/5954
f 2793/5883 2834/5985 2801/5906
f 2791/5877 2833/5984 2804/5911
f 2839/5993 2805/5913 2795/5885
f 2800/5905 2841/5996 2803/5909
f 2799/5901 2843/5998 2787/5866
f 2803/5909 2840/5995 2799/5899
f 2805/5913 2838/5992 2800/5902
f 2782/5857 2839/5994 2795/5886
f 2796/5892 2848/6006 2806/5915
f 2798/5898 2847/6005 2802/5907
f 2846/6004 2823/5958 2797/5893
f 2847/6005 2797/5895 2802/5907
f 2784/5861 2844/6001 2796/5889
f 2806/5915 2845/6003 2798/5896
f 2816/5942 2853/6014 2821/5952
f 2812/5929 2855/6016 2818/5947
f 2815/5937 2856/6017 2824/5960
f 2853/6014 2815/5938 2821/5952
f 2818/5947 2852/6013 2816/5939
f 2783/5859 2851/6011 2812/5926
f 2857/6019 2820/5951 2814/5932
f 2811/5924 2860/6024 2819/5949
f 2813/5930 2862/6026 2817/5943
f 2861/6025 2813/5931 2820/5951
f 2863/6028 2811/5925 2786/5864
f 2819/5949 2857/6020 2814/5933
f 2826/5968 2866/6032 2828/5974
f 2864/6029 2829/5976 2827/5969
f 2830/5978 2869/6037 2789/5870
f 2828/5974 2864/6030 2827/5970
f 2825/5964 2867/6034 2826/5965
f 2865/6031 2830/5979 2829/5976
f 2658/5605 2873/6044 2639/5551
f 2657/5601 2872/6043 2643/5563
f 2656/5597 2870/6039 2634/5535
f 2639/5551 2874/6046 2657/5598
f 2659/5607 2871/6042 2658/5602
f 2643/5563 2875/6048 2656/5595
f 2738/5792 2333/4929 2334/4930
f 2333/4929 2725/5773 2719/5764
f 2634/5537 2671/5642 2712/5753
f 2341/4937 2870/6040 2869/6038
f 2328/4924 2862/6027 2824/5962
f 2327/4923 2337/4933 2258/4780
f 2856/6018 2843/5999 2878/6051
f 2879/6052 2822/5956 2836/5989
f 2334/4930 2258/4780 2337/4933
f 2881/6054 2333/4929 2341/4937
f 2328/4924 2881/6054 2341/4937
f 2883/6056 2328/4924 2877/6050
f 2878/6051 2883/6056 2877/6050
f 2879/6052 2884/6057 2878/6051
f 2333/4929 2257/4779 2334/4930
f 2308/4882 2886/6059 1694/3605
f 2257/4779 2886/6059 2329/4925
f 2881/6054 2886/6059 2880/6053
f 2882/6055 1694/3605 2886/6059
f 1694/3605 2884/6057 1692/3603
f 2876/6049 2884/6057 2885/6058
f 2260/4782 2879/6052 2788/5869
f 1696/3607 2989/6282 2988/6280
f 2898/6075 2958/6237 2892/6066
f 2961/6240 2907/6101 2957/6235
f 2967/6249 2914/6124 2964/6246
f 2969/6252 2909/6106 2963/6244
f 2917/6128 2965/6247 2966/6248
f 2960/6239 2906/6098 2959/6238
f 2913/6120 2968/6250 2965/6247
f 2906/6097 2962/6241 2959/6238
f 2907/6102 2960/6239 2957/6234
f 2914/6125 2966/6248 2964/6245
f 2963/6243 2919/6132 2967/6249
f 2905/6095 2961/6240 2958/6236
f 2923/6143 2952/6227 2954/6230
f 2950/6224 2908/6103 2953/6228
f 2921/6137 2955/6232 2951/6226
f 2908/6103 2951/6225 2953/6228
f 2924/6148 2954/6229 2956/6233
f 2952/6227 2922/6142 2950/6223
f 2891/6065 2910/6110 2970/6254
f 2974/6259 2912/6117 2971/6256
f 2979/6267 2930/6168 2976/6263
f 2982/6271 2926/6154 2978/6266
f 2935/6179 2977/6264 2980/6268
f 2916/6127 2973/6258 2972/6257
f 2977/6264 2938/6188 2981/6270
f 2911/6114 2975/6260 2973/6258
f 2978/6265 2932/6173 2979/6267
f 2970/6253 2920/6134 2974/6259
f 2912/6118 2972/6257 2971/6255
f 2930/6169 2980/6268 2976/6262
f 2943/6203 2994/6291 2991/6286
f 2893/6067 2940/6193 2990/6285
f 2992/6287 2941/6197 2993/6289
f 2949/6220 2989/6283 2994/6290
f 2993/6288 2943/6203 2991/6286
f 2990/6284 2942/6200 2992/6287
f 2934/6177 2987/6279 2984/6274
f 2899/6078 2986/6277 2894/6068
f 2985/6275 2928/6161 2983/6273
f 2987/6278 2931/6172 2988/6281
f 2928/6162 2984/6274 2983/6272
f 2986/6276 2933/6175 2985/6275
f 2918/6131 2950/6223 2907/6100
f 2898/6076 2954/6229 2905/6093
f 2953/6228 2906/6098 2915/6126
f 2906/6099 2955/6232 2936/6181
f 2950/6224 2915/6126 2907/6102
f 2905/6096 2952/6227 2918/6131
f 2958/6236 2919/6133 2909/6105
f 2957/6234 2917/6129 2914/6122
f 2959/6238 2900/6079 2913/6120
f 2960/6239 2913/6121 2917/6129
f 2919/6133 2957/6235 2914/6123
f 2892/6066 2909/6108 2895/6069
f 2910/6112 2967/6249 2920/6135
f 2964/6245 2916/6127 2912/6118
f 2965/6247 2937/6185 2911/6113
f 2966/6248 2911/6115 2916/6127
f 2897/6074 2963/6244 2910/6109
f 2920/6135 2964/6246 2912/6116
f 2971/6255 2935/6180 2930/6166
f 2926/6156 2974/6259 2932/6174
f 2929/6164 2975/6260 2938/6187
f 2972/6257 2929/6165 2935/6180
f 2932/6174 2971/6256 2930/6167
f 2896/6072 2970/6254 2926/6153
f 2976/6262 2934/6178 2928/6159
f 2925/6151 2979/6267 2933/6176
f 2927/6157 2981/6270 2931/6170
f 2980/6268 2927/6158 2934/6178
f 2982/6271 2925/6152 2899/6077
f 2933/6176 2976/6263 2928/6160
f 2940/6195 2985/6275 2942/6201
f 2941/6199 2984/6274 2943/6202
f 2949/6221 2988/6281 2903/6088
f 2942/6201 2983/6273 2941/6196
f 2939/6191 2986/6277 2940/6192
f 2984/6274 2949/6222 2943/6202
f 2946/6213 2992/6287 2948/6218
f 2944/6205 2991/6286 2947/6216
f 2994/6290 2902/6085 2945/6208
f 2948/6218 2993/6289 2944/6204
f 2890/6063 2990/6285 2946/6212
f 2991/6286 2945/6209 2947/6216
f 2996/6293 3006/6312 3049/6424
f 3052/6427 3008/6319 3048/6422
f 3058/6436 3014/6338 3055/6433
f 2999/6297 3054/6431 3060/6439
f 3017/6344 3056/6434 3057/6435
f 3051/6426 3007/6316 3050/6425
f 3013/6337 3059/6437 3056/6434
f 3007/6315 3053/6428 3050/6425
f 3048/6421 3015/6342 3051/6426
f 3055/6432 3017/6344 3057/6435
f 3054/6430 3019/6348 3058/6436
f 3006/6313 3052/6427 3049/6423
f 3045/6417 2564/5428 3043/6414
f 3041/6411 2570/5438 3044/6415
f 3042/6413 2534/5338 3046/6418
f 2570/5438 3042/6412 3044/6415
f 3047/6420 2556/5409 3045/6416
f 3043/6414 2558/5416 3041/6410
f 2995/6292 3010/6326 3061/6441
f 3065/6446 3012/6333 3062/6443
f 3070/6454 3026/6371 3067/6450
f 3000/6298 3069/6453 3073/6458
f 3031/6382 3068/6451 3071/6455
f 3016/6343 3064/6445 3063/6444
f 3068/6451 3034/6391 3072/6456
f 3011/6330 3066/6447 3064/6445
f 3069/6452 3028/6376 3070/6454
f 3061/6440 3020/6350 3065/6446
f 3062/6442 3016/6343 3063/6444
f 3026/6372 3071/6455 3067/6449
f 3039/6405 3085/6478 3082/6473
f 3035/6393 3081/6472 2997/6294
f 3083/6474 3037/6401 3084/6476
f 3040/6408 3080/6469 3085/6477
f 3037/6402 3082/6473 3084/6475
f 3081/6471 3038/6403 3083/6474
f 3030/6380 3078/6466 3075/6461
f 3003/6305 3077/6464 2998/6295
f 3076/6462 3024/6364 3074/6460
f 3078/6465 3027/6373 3079/6467
f 3024/6365 3075/6461 3074/6459
f 3077/6463 3029/6378 3076/6462
f 3018/6347 3041/6410 3008/6318
f 3002/6303 3045/6416 3006/6311
f 3044/6415 3007/6316 3015/6342
f 3007/6317 3046/6418 3032/6384
f 3008/6320 3044/6415 3015/6342
f 3006/6314 3043/6414 3018/6347
f 3049/6423 3019/6349 3009/6321
f 3014/6340 3051/6426 3017/6345
f 3050/6425 3004/6306 3013/6337
f 3017/6345 3050/6425 3013/6335
f 3052/6427 3014/6341 3019/6349
f 2996/6293 3009/6324 2999/6296
f 3010/6328 3058/6436 3020/6351
f 3012/6334 3057/6435 3016/6343
f 3056/6434 3033/6388 3011/6329
f 3057/6435 3011/6331 3016/6343
f 3001/6301 3054/6431 3010/6325
f 3020/6351 3055/6433 3012/6332
f 3062/6442 3031/6383 3026/6369
f 3022/6359 3065/6446 3028/6377
f 3025/6367 3066/6447 3034/6390
f 3063/6444 3025/6368 3031/6383
f 3028/6377 3062/6443 3026/6370
f 3000/6299 3061/6441 3022/6356
f 3067/6449 3030/6381 3024/6362
f 3021/6354 3070/6454 3029/6379
f 3068/6451 3027/6374 3023/6360
f 3071/6455 3023/6361 3030/6381
f 3073/6458 3021/6355 3003/6304
f 3029/6379 3067/6450 3024/6363
f 3036/6398 3076/6462 3038/6404
f 3074/6459 3039/6406 3037/6399
f 3078/6465 3005/6309 3040/6407
f 3038/6404 3074/6460 3037/6400
f 3035/6394 3077/6464 3036/6395
f 3075/6461 3040/6409 3039/6406
f 2923/6145 3083/6474 2904/6092
f 3084/6475 2908/6104 2922/6139
f 3085/6477 2901/6082 2921/6136
f 2904/6092 3084/6476 2922/6140
f 2997/6294 2923/6146 2924/6147
f 3082/6473 2921/6138 2908/6104
f 2938/6189 1696/3607 2981/6269
f 2888/6061 2968/6251 2962/6242
f 2901/6083 2936/6183 2955/6231
f 2889/6062 3080/6470 3079/6468
f 2887/6060 3072/6457 3034/6392
f 3066/6448 3053/6429 3087/6480
f 3088/6481 3032/6386 3046/6419
f 2889/6062 1696/3607 2888/6061
f 2887/6060 1696/3607 2889/6062
f 1693/3604 2887/6060 3086/6479
f 3087/6480 1693/3604 3086/6479
f 3088/6481 1693/3604 3087/6480
f 2391/5049 3088/6481 2534/5339
f 1096/2207 3093/6487 1151/2311
f 960/1983 3092/6485 1096/2207
f 837/1664 3091/6484 910/1884
f 910/1884 3090/6483 839/1670
f 1798/3882 3094/6488 1133/2256
f 3094/6489 1656/3515 1043/2133
s 0
f 1696/3607 1688/3598 2902/6084
f 1691/3602 1690/3601 2338/4934
s 1
f 2294/4858 3099/6497 2515/5304
f 2515/5306 1548/3300 1547/3295
f 2261/4785 2517/5309 2327/4923
f 2294/4859 2492/5266 3097/6493
f 2296/4861 2492/5266 2295/4860
f 2296/4862 3095/6490 3098/6495
f 2298/4865 2516/5307 2293/4855
f 2293/4856 3095/6490 2297/4863
f 1577/3381 3105/6508 2369/5004
f 2409/5071 3113/6520 3108/6513
f 2424/5118 3100/6499 2437/5149
f 2432/5140 2418/5096 2408/5069
f 2419/5100 1566/3355 1565/3349
f 2410/5073 2413/5082 2424/5117
f 2419/5101 2408/5069 2407/5067
f 2437/5149 2418/5097 2422/5108
f 2417/5094 2523/5318 2406/5065
f 2416/5092 2469/5203 2405/5064
f 2368/5003 3104/6506 2367/4998
f 2367/5000 2523/5318 2366/4996
f 2417/5095 2469/5203 2431/5138
f 2463/5195 3113/6520 3105/6508
f 3105/6508 3112/6519 2369/5004
f 1534/3262 3109/6515 1542/3283
f 2415/5089 3110/6517 2430/5136
f 2414/5085 3111/6518 2435/5146
f 2409/5072 3107/6512 2414/5083
f 2430/5136 3109/6516 2412/5079
f 2435/5146 3106/6510 2415/5087
f 2462/5193 3122/6534 3121/6533
f 2410/5074 3122/6534 3101/6501
f 3127/6541 3119/6529 1538/3273
f 3126/6540 3115/6523 3125/6538
f 3124/6537 3120/6531 1578/3382
f 1578/3383 3117/6526 3127/6541
f 1538/3274 3116/6525 3126/6540
f 3118/6527 3115/6524 1561/3340
f 2460/5190 1567/3357 1562/3343
f 2458/5187 1543/3284 2461/5191
f 1575/3377 1622/3433 1594/3402
f 3102/6503 1594/3402 1559/3335
f 1559/3336 3118/6528 3102/6502
f 3131/6547 3145/6575 3204/6735
f 3207/6738 3147/6582 3203/6733
f 3213/6747 3154/6605 3210/6744
f 3215/6750 3149/6587 3209/6742
f 3157/6609 3211/6745 3212/6746
f 3206/6737 3146/6579 3205/6736
f 3211/6745 3140/6562 3214/6749
f 3205/6736 3176/6664 3208/6740
f 3147/6583 3206/6737 3203/6732
f 3210/6743 3157/6609 3212/6746
f 3209/6741 3159/6613 3213/6747
f 3145/6576 3207/6738 3204/6734
f 3200/6728 3144/6572 3198/6725
f 3196/6722 3148/6584 3199/6726
f 3197/6724 3141/6565 3201/6730
f 3148/6584 3197/6723 3199/6726
f 3202/6731 3163/6626 3200/6727
f 3198/6725 3162/6622 3196/6721
f 3130/6546 3150/6591 3216/6752
f 3220/6757 3152/6598 3217/6754
f 3225/6765 3170/6648 3222/6761
f 3228/6769 3166/6635 3224/6764
f 3175/6660 3223/6762 3226/6766
f 3218/6755 3151/6596 3219/6756
f 3223/6762 3178/6669 3227/6767
f 3151/6595 3221/6759 3219/6756
f 3224/6763 3172/6654 3225/6765
f 3216/6751 3160/6615 3220/6757
f 3217/6753 3156/6608 3218/6755
f 3170/6649 3226/6766 3222/6760
f 2810/5921 3184/6685 2809/5919
f 2790/5873 3187/6698 2808/5917
f 2794/5884 3189/6706 2807/5916
f 3244/6795 3186/6694 3242/6792
f 3245/6796 3185/6690 3241/6791
f 3132/6548 3188/6702 3243/6794
f 3183/6683 3240/6789 3237/6784
f 3133/6549 3180/6674 3236/6783
f 3238/6785 3181/6679 3239/6787
f 3240/6788 3143/6570 3235/6780
f 3186/6695 3246/6797 3242/6792
f 3189/6707 2788/5868 2807/5916
f 3239/6786 3183/6683 3237/6784
f 3241/6790 3191/6710 3244/6795
f 2808/5918 3192/6712 2794/5884
f 3236/6782 3182/6681 3238/6785
f 3243/6793 3194/6716 3245/6796
f 2809/5920 3193/6714 2790/5873
f 3174/6659 3233/6777 3230/6772
f 3139/6560 3232/6775 3134/6550
f 3231/6773 3168/6641 3229/6771
f 3233/6776 3171/6651 3234/6778
f 3168/6642 3230/6772 3229/6770
f 3232/6774 3173/6656 3231/6773
f 3158/6612 3196/6721 3147/6581
f 3138/6558 3200/6727 3145/6574
f 3199/6726 3146/6579 3155/6607
f 3146/6580 3201/6730 3176/6662
f 3147/6583 3199/6726 3155/6607
f 3145/6577 3198/6725 3158/6612
f 3204/6734 3159/6614 3149/6586
f 3203/6732 3157/6610 3154/6603
f 3153/6602 3208/6740 3140/6562
f 3157/6610 3205/6736 3153/6600
f 3159/6614 3203/6733 3154/6604
f 3131/6547 3149/6589 3135/6551
f 3150/6593 3213/6747 3160/6616
f 3152/6599 3212/6746 3156/6608
f 3211/6745 3177/6667 3151/6594
f 3212/6746 3151/6596 3156/6608
f 3137/6556 3209/6742 3150/6590
f 3160/6616 3210/6744 3152/6597
f 3170/6650 3218/6755 3175/6661
f 3166/6637 3220/6757 3172/6655
f 3169/6646 3221/6759 3178/6668
f 3175/6661 3219/6756 3169/6644
f 3172/6655 3217/6754 3170/6647
f 3136/6554 3216/6752 3166/6634
f 3168/6643 3226/6766 3174/6658
f 3165/6632 3225/6765 3173/6657
f 3223/6762 3171/6652 3167/6638
f 3226/6766 3167/6639 3174/6658
f 3228/6769 3165/6633 3139/6559
f 3173/6657 3222/6761 3168/6640
f 3180/6676 3231/6773 3182/6682
f 3229/6770 3183/6684 3181/6677
f 3195/6719 3234/6778 3143/6569
f 3182/6682 3229/6771 3181/6678
f 3179/6672 3232/6775 3180/6673
f 3230/6772 3195/6720 3183/6684
f 3188/6704 3238/6785 3194/6717
f 3185/6692 3237/6784 3191/6711
f 3186/6696 3235/6780 3142/6566
f 3194/6717 3239/6787 3185/6689
f 3129/6545 3236/6783 3188/6701
f 3191/6711 3240/6789 3186/6693
f 3184/6687 3245/6796 3193/6715
f 3187/6700 3244/6795 3192/6713
f 3242/6792 3190/6708 3189/6707
f 3132/6548 3184/6688 3128/6542
f 3193/6715 3241/6791 3187/6697
f 3192/6713 3242/6792 3189/6705
f 3143/6571 3227/6768 2260/4782
f 3190/6709 3246/6798 2260/4782
f 3248/6800 3260/6824 3308/6951
f 3311/6954 3262/6831 3307/6949
f 3317/6963 3269/6853 3314/6960
f 3319/6966 3264/6836 3313/6958
f 3272/6859 3315/6961 3316/6962
f 3310/6953 3261/6827 3309/6952
f 3315/6961 3256/6814 3318/6965
f 3309/6952 3291/6913 3312/6956
f 3307/6948 3270/6856 3310/6953
f 3314/6959 3272/6859 3316/6962
f 3313/6957 3274/6862 3317/6963
f 3308/6950 3273/6860 3311/6954
f 3304/6944 3259/6821 3302/6941
f 3300/6938 3263/6833 3303/6942
f 3301/6940 3257/6816 3305/6946
f 3263/6833 3301/6939 3303/6942
f 3306/6947 3278/6875 3304/6943
f 3302/6941 3277/6872 3300/6937
f 3247/6799 3265/6840 3320/6968
f 3324/6973 3267/6847 3321/6970
f 3329/6981 3285/6897 3326/6977
f 3332/6985 3281/6884 3328/6980
f 3290/6910 3327/6978 3330/6982
f 3271/6857 3323/6972 3322/6971
f 3327/6978 3293/6919 3331/6984
f 3323/6972 3292/6915 3325/6975
f 3328/6979 3287/6903 3329/6981
f 3320/6967 3275/6864 3324/6973
f 3321/6969 3271/6857 3322/6971
f 3285/6898 3330/6982 3326/6976
f 3341/7000 3299/6935 3344/7005
f 3249/6801 3295/6923 3340/6999
f 3342/7001 3296/6928 3343/7003
f 3344/7004 3258/6820 3339/6997
f 3343/7002 3298/6932 3341/7000
f 3340/6998 3297/6930 3342/7001
f 3289/6907 3337/6993 3334/6988
f 3250/6802 3280/6879 3336/6991
f 3335/6989 3283/6891 3333/6987
f 3337/6992 3286/6902 3338/6995
f 3283/6892 3334/6988 3333/6986
f 3336/6990 3288/6905 3335/6989
f 3273/6861 3300/6937 3262/6830
f 3254/6810 3304/6943 3260/6823
f 3270/6856 3301/6939 3261/6827
f 3261/6829 3305/6946 3291/6911
f 3262/6832 3303/6942 3270/6856
f 3260/6826 3302/6941 3273/6861
f 3264/6838 3311/6954 3274/6863
f 3269/6855 3310/6953 3272/6858
f 3268/6850 3312/6956 3256/6814
f 3310/6953 3268/6851 3272/6858
f 3274/6863 3307/6949 3269/6852
f 3251/6804 3308/6951 3264/6835
f 3265/6842 3317/6963 3275/6865
f 3267/6848 3316/6962 3271/6857
f 3315/6961 3292/6916 3266/6843
f 3316/6962 3266/6845 3271/6857
f 3253/6808 3313/6958 3265/6839
f 3275/6865 3314/6960 3267/6846
f 3285/6899 3322/6971 3290/6909
f 3281/6886 3324/6973 3287/6904
f 3284/6894 3325/6975 3293/6917
f 3322/6971 3284/6895 3290/6909
f 3287/6904 3321/6970 3285/6896
f 3252/6806 3320/6968 3281/6883
f 3326/6976 3289/6908 3283/6889
f 3280/6881 3329/6981 3288/6906
f 3282/6887 3331/6984 3286/6900
f 3330/6982 3282/6888 3289/6908
f 3332/6985 3280/6882 3255/6811
f 3288/6906 3326/6977 3283/6890
f 3295/6925 3335/6989 3297/6931
f 3333/6986 3298/6933 3296/6926
f 3299/6935 3338/6995 3258/6818
f 3297/6931 3333/6987 3296/6927
f 3294/6921 3336/6991 3295/6922
f 3334/6988 3299/6936 3298/6933
f 3163/6627 3342/7001 3144/6573
f 3162/6623 3341/7000 3148/6585
f 3161/6619 3339/6997 3141/6563
f 3144/6573 3343/7003 3162/6620
f 3164/6629 3340/6999 3163/6624
f 3148/6585 3344/7005 3161/6617
f 3352/7017 3392/7128 3346/7007
f 3395/7131 3358/7033 3391/7126
f 3401/7140 3364/7054 3398/7137
f 3403/7143 3359/7036 3397/7135
f 3367/7058 3399/7138 3400/7139
f 3365/7056 3393/7129 3394/7130
f 3363/7050 3402/7141 3399/7138
f 3357/7030 3396/7132 3393/7129
f 3358/7034 3394/7130 3391/7125
f 3364/7055 3400/7139 3398/7136
f 3397/7134 3369/7062 3401/7140
f 3356/7027 3395/7131 3392/7127
f 3345/7006 3360/7040 3404/7145
f 3408/7150 3362/7047 3405/7147
f 3413/7158 3376/7085 3410/7154
f 3416/7162 3372/7071 3412/7157
f 3381/7096 3411/7155 3414/7159
f 3366/7057 3407/7149 3406/7148
f 3411/7155 3384/7106 3415/7161
f 3361/7044 3409/7151 3407/7149
f 3412/7156 3378/7090 3413/7158
f 3404/7144 3370/7064 3408/7150
f 3362/7048 3406/7148 3405/7146
f 3376/7086 3414/7159 3410/7153
f 3389/7121 3428/7182 3425/7177
f 3347/7008 3386/7111 3424/7176
f 3426/7178 3387/7115 3427/7180
f 3390/7122 3423/7174 3428/7181
f 3427/7179 3389/7121 3425/7177
f 3424/7175 3388/7118 3426/7178
f 3380/7094 3421/7170 3418/7165
f 3353/7019 3420/7168 3348/7009
f 3419/7166 3374/7078 3417/7164
f 3421/7169 3377/7089 3422/7172
f 3417/7163 3380/7094 3418/7165
f 3420/7167 3379/7092 3419/7166
f 3368/7061 2944/6206 3358/7032
f 2890/6064 3356/7028 3352/7016
f 2947/6217 3357/7031 3365/7056
f 2945/6211 3382/7099 3357/7029
f 2944/6207 3365/7056 3358/7034
f 2946/6215 3368/7061 3356/7025
f 3392/7127 3369/7063 3359/7035
f 3391/7125 3367/7059 3364/7052
f 3393/7129 3354/7020 3363/7050
f 3394/7130 3363/7051 3367/7059
f 3369/7063 3391/7126 3364/7053
f 3346/7007 3359/7038 3349/7010
f 3360/7042 3401/7140 3370/7065
f 3398/7136 3366/7057 3362/7048
f 3399/7138 3383/7102 3361/7043
f 3400/7139 3361/7045 3366/7057
f 3351/7015 3397/7135 3360/7039
f 3370/7065 3398/7137 3362/7046
f 3405/7146 3381/7097 3376/7083
f 3372/7073 3408/7150 3378/7091
f 3375/7081 3409/7151 3384/7104
f 3406/7148 3375/7082 3381/7097
f 3378/7091 3405/7147 3376/7084
f 3350/7013 3404/7145 3372/7070
f 3410/7153 3380/7095 3374/7076
f 3371/7068 3413/7158 3379/7093
f 3373/7074 3415/7161 3377/7087
f 3414/7159 3373/7075 3380/7095
f 3416/7162 3371/7069 3353/7018
f 3379/7093 3410/7154 3374/7077
f 3386/7113 3419/7166 3388/7119
f 3387/7117 3418/7165 3389/7120
f 3390/7123 3422/7172 3355/7022
f 3388/7119 3417/7164 3387/7114
f 3385/7109 3420/7168 3386/7110
f 3418/7165 3390/7124 3389/7120
f 3278/6876 3426/7178 3259/6822
f 3427/7179 3263/6834 3277/6869
f 3428/7181 3257/6817 3276/6866
f 3259/6822 3427/7180 3277/6870
f 3279/6878 3424/7176 3278/6873
f 3425/7177 3276/6868 3263/6834
s 0
f 3415/7160 3384/7105 1688/3598
f 1667/3542 1691/3602 3429/7183
s 1
f 1695/3606 3429/7183 3256/6813
s 0
f 3286/6901 3331/6983 1691/3602
s 1
f 3221/6758 3177/6665 2338/4934
f 3176/6663 3201/6729 2338/4934
s 0
f 2338/4934 3141/6564 1691/3602
s 1
f 3140/6561 2338/4934 3214/6748
f 2338/4934 2260/4782 3178/6670
f 3214/6748 2338/4934 3177/6665
f 3178/6670 3221/6758 2338/4934
f 3140/6561 3208/6739 2338/4934
f 3208/6739 3176/6663 2338/4934
s 0
f 2338/4934 3201/6729 3141/6564
f 3325/6974 3429/7183 3293/6918
f 3429/7183 1691/3602 3331/6983
f 3293/6918 3429/7183 3331/6983
f 1691/3602 3141/6564 3339/6996
f 3339/6996 3258/6819 1691/3602
f 3258/6819 3338/6994 1691/3602
f 3338/6994 3286/6901 1691/3602
s 1
f 3429/7183 3325/6974 3292/6914
f 3292/6914 3318/6964 3429/7183
f 3318/6964 3256/6813 3429/7183
f 3256/6813 3312/6955 1695/3606
f 3312/6955 3291/6912 1695/3606
f 3291/6912 3305/6945 1695/3606
s 0
f 1688/3598 1695/3606 3415/7160
f 1695/3606 3305/6945 3257/6815
f 3423/7173 1695/3606 3257/6815
f 3423/7173 3355/7023 1695/3606
f 3355/7023 3422/7171 1695/3606
f 3422/7171 3377/7088 1695/3606
f 3377/7088 3415/7160 1695/3606
f 3409/7152 3396/7133 2902/6087
s 1
f 45/69 18/36 17/34
f 41/65 17/34 15/30
f 42/66 16/32 13/26
f 43/67 15/30 16/32
f 48/72 19/38 20/40
f 48/72 47/71 22/44
f 23/46 21/42 44/68
f 24/48 23/46 46/70
f 47/71 44/68 21/42
f 37/61 14/28 24/48
f 37/61 39/63 13/26
f 12/24 18/36 45/69
f 28/52 30/54 3/6
f 4/8 3/6 30/54
f 32/56 28/52 5/10
f 35/59 7/14 9/18
f 33/57 10/20 11/22
f 31/55 8/16 10/20
f 1/2 4/8 29/53
f 20/40 7/14 35/59
f 34/58 9/18 8/16
f 25/49 2/4 1/2
f 25/49 27/51 11/22
f 32/56 6/12 12/24
s 0
f 53/84 52/83 50/81
f 160/367 161/369 159/365
f 106/223 165/376 105/222
f 99/206 190/440 55/88
f 110/234 75/147 235/562
f 234/560 141/323 109/231
f 230/550 241/577 229/545
f 153/353 224/529 108/228
f 114/243 177/405 179/410
f 185/424 184/422 183/420
f 62/110 192/443 193/445
f 190/441 101/212 194/448
f 194/448 66/121 102/214
f 177/406 192/443 61/104
f 202/476 201/474 98/204
f 188/435 198/463 186/426
f 203/477 204/479 184/422
f 207/490 181/416 210/497
f 207/491 175/403 66/122
f 68/127 104/220 119/257
f 122/264 174/401 159/366
f 87/176 161/369 217/512
f 217/512 218/515 120/260
f 165/377 87/177 164/375
f 106/223 219/517 166/379
f 220/520 85/173 107/226
f 70/134 158/363 157/360
f 229/546 223/528 108/228
f 108/228 154/355 124/269
f 150/348 151/350 145/336
f 230/551 227/540 226/534
f 75/148 112/239 59/97
f 82/164 233/557 225/531
f 140/322 141/324 76/152
f 79/159 135/307 80/160
f 238/570 60/101 237/567
f 131/294 132/298 129/290
f 128/288 131/294 130/292
f 65/119 246/588 210/498
f 188/436 187/431 101/213
s 1
f 264/608 262/606 315/677
f 268/612 303/663 250/593
f 257/600 310/671 272/616
f 265/609 318/681 277/621
f 252/595 305/665 270/614
f 303/663 306/666 253/596
f 266/610 277/621 314/676
f 279/624 255/598 271/615
f 278/622 411/841 318/681
f 260/604 273/617 311/672
f 306/666 307/667 254/597
f 314/676 315/677 262/606
f 247/589 267/611 268/612
f 254/597 307/667 305/665
f 263/607 274/618 273/617
f 247/589 249/591 269/613
f 309/670 271/615 255/598
f 264/608 275/619 274/618
f 270/614 309/670 256/599
f 257/600 258/601 311/672
f 283/632 280/626 287/639
f 251/594 283/631 289/641
f 290/642 292/646 291/644
f 289/641 283/631 286/638
f 290/643 285/636 289/641
f 249/592 291/645 292/647
f 287/639 280/626 282/629
f 283/632 251/594 256/599
f 279/624 280/626 283/632
f 294/650 282/630 299/657
f 299/657 281/627 296/652
f 282/630 280/626 278/622
f 266/610 261/605 282/630
f 262/606 299/658 282/630
f 257/600 259/603 284/634
f 260/604 281/627 299/658
f 264/608 263/607 299/658
f 297/654 296/653 281/628
f 284/633 281/628 260/604
f 297/655 284/634 259/603
f 254/597 252/595 289/641
f 289/641 285/636 250/593
f 250/593 285/636 291/644
f 247/589 248/590 291/645
f 328/694 325/689 270/614
f 309/670 270/614 325/690
f 325/690 322/685 406/830
f 411/841 322/685 324/688
f 324/688 314/676 277/621
f 314/676 324/688 330/697
f 310/671 311/672 326/691
f 330/697 323/686 273/617
f 275/619 315/677 330/697
f 273/617 323/687 326/692
f 328/694 305/665 307/667
f 303/663 327/693 328/694
f 303/663 268/612 329/695
f 267/611 302/662 329/696
f 308/668 320/683 312/673
f 300/659 304/664 327/693
f 316/678 276/620 330/697
f 325/690 313/675 319/682
f 304/664 301/661 328/694
f 323/687 317/680 308/669
f 302/662 321/684 300/660
f 330/697 276/620 317/679
f 328/694 301/661 313/674
f 319/682 316/678 324/688
f 337/707 331/698 276/620
f 334/702 333/701 301/661
f 335/704 340/712 320/683
f 339/710 337/707 316/678
f 276/620 331/698 338/709
f 333/701 336/706 313/674
f 321/684 341/713 332/699
f 313/675 336/705 339/710
f 332/700 334/702 304/664
f 317/680 338/708 335/703
f 333/701 334/702 332/700
f 335/704 338/709 331/698
f 344/717 345/718 343/716
f 342/715 346/721 347/723
f 331/698 337/707 342/715
f 333/701 341/714 343/716
f 351/729 342/715 337/707
f 343/716 345/718 352/730
f 352/730 346/721 342/715
f 351/729 339/710 336/706
f 397/814 396/811 372/768
f 373/770 356/740 397/813
f 399/817 412/844 397/813
f 367/758 368/759 361/747
f 362/748 361/747 359/745
f 358/743 357/742 360/746
f 357/741 358/744 374/775
f 369/760 370/765 365/753
f 353/731 365/754 363/750
f 389/795 365/755 371/766
f 378/780 376/777 375/776
f 376/777 378/780 364/752
f 377/779 375/776 366/757
f 372/769 396/812 395/810
f 410/838 372/769 371/767
f 369/761 409/836 410/839
f 380/783 386/790 385/789
f 386/790 384/788 383/787
f 382/785 383/787 384/788
f 388/794 382/786 379/782
f 387/791 390/797 354/734
f 390/798 392/804 393/805
f 389/795 395/809 394/807
f 414/850 415/853 393/806
f 395/810 396/812 398/815
f 394/808 398/815 414/851
f 397/814 412/845 398/816
f 400/822 404/827 402/825
f 391/800 401/823 403/826
f 401/823 402/825 404/827
f 405/828 411/842 399/818
f 373/771 406/831 405/828
f 373/772 355/737 408/835
f 373/773 407/832 279/625
f 355/738 410/840 409/837
f 399/819 411/843 278/623
f 387/792 403/826 377/779
f 415/854 414/852 412/846
f 416/856 412/847 399/820
f 391/800 366/757 375/776
f 391/800 354/734 353/731
s 0
f 427/867 419/859 417/857
f 429/869 418/858 419/859
f 430/870 426/866 418/858
s 1
f 379/782 384/788 421/861
f 421/861 404/827 400/822
f 404/827 421/861 428/868
s 0
f 430/870 429/869 422/862
f 429/869 427/867 423/863
f 427/867 428/868 421/861
s 1
f 386/790 380/783 424/864
f 424/864 421/861 384/788
f 428/868 417/857 378/780
f 357/742 364/752 378/780
f 378/780 417/857 360/746
f 362/748 360/746 417/857
f 417/857 420/860 367/758
f 436/877 437/879 383/787
f 359/745 432/873 431/872
f 441/884 445/889 439/882
f 435/876 434/875 375/776
f 402/824 436/878 382/786
f 434/875 439/882 401/823
f 358/744 431/871 376/778
f 439/882 440/883 402/825
f 431/871 438/880 442/885
f 445/889 446/890 440/883
f 443/886 444/888 437/879
f 433/874 438/881 431/872
f 446/890 443/887 436/878
f 442/885 441/884 434/875
f 408/835 416/856 413/849
f 278/623 279/625 407/833
f 353/732 408/834 409/837
f 416/856 408/835 353/732
f 354/734 393/806 415/854
f 456/910 448/893 447/891
f 455/908 449/895 448/894
f 453/904 451/899 450/897
f 454/906 450/898 449/896
f 452/902 447/892 451/900
f 465/928 459/915 458/913
f 466/930 458/914 457/911
f 464/926 460/917 459/916
f 463/924 461/919 460/918
f 462/922 457/912 461/920
f 468/933 469/935 475/948
f 471/939 467/931 472/942
f 469/936 470/937 474/946
f 470/938 471/940 473/944
f 467/932 468/934 476/950
f 480/957 481/959 483/964
f 481/960 477/951 482/962
f 479/955 480/958 484/966
f 477/952 478/953 486/970
f 478/954 479/956 485/968
f 488/973 489/975 495/988
f 487/971 488/974 496/990
f 489/976 490/977 494/986
f 490/978 491/979 493/984
f 491/980 487/972 492/982
f 497/991 498/993 506/1010
f 498/994 499/995 505/1008
f 499/996 500/997 504/1006
f 501/999 497/992 502/1002
f 500/998 501/1000 503/1004
f 508/1013 509/1015 515/1028
f 511/1019 507/1011 512/1022
f 509/1016 510/1017 514/1026
f 510/1018 511/1020 513/1024
f 507/1012 508/1014 516/1030
f 521/1039 517/1031 522/1042
f 520/1037 521/1040 523/1044
f 518/1033 519/1035 525/1048
f 519/1036 520/1038 524/1046
f 517/1032 518/1034 526/1050
f 529/1055 530/1057 534/1066
f 528/1053 529/1056 535/1068
f 527/1051 528/1054 536/1070
f 530/1058 531/1059 533/1064
f 531/1060 527/1052 532/1062
f 538/1073 539/1075 545/1088
f 541/1079 537/1071 542/1082
f 539/1076 540/1077 544/1086
f 540/1078 541/1080 543/1084
f 537/1072 538/1074 546/1090
f 551/1099 547/1091 552/1102
f 548/1093 549/1095 555/1108
f 549/1096 550/1097 554/1106
f 550/1098 551/1100 553/1104
f 547/1092 548/1094 556/1110
f 558/1113 559/1115 565/1128
f 560/1117 561/1119 563/1124
f 559/1116 560/1118 564/1126
f 557/1111 558/1114 566/1130
f 561/1120 557/1112 562/1122
f 568/1133 569/1135 575/1148
f 567/1131 568/1134 576/1150
f 569/1136 570/1137 574/1146
f 570/1138 571/1139 573/1144
f 571/1140 567/1132 572/1142
f 582/1162 577/1151 581/1159
f 583/1164 581/1160 580/1157
f 586/1170 578/1153 577/1152
f 584/1166 580/1158 579/1155
f 585/1168 579/1156 578/1154
f 593/1184 591/1179 590/1177
f 592/1182 587/1171 591/1180
f 594/1186 590/1178 589/1175
f 595/1188 589/1176 588/1173
f 596/1190 588/1174 587/1172
f 606/1210 598/1193 597/1191
f 604/1206 600/1197 599/1195
f 605/1208 599/1196 598/1194
f 603/1204 601/1199 600/1198
f 602/1202 597/1192 601/1200
f 614/1226 610/1217 609/1215
f 616/1230 608/1213 607/1211
f 613/1224 611/1219 610/1218
f 615/1228 609/1216 608/1214
f 612/1222 607/1212 611/1220
f 623/1244 621/1239 620/1237
f 625/1248 619/1235 618/1233
f 626/1250 618/1234 617/1231
f 624/1246 620/1238 619/1236
f 622/1242 617/1232 621/1240
f 636/1270 628/1253 627/1251
f 635/1268 629/1255 628/1254
f 633/1264 631/1259 630/1257
f 634/1266 630/1258 629/1256
f 632/1262 627/1252 631/1260
f 644/1286 640/1277 639/1275
f 643/1284 641/1279 640/1278
f 645/1288 639/1276 638/1273
f 646/1290 638/1274 637/1271
f 642/1282 637/1272 641/1280
f 652/1302 647/1291 651/1299
f 655/1308 649/1295 648/1293
f 653/1304 651/1300 650/1297
f 654/1306 650/1298 649/1296
f 656/1310 648/1294 647/1292
f 662/1322 657/1311 661/1319
f 665/1328 659/1315 658/1313
f 663/1324 661/1320 660/1317
f 664/1326 660/1318 659/1316
f 666/1330 658/1314 657/1312
f 673/1343 674/1345 670/1338
f 669/1335 675/1347 676/1349
f 674/1346 675/1348 669/1336
f 676/1350 672/1341 667/1332
f 672/1342 673/1344 671/1340
f 677/1352 682/1361 686/1369
f 680/1358 684/1365 683/1363
f 681/1360 683/1364 682/1362
f 679/1355 685/1367 684/1366
f 686/1370 685/1368 679/1356
f 693/1379 689/1374 690/1376
f 687/1371 688/1372 694/1382
f 708/1404 702/1394 701/1393
f 707/1401 706/1400 704/1398
f 709/1405 712/1410 705/1399
f 711/1408 713/1411 714/1413
f 707/1402 703/1397 702/1395
f 695/1383 698/1388 700/1391
f 688/1373 689/1375 693/1380
f 700/1392 699/1389 697/1386
f 697/1387 699/1390 692/1378
f 714/1414 712/1410 709/1405
f 706/1400 713/1412 711/1409
f 691/1377 698/1388 695/1383
f 721/1423 717/1418 718/1420
f 715/1415 716/1416 722/1426
f 723/1427 726/1432 728/1435
f 716/1417 717/1419 721/1424
f 728/1436 727/1433 725/1430
f 725/1431 727/1434 720/1422
f 719/1421 726/1432 723/1427
f 735/1445 734/1444 732/1442
f 742/1457 740/1454 737/1449
f 737/1449 740/1454 733/1443
f 736/1448 730/1438 729/1437
f 734/1444 741/1455 739/1452
f 739/1453 741/1456 742/1458
f 735/1446 731/1441 730/1439
f 750/1470 744/1460 743/1459
f 749/1467 748/1466 746/1464
f 756/1479 754/1476 751/1471
f 748/1466 755/1477 753/1474
f 751/1471 754/1476 747/1465
f 749/1468 745/1463 744/1461
f 753/1475 755/1478 756/1480
f 757/1481 758/1482 764/1492
f 763/1489 759/1484 760/1486
f 765/1493 768/1498 770/1501
f 767/1496 769/1499 762/1488
f 761/1487 768/1498 765/1493
f 758/1483 759/1485 763/1490
f 770/1502 769/1500 767/1497
f 804/1557 806/1562 786/1523
f 811/1578 796/1538 775/1509
f 815/1590 803/1554 782/1517
f 796/1538 795/1536 774/1508
f 795/1536 810/1574 771/1504
f 801/1550 815/1591 785/1522
f 819/1601 811/1579 792/1531
f 806/1562 805/1560 787/1524
f 808/1567 807/1564 791/1529
f 802/1552 804/1558 784/1520
f 807/1564 819/1601 794/1534
f 816/1594 818/1599 790/1528
f 810/1575 812/1581 772/1505
f 800/1548 801/1550 781/1516
f 798/1543 800/1548 780/1515
f 813/1584 814/1587 777/1511
f 812/1581 797/1540 776/1510
f 814/1587 799/1546 778/1512
f 803/1554 802/1552 783/1518
f 818/1599 817/1597 788/1525
f 805/1560 816/1595 789/1527
f 797/1540 813/1585 773/1507
f 817/1597 808/1568 793/1533
f 799/1546 798/1544 779/1514
f 930/1922 1128/2243 928/1918
f 838/1666 929/1920 1127/2242
f 963/1987 1126/2241 927/1916
f 931/1923 1125/2240 936/1933
f 926/1914 1124/2238 900/1862
f 826/1620 901/1864 1123/2237
f 954/1972 1122/2235 935/1930
f 1121/2234 940/1943 831/1640
f 830/1637 934/1928 1120/2233
f 939/1940 1119/2231 938/1938
f 905/1873 1118/2230 903/1868
f 941/1944 1117/2229 917/1898
f 1116/2228 988/2042 833/1646
f 1115/2227 986/2039 867/1774
f 973/2010 1114/2226 985/2036
f 1654/3507 956/1978 1113/2225
f 837/1662 910/1883 1112/2224
f 1697/3611 908/1879 1111/2223
f 841/1677 909/1881 1110/2222
f 1698/3613 912/1887 1109/2221
f 842/1681 945/1955 1108/2220
f 1107/2219 959/1982 1132/2254
f 1106/2218 948/1961 843/1686
f 844/1688 947/1959 1105/2217
f 847/1701 916/1895 1104/2216
f 950/1965 1103/2215 1145/2298
f 961/1984 1102/2214 962/1985
f 923/1910 1101/2213 920/1904
f 921/1906 1100/2211 944/1953
f 922/1908 1099/2210 919/1901
f 942/1946 1098/2209 955/1974
f 952/1968 1097/2208 979/2023
f 828/1627 975/2015 1094/2204
f 829/1632 981/2028 1093/2202
f 1092/2201 976/2017 832/1643
f 861/1753 968/1998 1091/2200
f 982/2030 1090/2199 978/2021
f 965/1991 1089/2198 970/2002
f 914/1891 1088/2197 984/2034
f 989/2044 1087/2196 994/2054
f 995/2056 1086/2195 992/2050
f 987/2040 1085/2194 991/2048
f 993/2052 1084/2193 951/1967
f 1045/2137 1083/2192 983/2032
f 1003/2069 1082/2191 918/1899
f 851/1714 998/2061 1081/2190
f 999/2063 1080/2189 924/1911
f 873/1791 1042/2132 1079/2188
f 874/1793 1006/2072 1078/2187
f 1007/2074 1077/2186 1150/2308
f 878/1807 1015/2090 1076/2185
f 1149/2307 1075/2184 1014/2087
f 876/1799 1644/3473 1074/2183
f 2134/4561 1073/2182 1012/2083
f 1008/2076 1072/2181 1005/2071
f 1017/2092 1071/2180 1004/2070
f 1030/2114 1070/2179 1021/2100
f 1023/2103 1069/2178 1026/2108
f 890/1840 1029/2112 1068/2177
f 888/1836 1022/2101 1067/2176
f 1028/2111 1066/2175 1027/2109
f 1035/2122 1065/2174 1037/2126
f 1038/2127 1064/2173 1036/2123
f 892/1844 1033/2119 1063/2172
f 899/1859 1032/2118 1062/2171
f 882/1816 1013/2085 1061/2170
f 894/1849 1040/2129 1060/2169
f 869/1782 1044/2136 1059/2168
f 1144/2297 1148/2304 1058/2167
f 1512/3198 1506/3189 1057/2163
f 1512/3198 1501/3178 1054/2154
f 1002/2067 1501/3179 1512/3199
f 898/1858 1511/3196 1505/3188
f 1511/3197 1498/3174 1053/2152
f 1054/2155 1498/3174 1511/3197
f 1503/3182 1510/3195 1499/3175
f 1497/3173 1051/2146 1499/3175
f 1053/2153 1497/3173 1510/3195
f 1507/3191 1055/2157 1502/3180
f 896/1851 1050/2144 1507/3191
f 1051/2147 896/1851 1509/3194
f 1508/3193 869/1783 1045/2138
f 1500/3177 1044/2135 869/1783
f 1050/2145 1500/3177 1508/3193
f 1507/3192 1508/3193 1504/3184
f 1052/2150 1499/3176 1509/3194
f 1510/3195 1503/3182 1056/2160
f 1057/2164 1506/3190 1511/3197
f 856/1732 1512/3199 897/1853
f 1148/2304 877/1806 1012/2084
f 1058/2167 1012/2084 882/1817
f 1049/2143 1058/2167 1047/2141
f 1044/2136 892/1845 1034/2120
f 1059/2168 1034/2120 1143/2294
f 996/2058 1059/2168 1643/3472
f 1040/2129 1647/3482 1637/3460
f 1060/2169 1637/3460 1825/3968
f 1039/2128 1060/2169 1030/2115
f 1013/2085 1140/2283 1018/2094
f 1061/2170 1018/2094 1647/3483
f 1041/2131 1061/2170 1040/2130
f 1032/2118 888/1837 1024/2105
f 1062/2171 1024/2105 1134/2262
f 1031/2116 1062/2171 1147/2302
f 1033/2119 893/1847 1036/2124
f 1063/2172 1036/2124 883/1820
f 1034/2121 1063/2172 1642/3469
f 891/1843 1037/2125 1064/2173
f 1037/2125 1630/3442 1638/3461
f 1064/2173 1638/3461 883/1821
f 889/1839 1027/2110 1065/2174
f 1027/2110 1648/3487 1019/2096
f 1019/2096 1630/3443 1037/2126
f 899/1860 1031/2117 1066/2175
f 1031/2117 1631/3447 2078/4476
f 1066/2175 2078/4476 1648/3488
f 1022/2101 884/1824 2097/4506
f 1067/2176 2097/4506 1135/2263
f 1024/2106 1067/2176 1639/3463
f 1657/3516 1020/2098 1068/2177
f 1020/2098 884/1825 1022/2102
f 1025/2107 1068/2177 1022/2102
f 885/1828 1640/3465 1069/2178
f 1640/3465 1657/3517 1029/2113
f 1069/2178 1029/2113 890/1841
f 1825/3969 1641/3467 1070/2179
f 1641/3467 885/1829 1023/2104
f 1070/2179 1023/2104 887/1834
f 878/1808 1009/2079 1071/2180
f 1009/2079 879/1810 1016/2091
f 1016/2091 873/1792 1004/2070
f 1008/2076 875/1797 1015/2089
f 1072/2181 1015/2089 878/1809
f 1072/2181 1017/2093 874/1794
f 1646/3479 1636/3458 1073/2182
f 1636/3458 1140/2284 1013/2086
f 1073/2182 1013/2086 882/1818
f 1644/3473 1144/2297 1049/2143
f 1074/2183 1049/2143 895/1850
f 1011/2081 1074/2183 1048/2142
f 876/1800 1011/2082 1075/2184
f 1011/2082 881/1815 1046/2140
f 1075/2184 1046/2140 880/1812
f 1015/2090 875/1797 1014/2088
f 1076/2185 1014/2088 880/1813
f 1076/2185 1010/2080 879/1811
f 870/1785 997/2060 1077/2186
f 997/2060 1133/2257 1043/2134
f 1077/2186 1043/2134 1656/3513
f 872/1789 1001/2066 1078/2187
f 1001/2066 870/1786 1007/2075
f 1007/2075 1142/2291 1005/2071
f 1042/2132 871/1787 1000/2065
f 1000/2065 872/1790 1006/2073
f 1079/2188 1006/2073 874/1794
f 872/1789 1000/2065 1080/2189
f 1000/2065 871/1788 1002/2068
f 1080/2189 1002/2068 856/1733
f 998/2061 870/1785 1001/2066
f 1081/2190 1001/2066 872/1790
f 953/1970 1081/2190 999/2064
f 1003/2069 1133/2258 997/2060
f 997/2060 870/1786 998/2062
f 1082/2191 998/2062 851/1715
f 869/1784 996/2059 1083/2192
f 996/2059 1139/2280 2047/4427
f 1083/2192 2047/4427 1136/2266
f 868/1779 992/2051 1084/2193
f 992/2051 1138/2274 1146/2301
f 1084/2193 1146/2301 1141/2286
f 848/1705 994/2055 1085/2194
f 994/2055 868/1780 993/2053
f 1085/2194 993/2053 1131/2252
f 836/1659 985/2037 1086/2195
f 985/2037 1645/3477 1635/3455
f 1086/2195 1635/3455 1138/2275
f 867/1775 986/2038 1087/2196
f 986/2038 836/1660 995/2057
f 1087/2196 995/2057 868/1781
f 844/1689 915/1893 1088/2197
f 915/1893 847/1702 1996/4348
f 1088/2197 1996/4348 866/1772
f 864/1764 983/2033 1089/2198
f 983/2033 1136/2267 1634/3453
f 1089/2198 1634/3453 1137/2272
f 863/1760 969/2001 1090/2199
f 969/2001 864/1765 965/1992
f 1090/2199 965/1992 865/1768
f 862/1755 964/1989 1091/2200
f 964/1989 863/1761 982/2031
f 982/2031 835/1655 972/2008
f 860/1748 966/1993 1092/2201
f 966/1993 862/1756 968/1999
f 976/2017 1092/2201 968/1999
f 981/2028 859/1743 967/1996
f 1093/2202 967/1996 860/1749
f 937/1937 1093/2203 980/2027
f 858/1740 971/2005 1094/2204
f 1094/2205 971/2006 859/1744
f 943/1949 1094/2205 981/2029
f 3091/6484 1095/2206 932/1925
f 3089/6482 960/1983 1095/2206
f 3089/6482 837/1664 956/1977
f 3092/6485 956/1977 1654/3508
f 857/1737 924/1912 1097/2208
f 924/1912 856/1734 974/2013
f 1097/2208 974/2013 858/1741
f 854/1725 979/2024 1098/2209
f 979/2024 858/1742 975/2016
f 1098/2209 975/2016 828/1628
f 922/1908 851/1716 953/1971
f 1099/2210 953/1971 857/1738
f 1099/2210 952/1969 854/1726
f 855/1729 919/1902 1100/2211
f 919/1903 854/1727 942/1947
f 1100/2212 942/1947 822/1606
f 852/1719 918/1900 1101/2213
f 918/1900 851/1717 922/1909
f 1101/2213 922/1909 855/1730
f 961/1984 850/1713 920/1905
f 920/1905 855/1731 921/1907
f 1102/2214 921/1907 853/1721
f 950/1965 849/1709 917/1897
f 848/1706 987/2041 1103/2215
f 1103/2215 987/2041 1655/3511
f 916/1895 846/1696 938/1939
f 1104/2216 938/1939 849/1710
f 2003/4359 1104/2216 950/1966
f 947/1959 831/1641 940/1942
f 1105/2217 940/1942 846/1697
f 915/1894 1105/2217 916/1896
f 933/1926 1106/2218 949/1963
f 831/1642 947/1960 1106/2218
f 947/1960 844/1690 948/1961
f 948/1962 1107/2219 957/1979
f 844/1691 914/1892 1107/2219
f 914/1892 845/1694 959/1982
f 945/1955 840/1674 936/1934
f 826/1621 949/1964 1108/2220
f 913/1889 1108/2220 949/1964
f 912/1887 842/1682 913/1890
f 1109/2221 913/1890 843/1687
f 958/1981 1109/2221 957/1980
f 909/1881 838/1667 911/1885
f 1110/2222 911/1885 840/1675
f 946/1957 1110/2222 945/1956
f 908/1879 841/1678 946/1958
f 1111/2223 946/1958 842/1683
f 1632/3449 1111/2223 912/1888
f 910/1883 839/1671 906/1875
f 1112/2224 906/1875 838/1668
f 907/1877 1112/2224 909/1882
f 956/1978 837/1663 907/1878
f 1113/2225 907/1878 841/1679
f 1633/3451 1113/2225 908/1880
f 865/1769 970/2003 1114/2226
f 970/2003 1137/2273 2034/4407
f 1114/2226 2034/4407 1645/3478
f 990/2046 835/1656 978/2022
f 865/1770 973/2011 1115/2227
f 973/2011 836/1661 986/2039
f 972/2009 1116/2228 977/2019
f 1116/2228 972/2009 835/1657
f 990/2047 867/1776 988/2042
f 833/1647 988/2043 1117/2229
f 867/1777 989/2045 1117/2229
f 989/2045 848/1707 917/1898
f 905/1873 832/1644 976/2018
f 861/1754 977/2020 1118/2230
f 1118/2230 977/2020 833/1648
f 834/1652 903/1869 1119/2231
f 903/1869 833/1649 941/1945
f 1119/2231 941/1945 849/1711
f 934/1928 829/1633 937/1936
f 1120/2232 937/1937 832/1645
f 904/1870 1120/2233 905/1874
f 904/1871 1121/2234 902/1866
f 834/1653 939/1941 1121/2234
f 939/1941 846/1698 940/1943
f 954/1972 828/1629 943/1950
f 1122/2236 943/1951 829/1634
f 935/1931 1122/2236 934/1929
f 901/1864 827/1624 935/1932
f 1123/2237 935/1932 830/1638
f 933/1927 1123/2237 902/1867
f 822/1607 955/1975 1124/2238
f 955/1976 828/1630 954/1973
f 1124/2239 954/1973 827/1625
f 825/1616 900/1863 1125/2240
f 900/1863 827/1626 901/1865
f 1125/2240 901/1865 826/1622
f 853/1722 944/1954 1126/2241
f 944/1954 822/1608 926/1915
f 1126/2241 926/1915 825/1617
f 929/1920 823/1610 927/1917
f 1127/2242 927/1917 825/1618
f 911/1886 1127/2242 931/1924
f 821/1604 962/1986 1128/2243
f 962/1986 853/1723 963/1988
f 1128/2243 963/1988 823/1611
f 824/1614 928/1919 1129/2244
f 928/1919 823/1612 929/1921
f 906/1876 1129/2244 929/1921
f 925/1913 1129/2244 906/1876
f 1157/2333 1162/2346 1174/2371
f 1165/2354 1173/2368 1159/2339
f 1156/2329 1166/2357 1172/2367
f 1171/2366 1168/2360 1178/2385
f 1192/2422 1170/2365 1160/2341
f 1169/2363 1161/2344 1175/2372
f 1175/2373 1161/2345 1273/2615
f 1157/2334 1267/2604 1273/2615
f 1176/2377 1160/2342 1169/2363
f 1156/2330 1162/2347 1169/2363
f 1169/2363 1162/2347 1157/2335
f 1168/2361 1170/2365 1192/2422
f 1168/2362 1154/2323 1166/2356
f 1166/2356 1156/2331 1160/2343
f 1171/2366 1165/2355 1154/2324
f 1159/2340 1172/2367 1166/2357
f 1159/2340 1155/2326 1167/2358
f 1167/2358 1153/2318 1163/2349
f 1173/2368 1158/2338 1155/2327
f 1267/2603 1157/2336 1164/2352
f 1164/2352 1152/2314 1340/2778
f 1162/2348 1156/2332 1163/2350
f 1163/2351 1153/2319 1247/2550
f 1164/2353 1174/2371 1247/2551
f 1180/2392 1187/2410 1199/2435
f 1190/2418 1198/2432 1183/2402
f 1179/2388 1191/2420 1197/2431
f 1196/2430 1193/2424 1203/2449
f 1220/2490 1195/2429 1185/2405
f 1194/2427 1186/2408 1200/2436
f 1200/2437 1186/2409 1297/2677
f 1180/2393 1291/2666 1297/2677
f 1201/2441 1185/2406 1194/2427
f 1179/2389 1187/2411 1194/2427
f 1194/2427 1187/2411 1180/2394
f 1193/2425 1195/2429 1220/2490
f 1193/2426 1177/2381 1191/2421
f 1191/2421 1179/2390 1185/2407
f 1196/2430 1190/2419 1177/2382
f 1177/2383 1183/2401 1197/2431
f 1197/2431 1183/2401 1178/2386
f 1192/2423 1176/2378 1188/2413
f 1182/2400 1178/2387 1183/2402
f 1291/2665 1180/2395 1189/2417
f 1299/2679 1189/2417 1175/2374
f 1187/2412 1179/2391 1188/2414
f 1199/2434 1188/2415 1176/2379
f 1199/2435 1181/2398 1175/2375
f 1215/2479 1228/2504 1217/2484
f 1218/2486 1227/2501 1210/2470
f 1205/2454 1219/2488 1226/2500
f 1211/2471 1225/2499 1221/2493
f 1224/2497 1212/2473 1206/2459
f 1223/2496 1214/2476 1208/2465
f 1214/2477 1327/2748 1313/2720
f 1207/2461 1320/2736 1327/2748
f 1212/2474 1223/2496 1222/2495
f 1212/2474 1205/2455 1215/2480
f 1223/2496 1215/2480 1207/2462
f 1204/2453 1221/2494 1224/2497
f 1202/2445 1219/2489 1224/2498
f 1224/2498 1219/2489 1205/2456
f 1225/2499 1218/2487 1202/2446
f 1202/2447 1210/2469 1226/2500
f 1210/2469 1203/2450 1220/2491
f 1220/2491 1201/2442 1216/2481
f 1184/2404 1203/2451 1210/2470
f 1320/2735 1207/2463 1217/2485
f 1329/2750 1217/2485 1200/2438
f 1205/2457 1216/2482 1228/2502
f 1228/2503 1216/2483 1201/2443
f 1228/2504 1209/2468 1200/2439
f 1234/2519 1240/2533 1253/2560
f 1243/2541 1252/2557 1237/2527
f 1233/2515 1244/2543 1251/2556
f 1250/2555 1246/2546 1155/2328
f 1167/2359 1249/2553 1238/2529
f 1248/2552 1239/2532 1152/2315
f 1152/2316 1239/2531 1352/2803
f 1239/2531 1234/2520 1346/2793
f 1153/2320 1238/2530 1248/2552
f 1233/2516 1240/2534 1248/2552
f 1240/2534 1234/2521 1239/2532
f 1246/2547 1249/2553 1167/2359
f 1246/2548 1231/2510 1244/2544
f 1249/2554 1244/2544 1233/2517
f 1250/2555 1243/2542 1231/2511
f 1231/2512 1237/2526 1251/2556
f 1251/2556 1237/2526 1232/2513
f 1245/2545 1230/2507 1241/2536
f 1236/2525 1232/2514 1237/2527
f 1346/2792 1234/2522 1242/2540
f 1354/2805 1242/2540 1229/2505
f 1240/2535 1233/2518 1241/2537
f 1253/2559 1241/2538 1230/2508
f 1253/2560 1235/2524 1229/2506
f 1259/2581 1264/2595 1276/2620
f 1267/2603 1275/2617 1261/2589
f 1258/2577 1268/2605 1274/2616
f 1273/2615 1270/2609 1280/2634
f 1272/2613 1262/2591 1278/2626
f 1271/2612 1263/2593 1277/2621
f 1277/2622 1263/2594 1395/2900
f 1259/2582 1389/2889 1395/2900
f 1262/2592 1271/2612 1283/2646
f 1262/2592 1258/2578 1264/2596
f 1271/2612 1264/2596 1259/2583
f 1270/2610 1272/2613 1293/2669
f 1270/2611 1256/2570 1268/2606
f 1272/2614 1268/2606 1258/2579
f 1273/2615 1267/2604 1256/2571
f 1256/2572 1261/2588 1274/2616
f 1274/2616 1261/2588 1257/2574
f 1269/2607 1255/2566 1265/2598
f 1340/2778 1257/2575 1261/2589
f 1389/2888 1259/2584 1266/2602
f 1397/2902 1266/2602 1254/2561
f 1264/2597 1258/2580 1265/2599
f 1276/2619 1265/2600 1255/2567
f 1276/2620 1260/2586 1254/2562
f 1288/2657 1300/2682 1290/2663
f 1299/2679 1285/2650 1279/2630
f 1281/2637 1292/2668 1298/2678
f 1297/2677 1294/2673 1304/2696
f 1296/2675 1286/2652 1302/2688
f 1295/2674 1287/2655 1301/2683
f 1301/2684 1287/2656 1416/2954
f 1282/2642 1410/2943 1416/2954
f 1286/2653 1295/2674 1310/2713
f 1281/2638 1288/2658 1295/2674
f 1295/2674 1288/2658 1282/2643
f 1294/2672 1296/2675 1322/2739
f 1279/2631 1292/2667 1296/2676
f 1292/2667 1281/2639 1286/2654
f 1291/2666 1279/2632 1294/2673
f 1285/2651 1298/2678 1292/2668
f 1298/2678 1285/2651 1280/2635
f 1298/2678 1293/2670 1278/2627
f 1299/2679 1284/2649 1280/2636
f 1410/2942 1282/2644 1290/2664
f 1418/2956 1290/2664 1277/2623
f 1288/2659 1281/2640 1289/2661
f 1300/2681 1289/2662 1278/2628
f 1300/2682 1283/2647 1277/2624
f 1317/2728 1330/2753 1319/2733
f 1320/2735 1329/2750 1312/2718
f 1321/2737 1328/2749 1318/2730
f 1327/2748 1323/2741 1305/2699
f 1315/2724 1326/2746 1314/2722
f 1324/2744 1325/2745 1316/2725
f 1316/2726 1443/3011 1431/2987
f 1308/2708 1437/3000 1443/3011
f 1307/2706 1314/2723 1325/2745
f 1314/2723 1306/2702 1317/2729
f 1325/2745 1317/2729 1308/2709
f 1305/2700 1323/2742 1326/2746
f 1323/2743 1303/2692 1321/2738
f 1326/2747 1321/2738 1306/2703
f 1327/2748 1320/2736 1303/2693
f 1303/2694 1312/2719 1328/2749
f 1312/2719 1304/2697 1322/2740
f 1328/2749 1322/2740 1302/2689
f 1329/2750 1311/2717 1304/2698
f 1437/2999 1308/2710 1319/2734
f 1445/3013 1319/2734 1301/2685
f 1306/2704 1318/2731 1330/2752
f 1318/2732 1302/2690 1310/2714
f 1330/2753 1310/2715 1301/2686
f 1343/2785 1355/2808 1345/2790
f 1346/2792 1354/2805 1339/2775
f 1347/2795 1353/2804 1344/2787
f 1352/2803 1349/2799 1257/2576
f 1351/2801 1341/2779 1255/2568
f 1350/2800 1342/2783 1254/2563
f 1254/2564 1342/2782 1376/2853
f 1342/2782 1336/2769 1369/2840
f 1341/2780 1350/2800 1260/2587
f 1335/2765 1343/2786 1350/2800
f 1343/2786 1336/2770 1342/2783
f 1349/2798 1351/2801 1269/2608
f 1333/2760 1347/2794 1351/2802
f 1347/2794 1335/2766 1341/2781
f 1346/2793 1333/2761 1349/2799
f 1339/2776 1353/2804 1347/2795
f 1339/2776 1334/2762 1348/2796
f 1348/2796 1332/2756 1344/2787
f 1354/2805 1338/2774 1334/2763
f 1369/2839 1336/2771 1345/2791
f 1378/2855 1345/2791 1331/2754
f 1335/2767 1344/2788 1355/2806
f 1355/2807 1344/2789 1332/2757
f 1355/2808 1337/2773 1331/2755
f 1361/2822 1366/2832 1379/2858
f 1378/2855 1364/2827 1358/2813
f 1370/2842 1377/2854 1367/2835
f 1376/2853 1372/2846 1382/2868
f 1375/2851 1365/2830 1380/2860
f 1373/2848 1374/2850 1486/3139
f 1365/2831 1374/2850 1373/2848
f 1365/2831 1360/2819 1366/2833
f 1374/2850 1366/2833 1361/2823
f 1372/2845 1375/2851 1391/2892
f 1358/2814 1370/2841 1375/2852
f 1375/2852 1370/2841 1360/2820
f 1369/2840 1358/2815 1372/2846
f 1364/2828 1377/2854 1370/2842
f 1377/2854 1364/2828 1359/2816
f 1371/2843 1357/2810 1367/2835
f 1378/2855 1363/2826 1359/2817
f 1366/2834 1360/2821 1367/2836
f 1379/2857 1367/2837 1357/2811
f 1379/2858 1362/2825 1356/2809
f 1387/2882 1398/2905 1490/3152
f 1389/2888 1397/2902 1385/2877
f 1383/2871 1390/2890 1396/2901
f 1395/2900 1392/2894 1401/2915
f 1394/2898 1386/2880 1399/2906
f 1393/2897 1489/3149 1492/3160
f 1399/2907 1386/2881 1393/2897
f 1386/2881 1383/2872 1387/2883
f 1393/2897 1387/2883 1487/3142
f 1392/2895 1394/2898 1412/2946
f 1392/2896 1381/2864 1390/2891
f 1394/2899 1390/2891 1383/2873
f 1395/2900 1389/2889 1381/2865
f 1381/2866 1385/2878 1396/2901
f 1385/2878 1382/2869 1391/2893
f 1391/2893 1380/2861 1388/2885
f 1397/2902 1384/2876 1382/2870
f 1387/2884 1383/2874 1388/2886
f 1398/2904 1388/2887 1380/2862
f 1398/2905 1373/2849 1488/3146
f 1408/2936 1419/2959 1494/3165
f 1410/2942 1418/2956 1406/2931
f 1403/2922 1411/2944 1417/2955
f 1416/2954 1413/2948 1402/2919
f 1415/2952 1407/2934 1421/2962
f 1428/2981 1414/2951 1493/3163
f 1407/2935 1414/2951 1428/2981
f 1407/2935 1403/2923 1408/2937
f 1408/2937 1491/3155 1493/3163
f 1413/2949 1415/2952 1439/3003
f 1413/2950 1400/2911 1411/2945
f 1415/2953 1411/2945 1403/2924
f 1416/2954 1410/2943 1400/2912
f 1400/2913 1406/2932 1417/2955
f 1406/2932 1401/2916 1412/2947
f 1412/2947 1399/2908 1409/2939
f 1418/2956 1405/2930 1401/2917
f 1408/2938 1403/2925 1409/2940
f 1409/2941 1399/2909 1404/2927
f 1494/3165 1419/2959 1404/2928
f 1426/2977 1435/2993 1446/3016
f 1437/2999 1445/3013 1430/2985
f 1424/2971 1438/3001 1444/3012
f 1431/2987 1443/3011 1440/3005
f 1442/3009 1432/2989 1425/2976
f 1441/3008 1434/2992 1427/2979
f 1432/2990 1441/3008 1420/2960
f 1432/2990 1424/2972 1435/2994
f 1441/3008 1435/2994 1426/2978
f 1440/3006 1442/3009 1433/2991
f 1440/3007 1422/2966 1438/3002
f 1442/3010 1438/3002 1424/2973
f 1443/3011 1437/3000 1422/2967
f 1422/2968 1430/2986 1444/3012
f 1444/3012 1430/2986 1402/2920
f 1439/3004 1421/2963 1436/2996
f 1445/3013 1429/2984 1402/2921
f 1435/2995 1424/2974 1436/2997
f 1446/3015 1436/2998 1421/2964
f 1446/3016 1428/2982 1495/3168
f 1459/3056 1448/3020 1535/3263
f 1447/3017 1537/3270 1536/3267
f 1450/3026 1535/3264 1537/3270
f 1455/3043 1463/3068 1457/3048
f 1458/3052 1462/3064 1456/3045
f 1474/3102 1461/3061 1453/3037
f 1460/3059 1454/3039 1464/3069
f 1453/3038 1460/3059 1468/3083
f 1453/3038 1451/3030 1455/3044
f 1460/3059 1455/3044 1452/3034
f 1461/3062 1458/3053 1451/3031
f 1462/3064 1459/3057 1450/3027
f 1451/3032 1456/3046 1463/3067
f 1456/3047 1450/3028 1447/3018
f 1463/3068 1447/3019 1449/3023
f 1471/3092 1478/3116 1524/3231
f 1466/3076 1473/3099 1477/3112
f 1483/3131 1476/3108 1469/3086
f 1481/3124 1475/3107 1470/3089
f 1480/3121 1469/3087 1475/3107
f 1469/3088 1466/3078 1471/3093
f 1475/3107 1471/3094 1467/3080
f 1476/3109 1473/3100 1466/3077
f 1474/3103 1465/3074 1472/3095
f 1466/3078 1472/3096 1478/3114
f 1478/3115 1472/3097 1465/3075
f 1478/3116 1468/3084 1464/3070
f 1484/3135 1483/3132 1480/3122
f 1482/3128 1480/3123 1481/3125
f 1485/3138 1481/3126 1479/3118
f 1488/3147 1486/3140 1448/3021
f 1487/3143 1490/3153 1462/3065
f 1489/3150 1461/3063 1474/3104
f 1489/3151 1487/3144 1458/3054
f 1488/3148 1459/3058 1462/3065
f 1491/3156 1494/3166 1477/3113
f 1495/3169 1493/3164 1476/3110
f 1491/3157 1473/3101 1476/3111
f 1492/3161 1474/3105 1477/3113
f 1496/3172 1495/3170 1483/3133
f 863/1762 1055/2158 1504/3185
f 1504/3185 1045/2139 864/1766
f 1502/3181 964/1990 862/1757
f 964/1990 1502/3181 1055/2159
f 860/1750 1056/2161 1503/3183
f 1052/2151 862/1758 966/1994
f 859/1745 1057/2165 898/1857
f 967/1997 898/1858 1056/2162
f 974/2014 897/1854 971/2007
f 897/1855 1057/2166 859/1746
f 1514/3203 1516/3210 1515/3206
f 1470/3090 1467/3081 1514/3204
f 1522/3226 1514/3205 1513/3201
f 1467/3081 1524/3232 1516/3209
f 1519/3217 1522/3226 1520/3220
f 1545/3289 1479/3119 1519/3218
f 1521/3223 1519/3219 1517/3212
f 1479/3119 1470/3091 1522/3227
f 1525/3234 1526/3238 1528/3243
f 1524/3233 1464/3071 1525/3235
f 1516/3210 1525/3236 1523/3229
f 1464/3071 1454/3040 1526/3239
f 1527/3240 1529/3245 1533/3258
f 1454/3041 1452/3035 1529/3247
f 1529/3246 1527/3241 1528/3243
f 1529/3247 1452/3035 1457/3049
f 1530/3248 1532/3253 1534/3260
f 1457/3050 1449/3024 1532/3254
f 1532/3255 1530/3249 1531/3251
f 1449/3024 1536/3268 1534/3261
f 2425/5121 1540/3278 1577/3381
f 2461/5191 1543/3284 1567/3356
f 3122/6534 3114/6521 3124/6536
f 1549/3302 1544/3287 1521/3223
f 1547/3296 1545/3290 1521/3224
f 1548/3298 1485/3138 1545/3291
f 1548/3299 1546/3292 1482/3129
f 1550/3307 1551/3309 1555/3323
f 1549/3303 1518/3215 1551/3310
f 1554/3321 1557/3328 1556/3326
f 1552/3313 1555/3324 1557/3329
f 2468/5202 3127/6541 1538/3273
f 3118/6528 1561/3341 1563/3344
f 1563/3345 1561/3342 1565/3350
f 3121/6533 3122/6534 3123/6535
f 2463/5194 3124/6537 1578/3382
f 1565/3351 1566/3353 1568/3359
f 1566/3354 1570/3364 1572/3372
f 2467/5201 3126/6540 3125/6538
f 1541/3280 2464/5197 3125/6539
f 1570/3365 1569/3361 1576/3379
f 1569/3362 1571/3368 1573/3374
f 2466/5200 1578/3383 3127/6541
f 2459/5189 1564/3347 1569/3363
f 2458/5187 2462/5192 1540/3277
f 1559/3335 1594/3402 1579/3384
f 1513/3202 1515/3207 1603/3413
f 1527/3242 1602/3412 1597/3405
f 2459/5188 2460/5190 1562/3343
f 1573/3375 1591/3399 1601/3411
f 1515/3207 1523/3230 1598/3406
f 1531/3252 1580/3385 1602/3412
f 1576/3380 1601/3411 1590/3398
f 1556/3327 1557/3330 1600/3410
f 1557/3330 1555/3325 1596/3404
f 1558/3332 1553/3317 1582/3387
f 1523/3230 1528/3244 1597/3405
f 1560/3339 1586/3391 1593/3401
f 1555/3325 1551/3311 1595/3403
f 1551/3311 1518/3216 1587/3392
f 1563/3346 1593/3401 1575/3377
f 1520/3221 1513/3202 1592/3400
f 1571/3369 1589/3397 1591/3399
f 1572/3373 1590/3398 1585/3390
f 2465/5199 1538/3274 3126/6540
f 1518/3216 1517/3213 1584/3389
f 1568/3360 1585/3390 1586/3391
f 1517/3213 1520/3221 1583/3388
f 1553/3317 1556/3327 1581/3386
f 1530/3250 1579/3384 1580/3385
f 1594/3402 1622/3433 1605/3416
f 1592/3400 1603/3413 1629/3440
f 1602/3412 1628/3439 1613/3424
f 1591/3399 1621/3432 1614/3425
f 1603/3413 1598/3406 1625/3436
f 1580/3385 1615/3426 1628/3439
f 1601/3411 1614/3425 1610/3421
f 1581/3386 1600/3410 1627/3438
f 1600/3410 1596/3404 1624/3435
f 1582/3387 1616/3427 1626/3437
f 1598/3406 1597/3405 1613/3424
f 1586/3391 1618/3429 1612/3423
f 1596/3404 1595/3403 1623/3434
f 1595/3403 1587/3392 1619/3430
f 1593/3401 1612/3423 1574/3376
f 1583/3388 1592/3400 1611/3422
f 1589/3397 1620/3431 1621/3432
f 1590/3398 1610/3421 1608/3419
f 1588/3393 1609/3420 1620/3431
f 1587/3392 1584/3389 1617/3428
f 1585/3390 1608/3419 1618/3429
f 1584/3389 1583/3388 1607/3418
f 1582/3387 1581/3386 1606/3417
f 1579/3384 1605/3416 1615/3426
f 2189/4648 1652/3500 1653/3503
f 2194/4655 1649/3490 1652/3501
f 2193/4654 1653/3503 1651/3496
s 0
f 1695/3606 1832/3992 2121/4541
f 1696/3607 1852/4061 2071/4465
f 1696/3607 1782/3836 2053/4437
f 1673/3558 1688/3598 1868/4097
f 1675/3564 2115/4532 1832/3992
f 1691/3602 1816/3935 2146/4580
f 1689/3600 1815/3933 2155/4595
f 1671/3552 1696/3607 1676/3566
f 1689/3600 1669/3547 2165/4610
f 1667/3542 2135/4563 1666/3539
f 1693/3604 1664/3535 2021/4387
f 1663/3532 2033/4405 1791/3859
s 1
f 1661/3527 2010/4371 2235/4742
f 2197/4661 2232/4738 2004/4361
f 1686/3593 1680/3577 1692/3603
f 1692/3603 2876/6049 1937/4252
f 1692/3603 1937/4252 1685/3591
f 1684/3588 1686/3593 1692/3603
s 0
f 1696/3607 1671/3552 2065/4456
f 1666/3539 2133/4559 1816/3935
f 1688/3598 1673/3558 2085/4487
f 1790/3856 2027/4396 1663/3532
f 2164/4608 1669/3547 1689/3600
f 2046/4425 1782/3836 1696/3607
f 1667/3542 1695/3606 1836/4002
s 1
f 1659/3522 2004/4361 2232/4738
s 0
f 1674/3561 2104/4516 1675/3564
s 1
f 1681/3580 1925/4223 1694/3605
f 1694/3605 1692/3603 1680/3577
s 0
f 1887/4147 2103/4514 1674/3561
f 1672/3555 2096/4503 1887/4147
f 2152/4590 1815/3933 1689/3600
f 1693/3604 1791/3859 2040/4416
f 1696/3607 1670/3549 2077/4474
s 1
f 1632/3450 2171/4620 1700/3618
f 2172/4622 1711/3650 1760/3786
f 1704/3628 1707/3636 1746/3765
f 1707/3637 1706/3635 1748/3768
f 2174/4624 2173/4623 1713/3657
f 2180/4633 2178/4630 1710/3646
f 2177/4629 1709/3642 1762/3789
f 1633/3452 2179/4632 1712/3653
f 2187/4644 1650/3494 1750/3771
f 3093/6486 2184/4640 1715/3666
f 2186/4642 2183/4638 1714/3660
f 2192/4653 1651/3497 1764/3793
f 2190/4650 1716/3669 1717/3670
f 2187/4643 2188/4645 1983/4329
f 1788/3851 1658/3520 1707/3638
f 2178/4630 2182/4635 1787/3847
f 2173/4623 2176/4626 1718/3671
f 1707/3638 1658/3520 1660/3524
f 2003/4360 1998/4352 1720/3677
f 1999/4354 1719/3673 1765/3794
f 2007/4367 1726/3698 1766/3796
f 2005/4364 1721/3681 1130/2247
f 2006/4365 1725/3694 1751/3773
f 2000/4355 1997/4350 1724/3693
f 2006/4365 2004/4362 1659/3523
f 1997/4350 2002/4357 1789/3853
f 2011/4373 1722/3685 1655/3512
f 2015/4378 2012/4375 1727/3701
f 1774/3812 1733/3721 1767/3798
f 1141/2287 1775/3814 1728/3705
f 1734/3725 1773/3810 1732/3718
f 2014/4377 2013/4376 1723/3690
f 1773/3810 1664/3534 1662/3530
f 2013/4376 2010/4370 1661/3528
f 2023/4392 1729/3709 1138/2276
f 2026/4395 2022/4390 1731/3716
f 2029/4401 1740/3744 1769/3802
f 2034/4408 2028/4399 1735/3728
f 2030/4402 1739/3740 1756/3780
f 2025/4394 2024/4393 1730/3714
f 2033/4406 1663/3533 1739/3741
f 2024/4393 2027/4397 1790/3857
f 1988/4336 1985/4333 1705/3631
f 984/2035 1984/4331 1703/3625
f 1986/4334 1704/3629 1745/3762
f 1986/4334 1989/4337 1788/3852
f 1990/4340 1743/3757 1772/3808
f 1996/4349 1991/4342 1741/3749
f 1992/4343 1742/3751 1757/3782
f 1995/4346 1744/3759 1742/3752
f 1990/4339 1993/4344 1757/3782
f 1985/4332 1987/4335 1745/3762
f 2022/4389 2025/4394 1753/3776
f 2029/4400 2031/4403 1756/3780
f 2012/4374 2014/4377 1758/3784
f 1734/3725 1754/3777 1733/3722
f 2000/4355 1752/3775 1719/3674
f 2008/4368 1751/3773 1726/3699
f 2185/4641 1750/3771 1714/3661
f 2180/4633 1747/3766 1709/3643
f 2174/4624 1749/3769 1711/3651
f 1746/3764 1748/3768 1701/3620
f 1705/3632 1745/3763 1746/3765
f 1991/4341 1994/4345 1772/3808
f 1984/4330 1988/4336 1761/3788
f 2028/4398 2032/4404 1769/3802
f 2026/4395 1768/3800 1729/3710
f 1775/3813 1699/3615 1767/3798
f 2011/4372 2015/4378 1771/3806
f 2005/4363 2009/4369 1766/3796
f 2001/4356 1765/3794 1720/3678
f 2190/4649 2191/4651 1764/3793
f 2184/4639 2186/4642 1763/3791
f 2181/4634 1762/3789 1712/3654
f 2171/4619 2175/4625 1760/3786
f 2018/4383 1699/3615 1775/3813
f 2019/4384 1734/3725 1774/3811
f 2021/4388 1664/3534 1773/3810
f 2017/4381 1773/3810 1734/3725
f 2020/4385 1775/3814 1141/2287
f 2016/4379 1774/3812 1699/3615
f 1634/3454 2035/4410 1736/3731
f 2036/4412 1738/3737 1770/3804
f 2044/4423 2041/4419 1781/3833
f 2043/4422 1777/3820 1136/2268
f 2042/4420 1780/3829 1786/3845
f 2038/4414 1737/3736 1755/3779
f 2046/4426 1792/3863 1780/3830
f 2038/4414 2040/4417 1791/3860
f 2044/4423 1783/3839 1777/3821
f 2035/4409 2039/4415 1770/3804
f 2037/4413 1755/3779 1738/3738
f 2045/4424 1786/3845 1781/3834
f 1796/3876 1835/4000 1668/3546
f 1888/4149 1799/3883 1795/3873
f 1898/4168 1800/3886 1794/3869
f 1800/3885 1668/3546 1665/3537
f 1897/4166 1796/3877 1800/3886
f 1150/2309 2166/4613 1802/3890
f 2169/4617 2167/4615 1805/3899
f 2170/4618 2168/4616 1807/3907
f 2160/4603 1804/3897 1899/4169
f 2159/4602 1803/3892 1890/4152
f 1008/2077 2161/4605 1806/3903
f 2160/4603 2164/4609 1808/3910
f 2168/4616 2165/4611 1669/3548
f 2153/4593 1809/3912 876/1801
f 2156/4598 1812/3923 1891/4154
f 2154/4594 1814/3930 1902/4173
f 2144/4577 2145/4579 1811/3921
f 2143/4576 2141/4573 1810/3917
f 1148/2305 2142/4575 1813/3928
f 2146/4581 1816/3936 1811/3919
f 2154/4594 2155/4596 1815/3934
f 2137/4567 1818/3942 1140/2285
f 2138/4569 1817/3938 1893/4158
f 2130/4556 1822/3957 1894/4160
f 2129/4554 1819/3946 1646/3480
f 2128/4552 1821/3952 1903/4175
f 2140/4571 2136/4565 1820/3951
f 2133/4560 1666/3540 1821/3953
f 2135/4564 1667/3543 1820/3950
f 2117/4536 1827/3976 1825/3970
f 2120/4540 2118/4538 1826/3971
f 2122/4544 1831/3989 1895/4162
f 2123/4546 1828/3978 1647/3484
f 2126/4549 2124/4547 1830/3985
f 2119/4539 2116/4534 1829/3984
f 2127/4551 1836/4003 1830/3986
f 2116/4534 2121/4542 1832/3993
f 2078/4477 2073/4469 1839/4012
f 1019/2097 2066/4459 1837/4006
f 2070/4464 2067/4461 1849/4051
f 2076/4473 2074/4471 1838/4010
f 2080/4481 1846/4040 1864/4089
f 2079/4479 1840/4017 1631/3448
f 2082/4483 2081/4482 1845/4035
f 2075/4472 2072/4467 1844/4034
f 2069/4463 2068/4462 1851/4058
f 2063/4454 2061/4451 1848/4047
f 2064/4455 2060/4450 1847/4043
f 1638/3462 2062/4453 1850/4055
f 2059/4448 1906/4181 1834/3997
f 1642/3470 2055/4442 1823/3960
f 2057/4444 2058/4446 1824/3965
f 2059/4447 2054/4440 1676/3567
f 2084/4486 1868/4098 1845/4036
f 2061/4451 2065/4457 1671/3553
f 2068/4462 2071/4466 1852/4062
f 2077/4475 1670/3550 1844/4032
f 2087/4492 1843/4029 1865/4091
f 1639/3464 2086/4490 1841/4021
f 2088/4493 1842/4025 1856/4074
f 2088/4493 2085/4488 1673/3559
f 2087/4491 2089/4494 1856/4074
f 2058/4445 2056/4443 1834/3997
f 2060/4449 2063/4454 1858/4078
f 2067/4460 2069/4463 1860/4081
f 2074/4470 2075/4472 1859/4080
f 2080/4480 2082/4483 1857/4076
f 2090/4495 1865/4091 1841/4022
f 2055/4441 2057/4444 1833/3995
f 2062/4452 2064/4455 1866/4093
f 2083/4484 1864/4089 1840/4018
f 2076/4473 1862/4085 1839/4013
f 2066/4458 2070/4464 1863/4087
f 2106/4520 1871/4106 1657/3518
f 1020/2099 2098/4508 1869/4100
f 2099/4510 1877/4127 1884/4141
f 2107/4522 1870/4104 1883/4139
f 2112/4528 2113/4530 1876/4123
f 2110/4526 1872/4111 885/1830
f 2114/4531 1875/4119 1880/4134
f 2105/4518 1874/4118 1881/4136
f 2100/4511 1878/4130 1882/4137
f 2094/4501 1854/4067 1861/4083
f 2091/4497 1855/4071 1867/4095
f 2092/4499 1853/4064 1135/2264
f 2115/4533 1675/3565 1875/4120
f 2096/4504 1672/3556 1854/4069
f 2100/4511 2103/4515 1887/4148
f 2104/4517 1674/3562 1874/4116
f 2091/4496 2093/4500 1861/4083
f 2101/4512 1882/4137 1877/4128
f 2107/4521 2108/4523 1881/4136
f 2113/4529 2111/4527 1880/4134
f 2092/4498 2095/4502 1867/4095
f 2112/4528 1885/4143 1872/4112
f 2109/4524 1883/4139 1871/4107
f 2102/4513 1884/4141 1869/4101
f 2125/4548 1895/4162 1828/3979
f 2117/4535 2120/4540 1886/4145
f 2131/4557 1894/4160 1819/3947
f 2139/4570 1893/4158 1818/3943
f 2142/4574 2143/4576 1892/4156
f 2157/4599 1891/4154 1809/3913
f 2161/4604 2162/4606 1890/4152
f 2166/4612 2169/4617 1889/4150
f 1888/4149 1873/4114 1793/3865
f 2118/4537 2119/4539 1879/4133
f 2126/4549 1905/4178 1831/3990
f 2140/4571 1904/4177 1817/3939
f 2130/4555 2132/4558 1903/4175
f 2141/4572 2144/4577 1901/4172
f 2156/4597 2158/4600 1902/4173
f 2163/4607 1899/4169 1803/3893
f 2170/4618 1900/4170 1805/3900
f 1897/4166 1898/4168 1799/3884
f 1799/3884 1898/4168 1896/4164
f 2049/4431 2052/4436 1778/3823
f 2051/4434 1776/3817 1139/2281
f 2050/4432 2048/4430 1779/3826
f 2052/4435 2053/4438 1782/3837
f 2049/4431 1785/3843 1779/3827
f 2051/4433 2050/4432 1784/3841
f 2148/4584 2151/4589 1911/4189
f 2149/4586 2150/4588 1910/4188
f 2147/4582 2152/4591 1677/3570
f 1644/3474 2149/4587 1909/4187
f 2150/4588 2148/4585 1907/4184
f 2147/4583 1908/4185 1911/4189
f 1967/4308 1915/4198 1955/4288
f 1965/4305 1966/4307 1913/4194
f 1966/4306 1964/4303 1678/3571
f 1967/4308 1968/4309 1916/4200
f 1913/4193 1919/4207 1956/4291
f 1919/4208 1918/4206 1957/4292
f 1913/4194 1678/3572 1679/3574
f 1919/4209 1679/3575 1925/4221
f 1918/4206 1923/4216 1958/4294
f 1958/4293 1923/4217 1922/4214
f 1925/4222 1681/3581 1923/4218
f 1923/4218 1681/3582 1680/3578
f 1938/4256 1927/4225 1930/4234
f 1975/4318 1929/4233 1940/4259
f 1972/4314 1933/4241 1941/4260
f 1979/4323 1796/3878 1897/4167
f 1927/4226 1683/3586 1943/4265
f 1979/4323 1982/4327 1835/4001
f 1972/4314 1973/4316 1682/3584
f 1975/4318 1978/4322 1934/4245
f 1935/4249 1927/4227 1938/4255
f 1937/4253 1683/3587 1927/4228
f 1936/4251 1942/4262 1938/4255
f 1981/4325 1897/4167 1797/3880
f 1971/4313 1974/4317 1941/4260
f 1977/4320 1940/4259 1926/4224
f 1938/4256 1939/4257 1931/4238
f 1922/4214 1946/4270 1951/4282
f 1946/4271 1945/4268 1952/4283
f 1945/4268 1949/4278 1953/4285
f 1949/4279 1935/4248 1942/4263
f 1922/4215 1680/3579 1686/3594
f 1685/3592 1937/4254 1935/4249
f 1945/4269 1684/3589 1685/3592
f 1946/4272 1686/3594 1684/3590
f 1948/4276 1953/4284 1942/4263
f 1944/4266 1952/4283 1953/4285
f 1947/4274 1951/4281 1952/4283
f 1921/4212 1950/4280 1951/4282
f 1958/4293 1950/4280 1921/4212
f 1957/4292 1958/4294 1924/4220
f 1956/4290 1957/4292 1917/4203
f 1954/4286 1956/4291 1920/4211
f 1963/4302 1965/4305 1954/4287
f 1969/4311 1970/4312 1955/4288
f 2247/4757 1962/4301 1961/4299
f 2246/4756 2248/4758 1687/3595
f 1962/4301 2246/4756 1960/4297
f 1961/4300 1965/4305 1963/4302
f 1960/4297 1687/3596 1964/4303
f 1961/4300 1960/4298 1966/4307
f 1651/3498 1653/3504 1970/4312
f 1649/3491 1968/4309 1967/4308
f 1652/3502 1967/4308 1970/4312
f 1940/4259 1974/4317 1971/4313
f 1929/4232 1934/4246 1973/4316
f 1929/4233 1972/4314 1974/4317
f 1939/4258 1977/4320 1976/4319
f 1930/4235 1943/4265 1978/4322
f 1930/4236 1975/4318 1977/4320
f 1932/4240 1941/4261 1981/4325
f 1933/4242 1682/3584 1982/4327
f 1941/4261 1933/4243 1979/4323
f 1772/3809 1988/4336 1984/4330
f 1757/3783 1987/4335 1985/4332
f 1742/3753 1744/3760 1989/4337
f 1742/3754 1986/4334 1987/4335
f 866/1773 1741/3750 1984/4331
f 1743/3758 1985/4333 1988/4336
f 1765/3795 1994/4345 1991/4341
f 1752/3775 1993/4344 1990/4339
f 1789/3854 1995/4346 1992/4343
f 1724/3693 1992/4343 1993/4344
f 847/1703 1720/3679 1991/4342
f 1719/3675 1990/4340 1994/4345
f 1721/3682 1766/3797 2001/4356
f 1751/3774 2000/4355 1999/4353
f 1725/3695 1659/3523 2002/4357
f 1725/3696 1997/4350 2000/4355
f 1726/3700 1999/4354 2001/4356
f 1130/2248 1721/3683 1998/4352
f 1722/3686 1771/3807 2009/4369
f 1727/3702 1758/3784 2008/4368
f 1723/3689 1661/3529 2004/4362
f 1758/3784 1723/3690 2006/4365
f 1722/3687 2005/4364 1145/2299
f 1771/3807 1727/3703 2007/4367
f 1728/3706 1767/3799 2015/4378
f 1733/3723 1754/3778 2014/4377
f 1732/3719 1662/3530 2010/4370
f 1754/3778 1732/3720 2013/4376
f 1767/3799 1733/3724 2012/4375
f 1728/3707 2011/4373 991/2049
f 1731/3717 2016/4379 2018/4383
f 1138/2277 1729/3711 2020/4385
f 1753/3776 1730/3714 2017/4381
f 1790/3858 2021/4388 2017/4382
f 1753/3776 2019/4384 2016/4380
f 1768/3801 2018/4383 2020/4386
f 1769/3803 2026/4395 2023/4391
f 1740/3745 1756/3781 2025/4394
f 1739/3741 1663/3533 2027/4397
f 1756/3781 1739/3742 2024/4393
f 1740/3746 2022/4390 2026/4395
f 1735/3729 2023/4392 1635/3456
f 1736/3732 1770/3805 2032/4404
f 1738/3738 1755/3779 2031/4403
f 1791/3861 2033/4406 2030/4402
f 1755/3779 1737/3736 2030/4402
f 1736/3733 2028/4399 2034/4408
f 1770/3805 1738/3739 2029/4401
f 1786/3846 2037/4413 2036/4411
f 1783/3840 2039/4415 2035/4409
f 1780/3830 1792/3864 2040/4417
f 1780/3831 2038/4414 2037/4413
f 1781/3835 2036/4412 2039/4415
f 1136/2269 1777/3822 2035/4410
f 1785/3844 2045/4424 2041/4418
f 1784/3842 2044/4423 2043/4421
f 1782/3838 2046/4426 2042/4420
f 1778/3824 2042/4420 2045/4424
f 1776/3818 2043/4422 2047/4428
f 1779/3828 2041/4419 2044/4423
f 1823/3961 1833/3996 2050/4432
f 1834/3998 2049/4431 2048/4429
f 1906/4181 1676/3568 2053/4438
f 1833/3996 1824/3966 2048/4430
f 1143/2295 1823/3962 2051/4434
f 1906/4182 2052/4436 2049/4431
f 1850/4056 1866/4094 2057/4444
f 1847/4044 1858/4079 2056/4443
f 1848/4048 1671/3554 2054/4440
f 1866/4094 1847/4045 2058/4446
f 883/1822 1850/4057 2055/4442
f 1858/4079 1848/4049 2059/4448
f 1837/4007 1863/4088 2064/4455
f 1849/4052 1860/4082 2063/4454
f 1851/4059 1852/4062 2065/4457
f 1630/3444 1837/4008 2062/4453
f 1863/4088 1849/4053 2060/4450
f 1860/4082 1851/4060 2061/4451
f 1839/4014 1862/4086 2070/4464
f 1859/4080 2069/4463 2067/4460
f 1844/4033 1670/3551 2071/4466
f 1859/4080 1844/4034 2068/4462
f 1862/4086 1838/4011 2067/4461
f 1648/3489 1839/4015 2066/4459
f 1864/4090 2076/4473 2073/4468
f 1857/4077 2075/4472 2074/4470
f 1868/4098 2077/4475 2072/4467
f 1857/4077 1845/4037 2072/4467
f 1846/4041 2074/4471 2076/4473
f 1840/4019 2073/4469 2078/4477
f 1865/4092 2083/4484 2079/4478
f 1843/4030 1856/4075 2082/4483
f 1842/4026 1673/3560 2084/4486
f 1842/4027 2081/4482 2082/4483
f 1841/4023 2079/4479 1147/2303
f 1843/4031 2080/4481 2083/4484
f 1853/4065 1867/4096 2090/4495
f 1855/4072 1861/4084 2089/4494
f 1854/4068 1672/3557 2085/4488
f 1861/4084 1854/4069 2088/4493
f 1135/2265 1853/4066 2086/4490
f 1855/4073 2087/4492 2090/4495
f 1884/4142 2095/4502 2092/4498
f 1882/4138 2093/4500 2091/4496
f 1878/4131 1887/4148 2096/4504
f 884/1826 1869/4102 2092/4499
f 1877/4129 2091/4497 2095/4502
f 1878/4132 2094/4501 2093/4500
f 1871/4108 1883/4140 2102/4513
f 1881/4136 2101/4512 2099/4509
f 1874/4117 1674/3563 2103/4515
f 1874/4118 2100/4511 2101/4512
f 1883/4140 1870/4105 2099/4510
f 1657/3519 1871/4109 2098/4508
f 1885/4144 2109/4524 2106/4519
f 1876/4124 1880/4135 2108/4523
f 1675/3565 2104/4517 2105/4518
f 1875/4121 2105/4518 2108/4523
f 1885/4144 1876/4125 2107/4522
f 1872/4113 2106/4520 1640/3466
f 1886/4146 2112/4528 2110/4525
f 1826/3972 1879/4133 2111/4527
f 1832/3994 2115/4533 2114/4531
f 1829/3984 2114/4531 2111/4527
f 1827/3977 2110/4526 1641/3468
f 1826/3973 2113/4530 2112/4528
f 1905/4179 2119/4539 2118/4537
f 1828/3980 1895/4163 2120/4540
f 1830/3986 1836/4004 2121/4542
f 1905/4179 1830/3987 2116/4534
f 1831/3991 2118/4538 2120/4540
f 1647/3485 1828/3981 2117/4536
f 1904/4177 2126/4549 2122/4543
f 1893/4159 2125/4548 2123/4545
f 1667/3544 2127/4551 2124/4547
f 1904/4177 1820/3951 2124/4547
f 1818/3944 2123/4546 1018/2095
f 1817/3940 2122/4544 2125/4548
f 1901/4172 2132/4558 2130/4555
f 1892/4157 2131/4557 2129/4553
f 1811/3920 1816/3937 2133/4560
f 1901/4172 1811/3921 2128/4552
f 1813/3929 2129/4554 2134/4562
f 1810/3918 2130/4556 2131/4557
f 1903/4176 2140/4571 2138/4568
f 1894/4161 2139/4570 2137/4566
f 1821/3953 1666/3541 2135/4564
f 1903/4176 1821/3954 2136/4565
f 1822/3958 2138/4569 2139/4570
f 1646/3481 1819/3948 2137/4567
f 1907/4183 1911/4189 2144/4577
f 1910/4188 2143/4576 2142/4574
f 1677/3570 2146/4581 2145/4578
f 1909/4187 2142/4575 1148/2305
f 1910/4188 1907/4184 2141/4573
f 1908/4185 2145/4579 2144/4577
f 1814/3931 2147/4583 2151/4589
f 1891/4155 1812/3924 2148/4585
f 876/1802 1809/3914 2149/4587
f 1814/3932 1815/3934 2152/4591
f 1809/3915 1891/4155 2150/4588
f 1812/3925 1902/4174 2151/4589
f 1803/3893 1899/4169 2158/4600
f 1806/3904 1890/4153 2157/4599
f 1808/3911 2155/4596 2154/4594
f 1804/3897 2154/4594 2158/4600
f 1803/3894 2156/4598 2157/4599
f 875/1798 1806/3905 2153/4593
f 1900/4171 2163/4607 2159/4601
f 1889/4151 2162/4606 2161/4604
f 1669/3548 2164/4609 2160/4603
f 1802/3891 2161/4605 1008/2077
f 1889/4151 1805/3901 2159/4602
f 1807/3908 2160/4603 2163/4607
f 1896/4165 2170/4618 2167/4614
f 1793/3866 1873/4115 2169/4617
f 1665/3538 2165/4611 2168/4616
f 1794/3870 2168/4616 2170/4618
f 1795/3874 2167/4615 2169/4617
f 1656/3514 1793/3867 2166/4613
f 1702/3622 1759/3785 2175/4625
f 1748/3768 2174/4624 2172/4621
f 1660/3525 2176/4626 2173/4623
f 1748/3768 1706/3635 2173/4623
f 1759/3785 1701/3621 2172/4622
f 1698/3614 1702/3623 2171/4620
f 1760/3787 2181/4634 2179/4631
f 1749/3770 2180/4633 2177/4628
f 1713/3658 1718/3671 2182/4635
f 1700/3619 2179/4632 1633/3452
f 1711/3652 2177/4629 2181/4634
f 1749/3770 1713/3659 2178/4630
f 1712/3655 1762/3790 2186/4642
f 1747/3767 2185/4641 2183/4637
f 1710/3647 1787/3848 2188/4645
f 1762/3790 1709/3644 2183/4638
f 1712/3656 2184/4640 3093/6486
f 1747/3767 1710/3648 2187/4644
f 1763/3792 2191/4651 2190/4649
f 1151/2312 1715/3667 2190/4650
f 1714/3662 2192/4653 2191/4651
f 1714/3663 1750/3772 2193/4654
f 1983/4329 2194/4655 2189/4647
f 1650/3495 2189/4648 2193/4654
f 2213/4708 2202/4675 2200/4668
f 2215/4711 2201/4674 2202/4676
f 2216/4713 2204/4682 2238/4746
f 2214/4710 2203/4679 2241/4750
f 2200/4669 2202/4677 2252/4768
f 2203/4680 2255/4775 2254/4773
f 2238/4746 2204/4683 2205/4685
f 2202/4677 2201/4672 2253/4771
f 2217/4715 2208/4693 2233/4740
f 2218/4716 2207/4692 2229/4734
f 2233/4740 2208/4694 2196/4658
f 2229/4734 2207/4691 2223/4725
f 2219/4717 2209/4697 2222/4722
f 2237/4745 2221/4721 2206/4689
f 2222/4722 2209/4698 2198/4663
f 2236/4744 2206/4687 2197/4662
f 2212/4706 2200/4670 2224/4728
f 2200/4671 2251/4766 2250/4763
f 2227/4731 2220/4719 2211/4703
f 2211/4704 2249/4760 2228/4732
f 2224/4728 2250/4763 2249/4761
f 2220/4720 2225/4729 2224/4728
f 2226/4730 2228/4732 2223/4726
f 2227/4731 2226/4730 2207/4692
f 2208/4694 2229/4734 2231/4736
f 2230/4735 2229/4734 2208/4695
f 2206/4688 2233/4740 2232/4739
f 2234/4741 2233/4740 2206/4689
f 2209/4698 2236/4744 2235/4743
f 2219/4718 2237/4745 2236/4744
f 2201/4673 2238/4746 2240/4748
f 2239/4747 2238/4746 2201/4674
f 2204/4683 2241/4750 2254/4773
f 2242/4751 2241/4750 2204/4684
f 2302/4876 2244/4753 2255/4776
f 2243/4752 2302/4875 2203/4681
f 2308/4882 2248/4759 1916/4201
f 2307/4881 2308/4882 1968/4310
f 2245/4755 2307/4881 1649/3492
f 2256/4778 2245/4755 2194/4656
f 2188/4646 2244/4754 2256/4778
f 2255/4777 2244/4754 2188/4646
f 2254/4774 2255/4777 1787/3849
f 2205/4686 2254/4774 2182/4636
f 2240/4749 2205/4686 1718/3672
f 2253/4772 2240/4749 2176/4627
f 2252/4769 2253/4772 1660/3526
f 2251/4767 2252/4769 1658/3521
f 1989/4338 2250/4764 2251/4767
f 1744/3761 2249/4762 2250/4764
f 1914/4196 1955/4289 1962/4301
f 1915/4198 1916/4202 2248/4758
f 1955/4289 1915/4199 2246/4756
f 1995/4347 2228/4733 2249/4762
f 1789/3855 2223/4727 2228/4733
f 2231/4737 2223/4727 1789/3855
f 2196/4659 2231/4737 2002/4358
f 2010/4371 1662/3531 2198/4664
f 1664/3535 2199/4667 2198/4664
f 2516/5308 2264/4793 2265/4796
f 3096/6492 2261/4783 2264/4794
f 3098/6495 3095/6490 2265/4796
f 3098/6496 2263/4790 2272/4815
f 3097/6493 2492/5266 2272/4815
f 2288/4847 2274/4819 2276/4824
f 2288/4847 2289/4849 2275/4821
f 2290/4850 2291/4851 2276/4824
f 2281/4833 2283/4836 2279/4830
f 2280/4832 2282/4834 2266/4798
f 2283/4836 2280/4832 2278/4828
f 2274/4820 2280/4832 2283/4836
f 2275/4822 2282/4834 2280/4832
f 2273/4817 2276/4825 2283/4836
f 2277/4827 2279/4831 2286/4841
f 2278/4828 2266/4799 2285/4838
f 2279/4831 2278/4829 2287/4844
f 2263/4791 2265/4797 2291/4851
f 2261/4784 2289/4849 2288/4847
f 2264/4795 2288/4847 2291/4851
f 2268/4806 2271/4813 2295/4860
f 2267/4802 2296/4861 2295/4860
f 2267/4803 2270/4811 2297/4863
f 2292/4852 2298/4865 2293/4855
f 2262/4787 2293/4856 2297/4863
f 2300/4871 2299/4866 2302/4875
f 2302/4876 2299/4867 2301/4872
f 2244/4754 2301/4874 2303/4877
f 2303/4877 2304/4878 2245/4755
f 2245/4755 2304/4878 2305/4879
f 2305/4879 2306/4880 2308/4882
f 2312/4890 2313/4891 2309/4884
f 2314/4893 2312/4890 2310/4886
f 2286/4842 2287/4845 2312/4890
f 2287/4846 2285/4839 2313/4891
f 2310/4886 2309/4885 2315/4894
f 2311/4889 2310/4887 2317/4900
f 2321/4910 2322/4911 2318/4903
f 2323/4913 2321/4910 2319/4906
f 2316/4898 2317/4901 2321/4910
f 2317/4902 2315/4895 2322/4911
f 2319/4906 2318/4904 2324/4914
f 2320/4909 2319/4907 2326/4921
f 2324/4915 2301/4873 2299/4868
f 2325/4918 2326/4922 2299/4869
f 2666/5629 2738/5792 2334/4930
f 2334/4930 2636/5542 2746/5804
f 2746/5804 2638/5548 2745/5802
f 2745/5802 2666/5629 2334/4930
f 2335/4931 2257/4779 2329/4925
f 2636/5542 2334/4930 2337/4933
f 2337/4933 2635/5539 2763/5830
f 2763/5830 2694/5719 2757/5821
f 2757/5821 2636/5542 2337/4933
f 2339/4935 2327/4923 2258/4780
f 2259/4781 2471/5206 2637/5544
f 2776/5849 2705/5740 2769/5839
f 2259/4781 2637/5544 2776/5849
f 2635/5539 2337/4933 2259/4781
f 2776/5849 2769/5839 2635/5539
f 2517/5309 2340/4936 2259/4781
f 3096/6491 2298/4864 2340/4936
f 2313/4892 2332/4928 2330/4926
f 2266/4800 2282/4835 2339/4935
f 2315/4896 2330/4926 2335/4931
f 2282/4835 2275/4823 2327/4923
f 2318/4905 2336/4932 2306/4880
f 2322/4912 2335/4931 2336/4932
f 2285/4840 2331/4927 2332/4928
f 2301/4874 2324/4916 2306/4880
f 2306/4880 2305/4879 2304/4878
s 0
f 2876/6049 2338/4934 1690/3601
s 1
f 2360/4980 2343/4942 2344/4946
f 2360/4979 2362/4982 2342/4938
f 2357/4975 2346/4952 2348/4957
f 2358/4976 2347/4953 2346/4950
f 2351/4962 2352/4963 2345/4947
f 2351/4962 2349/4958 2350/4961
f 2346/4951 2351/4962 2353/4965
f 2346/4952 2347/4954 2352/4963
f 2349/4958 2345/4948 2354/4966
f 2349/4959 2356/4972 2355/4970
f 2343/4943 2342/4939 2358/4976
f 2343/4944 2357/4975 2359/4978
f 2222/4723 2199/4666 2362/4982
f 2210/4700 2222/4724 2360/4980
f 2364/4988 2363/4985 2367/4999
f 2363/4986 2365/4991 2368/5001
f 2365/4992 2369/5004 3112/6519
f 1678/3573 1964/4304 1694/3605
f 1694/3605 1925/4223 1679/3576
f 1694/3605 1964/4304 1687/3597
f 1687/3597 2248/4759 2308/4882
f 2375/5014 2376/5015 2372/5007
f 2375/5014 2373/5010 2374/5013
f 2356/4973 2375/5014 2377/5017
f 2356/4974 2354/4967 2376/5015
f 2373/5010 2372/5008 2378/5018
f 2373/5011 2380/5024 2379/5022
f 2384/5034 2385/5035 2381/5027
f 2384/5034 2382/5030 2383/5033
f 2380/5025 2384/5034 2386/5037
f 2380/5026 2378/5019 2385/5035
f 2382/5030 2381/5028 2387/5038
f 2382/5031 2389/5045 2388/5042
f 2389/5046 2387/5039 2365/4993
f 2389/5047 2363/4987 2364/4989
f 2399/5057 2390/5048 2391/5049
f 2403/5061 1693/3604 2390/5048
f 2362/4983 2404/5062 2400/5058
f 2376/5016 2395/5053 2392/5050
f 2199/4667 1664/3535 2404/5062
f 2345/4949 2403/5061 2394/5052
f 2345/4949 2352/4964 2402/5060
f 2378/5020 2393/5051 2398/5056
f 2352/4964 2347/4955 2397/5055
f 2381/5029 2399/5057 2401/5059
f 2342/4940 2400/5058 2396/5054
f 2385/5036 2398/5056 2399/5057
f 2347/4955 2358/4977 2396/5054
f 2354/4968 2394/5052 2395/5053
f 2372/5009 2392/5050 2393/5051
f 2387/5040 2401/5059 2369/5004
f 2401/5059 2391/5049 2370/5005
f 2469/5203 2406/5066 2415/5088
f 3104/6507 2414/5084 2435/5145
f 3104/6506 3103/6505 2409/5070
f 1537/3271 2416/5090 2405/5063
f 2405/5063 2412/5080 1536/3269
f 3115/6524 2419/5098 1565/3352
f 3119/6530 2422/5109 2432/5139
f 3120/6532 2424/5116 2437/5148
f 1539/3276 2421/5107 2436/5147
f 1562/3343 1567/3357 2420/5102
f 1569/3363 1564/3347 2423/5113
f 1539/3275 1540/3277 2425/5119
f 3114/6522 2410/5073 2424/5117
f 2451/5177 2426/5122 1588/3394
f 2455/5183 2454/5182 2427/5126
f 2452/5178 2428/5130 2438/5150
f 2453/5179 2429/5133 2428/5131
f 2455/5183 2434/5143 2426/5123
f 1564/3348 1562/3343 2433/5141
f 3116/6525 2432/5139 2419/5099
f 2405/5064 2469/5203 2430/5135
f 2456/5184 2438/5150 2427/5127
f 1543/3284 2436/5147 2420/5103
f 3117/6526 2437/5148 2422/5110
f 2406/5065 2523/5318 2435/5145
f 2446/5168 2449/5173 2444/5164
f 2447/5170 2448/5172 2443/5163
f 2450/5175 2411/5075 2440/5156
f 1604/3415 2447/5171 2441/5159
f 2448/5172 2446/5169 2439/5153
f 2445/5166 2440/5156 2444/5164
f 2428/5132 2445/5166 2449/5173
f 2434/5144 2427/5128 2446/5169
f 1588/3395 2426/5124 2447/5171
f 2429/5133 2450/5175 2445/5167
f 2426/5125 2434/5144 2448/5172
f 2427/5129 2438/5151 2449/5173
f 2436/5147 2456/5184 2454/5181
f 2423/5114 2433/5142 2455/5183
f 2421/5106 2425/5120 2453/5179
f 2421/5107 2452/5178 2456/5184
f 2433/5142 2420/5104 2454/5182
f 1571/3370 2423/5115 2451/5177
f 3100/6499 2461/5191 2457/5185
f 2407/5067 2408/5069 2460/5190
f 2413/5082 3101/6500 2462/5192
f 2407/5068 2459/5189 1570/3366
f 2408/5069 2418/5096 2457/5186
f 2413/5081 2458/5187 2461/5191
f 3111/6518 2468/5202 2465/5198
f 3110/6517 2467/5201 2464/5196
f 3108/6514 2463/5194 2466/5200
f 3107/6511 2466/5200 2468/5202
f 3106/6509 2465/5199 2467/5201
f 1542/3283 3109/6515 2464/5197
f 2509/5296 2476/5222 1599/3409
f 2510/5298 2479/5232 2486/5255
f 2511/5299 2481/5240 2490/5262
f 2506/5290 2503/5286 2478/5231
f 2505/5289 2502/5285 2477/5226
f 2504/5288 2480/5237 1554/3322
f 2503/5286 2507/5291 2482/5243
f 2511/5299 2508/5293 2472/5209
f 2496/5276 2493/5268 1550/3308
f 2500/5282 2499/5281 2483/5246
f 2501/5283 2497/5277 2484/5251
f 2497/5277 2498/5278 2495/5273
f 2496/5275 2500/5282 2494/5271
f 2504/5287 2505/5289 2487/5257
f 2512/5300 2486/5255 2476/5223
f 2501/5283 2491/5264 2483/5247
f 2502/5284 2506/5290 2489/5261
f 2513/5301 2490/5262 2479/5233
f 2483/5248 2491/5265 2270/4812
f 2493/5269 2494/5272 2271/4814
f 2495/5273 2292/4853 2262/4788
f 2493/5270 2268/4807 1549/3304
f 2494/5272 2483/5249 2267/4804
f 2484/5252 2262/4788 2270/4812
f 2477/5227 2489/5261 2501/5283
f 2480/5238 2487/5258 2500/5282
f 2482/5244 2498/5278 2497/5277
f 2489/5261 2478/5231 2497/5277
f 2487/5258 2477/5228 2499/5281
f 2480/5239 2496/5276 1552/3314
f 2479/5234 2490/5263 2506/5290
f 2476/5224 2486/5256 2505/5289
f 2481/5241 2472/5209 2507/5291
f 2476/5225 2504/5288 1558/3333
f 2486/5256 2479/5235 2502/5285
f 2490/5263 2481/5242 2503/5286
f 2488/5259 2513/5301 2510/5297
f 2485/5253 2512/5300 2509/5295
f 2474/5216 2471/5207 2508/5293
f 2474/5217 2511/5299 2513/5301
f 2475/5220 2510/5298 2512/5300
f 2473/5213 2509/5296 2514/5302
f 2292/4854 2495/5274 2498/5279
f 2482/5245 2507/5292 2340/4936
f 2340/4936 2507/5292 2472/5210
f 2259/4781 2340/4936 2508/5294
f 3113/6520 3103/6504 2368/5002
s 0
f 2369/5004 2371/5006 2411/5076
s 1
f 2429/5134 2453/5180 2425/5121
f 1540/3278 2462/5193 3121/6533
f 3123/6535 3124/6536 2463/5195
f 2518/5310 2515/5305 1547/3297
f 2268/4808 2518/5311 1544/3288
f 2518/5312 2268/4808 2294/4857
f 3099/6498 2519/5314 1546/3293
f 3099/6497 3097/6494 2269/4810
f 2431/5137 2416/5091 2521/5316
f 2417/5093 2431/5137 2524/5319
f 2366/4995 2417/5093 2522/5317
f 2416/5091 1537/3272 1535/3265
f 2520/5315 2388/5043 2364/4990
f 2443/5163 2439/5153 2540/5354
f 2444/5165 2440/5157 2539/5349
f 2411/5077 2533/5335 2539/5350
f 2537/5346 2530/5329 2442/5162
f 2616/5506 2611/5500 2541/5357
f 2614/5504 2612/5502 2544/5367
f 2613/5503 2546/5374 2567/5432
f 2605/5490 2543/5365 2566/5431
f 2607/5493 2604/5489 2542/5360
f 2528/5326 2606/5492 2545/5371
f 2609/5496 2547/5378 2543/5363
f 2610/5498 2535/5341 2546/5375
f 2603/5487 2597/5479 2548/5381
f 2601/5485 2600/5484 2551/5391
f 2598/5480 2553/5398 2569/5435
f 2587/5462 2588/5464 2550/5389
f 2586/5461 2584/5458 2549/5384
f 2590/5467 2585/5460 2552/5396
f 2588/5463 2589/5465 2555/5403
f 2598/5480 2599/5482 2554/5401
f 2580/5452 2579/5451 2558/5414
f 2578/5449 2556/5406 2531/5330
f 2577/5447 2557/5410 2570/5437
f 2582/5454 2534/5337 2557/5411
f 2580/5452 2564/5427 2556/5407
f 2585/5459 2586/5461 2563/5425
f 2601/5485 2562/5423 2548/5382
f 2606/5491 2607/5493 2561/5421
f 2611/5499 2614/5504 2560/5419
f 2441/5160 2443/5163 2559/5417
f 2579/5450 2581/5453 2570/5437
f 2584/5457 2587/5462 2568/5434
f 2600/5483 2602/5486 2569/5435
f 2608/5494 2566/5431 2542/5361
f 2615/5505 2567/5432 2544/5368
f 2439/5154 2444/5165 2565/5429
f 2592/5470 2595/5475 2576/5446
f 2594/5474 2575/5445 2573/5442
f 2596/5476 2536/5342 2572/5441
f 2529/5327 2593/5472 2573/5443
f 2594/5474 2592/5471 2571/5440
f 2591/5469 2572/5441 2576/5446
f 2549/5385 2568/5434 2581/5453
f 2563/5426 2580/5452 2578/5448
f 2555/5404 2582/5454 2577/5447
f 2550/5389 2577/5447 2581/5453
f 2552/5397 2578/5449 2583/5456
f 2563/5426 2549/5386 2579/5451
f 2571/5439 2576/5446 2587/5462
f 2575/5445 2586/5461 2585/5459
f 2572/5441 2536/5342 2589/5465
f 2574/5444 2573/5443 2585/5460
f 2575/5445 2571/5440 2584/5458
f 2576/5446 2572/5441 2588/5464
f 2553/5399 2591/5469 2595/5475
f 2562/5424 2551/5392 2592/5471
f 2526/5323 2548/5383 2593/5472
f 2553/5400 2554/5401 2596/5476
f 2562/5424 2594/5474 2593/5473
f 2551/5393 2569/5436 2595/5475
f 2566/5431 2602/5486 2600/5483
f 2545/5372 2561/5422 2601/5485
f 2543/5364 2547/5379 2599/5482
f 2543/5365 2598/5480 2602/5486
f 2561/5422 2542/5362 2600/5484
f 2525/5321 2545/5373 2597/5479
f 2567/5433 2608/5494 2604/5488
f 2541/5358 2560/5420 2607/5493
f 2535/5341 2609/5496 2605/5490
f 2538/5348 2541/5359 2606/5492
f 2560/5420 2544/5369 2604/5489
f 2546/5376 2605/5490 2608/5494
f 2565/5430 2615/5505 2612/5501
f 2537/5345 2559/5418 2614/5504
f 2533/5336 2610/5498 2613/5503
f 2565/5430 2539/5351 2613/5503
f 2559/5418 2540/5355 2612/5502
f 2532/5333 2537/5346 2611/5500
f 2555/5405 2589/5466 2536/5343
f 2596/5477 2554/5402 2370/5005
f 2370/5005 2555/5405 2536/5343
f 2370/5005 2391/5049 2534/5339
f 2534/5339 2582/5455 2555/5405
f 2338/4934 2876/6049 2885/6058
f 2621/5514 2631/5529 2640/5553
f 2718/5762 2653/5589 2642/5560
f 2724/5771 2654/5591 2649/5582
f 2726/5774 2626/5520 2644/5565
f 2652/5587 2648/5579 2722/5769
f 2717/5761 2650/5585 2641/5556
f 2722/5769 2648/5580 2633/5533
f 2716/5760 2641/5557 2671/5641
f 2714/5756 2642/5561 2650/5585
f 2721/5767 2649/5583 2652/5587
f 2720/5765 2644/5566 2654/5591
f 2715/5758 2640/5554 2653/5589
f 2711/5752 2658/5603 2639/5550
f 2707/5746 2657/5599 2643/5562
f 2656/5596 2634/5536 2712/5754
f 2643/5562 2656/5596 2708/5747
f 2659/5606 2658/5604 2711/5751
f 2709/5749 2639/5550 2657/5600
f 2620/5513 2630/5527 2645/5569
f 2731/5781 2655/5593 2647/5576
f 2736/5789 2667/5632 2665/5626
f 2739/5793 2629/5525 2661/5613
f 2670/5639 2664/5622 2734/5786
f 2651/5586 2646/5574 2730/5780
f 2734/5786 2664/5623 2673/5647
f 2730/5780 2646/5573 2672/5643
f 2735/5787 2661/5614 2667/5632
f 2727/5775 2645/5570 2655/5593
f 2728/5777 2647/5577 2651/5586
f 2665/5627 2670/5639 2737/5790
f 2770/5841 2627/5521 2681/5671
f 2622/5515 2617/5508 2679/5663
f 2762/5829 2701/5732 2691/5709
f 2768/5838 2700/5730 2680/5668
f 2775/5848 2702/5734 2688/5698
f 2777/5851 2618/5509 2682/5675
f 2696/5723 2687/5693 2773/5846
f 2698/5727 2686/5690 2764/5832
f 2761/5828 2699/5728 2693/5717
f 2755/5819 2697/5725 2690/5705
f 2756/5820 2704/5738 2689/5702
f 2623/5516 2619/5511 2692/5713
f 2678/5661 2706/5743 2751/5813
f 2624/5517 2674/5649 2675/5652
f 2749/5809 2677/5659 2676/5657
f 2751/5812 2706/5742 2638/5549
f 2773/5846 2687/5694 2705/5741
f 2690/5706 2636/5543 2757/5822
f 2760/5827 2693/5718 2694/5720
f 2686/5691 2635/5540 2769/5840
f 2485/5254 2703/5736 2685/5687
f 2470/5205 2628/5523 2683/5679
f 2488/5260 2695/5722 2684/5683
f 2684/5684 2637/5545 2471/5208
f 2475/5221 2685/5688 2695/5722
f 2676/5658 2678/5661 2748/5808
f 2752/5814 2689/5703 2697/5725
f 2759/5825 2691/5710 2699/5728
f 2766/5835 2680/5669 2698/5727
f 2772/5844 2688/5699 2696/5723
f 2473/5214 2683/5680 2703/5736
f 2747/5806 2675/5653 2677/5659
f 2754/5817 2692/5714 2704/5738
f 2771/5842 2682/5676 2702/5734
f 2765/5833 2681/5672 2700/5730
f 2758/5823 2679/5664 2701/5732
f 2669/5636 2662/5616 2744/5801
f 2632/5532 2660/5608 2743/5799
f 2742/5797 2668/5634 2663/5620
f 2662/5617 2666/5630 2745/5803
f 2663/5621 2669/5636 2741/5796
f 2743/5798 2660/5609 2668/5634
f 2653/5590 2709/5749 2707/5745
f 2631/5530 2713/5755 2711/5751
f 2650/5585 2710/5750 2708/5747
f 2641/5558 2708/5748 2712/5754
f 2642/5561 2707/5746 2710/5750
f 2640/5555 2711/5752 2709/5749
f 2715/5758 2718/5762 2654/5592
f 2649/5584 2714/5756 2717/5761
f 2648/5580 2716/5760 2719/5763
f 2652/5588 2717/5761 2716/5760
f 2654/5592 2718/5762 2714/5757
f 2621/5514 2715/5759 2644/5567
f 2645/5571 2720/5765 2724/5771
f 2647/5577 2721/5767 2723/5770
f 2722/5769 2725/5772 2672/5644
f 2723/5770 2722/5769 2646/5574
f 2630/5528 2726/5774 2720/5766
f 2655/5594 2724/5771 2721/5768
f 2665/5628 2728/5777 2729/5779
f 2661/5615 2727/5775 2731/5781
f 2664/5623 2730/5780 2732/5782
f 2729/5779 2730/5780 2664/5624
f 2667/5633 2731/5781 2728/5778
f 2629/5526 2620/5513 2727/5776
f 2733/5784 2737/5790 2669/5637
f 2660/5610 2735/5787 2736/5789
f 2734/5786 2738/5791 2666/5631
f 2737/5790 2734/5786 2662/5617
f 2739/5793 2735/5788 2660/5611
f 2668/5635 2736/5789 2733/5785
f 2675/5654 2743/5798 2742/5797
f 2740/5794 2741/5796 2678/5662
f 2706/5743 2744/5800 2745/5803
f 2677/5660 2742/5797 2740/5795
f 2674/5650 2625/5518 2743/5799
f 2741/5796 2744/5801 2706/5744
f 2692/5715 2747/5806 2749/5809
f 2750/5810 2748/5808 2697/5726
f 2690/5707 2751/5812 2746/5805
f 2704/5739 2749/5809 2750/5811
f 2619/5512 2624/5517 2747/5807
f 2697/5726 2748/5808 2751/5813
f 2679/5665 2754/5817 2756/5820
f 2691/5711 2752/5814 2755/5819
f 2753/5816 2757/5822 2694/5720
f 2623/5516 2754/5818 2679/5666
f 2701/5733 2756/5820 2752/5815
f 2699/5729 2755/5819 2753/5816
f 2681/5673 2758/5823 2762/5829
f 2680/5669 2759/5825 2761/5828
f 2686/5692 2760/5827 2763/5831
f 2698/5727 2761/5828 2760/5827
f 2700/5731 2762/5829 2759/5826
f 2627/5522 2622/5515 2758/5824
f 2682/5677 2765/5833 2768/5838
f 2766/5835 2767/5837 2696/5724
f 2764/5832 2769/5840 2705/5741
f 2767/5837 2764/5832 2687/5695
f 2702/5735 2768/5838 2766/5836
f 2618/5510 2770/5841 2765/5834
f 2683/5681 2771/5842 2775/5848
f 2685/5689 2772/5844 2774/5847
f 2773/5846 2776/5850 2637/5546
f 2774/5847 2773/5846 2684/5685
f 2628/5524 2777/5851 2771/5843
f 2703/5737 2775/5848 2772/5845
f 2779/5853 2785/5862 2791/5875
f 2842/5997 2804/5910 2793/5882
f 2848/6006 2805/5912 2800/5903
f 2850/6009 2782/5856 2795/5887
f 2803/5908 2799/5900 2846/6004
f 2841/5996 2801/5906 2792/5879
f 2846/6004 2799/5901 2787/5866
f 2840/5995 2792/5878 2822/5955
f 2793/5883 2801/5906 2841/5996
f 2845/6002 2800/5904 2803/5908
f 2844/6000 2795/5888 2805/5912
f 2839/5993 2791/5876 2804/5910
f 2835/5987 2809/5920 2790/5873
f 2831/5981 2808/5918 2794/5884
f 2832/5983 2807/5916 2788/5868
f 2794/5884 2807/5916 2832/5982
f 2837/5990 2810/5921 2809/5919
f 2833/5984 2790/5873 2808/5917
f 2778/5852 2784/5860 2796/5890
f 2855/6016 2806/5914 2798/5897
f 2860/6024 2818/5946 2816/5940
f 2783/5858 2812/5927 2859/6023
f 2821/5953 2815/5936 2858/6021
f 2853/6014 2802/5907 2797/5895
f 2858/6021 2815/5937 2824/5961
f 2854/6015 2797/5894 2823/5957
f 2859/6022 2812/5928 2818/5946
f 2851/6010 2796/5891 2806/5914
f 2852/6012 2798/5898 2802/5907
f 2816/5941 2821/5953 2861/6025
f 2872/6043 2829/5975 2830/5978
f 2780/5854 2825/5963 2826/5966
f 2873/6044 2828/5973 2827/5971
f 2875/6047 2830/5977 2789/5871
f 2874/6045 2827/5972 2829/5975
f 2871/6041 2826/5967 2828/5973
f 2820/5950 2813/5930 2868/6036
f 2786/5865 2811/5922 2867/6034
f 2866/6032 2819/5948 2814/5934
f 2868/6035 2813/5931 2817/5944
f 2814/5935 2820/5950 2865/6031
f 2867/6033 2811/5923 2819/5948
f 2804/5911 2833/5984 2831/5980
f 2785/5863 2837/5990 2835/5986
f 2834/5985 2832/5982 2792/5879
f 2792/5880 2832/5983 2836/5988
f 2793/5883 2831/5981 2834/5985
f 2791/5877 2835/5987 2833/5984
f 2839/5993 2842/5997 2805/5913
f 2800/5905 2838/5991 2841/5996
f 2799/5901 2840/5995 2843/5998
f 2803/5909 2841/5996 2840/5995
f 2805/5913 2842/5997 2838/5992
f 2782/5857 2779/5853 2839/5994
f 2796/5892 2844/6000 2848/6006
f 2798/5898 2845/6002 2847/6005
f 2846/6004 2849/6007 2823/5958
f 2847/6005 2846/6004 2797/5895
f 2784/5861 2850/6009 2844/6001
f 2806/5915 2848/6006 2845/6003
f 2816/5942 2852/6012 2853/6014
f 2812/5929 2851/6010 2855/6016
f 2815/5937 2854/6015 2856/6017
f 2853/6014 2854/6015 2815/5938
f 2818/5947 2855/6016 2852/6013
f 2783/5859 2778/5852 2851/6011
f 2857/6019 2861/6025 2820/5951
f 2811/5924 2859/6022 2860/6024
f 2813/5930 2858/6021 2862/6026
f 2861/6025 2858/6021 2813/5931
f 2863/6028 2859/6023 2811/5925
f 2819/5949 2860/6024 2857/6020
f 2826/5968 2867/6033 2866/6032
f 2864/6029 2865/6031 2829/5976
f 2830/5978 2868/6035 2869/6037
f 2828/5974 2866/6032 2864/6030
f 2825/5964 2781/5855 2867/6034
f 2865/6031 2868/6036 2830/5979
f 2658/5605 2871/6041 2873/6044
f 2657/5601 2874/6045 2872/6043
f 2656/5597 2875/6047 2870/6039
f 2639/5551 2873/6044 2874/6046
f 2659/5607 2780/5854 2871/6042
f 2643/5563 2872/6043 2875/6048
f 2738/5792 2673/5648 2333/4929
f 2671/5642 2341/4937 2333/4929
f 2333/4929 2673/5648 2732/5783
f 2732/5783 2672/5645 2725/5773
f 2725/5773 2633/5534 2719/5764
f 2719/5764 2671/5642 2333/4929
f 2333/4929 2732/5783 2725/5773
f 2634/5537 2341/4937 2671/5642
f 2817/5945 2328/4924 2341/4937
f 2341/4937 2634/5537 2870/6040
f 2870/6040 2789/5872 2869/6038
f 2869/6038 2817/5945 2341/4937
f 2824/5962 2877/6050 2328/4924
f 2328/4924 2817/5945 2862/6027
f 2327/4923 2259/4781 2337/4933
f 2856/6018 2823/5959 2849/6008
f 2849/6008 2787/5867 2843/5999
f 2843/5999 2822/5956 2878/6051
f 2878/6051 2877/6050 2824/5962
f 2856/6018 2849/6008 2843/5999
f 2878/6051 2824/5962 2856/6018
f 2836/5989 2788/5869 2879/6052
f 2879/6052 2878/6051 2822/5956
f 2334/4930 2257/4779 2258/4780
f 2881/6054 2880/6053 2333/4929
f 2328/4924 2882/6055 2881/6054
f 2883/6056 2882/6055 2328/4924
f 2878/6051 2884/6057 2883/6056
f 2879/6052 2885/6058 2884/6057
f 2333/4929 2880/6053 2257/4779
f 2308/4882 2329/4925 2886/6059
f 2257/4779 2880/6053 2886/6059
f 2881/6054 2882/6055 2886/6059
f 2882/6055 2883/6056 1694/3605
f 1694/3605 2883/6056 2884/6057
f 2876/6049 1692/3603 2884/6057
f 2260/4782 2885/6058 2879/6052
f 2931/6171 2981/6269 1696/3607
f 1696/3607 2902/6084 2989/6282
f 2989/6282 2903/6089 2988/6280
f 2988/6280 2931/6171 1696/3607
f 2898/6075 2905/6094 2958/6237
f 2961/6240 2918/6130 2907/6101
f 2967/6249 2919/6132 2914/6124
f 2969/6252 2895/6070 2909/6106
f 2917/6128 2913/6119 2965/6247
f 2960/6239 2915/6126 2906/6098
f 2913/6120 2900/6079 2968/6250
f 2906/6097 2936/6182 2962/6241
f 2907/6102 2915/6126 2960/6239
f 2914/6125 2917/6128 2966/6248
f 2963/6243 2909/6107 2919/6132
f 2905/6095 2918/6130 2961/6240
f 2923/6143 2904/6091 2952/6227
f 2950/6224 2922/6141 2908/6103
f 2921/6137 2901/6081 2955/6232
f 2908/6103 2921/6137 2951/6225
f 2924/6148 2923/6144 2954/6229
f 2952/6227 2904/6091 2922/6142
f 2891/6065 2897/6073 2910/6110
f 2974/6259 2920/6134 2912/6117
f 2979/6267 2932/6173 2930/6168
f 2982/6271 2896/6071 2926/6154
f 2935/6179 2929/6163 2977/6264
f 2916/6127 2911/6115 2973/6258
f 2977/6264 2929/6164 2938/6188
f 2911/6114 2937/6184 2975/6260
f 2978/6265 2926/6155 2932/6173
f 2970/6253 2910/6111 2920/6134
f 2912/6118 2916/6127 2972/6257
f 2930/6169 2935/6179 2980/6268
f 2943/6203 2949/6221 2994/6291
f 2893/6067 2939/6190 2940/6193
f 2992/6287 2942/6200 2941/6197
f 2949/6220 2903/6090 2989/6283
f 2993/6288 2941/6198 2943/6203
f 2990/6284 2940/6194 2942/6200
f 2934/6177 2927/6157 2987/6279
f 2899/6078 2925/6149 2986/6277
f 2985/6275 2933/6175 2928/6161
f 2987/6278 2927/6158 2931/6172
f 2928/6162 2934/6177 2984/6274
f 2986/6276 2925/6150 2933/6175
f 2918/6131 2952/6227 2950/6223
f 2898/6076 2956/6233 2954/6229
f 2953/6228 2951/6225 2906/6098
f 2906/6099 2951/6226 2955/6232
f 2950/6224 2953/6228 2915/6126
f 2905/6096 2954/6230 2952/6227
f 2958/6236 2961/6240 2919/6133
f 2957/6234 2960/6239 2917/6129
f 2959/6238 2962/6241 2900/6079
f 2960/6239 2959/6238 2913/6121
f 2919/6133 2961/6240 2957/6235
f 2892/6066 2958/6237 2909/6108
f 2910/6112 2963/6243 2967/6249
f 2964/6245 2966/6248 2916/6127
f 2965/6247 2968/6250 2937/6185
f 2966/6248 2965/6247 2911/6115
f 2897/6074 2969/6252 2963/6244
f 2920/6135 2967/6249 2964/6246
f 2971/6255 2972/6257 2935/6180
f 2926/6156 2970/6253 2974/6259
f 2929/6164 2973/6258 2975/6260
f 2972/6257 2973/6258 2929/6165
f 2932/6174 2974/6259 2971/6256
f 2896/6072 2891/6065 2970/6254
f 2976/6262 2980/6268 2934/6178
f 2925/6151 2978/6265 2979/6267
f 2927/6157 2977/6264 2981/6270
f 2980/6268 2977/6264 2927/6158
f 2982/6271 2978/6266 2925/6152
f 2933/6176 2979/6267 2976/6263
f 2940/6195 2986/6276 2985/6275
f 2941/6199 2983/6272 2984/6274
f 2949/6221 2987/6278 2988/6281
f 2942/6201 2985/6275 2983/6273
f 2939/6191 2894/6068 2986/6277
f 2984/6274 2987/6279 2949/6222
f 2946/6213 2990/6284 2992/6287
f 2944/6205 2993/6288 2991/6286
f 2994/6290 2989/6283 2902/6085
f 2948/6218 2992/6287 2993/6289
f 2890/6063 2893/6067 2990/6285
f 2991/6286 2994/6291 2945/6209
f 2996/6293 3002/6302 3006/6312
f 3052/6427 3018/6346 3008/6319
f 3058/6436 3019/6348 3014/6338
f 2999/6297 3009/6322 3054/6431
f 3017/6344 3013/6336 3056/6434
f 3051/6426 3015/6342 3007/6316
f 3013/6337 3004/6306 3059/6437
f 3007/6315 3032/6385 3053/6428
f 3048/6421 3008/6320 3015/6342
f 3055/6432 3014/6339 3017/6344
f 3054/6430 3009/6323 3019/6348
f 3006/6313 3018/6346 3052/6427
f 3045/6417 2556/5408 2564/5428
f 3041/6411 2558/5415 2570/5438
f 3042/6413 2557/5412 2534/5338
f 2570/5438 2557/5412 3042/6412
f 3047/6420 2531/5331 2556/5409
f 3043/6414 2564/5428 2558/5416
f 2995/6292 3001/6300 3010/6326
f 3065/6446 3020/6350 3012/6333
f 3070/6454 3028/6376 3026/6371
f 3000/6298 3022/6357 3069/6453
f 3031/6382 3025/6366 3068/6451
f 3016/6343 3011/6331 3064/6445
f 3068/6451 3025/6367 3034/6391
f 3011/6330 3033/6387 3066/6447
f 3069/6452 3022/6358 3028/6376
f 3061/6440 3010/6327 3020/6350
f 3062/6442 3012/6334 3016/6343
f 3026/6372 3031/6382 3071/6455
f 3039/6405 3040/6407 3085/6478
f 3035/6393 3036/6396 3081/6472
f 3083/6474 3038/6403 3037/6401
f 3040/6408 3005/6308 3080/6469
f 3037/6402 3039/6405 3082/6473
f 3081/6471 3036/6397 3038/6403
f 3030/6380 3023/6360 3078/6466
f 3003/6305 3021/6352 3077/6464
f 3076/6462 3029/6378 3024/6364
f 3078/6465 3023/6361 3027/6373
f 3024/6365 3030/6380 3075/6461
f 3077/6463 3021/6353 3029/6378
f 3018/6347 3043/6414 3041/6410
f 3002/6303 3047/6420 3045/6416
f 3044/6415 3042/6412 3007/6316
f 3007/6317 3042/6413 3046/6418
f 3008/6320 3041/6411 3044/6415
f 3006/6314 3045/6417 3043/6414
f 3049/6423 3052/6427 3019/6349
f 3014/6340 3048/6421 3051/6426
f 3050/6425 3053/6428 3004/6306
f 3017/6345 3051/6426 3050/6425
f 3052/6427 3048/6422 3014/6341
f 2996/6293 3049/6424 3009/6324
f 3010/6328 3054/6430 3058/6436
f 3012/6334 3055/6432 3057/6435
f 3056/6434 3059/6437 3033/6388
f 3057/6435 3056/6434 3011/6331
f 3001/6301 3060/6439 3054/6431
f 3020/6351 3058/6436 3055/6433
f 3062/6442 3063/6444 3031/6383
f 3022/6359 3061/6440 3065/6446
f 3025/6367 3064/6445 3066/6447
f 3063/6444 3064/6445 3025/6368
f 3028/6377 3065/6446 3062/6443
f 3000/6299 2995/6292 3061/6441
f 3067/6449 3071/6455 3030/6381
f 3021/6354 3069/6452 3070/6454
f 3068/6451 3072/6456 3027/6374
f 3071/6455 3068/6451 3023/6361
f 3073/6458 3069/6453 3021/6355
f 3029/6379 3070/6454 3067/6450
f 3036/6398 3077/6463 3076/6462
f 3074/6459 3075/6461 3039/6406
f 3078/6465 3079/6467 3005/6309
f 3038/6404 3076/6462 3074/6460
f 3035/6394 2998/6295 3077/6464
f 3075/6461 3078/6466 3040/6409
f 2923/6145 3081/6471 3083/6474
f 3084/6475 3082/6473 2908/6104
f 3085/6477 3080/6469 2901/6082
f 2904/6092 3083/6474 3084/6476
f 2997/6294 3081/6472 2923/6146
f 3082/6473 3085/6478 2921/6138
f 2938/6189 2888/6061 1696/3607
f 2936/6183 2889/6062 2888/6061
f 2888/6061 2938/6189 2975/6261
f 2975/6261 2937/6186 2968/6251
f 2968/6251 2900/6080 2962/6242
f 2962/6242 2936/6183 2888/6061
f 2888/6061 2975/6261 2968/6251
f 2901/6083 2889/6062 2936/6183
f 3027/6375 2887/6060 2889/6062
f 2889/6062 2901/6083 3080/6470
f 3080/6470 3005/6310 3079/6468
f 3079/6468 3027/6375 2889/6062
f 3034/6392 3086/6479 2887/6060
f 2887/6060 3027/6375 3072/6457
f 3066/6448 3033/6389 3059/6438
f 3059/6438 3004/6307 3053/6429
f 3053/6429 3032/6386 3087/6480
f 3087/6480 3086/6479 3034/6392
f 3066/6448 3059/6438 3053/6429
f 3087/6480 3034/6392 3066/6448
f 3046/6419 2534/5339 3088/6481
f 3088/6481 3087/6480 3032/6386
f 1693/3604 1696/3607 2887/6060
f 3088/6481 2390/5048 1693/3604
f 2391/5049 2390/5048 3088/6481
f 1096/2207 3092/6485 3093/6487
f 960/1983 3089/6482 3092/6485
f 837/1664 3089/6482 3091/6484
f 910/1884 3091/6484 3090/6483
f 1798/3882 1793/3867 3094/6488
f 3094/6489 1793/3867 1656/3515
s 0
f 1691/3602 1689/3600 1690/3601
s 1
f 2294/4858 3097/6494 3099/6497
f 2515/5306 3099/6498 1548/3300
f 2261/4785 3096/6491 2517/5309
f 2294/4859 2295/4860 2492/5266
f 2296/4861 3098/6496 2492/5266
f 2296/4862 2297/4863 3095/6490
f 2298/4865 3096/6492 2516/5307
f 2293/4856 2516/5308 3095/6490
f 1577/3381 3123/6535 3105/6508
f 2409/5071 3103/6504 3113/6520
f 2424/5118 2413/5081 3100/6499
f 2432/5140 2422/5111 2418/5096
f 2419/5100 2407/5068 1566/3355
f 2410/5073 3101/6500 2413/5082
f 2419/5101 2432/5140 2408/5069
f 2437/5149 3100/6499 2418/5097
f 2417/5094 2366/4996 2523/5318
f 2416/5092 2431/5138 2469/5203
f 2368/5003 3103/6505 3104/6506
f 2367/5000 3104/6507 2523/5318
f 2417/5095 2406/5066 2469/5203
f 2463/5195 3108/6513 3113/6520
f 3105/6508 3113/6520 3112/6519
f 1534/3262 2412/5080 3109/6515
f 2415/5089 3106/6509 3110/6517
f 2414/5085 3107/6511 3111/6518
f 2409/5072 3108/6514 3107/6512
f 2430/5136 3110/6517 3109/6516
f 2435/5146 3111/6518 3106/6510
f 2462/5193 3101/6501 3122/6534
f 2410/5074 3114/6521 3122/6534
f 3127/6541 3117/6526 3119/6529
f 3126/6540 3116/6525 3115/6523
f 3124/6537 3114/6522 3120/6531
f 1578/3383 3120/6532 3117/6526
f 1538/3274 3119/6530 3116/6525
f 3118/6527 3125/6539 3115/6524
f 2460/5190 2457/5186 1567/3357
f 2458/5187 1539/3276 1543/3284
f 1575/3377 1574/3376 1622/3433
f 3102/6503 1575/3377 1594/3402
f 1559/3336 1541/3281 3118/6528
f 3131/6547 3138/6557 3145/6575
f 3207/6738 3158/6611 3147/6582
f 3213/6747 3159/6613 3154/6605
f 3215/6750 3135/6552 3149/6587
f 3157/6609 3153/6601 3211/6745
f 3206/6737 3155/6607 3146/6579
f 3211/6745 3153/6602 3140/6562
f 3205/6736 3146/6578 3176/6664
f 3147/6583 3155/6607 3206/6737
f 3210/6743 3154/6606 3157/6609
f 3209/6741 3149/6588 3159/6613
f 3145/6576 3158/6611 3207/6738
f 3200/6728 3163/6625 3144/6572
f 3196/6722 3162/6621 3148/6584
f 3197/6724 3161/6618 3141/6565
f 3148/6584 3161/6618 3197/6723
f 3202/6731 3164/6628 3163/6626
f 3198/6725 3144/6572 3162/6622
f 3130/6546 3137/6555 3150/6591
f 3220/6757 3160/6615 3152/6598
f 3225/6765 3172/6654 3170/6648
f 3228/6769 3136/6553 3166/6635
f 3175/6660 3169/6645 3223/6762
f 3218/6755 3156/6608 3151/6596
f 3223/6762 3169/6646 3178/6669
f 3151/6595 3177/6666 3221/6759
f 3224/6763 3166/6636 3172/6654
f 3216/6751 3150/6592 3160/6615
f 3217/6753 3152/6599 3156/6608
f 3170/6649 3175/6660 3226/6766
f 2810/5921 3128/6543 3184/6685
f 2790/5873 3193/6714 3187/6698
f 2794/5884 3192/6712 3189/6706
f 3244/6795 3191/6710 3186/6694
f 3245/6796 3194/6716 3185/6690
f 3132/6548 3129/6544 3188/6702
f 3183/6683 3195/6719 3240/6789
f 3133/6549 3179/6671 3180/6674
f 3238/6785 3182/6681 3181/6679
f 3240/6788 3195/6718 3143/6570
f 3186/6695 3142/6567 3246/6797
f 3189/6707 3190/6708 2788/5868
f 3239/6786 3181/6680 3183/6683
f 3241/6790 3185/6691 3191/6710
f 2808/5918 3187/6699 3192/6712
f 3236/6782 3180/6675 3182/6681
f 3243/6793 3188/6703 3194/6716
f 2809/5920 3184/6686 3193/6714
f 3174/6659 3167/6638 3233/6777
f 3139/6560 3165/6630 3232/6775
f 3231/6773 3173/6656 3168/6641
f 3233/6776 3167/6639 3171/6651
f 3168/6642 3174/6659 3230/6772
f 3232/6774 3165/6631 3173/6656
f 3158/6612 3198/6725 3196/6721
f 3138/6558 3202/6731 3200/6727
f 3199/6726 3197/6723 3146/6579
f 3146/6580 3197/6724 3201/6730
f 3147/6583 3196/6722 3199/6726
f 3145/6577 3200/6728 3198/6725
f 3204/6734 3207/6738 3159/6614
f 3203/6732 3206/6737 3157/6610
f 3153/6602 3205/6736 3208/6740
f 3157/6610 3206/6737 3205/6736
f 3159/6614 3207/6738 3203/6733
f 3131/6547 3204/6735 3149/6589
f 3150/6593 3209/6741 3213/6747
f 3152/6599 3210/6743 3212/6746
f 3211/6745 3214/6749 3177/6667
f 3212/6746 3211/6745 3151/6596
f 3137/6556 3215/6750 3209/6742
f 3160/6616 3213/6747 3210/6744
f 3170/6650 3217/6753 3218/6755
f 3166/6637 3216/6751 3220/6757
f 3169/6646 3219/6756 3221/6759
f 3175/6661 3218/6755 3219/6756
f 3172/6655 3220/6757 3217/6754
f 3136/6554 3130/6546 3216/6752
f 3168/6643 3222/6760 3226/6766
f 3165/6632 3224/6763 3225/6765
f 3223/6762 3227/6767 3171/6652
f 3226/6766 3223/6762 3167/6639
f 3228/6769 3224/6764 3165/6633
f 3173/6657 3225/6765 3222/6761
f 3180/6676 3232/6774 3231/6773
f 3229/6770 3230/6772 3183/6684
f 3195/6719 3233/6776 3234/6778
f 3182/6682 3231/6773 3229/6771
f 3179/6672 3134/6550 3232/6775
f 3230/6772 3233/6777 3195/6720
f 3188/6704 3236/6782 3238/6785
f 3185/6692 3239/6786 3237/6784
f 3186/6696 3240/6788 3235/6780
f 3194/6717 3238/6785 3239/6787
f 3129/6545 3133/6549 3236/6783
f 3191/6711 3237/6784 3240/6789
f 3184/6687 3243/6793 3245/6796
f 3187/6700 3241/6790 3244/6795
f 3242/6792 3246/6797 3190/6708
f 3132/6548 3243/6794 3184/6688
f 3193/6715 3245/6796 3241/6791
f 3192/6713 3244/6795 3242/6792
f 3142/6568 3235/6781 3143/6571
f 3143/6571 3234/6779 3171/6653
f 3227/6768 3178/6670 2260/4782
f 3143/6571 3171/6653 3227/6768
f 2260/4782 3142/6568 3143/6571
f 2260/4782 2788/5869 3190/6709
f 3246/6798 3142/6568 2260/4782
f 3248/6800 3254/6809 3260/6824
f 3311/6954 3273/6860 3262/6831
f 3317/6963 3274/6862 3269/6853
f 3319/6966 3251/6803 3264/6836
f 3272/6859 3268/6849 3315/6961
f 3310/6953 3270/6856 3261/6827
f 3315/6961 3268/6850 3256/6814
f 3309/6952 3261/6828 3291/6913
f 3307/6948 3262/6832 3270/6856
f 3314/6959 3269/6854 3272/6859
f 3313/6957 3264/6837 3274/6862
f 3308/6950 3260/6825 3273/6860
f 3304/6944 3278/6874 3259/6821
f 3300/6938 3277/6871 3263/6833
f 3301/6940 3276/6867 3257/6816
f 3263/6833 3276/6867 3301/6939
f 3306/6947 3279/6877 3278/6875
f 3302/6941 3259/6821 3277/6872
f 3247/6799 3253/6807 3265/6840
f 3324/6973 3275/6864 3267/6847
f 3329/6981 3287/6903 3285/6897
f 3332/6985 3252/6805 3281/6884
f 3290/6910 3284/6893 3327/6978
f 3271/6857 3266/6845 3323/6972
f 3327/6978 3284/6894 3293/6919
f 3323/6972 3266/6844 3292/6915
f 3328/6979 3281/6885 3287/6903
f 3320/6967 3265/6841 3275/6864
f 3321/6969 3267/6848 3271/6857
f 3285/6898 3290/6910 3330/6982
f 3341/7000 3298/6932 3299/6935
f 3249/6801 3294/6920 3295/6923
f 3342/7001 3297/6930 3296/6928
f 3344/7004 3299/6934 3258/6820
f 3343/7002 3296/6929 3298/6932
f 3340/6998 3295/6924 3297/6930
f 3289/6907 3282/6887 3337/6993
f 3250/6802 3255/6812 3280/6879
f 3335/6989 3288/6905 3283/6891
f 3337/6992 3282/6888 3286/6902
f 3283/6892 3289/6907 3334/6988
f 3336/6990 3280/6880 3288/6905
f 3273/6861 3302/6941 3300/6937
f 3254/6810 3306/6947 3304/6943
f 3270/6856 3303/6942 3301/6939
f 3261/6829 3301/6940 3305/6946
f 3262/6832 3300/6938 3303/6942
f 3260/6826 3304/6944 3302/6941
f 3264/6838 3308/6950 3311/6954
f 3269/6855 3307/6948 3310/6953
f 3268/6850 3309/6952 3312/6956
f 3310/6953 3309/6952 3268/6851
f 3274/6863 3311/6954 3307/6949
f 3251/6804 3248/6800 3308/6951
f 3265/6842 3313/6957 3317/6963
f 3267/6848 3314/6959 3316/6962
f 3315/6961 3318/6965 3292/6916
f 3316/6962 3315/6961 3266/6845
f 3253/6808 3319/6966 3313/6958
f 3275/6865 3317/6963 3314/6960
f 3285/6899 3321/6969 3322/6971
f 3281/6886 3320/6967 3324/6973
f 3284/6894 3323/6972 3325/6975
f 3322/6971 3323/6972 3284/6895
f 3287/6904 3324/6973 3321/6970
f 3252/6806 3247/6799 3320/6968
f 3326/6976 3330/6982 3289/6908
f 3280/6881 3328/6979 3329/6981
f 3282/6887 3327/6978 3331/6984
f 3330/6982 3327/6978 3282/6888
f 3332/6985 3328/6980 3280/6882
f 3288/6906 3329/6981 3326/6977
f 3295/6925 3336/6990 3335/6989
f 3333/6986 3334/6988 3298/6933
f 3299/6935 3337/6992 3338/6995
f 3297/6931 3335/6989 3333/6987
f 3294/6921 3250/6802 3336/6991
f 3334/6988 3337/6993 3299/6936
f 3163/6627 3340/6998 3342/7001
f 3162/6623 3343/7002 3341/7000
f 3161/6619 3344/7004 3339/6997
f 3144/6573 3342/7001 3343/7003
f 3164/6629 3249/6801 3340/6999
f 3148/6585 3341/7000 3344/7005
f 3352/7017 3356/7026 3392/7128
f 3395/7131 3368/7060 3358/7033
f 3401/7140 3369/7062 3364/7054
f 3403/7143 3349/7011 3359/7036
f 3367/7058 3363/7049 3399/7138
f 3365/7056 3357/7031 3393/7129
f 3363/7050 3354/7020 3402/7141
f 3357/7030 3382/7098 3396/7132
f 3358/7034 3365/7056 3394/7130
f 3364/7055 3367/7058 3400/7139
f 3397/7134 3359/7037 3369/7062
f 3356/7027 3368/7060 3395/7131
f 3345/7006 3351/7014 3360/7040
f 3408/7150 3370/7064 3362/7047
f 3413/7158 3378/7090 3376/7085
f 3416/7162 3350/7012 3372/7071
f 3381/7096 3375/7080 3411/7155
f 3366/7057 3361/7045 3407/7149
f 3411/7155 3375/7081 3384/7106
f 3361/7044 3383/7101 3409/7151
f 3412/7156 3372/7072 3378/7090
f 3404/7144 3360/7041 3370/7064
f 3362/7048 3366/7057 3406/7148
f 3376/7086 3381/7096 3414/7159
f 3389/7121 3390/7123 3428/7182
f 3347/7008 3385/7108 3386/7111
f 3426/7178 3388/7118 3387/7115
f 3390/7122 3355/7024 3423/7174
f 3427/7179 3387/7116 3389/7121
f 3424/7175 3386/7112 3388/7118
f 3380/7094 3373/7074 3421/7170
f 3353/7019 3371/7066 3420/7168
f 3419/7166 3379/7092 3374/7078
f 3421/7169 3373/7075 3377/7089
f 3417/7163 3374/7079 3380/7094
f 3420/7167 3371/7067 3379/7092
f 3368/7061 2948/6219 2944/6206
f 2890/6064 2946/6214 3356/7028
f 2947/6217 2945/6210 3357/7031
f 2945/6211 2902/6086 3382/7099
f 2944/6207 2947/6217 3365/7056
f 2946/6215 2948/6219 3368/7061
f 3392/7127 3395/7131 3369/7063
f 3391/7125 3394/7130 3367/7059
f 3393/7129 3396/7132 3354/7020
f 3394/7130 3393/7129 3363/7051
f 3369/7063 3395/7131 3391/7126
f 3346/7007 3392/7128 3359/7038
f 3360/7042 3397/7134 3401/7140
f 3398/7136 3400/7139 3366/7057
f 3399/7138 3402/7141 3383/7102
f 3400/7139 3399/7138 3361/7045
f 3351/7015 3403/7143 3397/7135
f 3370/7065 3401/7140 3398/7137
f 3405/7146 3406/7148 3381/7097
f 3372/7073 3404/7144 3408/7150
f 3375/7081 3407/7149 3409/7151
f 3406/7148 3407/7149 3375/7082
f 3378/7091 3408/7150 3405/7147
f 3350/7013 3345/7006 3404/7145
f 3410/7153 3414/7159 3380/7095
f 3371/7068 3412/7156 3413/7158
f 3373/7074 3411/7155 3415/7161
f 3414/7159 3411/7155 3373/7075
f 3416/7162 3412/7157 3371/7069
f 3379/7093 3413/7158 3410/7154
f 3386/7113 3420/7167 3419/7166
f 3387/7117 3417/7163 3418/7165
f 3390/7123 3421/7169 3422/7172
f 3388/7119 3419/7166 3417/7164
f 3385/7109 3348/7009 3420/7168
f 3418/7165 3421/7170 3390/7124
f 3278/6876 3424/7175 3426/7178
f 3427/7179 3425/7177 3263/6834
f 3428/7181 3423/7174 3257/6817
f 3259/6822 3426/7178 3427/7180
f 3279/6878 3347/7008 3424/7176
f 3425/7177 3428/7182 3276/6868
s 0
f 1688/3599 3384/7107 3409/7152
f 3409/7152 3383/7103 3402/7142
f 3402/7142 3354/7021 3396/7133
f 3396/7133 3382/7100 2902/6087
f 2902/6087 1688/3599 3409/7152
f 3409/7152 3402/7142 3396/7133
