# Blender 3.4.0
# www.blender.org
o Floor_Collider
v 1152.800049 25.203550 8.663034
v 1100.000000 25.203550 1.999617
v 1238.536621 25.203537 61.463284
v 1199.000000 25.203550 28.526735
v 1268.173218 25.203537 100.999809
v 1284.736816 25.203526 150.499695
v 915.263550 25.203573 150.499756
v 961.463379 25.203562 61.463333
v 931.826782 25.203562 100.999901
v 1001.000000 25.203550 28.526783
v 1047.199951 25.203550 8.663034
v 1291.400391 25.203526 200.000000
v 1152.800049 25.203550 391.336975
v 1100.000000 25.203550 398.000336
v 1238.536865 25.203537 338.536682
v 1199.000000 25.203550 371.473267
v 1268.173218 25.203537 299.000183
v 1284.736816 25.203526 249.500305
v 915.263550 25.203573 249.500198
v 908.600037 25.203573 199.999969
v 961.463135 25.203562 338.536652
v 931.826782 25.203562 299.000061
v 1000.999817 25.203550 371.473206
v 1047.199951 25.203550 391.336914
v 1100.000000 13.982761 1.257133
v 1152.985596 13.982761 7.970285
v 1047.014404 13.982773 7.970285
v 1268.816162 13.982761 100.628571
v 1199.371094 13.982761 27.883673
v 1239.043823 13.982761 60.956120
v 960.956177 13.982784 60.956169
v 1285.429565 13.982749 150.314072
v 1000.628662 13.982773 27.883720
v 931.183838 13.982784 100.628639
v 914.570801 13.982784 150.314117
v 1292.142700 13.982749 200.000000
v 1100.000000 13.982761 398.742828
v 907.857727 13.982784 199.999969
v 1152.985596 13.982761 392.029724
v 1047.014404 13.982773 392.029663
v 1268.816162 13.982761 299.371399
v 1199.371338 13.982761 372.116272
v 1239.043823 13.982761 339.043854
v 960.956177 13.982784 339.043823
v 1285.429565 13.982749 249.685928
v 1000.628662 13.982773 372.116241
v 931.183838 13.982784 299.371338
v 914.570801 13.982784 249.685837
v 1100.000366 25.203573 199.999969
v 1656.161499 23.428535 363.562927
v 1655.245972 13.493299 364.236298
v 1634.609253 25.785553 369.035278
v 1633.693726 15.850353 369.708557
v 1728.827515 -8.830595 407.894318
v 1650.251953 33.545555 356.292114
v 1650.781250 -5.605865 352.557983
v 1723.598267 -15.628552 19.546032
v 1441.446899 23.308956 138.510773
v 1394.170532 28.749073 134.157257
v 1424.200073 24.064600 284.571838
v 1670.815796 -7.827532 356.399811
v 1556.248657 12.623108 416.933258
v 1576.008179 5.596304 384.682587
v 1642.962891 -4.955506 398.716309
v 1779.314453 -14.194763 425.757843
v 1755.990601 29.596901 419.455566
v 1628.792603 12.269378 -50.377178
v 1656.056641 -1.966739 -38.031532
v 1719.897827 -4.066229 17.248154
v 1602.528564 5.750751 -53.560974
v 1446.768799 20.582317 224.614197
v 1436.469482 22.141541 228.243042
v 1448.006592 51.760818 205.987671
v 1388.785889 26.305712 86.651520
v 1374.798340 50.689793 110.275795
v 1408.767090 55.038177 109.950348
v 1393.872070 49.144352 289.968872
v 1422.824097 24.250471 267.268982
v 1440.197021 38.210094 269.884888
v 1444.360596 31.438124 250.000214
v 1377.527588 22.608471 308.918915
v 1406.356567 26.361477 96.341614
v 1407.404175 28.445101 140.980148
v 1609.159058 29.228889 -63.158512
v 1621.666138 2.376187 -30.334711
v 1778.474609 -6.371188 -49.801636
v 1746.623779 5.970466 -38.096142
v 1697.434204 -9.779334 -34.397461
v 1668.729614 -5.874503 -33.927010
v 1670.116821 -6.591523 -18.148375
v 1631.813965 38.255966 -54.758930
v 1682.801392 40.578007 -36.105301
v 1792.574097 -11.478877 -69.211624
v 1778.772949 4.593110 445.504150
v 1566.463501 18.675400 393.120331
v 1579.159180 35.052872 391.535797
v 1593.164795 33.127819 412.992035
v 1585.437744 23.163950 416.291107
v 1675.296387 32.646954 377.087158
v 1628.311157 -3.348100 394.284973
v 1701.660767 3.106785 412.337433
v 1749.514404 31.561924 409.750946
v 1564.598999 5.720401 402.033325
v 1638.148926 0.688386 -44.770287
v 1776.703125 23.438120 -70.486923
v 1772.377930 23.406769 -52.045822
v 1608.956665 38.877140 -47.025585
v 1407.908447 27.075363 218.769119
v 1407.269897 49.859417 132.966202
v 1356.852905 38.086044 98.070213
v 1374.570801 27.224815 84.650734
v 1383.012207 28.616344 124.950531
v 1721.788208 -14.669037 371.100220
v 1745.835083 -0.914288 411.471222
v 1710.820557 32.645535 369.560822
v 1684.085693 -8.853078 359.310974
v 1633.403931 -3.705442 356.970276
v 1655.644409 -2.442729 -22.161818
v 1645.321411 20.362139 -49.490311
v 1702.335938 22.920858 -19.760561
v 1722.492798 -12.958729 -40.959694
v 1762.780518 -14.213085 -58.285522
v 1782.516724 -16.187334 -74.546432
v 1428.852295 60.460651 256.867371
v 1447.945557 54.187084 219.572235
v 1357.293335 27.666092 96.708656
v 1360.103027 37.500999 86.451149
v 1394.116577 36.293911 315.268982
v 1412.258911 58.876083 273.984955
v 1385.016846 37.290047 305.707794
v 1404.288818 47.585499 300.649200
v 1424.568970 57.416725 282.712830
v 1393.063354 20.542740 291.642273
v 1442.284546 24.105585 242.462036
v 1439.478271 21.739208 269.330597
v 1440.047852 51.664185 265.617706
v 1446.985840 42.268288 248.294907
v 1376.712646 31.833054 318.963104
v 1408.668091 27.599192 300.513855
v 1391.792847 61.949707 110.269928
v 1397.194824 57.479263 119.186493
v 1375.568359 39.883198 86.819550
v 1402.445190 59.819592 101.303650
v 1387.531860 41.179562 86.873314
v 1364.325562 29.017235 107.474258
v 1432.012939 22.795116 213.114136
v 1446.863403 20.550108 210.416107
v 1433.186157 54.061234 205.694931
v 1438.964233 52.321709 187.372330
v 1364.122070 27.900398 83.179977
v 1400.541870 8.399832 124.797562
v 1414.975952 20.127975 108.391884
v 1425.479736 44.211136 161.436279
v 1409.032104 26.346647 278.631958
v 1403.316528 47.706829 280.547119
v 1378.193604 31.590271 294.046204
v 1598.621216 15.895963 -39.180183
v 1598.773804 5.923402 -43.514778
v 1728.397339 31.510174 -48.135948
v 1736.794800 32.803928 -38.773964
v 1751.392578 24.478197 -42.171192
v 1739.545776 27.955807 -63.142250
v 1731.235352 -4.965234 4.894209
v 1767.542480 -5.714500 -44.175911
v 1781.800415 14.613700 -57.105446
v 1756.301636 25.890970 -61.097908
v 1779.646484 13.253986 -79.804420
v 1710.398315 -12.779999 -24.833441
v 1710.179932 -11.396480 -37.735222
v 1683.572388 -8.447588 -17.231512
v 1675.215698 40.658890 -22.825766
v 1653.940796 18.679296 -25.624132
v 1694.585205 -1.906860 7.841301
v 1692.553955 18.666124 -36.235474
v 1768.227051 27.901876 410.946716
v 1773.439453 -14.270412 416.653168
v 1734.384766 -13.159096 399.602173
v 1763.048950 -14.404213 400.551025
v 1756.699341 -12.623072 418.197632
v 1758.116333 22.478521 394.720032
v 1782.606934 5.402398 430.422974
v 1576.530029 33.673870 410.358521
v 1646.076538 34.905243 370.676819
v 1612.677612 32.738792 390.826050
v 1612.443115 33.174358 369.207764
v 1640.296021 6.391490 398.073090
v 1703.953613 -7.971811 411.544861
v 1652.850098 -5.735588 394.796478
v 1696.456177 -7.154429 396.990692
v 1687.873779 31.943762 377.182190
v 1638.456177 12.884116 351.651031
v 1600.362427 2.415144 368.644531
v 1576.393677 5.172634 404.423950
v 1714.970215 2.647245 410.384033
v 1761.199585 -4.194260 449.182373
v 1764.041382 16.188931 435.815521
v 1742.842041 33.586491 399.752319
v 1647.980347 12.109590 398.606995
v 1668.793701 32.112526 360.359833
v 1717.633423 -8.444118 409.537170
v 1567.268799 9.445751 429.842377
v 1558.581177 20.274591 428.367889
v 1586.704224 38.849247 392.094635
v 1591.510986 43.939293 401.442902
v 1772.955322 -13.379979 451.011322
v 1787.945557 3.707647 439.269684
v 1776.770020 16.653908 427.598206
v 1750.301514 24.499310 385.846832
v 1736.434937 22.158468 376.704681
v 1772.877930 8.490872 414.300812
v 1762.154541 -14.156830 438.209717
v 1755.239136 -16.345047 391.462097
v 1735.644897 -15.681828 374.605316
v 1680.080200 14.230978 -15.226412
v 1666.746704 8.884215 -18.041372
v 1680.934570 -7.558036 -33.095505
v 1728.897339 22.708500 -31.257868
v 1725.500244 32.999027 -30.456686
v 1766.757812 24.633837 -65.909958
v 1609.813110 4.133582 -34.794952
v 1616.253296 3.715813 -48.396301
v 1635.003296 0.618672 -29.930639
v 1432.163086 22.744167 190.677048
v 1417.416382 32.420921 153.646545
v 1430.109985 21.946598 125.611427
v 1447.965820 50.951874 178.559967
v 1448.088989 50.909985 160.097961
v 1433.115967 56.827713 221.184402
v 1432.703003 22.639597 174.200195
v 1447.177734 20.443190 163.316483
v 1370.475952 30.205822 116.227386
v 1427.445435 49.230862 127.020905
v 1442.567383 34.786976 142.814819
v 1436.189819 52.706001 160.014648
v 1375.193848 47.845638 97.285629
v 1416.433105 23.691977 251.507874
v 1427.435913 22.981607 247.238754
v 1431.783325 22.910440 277.007141
v 1419.628906 59.579895 266.381866
v 1382.259399 21.267117 289.909515
v 1446.957764 20.518089 196.313522
v 1603.852783 26.015997 -50.323532
v 1775.203857 3.855360 -82.664490
v 1693.666992 -12.868357 7.796288
v 1709.863037 -13.902473 366.196228
v 1747.335083 8.629584 377.676727
v 1540.257568 29.999996 -262.474670
v 1539.333496 29.999876 -54.000046
v 1599.924316 29.999996 -299.974640
v 1459.333252 29.999876 -52.200104
v 599.999939 29.999996 -259.333374
v 1399.999878 29.999996 -259.333374
v 1459.333374 29.999996 -199.999969
v 1443.333374 29.999996 -243.333435
v 539.933289 29.999996 -200.000000
v 556.666687 29.999996 -243.333389
v 1540.257202 29.999996 662.475525
v 1539.333252 29.999876 454.000916
v 1599.924316 29.999996 699.974609
v 1459.333008 29.999876 452.200897
v 599.999451 29.999996 659.333374
v 1399.999512 29.999996 659.334106
v 1459.332886 29.999996 600.000732
v 1443.333008 29.999996 643.334229
v 539.932922 29.999996 599.999878
v 556.666260 29.999996 643.333313
v 1540.257568 170.000000 -262.474670
v 1539.333496 169.999878 -54.000046
v 1593.257690 170.000000 -299.974670
v 599.999939 170.000000 -259.333374
v 539.933289 170.000000 -200.000000
v 1593.257080 170.000000 699.975647
v 1459.333008 169.999878 452.200897
v 1459.332886 170.000000 600.000732
v 1443.333008 170.000000 643.334229
v 1419.999878 219.999985 620.000061
v 556.666260 170.000000 643.333313
v 539.933411 29.999996 237.999939
v 539.933411 29.999996 161.999969
v 600.000000 29.999996 200.000000
v 1400.000000 29.999876 430.000031
v 600.000000 29.999996 599.999939
v 600.000000 29.999996 -199.999954
v 1600.000244 29.999876 430.000122
v 1399.999756 29.999876 -30.000042
v 600.000000 0.000000 -199.999954
v 600.000000 0.000000 200.000000
v 1399.999878 0.000000 -200.000092
v 1399.999878 29.999996 -200.000092
v 1399.999756 -0.000095 -30.000042
v 1600.000244 29.999876 -30.000092
v 1600.000244 -0.000095 -30.000092
v 1599.924316 0.000000 -299.974640
v 600.000000 0.000000 599.999939
v 1399.999878 0.000000 600.000122
v 1400.000000 -0.000095 430.000031
v 1600.000244 -0.000095 430.000122
v 1599.924316 0.000000 699.974609
v 1399.999878 29.999996 600.000122
v 1580.000366 219.999878 -36.999153
v 1420.000244 219.999985 -219.999313
v 1599.924316 170.000000 -299.974640
v 1459.333252 169.999878 -52.200104
v 1420.000122 219.999878 -36.999275
v 1439.999878 170.000000 -259.333374
v 1459.333374 170.000000 -199.999969
v 1443.333374 170.000000 -243.333435
v 1580.000244 219.999878 437.000092
v 556.666687 170.000000 -243.333389
v 1540.257202 170.000000 662.475525
v 1539.333252 169.999878 454.000916
v 1599.924316 170.000000 699.974609
v 580.000427 219.999985 -220.000031
v 599.999451 170.000000 659.333374
v 1439.999512 170.000000 659.334106
v 580.000000 219.999985 619.999939
v 1420.000000 219.999878 437.000031
v 539.933228 170.000000 599.999878
v 580.000000 219.999985 199.999969
v 1579.924316 219.999985 699.974609
v 1579.924927 219.999985 -299.973694
v 600.000000 170.000000 200.000000
v 1400.000000 169.999878 437.000031
v 600.000000 170.000000 599.999939
v 600.000000 170.000000 -199.999969
v 1600.000244 169.999878 437.000092
v 1400.000244 169.999878 -36.999275
v 1399.999878 170.000000 -200.000092
v 1600.000366 169.999878 -36.999130
v 1399.999878 170.000000 600.000122
v 1459.999878 250.000000 660.000061
v 1530.000366 249.999878 -36.999203
v 1460.000244 250.000000 -259.999329
v 1460.000122 249.999878 -36.999226
v 1530.000244 249.999878 437.000092
v 540.000427 250.000000 -260.000092
v 540.000000 250.000000 660.000000
v 1460.000000 249.999878 437.000031
v 540.000000 250.000000 199.999954
v 1529.924316 250.000000 699.974670
v 1529.924927 250.000000 -299.973816
v 500.000061 250.000000 700.050049
v 499.999939 250.000000 -299.950073
v 1400.000122 250.000000 -520.050049
v 390.000092 250.000000 -520.049988
v 390.000000 250.000000 800.049988
v 1530.000000 250.000000 800.049988
v 1559.924316 250.000000 919.974609
v 499.999939 250.000000 900.049988
v 1040.000122 250.000000 980.049927
v 500.000000 250.000000 199.999924
v 390.000031 250.000000 199.999878
v 100.000000 29.999996 162.500000
v 100.000000 29.999996 237.500000
v 500.000000 170.000000 162.500000
v 533.333374 170.000000 200.000000
v 66.666603 169.999893 100.000046
v 66.666504 29.999891 100.000092
v 66.666504 29.999876 50.000095
v 66.666504 166.199066 50.000046
v 89.999863 29.999876 50.000095
v 89.999863 166.125397 50.250053
v 66.666702 170.000000 162.500000
v 66.666702 170.000000 137.500000
v 100.000000 170.000000 162.500000
v 66.666702 29.999996 162.500000
v 100.000092 166.051727 50.499535
v 100.000092 29.999876 49.999573
v 99.950119 30.074142 77.016106
v 99.950218 170.013885 77.005280
v 100.000000 187.000000 162.499481
v 500.000000 187.000000 162.499863
v 533.333313 170.000000 162.500000
v 66.666702 29.999996 137.500000
v 59.666634 29.999996 162.500000
v 59.666634 29.999996 137.500000
v 59.666634 170.000000 162.500000
v 59.666634 170.000000 137.500000
v 66.666603 169.999893 299.999939
v 99.999908 166.051727 349.499939
v 99.999908 29.999876 349.999908
v 66.666504 29.999891 299.999908
v 66.666504 29.999876 349.999908
v 66.666504 166.199066 349.999939
v 89.999863 29.999876 349.999908
v 89.999863 166.125397 349.749939
v 66.666702 170.000000 237.500000
v 66.666702 29.999996 262.500000
v 100.000000 170.000000 200.000000
v 100.000000 170.000000 237.500000
v 66.666702 29.999996 237.500000
v 99.950119 170.013885 322.994171
v 99.950027 30.074142 322.983368
v 100.000000 187.000000 237.500000
v 100.000000 190.000000 199.999741
v 500.000000 190.000000 199.999924
v 500.000000 170.000000 200.000000
v 500.000000 187.000000 237.500000
v 533.333313 170.000000 237.500000
v 66.666702 170.000000 262.500000
v 59.666634 29.999996 237.500000
v 59.666634 29.999996 262.500000
v 59.666634 170.000000 237.500000
v 59.666634 170.000000 262.500000
v 539.933411 170.000000 200.000000
v 540.333374 170.000000 162.500000
v 533.333313 29.999996 162.500000
v 500.000000 29.999996 162.500000
v 500.000000 29.999996 77.000008
v 500.000000 170.000000 77.000008
v 540.333374 170.000000 237.500000
v 500.000000 170.000000 237.500000
v 533.333313 29.999996 237.500000
v 500.000000 170.000000 323.000000
v 500.000000 29.999996 323.000000
v 500.000000 29.999996 237.500000
v -2.279472 170.720413 37.719917
v 72.576614 252.988297 37.016846
v 19.860458 230.989960 37.446739
v 100.000092 169.999908 36.051323
v -2.279663 170.720413 362.279449
v 72.576614 252.988297 362.983154
v 19.860458 230.989960 362.553253
v 99.999908 169.999908 363.948151
v 100.000000 252.999908 363.000000
v 100.000000 252.999908 36.999989
v 19.860458 230.989960 199.999695
v -2.279663 170.720413 199.999695
v 72.576614 252.988297 199.999725
v 100.000000 252.999908 199.999741
v -20.333433 29.999891 99.999451
v -20.333338 29.999876 49.999462
v -20.333338 9.999876 49.999462
v -20.333385 29.999996 162.500000
v -20.333385 29.999996 137.500000
v -20.333529 29.999891 299.999908
v -20.333529 29.999876 349.999908
v -20.333433 9.999890 99.999451
v -20.333385 29.999996 237.500000
v -20.333385 29.999996 262.500000
v -20.333385 9.999995 162.500000
v -20.333385 9.999995 137.500000
v -20.333529 9.999890 299.999908
v -20.333529 9.999876 349.999908
v -20.333385 9.999995 237.500000
v -20.333385 9.999995 262.500000
v 591.493347 177.676041 -0.000024
v 582.169617 177.676041 -12.832952
v 567.083618 177.676041 -7.931256
v 567.083618 177.676041 7.931149
v 582.169617 177.676041 12.832904
v 591.493347 22.823929 -0.000024
v 582.169617 22.823929 12.832904
v 567.083618 22.823929 7.931149
v 567.083618 22.823929 -7.931256
v 582.169617 22.823929 -12.832952
v 591.493469 177.676041 -99.999977
v 582.169678 177.676041 -112.832901
v 567.083679 177.676041 -107.931206
v 567.083679 177.676041 -92.068840
v 582.169678 177.676041 -87.167000
v 591.493469 22.823929 -99.999977
v 582.169678 22.823929 -87.167000
v 567.083679 22.823929 -92.068840
v 567.083679 22.823929 -107.931206
v 582.169678 22.823929 -112.832901
v 591.493103 177.676041 399.999969
v 582.169434 177.676041 412.832916
v 567.083435 177.676041 407.931244
v 567.083435 177.676041 392.068756
v 582.169434 177.676041 387.167053
v 591.493103 22.823929 399.999969
v 582.169434 22.823929 387.167053
v 567.083435 22.823929 392.068756
v 567.083435 22.823929 407.931244
v 582.169434 22.823929 412.832916
v 591.493164 177.676041 499.999908
v 582.169373 177.676041 512.832825
v 567.083435 177.676041 507.931152
v 567.083435 177.676041 492.068756
v 582.169373 177.676041 487.166992
v 591.493164 22.823929 499.999908
v 582.169373 22.823929 487.166992
v 567.083435 22.823929 492.068756
v 567.083435 22.823929 507.931152
v 582.169373 22.823929 512.832825
v 594.695068 177.676041 605.304382
v 597.176575 177.676041 620.971558
v 583.043091 177.676041 628.172852
v 571.826721 177.676041 616.956482
v 579.028015 177.676041 602.822998
v 594.695068 22.823929 605.304382
v 579.028015 22.823929 602.822998
v 571.826721 22.823929 616.956482
v 583.043091 22.823929 628.172852
v 597.176575 22.823929 620.971558
v 1199.999512 177.676041 608.507202
v 1212.832397 177.676041 617.830872
v 1207.930664 177.676041 632.916870
v 1192.068237 177.676041 632.916870
v 1187.166504 177.676041 617.830872
v 1199.999512 22.823929 608.507202
v 1187.166504 22.823929 617.830872
v 1192.068237 22.823929 632.916870
v 1207.930664 22.823929 632.916870
v 1212.832397 22.823929 617.830872
v 1299.999512 177.676041 608.507324
v 1312.832520 177.676041 617.830994
v 1307.930908 177.676041 632.916992
v 1292.068237 177.676041 632.916992
v 1287.166504 177.676041 617.830994
v 1299.999512 22.823929 608.507324
v 1287.166504 22.823929 617.830994
v 1292.068237 22.823929 632.916992
v 1307.930908 22.823929 632.916992
v 1312.832520 22.823929 617.830994
v 1405.304077 177.676041 605.305298
v 1420.971069 177.676041 602.823853
v 1428.172607 177.676041 616.957336
v 1416.956055 177.676041 628.173706
v 1402.822632 177.676041 620.972290
v 1405.304077 22.823929 605.305298
v 1402.822632 22.823929 620.972290
v 1416.956055 22.823929 628.173706
v 1428.172607 22.823929 616.957336
v 1420.971069 22.823929 602.823853
v 999.999512 177.676041 608.507019
v 1012.832336 177.676041 617.830688
v 1007.930664 177.676041 632.916687
v 992.068176 177.676041 632.916687
v 987.166504 177.676041 617.830688
v 999.999512 22.823929 608.507019
v 987.166504 22.823929 617.830688
v 992.068176 22.823929 632.916687
v 1007.930664 22.823929 632.916687
v 1012.832336 22.823929 617.830688
v 1099.999512 177.676041 608.507080
v 1112.832397 177.676041 617.830811
v 1107.930664 177.676041 632.916809
v 1092.068237 177.676041 632.916809
v 1087.166504 177.676041 617.830811
v 1099.999512 22.823929 608.507080
v 1087.166504 22.823929 617.830811
v 1092.068237 22.823929 632.916809
v 1107.930664 22.823929 632.916809
v 1112.832397 22.823929 617.830811
v 799.999512 177.676041 608.506836
v 812.832336 177.676041 617.830505
v 807.930664 177.676041 632.916504
v 792.068176 177.676041 632.916504
v 787.166504 177.676041 617.830505
v 799.999512 22.823929 608.506836
v 787.166504 22.823929 617.830505
v 792.068176 22.823929 632.916504
v 807.930664 22.823929 632.916504
v 812.832336 22.823929 617.830505
v 899.999512 177.676041 608.506897
v 912.832336 177.676041 617.830627
v 907.930664 177.676041 632.916626
v 892.068359 177.676041 632.916626
v 887.166504 177.676041 617.830627
v 899.999512 22.823929 608.506897
v 887.166504 22.823929 617.830627
v 892.068359 22.823929 632.916626
v 907.930664 22.823929 632.916626
v 912.832336 22.823929 617.830627
v 699.999634 177.676041 608.506714
v 712.832520 177.676041 617.830444
v 707.930847 177.676041 632.916443
v 692.068359 177.676041 632.916443
v 687.166687 177.676041 617.830444
v 699.999634 22.823929 608.506714
v 687.166687 22.823929 617.830444
v 692.068359 22.823929 632.916443
v 707.930847 22.823929 632.916443
v 712.832520 22.823929 617.830444
v 594.695496 177.676041 -205.304382
v 597.176941 177.676041 -220.971542
v 583.043457 177.676041 -228.172928
v 571.827148 177.676041 -216.956573
v 579.028442 177.676041 -202.823059
v 594.695496 22.823929 -205.304382
v 579.028442 22.823929 -202.823059
v 571.827148 22.823929 -216.956573
v 583.043457 22.823929 -228.172928
v 597.176941 22.823929 -220.971542
v 1199.999878 177.676041 -208.506638
v 1212.832764 177.676041 -217.830322
v 1207.931030 177.676041 -232.916306
v 1192.068604 177.676041 -232.916306
v 1187.166870 177.676041 -217.830322
v 1199.999878 22.823929 -208.506638
v 1187.166870 22.823929 -217.830322
v 1192.068604 22.823929 -232.916306
v 1207.931030 22.823929 -232.916306
v 1212.832764 22.823929 -217.830322
v 1299.999878 177.676041 -208.506638
v 1312.832886 177.676041 -217.830322
v 1307.931274 177.676041 -232.916351
v 1292.068604 177.676041 -232.916351
v 1287.166870 177.676041 -217.830322
v 1299.999878 22.823929 -208.506638
v 1287.166870 22.823929 -217.830322
v 1292.068604 22.823929 -232.916351
v 1307.931274 22.823929 -232.916351
v 1312.832886 22.823929 -217.830322
v 1405.304443 177.676041 -205.304535
v 1420.971436 177.676041 -202.823059
v 1428.172974 177.676041 -216.956573
v 1416.956421 177.676041 -228.172974
v 1402.822998 177.676041 -220.971542
v 1405.304443 22.823929 -205.304535
v 1402.822998 22.823929 -220.971542
v 1416.956421 22.823929 -228.172974
v 1428.172974 22.823929 -216.956573
v 1420.971436 22.823929 -202.823059
v 999.999878 177.676041 -208.506638
v 1012.832764 177.676041 -217.830322
v 1007.931030 177.676041 -232.916306
v 992.068604 177.676041 -232.916306
v 987.166870 177.676041 -217.830322
v 999.999878 22.823929 -208.506638
v 987.166870 22.823929 -217.830322
v 992.068604 22.823929 -232.916306
v 1007.931030 22.823929 -232.916306
v 1012.832764 22.823929 -217.830322
v 1099.999878 177.676041 -208.506638
v 1112.832764 177.676041 -217.830322
v 1107.931030 177.676041 -232.916351
v 1092.068604 177.676041 -232.916351
v 1087.166870 177.676041 -217.830322
v 1099.999878 22.823929 -208.506638
v 1087.166870 22.823929 -217.830322
v 1092.068604 22.823929 -232.916351
v 1107.931030 22.823929 -232.916351
v 1112.832764 22.823929 -217.830322
v 799.999878 177.676041 -208.506638
v 812.832764 177.676041 -217.830322
v 807.931030 177.676041 -232.916306
v 792.068604 177.676041 -232.916306
v 787.166870 177.676041 -217.830322
v 799.999878 22.823929 -208.506638
v 787.166870 22.823929 -217.830322
v 792.068604 22.823929 -232.916306
v 807.931030 22.823929 -232.916306
v 812.832764 22.823929 -217.830322
v 899.999878 177.676041 -208.506638
v 912.832764 177.676041 -217.830322
v 907.931030 177.676041 -232.916351
v 892.068787 177.676041 -232.916351
v 887.166870 177.676041 -217.830322
v 899.999878 22.823929 -208.506638
v 887.166870 22.823929 -217.830322
v 892.068787 22.823929 -232.916351
v 907.931030 22.823929 -232.916351
v 912.832764 22.823929 -217.830322
v 700.000000 177.676041 -208.506638
v 712.832947 177.676041 -217.830368
v 707.931213 177.676041 -232.916351
v 692.068787 177.676041 -232.916351
v 687.167053 177.676041 -217.830368
v 700.000000 22.823929 -208.506638
v 687.167053 22.823929 -217.830368
v 692.068787 22.823929 -232.916351
v 707.931213 22.823929 -232.916351
v 712.832947 22.823929 -217.830368
v 1407.156738 171.250565 470.000854
v 1417.413086 171.250565 455.884613
v 1434.007690 171.250565 461.276520
v 1434.007690 171.250565 478.725159
v 1417.412964 171.250565 484.117065
v 1407.156738 29.249250 470.000854
v 1417.412964 29.249250 484.117065
v 1434.007690 29.249250 478.725159
v 1434.007690 29.249239 461.276520
v 1417.413086 29.249239 455.884613
v 1407.156982 171.250565 -70.000076
v 1417.413330 171.250565 -55.883835
v 1434.007812 171.250565 -61.275768
v 1434.007812 171.250565 -78.724380
v 1417.413086 171.250565 -84.116318
v 1407.156982 29.249250 -70.000076
v 1417.413086 29.249250 -84.116318
v 1434.007812 29.249250 -78.724380
v 1434.007812 29.249239 -61.275768
v 1417.413330 29.249239 -55.883835
v 591.493347 177.676041 99.999931
v 582.169556 177.676041 112.832878
v 567.083618 177.676041 107.931152
v 566.537781 174.463303 85.396591
v 591.493347 22.823929 99.999931
v 566.537781 22.036583 85.396591
v 567.083618 22.823929 107.931152
v 582.169556 22.823929 112.832878
v 592.842834 171.250565 70.000076
v 582.586792 171.250565 55.883812
v 565.992004 171.250565 61.275780
v 592.842834 23.249250 70.000076
v 565.992004 23.249239 61.275780
v 582.586792 23.249239 55.883812
v 591.493286 177.676041 300.000031
v 582.169495 177.676041 287.167084
v 567.083496 177.676041 292.068756
v 566.537720 174.463303 314.603333
v 591.493286 22.823929 300.000031
v 566.537720 22.036583 314.603333
v 567.083496 22.823929 292.068756
v 582.169495 22.823929 287.167084
v 592.842712 171.250565 329.999878
v 582.586548 171.250565 344.116150
v 565.991943 171.250565 338.724121
v 592.842712 23.249250 329.999878
v 565.991943 23.249239 338.724121
v 582.586548 23.249239 344.116150
v 1591.493286 177.676041 -66.000053
v 1582.169556 177.676041 -53.167130
v 1567.083496 177.676041 -58.068848
v 1566.537720 174.463303 -80.603409
v 1591.493286 22.823929 -66.000053
v 1566.537720 22.036583 -80.603409
v 1567.083496 22.823929 -58.068848
v 1582.169556 22.823929 -53.167130
v 1592.842896 171.250565 -95.999908
v 1582.586792 171.250565 -110.116196
v 1565.992065 171.250565 -104.724213
v 1592.842896 23.249250 -95.999908
v 1565.992065 23.249239 -104.724213
v 1582.586792 23.249239 -110.116196
v 1591.493164 177.676041 466.001038
v 1582.169312 177.676041 453.167999
v 1567.083374 177.676041 458.069763
v 1566.537598 174.463303 480.604309
v 1591.493164 22.823929 466.001038
v 1566.537598 22.036583 480.604309
v 1567.083374 22.823929 458.069763
v 1582.169312 22.823929 453.167999
v 1592.842529 171.250565 496.000854
v 1582.586426 171.250565 510.117096
v 1565.991699 171.250565 504.725128
v 1592.842529 23.249250 496.000854
v 1565.991699 23.249239 504.725128
v 1582.586426 23.249239 510.117096
v 9.638500 183.559540 100.897125
v 19.934320 183.559540 114.479759
v 36.033726 183.559540 108.885239
v 36.128853 180.107544 84.665451
v 9.638500 17.174500 100.897125
v 36.128853 16.328514 84.665451
v 36.033726 17.174500 108.885239
v 19.934320 17.174500 114.479759
v 7.534933 176.655502 68.699013
v 18.244934 176.655502 53.310978
v 36.189415 176.655502 58.741631
v 7.534933 17.631500 68.699013
v 36.189415 17.631489 58.741631
v 18.244934 17.631489 53.310978
v 9.638405 183.559540 299.102295
v 19.934225 183.559540 285.519623
v 36.033630 183.559540 291.114166
v 36.128761 180.107544 315.333923
v 9.638405 17.174500 299.102295
v 36.128761 16.328514 315.333923
v 36.033630 17.174500 291.114166
v 19.934225 17.174500 285.519623
v 7.534838 176.655502 331.300354
v 18.244743 176.655502 346.688416
v 36.189316 176.655502 341.257751
v 7.534838 17.631500 331.300354
v 36.189316 17.631489 341.257751
v 18.244743 17.631489 346.688416
v 1357.979248 24.000000 220.820663
v 1352.821411 24.000000 217.026337
v 1346.817871 24.000000 206.211685
v 1363.843994 24.000000 223.390274
v 1370.157349 24.000000 223.769211
v 1349.336670 24.000000 211.748413
v 1346.230835 24.000000 200.157303
v 1346.609619 24.000000 193.844086
v 1349.179199 24.000000 187.979202
v 1352.973633 24.000000 182.821381
v 1358.251709 24.000000 179.336624
v 1369.842651 24.000000 176.230789
v 1376.156006 24.000000 176.609726
v 1382.020630 24.000000 179.179337
v 1363.788330 24.000000 176.817795
v 1387.178467 24.000000 182.973709
v 1390.663452 24.000000 188.251602
v 1393.390381 24.000000 206.155914
v 1393.182251 24.000000 193.788345
v 1393.769165 24.000000 199.842728
v 1387.026367 24.000000 217.178604
v 1376.211670 24.000000 223.182251
v 1390.820801 24.000000 212.020798
v 1381.748291 24.000000 220.663376
v 1363.843994 57.240593 223.390274
v 1370.157349 57.240593 223.769211
v 1349.336670 57.240593 211.748413
v 1349.179199 57.240593 187.979202
v 1346.609619 57.240593 193.844086
v 1352.973633 57.240593 182.821381
v 1358.251709 57.240593 179.336624
v 1376.156006 57.240593 176.609726
v 1369.842651 57.240593 176.230789
v 1382.020630 57.240593 179.179337
v 1390.663452 57.240593 188.251602
v 1387.178467 57.240593 182.973709
v 1387.026367 57.240593 217.178604
v 1390.820801 57.240593 212.020798
v 1370.001343 56.615650 200.000000
v 1357.979248 57.240593 220.820663
v 1376.211670 57.240593 223.182251
v 1352.821411 57.240593 217.026337
v 1346.817871 57.240593 206.211685
v 1346.230835 57.240593 200.157303
v 1363.788330 57.240593 176.817795
v 1393.182251 57.240593 193.788345
v 1393.390381 57.240593 206.155914
v 1393.769165 57.240593 199.842728
v 1381.748291 57.240593 220.663376
v 1370.000366 23.999977 199.999954
v -299.573425 24.689043 -99.977539
v -303.952881 15.075075 101.985672
v -200.143723 17.653297 -0.006628
v -196.756561 26.649368 -99.971535
v -199.971680 15.419579 101.720688
v -100.365593 16.347813 200.116272
v -199.966095 15.419590 199.989670
v -307.946167 14.930248 204.983444
v -301.941833 14.533830 299.982178
v -199.960190 15.558969 299.988159
v -98.050262 20.915794 300.175415
v -299.936340 15.198135 399.980469
v -199.948700 16.427946 499.984467
v -199.954468 20.224226 399.986542
v -299.924744 17.349361 599.977356
v -199.937775 17.847597 689.981628
v -42.897987 46.761574 -99.841927
v -118.137833 31.785084 0.074816
v -121.477417 30.032372 -99.938293
v -100.371170 15.419567 100.118088
v -30.047131 37.896477 0.139380
v -10.830879 18.623888 100.264526
v -9.838390 22.853315 200.262039
v -6.986713 34.098351 302.949707
v 88.724899 25.168407 315.450989
v -100.163223 34.807861 400.088074
v 4.132080 62.896847 422.382538
v -99.960754 17.345715 599.989075
v -99.966621 21.340788 499.990784
v -400.052795 22.927784 -99.983170
v -499.917236 13.298273 -0.026464
v -498.681915 13.779378 -99.714470
v -299.959473 15.767204 -0.012255
v -404.929535 13.346958 100.288750
v -399.940674 14.189375 -0.018406
v -509.999512 22.379707 210.302765
v -498.665619 13.032209 95.973610
v -410.117950 22.715998 209.999542
v -410.112854 23.082685 300.036224
v -410.107147 24.305416 400.034607
v -299.930756 16.204988 499.978973
v -410.101135 26.156569 500.032898
v -410.095581 28.146315 600.031006
v -410.089386 29.983271 700.029785
v -299.919495 18.553209 689.975525
v 62.983227 51.406052 366.332947
v -199.942825 17.092300 599.983215
v -99.956223 17.660009 679.987549
v -506.244934 34.193195 710.001282
v -601.011658 13.604760 -0.032377
v -581.199768 9.720648 209.989548
v -591.014160 13.454723 97.198509
v -650.996521 0.083137 209.925217
v -661.307800 30.257177 110.062172
v -791.549377 46.618450 100.138260
v -909.840942 51.360737 120.212105
v -1090.034424 12.055195 79.175354
v -711.318420 31.837357 130.065567
v -721.174072 10.707533 209.981750
v -801.159790 11.643863 209.976654
v -911.139648 12.691712 209.970215
v -1089.995117 18.190193 199.998215
v -704.609863 25.039970 809.880249
v -1193.407959 36.939228 704.204346
v -1166.042725 48.319496 505.231659
v -1089.959473 21.336056 399.987427
v -1089.953247 23.050940 499.985565
v -1080.158569 29.474640 700.050903
v -911.109802 26.812601 719.999573
v -1089.947754 24.685537 599.983521
v -811.128052 24.579466 720.005676
v -611.164429 21.502518 720.017700
v -711.146423 22.402906 720.011597
v -1089.965210 18.770992 299.989349
v -990.012756 14.823235 209.965683
v -565.494080 26.844692 551.000122
v -454.999878 20.201374 257.000488
v -455.446381 20.886684 349.983734
v -989.982971 28.906929 719.995117
v -199.968857 15.419590 150.855225
v -150.165695 15.419567 200.053116
v -150.255402 15.536415 300.081909
v -199.951553 18.236374 449.985687
v -199.957230 17.936874 349.987518
v -249.945358 15.702545 399.983734
v -120.776176 30.954277 -49.931908
v -37.464619 43.949173 -49.851273
v 9.913063 31.696833 0.176525
v -74.075462 43.329002 0.107002
v -82.037643 38.399853 -99.890282
v -109.302521 24.265469 50.096416
v 28.268433 27.987242 100.286774
v -10.827827 23.379290 150.263184
v 49.100780 32.002926 314.991089
v 0.549126 48.384773 363.319122
v -50.419380 47.652687 411.448334
v -99.963905 17.321074 549.990112
v -499.299438 13.580477 -49.870205
v -402.435303 13.784325 50.135277
v -400.018036 21.077229 -49.994324
v -349.950226 14.858782 -0.015688
v -449.929199 13.627505 -0.022602
v -449.420319 19.649696 -99.832062
v -504.999451 17.369270 153.135803
v -159.062958 24.607658 -99.971581
v -251.962280 15.728437 101.852844
v -200.057739 16.317535 50.857018
v -199.485916 24.649847 -49.982117
v -159.187027 24.709785 0.033665
v -248.345139 25.665771 -99.974350
v -150.171417 15.419579 100.919434
v -110.872795 25.308441 -200.096802
v -100.018265 17.689884 250.146225
v -250.951141 15.518427 299.984985
v -199.963196 15.426720 249.988907
v -100.368309 15.727830 150.117233
v -300.939087 14.791632 349.981628
v -100.064896 29.814602 450.021606
v -150.058701 29.165459 400.019745
v -99.425461 31.495655 350.114380
v -149.957565 18.758202 499.987701
v -354.441345 14.082634 101.137253
v -304.943848 14.720511 252.482727
v -301.956360 15.420687 50.986336
v -55.601025 15.419567 100.191452
v -20.634174 30.954588 50.201462
v -55.675411 28.036022 300.177429
v -3.881741 25.871717 254.989594
v -55.594971 29.575432 200.189545
v -46.796989 38.837875 510.114716
v -40.070248 40.061890 699.830994
v -451.797760 13.086212 98.130989
v -499.291504 13.202990 47.973633
v -253.956085 15.419590 202.486465
v -305.949463 14.904987 153.484085
v -17.687321 54.501366 -99.796486
v 32.694244 15.086913 203.631775
v 68.199921 19.929552 150.308731
v 78.208160 11.804808 263.208405
v -31.509495 39.437901 -200.015884
v -350.061554 23.729622 -99.980354
v -300.036560 22.732746 -49.988174
v -250.051926 16.718746 -0.009775
v -410.098267 27.232647 550.032349
v -354.909241 19.164253 694.972351
v -410.104279 25.165771 450.034058
v -410.109955 23.603964 350.035461
v -354.920715 16.234446 499.975494
v -410.092590 29.071163 650.030640
v -299.928619 19.817066 735.960571
v -410.115295 22.781908 255.018204
v -299.927673 16.760159 549.977905
v -249.928528 18.157959 689.978943
v -454.486176 22.373093 210.150955
v -359.024048 18.098248 207.489197
v -299.933563 15.699947 449.979919
v -249.939438 16.263521 499.981750
v -299.922089 17.915844 644.976746
v -407.515625 17.637085 155.141800
v -354.926636 14.765633 399.977600
v -355.932007 13.804030 299.979126
v -354.914917 17.695868 599.974365
v -404.897064 20.806562 749.968445
v 82.748505 40.007042 343.534882
v -199.936005 18.200314 724.980652
v -199.940247 17.470884 644.982422
v -55.299805 34.961140 600.096191
v -199.945786 16.721678 549.983887
v -149.951981 17.155600 599.986267
v -249.933716 17.150652 599.980713
v -20.150471 43.670525 634.856018
v -100.084923 24.849642 715.028076
v -64.809509 26.143372 674.747986
v -99.958801 17.487240 639.988159
v -149.947021 17.680000 684.984314
v -507.606506 21.451437 774.375061
v -601.089294 17.231810 -50.007866
v -550.464539 13.342869 -0.029230
v -544.839783 13.150919 96.585846
v -586.011719 12.857855 153.563766
v -596.012756 13.595211 48.583031
v -564.999512 10.226334 210.146332
v -549.924561 17.210411 -99.848793
v -656.057007 16.403687 159.963272
v -671.442993 37.788666 65.104721
v -626.161011 21.806072 103.630325
v -641.295044 29.309452 10.057497
v -736.563782 45.832397 60.142944
v -716.151306 22.470261 169.993134
v -761.166809 11.150670 209.979156
v -910.395020 32.760368 165.060928
v -1090.014893 20.887493 139.586761
v -1135.188477 28.700172 199.975586
v -796.259521 30.411280 155.027557
v -751.433777 39.161705 115.102097
v -686.085205 5.366707 209.953140
v -686.313171 31.051231 120.063805
v -1180.177490 30.990374 244.972107
v -863.090881 30.337132 839.676453
v -1190.678467 43.823135 653.508118
v -1089.956299 22.563421 449.986694
v -1136.687988 38.856159 702.097534
v -1127.997925 41.809059 502.608673
v -1082.778687 45.835938 738.716309
v -1084.957397 26.449549 649.986938
v -1089.950806 23.572613 549.984619
v -912.483704 34.208252 779.590149
v -950.546570 27.895414 719.997803
v -1138.947876 43.716240 601.397339
v -1120.522461 32.722664 400.004395
v -1001.305664 43.316067 770.995361
v -1035.070679 24.397230 710.022949
v -661.155823 21.921385 720.014404
v -608.700928 23.673512 774.369019
v -861.118896 25.817871 720.002625
v -707.782776 24.706400 764.915771
v -811.535767 24.287832 780.028564
v -761.137329 23.495113 720.008179
v -1089.962402 20.301842 349.988403
v -1134.969604 29.671692 294.990814
v -1089.980103 18.206978 249.993729
v -616.098267 4.867589 209.957199
v -629.698181 27.041685 -85.924149
v -565.626038 24.545347 715.029602
v -456.071228 29.746532 706.252319
v -856.149597 11.908913 209.973572
v -1039.908691 11.439848 204.951523
v -950.576233 13.700938 209.967896
v -997.898560 23.399246 154.799622
v -565.491211 23.827982 600.999084
v -565.497192 25.289762 501.001160
v -454.821289 23.807514 500.002899
v -565.502808 26.000011 401.002777
v -563.676270 24.261797 300.037384
v -454.821411 26.383591 600.002258
v -454.821198 21.702135 400.002350
v -455.946075 20.271469 299.983551
v -1043.956421 22.116779 147.192902
v -558.153992 22.568691 774.372009
v -1127.745728 31.179798 347.497284
v -1135.078979 27.672625 247.482773
v -1042.042480 44.842041 754.855957
v -658.241699 24.521219 769.642578
v -759.659302 24.217808 772.472168
v -862.009705 29.126381 779.809265
v -956.894653 38.529121 775.292786
v -1129.749634 46.772766 739.890259
v -1137.817993 41.093624 651.747498
v -1133.473267 42.330215 552.003174
v -1124.260376 39.005161 451.306824
v -686.103943 19.429409 164.978058
v -711.438538 38.474274 90.103317
v -1127.867554 24.530209 152.277084
v -954.146790 27.919662 159.930130
v -853.326904 31.930054 160.044342
v -756.205200 26.384794 162.510391
v -635.496521 28.221512 -37.933350
v -633.728149 25.629128 56.843948
v -621.034302 14.594531 156.763718
v -549.999512 12.855185 153.335861
v -547.652039 13.297808 48.278427
v -550.194641 15.339243 -49.939110
v -454.000000 20.999981 763.001221
v -70.077515 32.421875 707.429199
v -60.054825 30.473305 637.422241
v -150.010208 21.347845 720.004761
v -149.949463 17.392588 642.485413
v 45.526123 46.219299 351.240265
v -352.413025 20.282316 742.964478
v -354.912231 18.414938 647.473633
v -354.917847 16.949785 549.974915
v -354.923401 15.455127 449.976837
v -355.429260 14.204764 349.978455
v -357.434448 13.578868 253.720383
v -70.971916 32.377338 -200.056458
v -6.131268 51.052582 -199.947113
v -453.133972 17.351294 154.138702
v -356.776581 18.345785 154.326721
v -450.863281 13.383615 49.054573
v -352.195740 14.476955 50.560951
v -449.696289 17.789328 -49.920700
v -350.027313 21.800529 -49.991272
v -51.048515 36.320518 555.105652
v -48.627377 44.035255 461.006012
v -52.040005 38.934456 354.339264
v -55.406189 33.177757 250.183441
v 43.542767 14.534056 265.686035
v -55.598213 27.142572 150.190216
v 28.685856 20.921516 150.285812
v -64.968399 31.170797 50.149010
v 18.874931 32.599747 50.231361
v -79.026123 38.019073 -49.891281
v -4.892635 47.296535 -49.810028
v -249.932190 18.895304 730.471008
v -249.931290 17.641937 644.979553
v -249.936493 16.680836 549.981140
v -149.954742 16.904640 549.987305
v -249.942688 15.900051 449.982605
v -150.008484 23.314739 450.003632
v -250.448227 15.575731 349.984497
v -150.157257 24.803925 350.050720
v -252.453751 15.394699 251.235916
v -150.210663 15.419567 250.067230
v -252.959259 15.566456 152.169662
v -150.168564 15.419567 150.486755
v -251.007080 16.146791 50.922058
v -154.680344 20.460987 50.476551
v -249.988937 23.686945 -49.985123
v -160.121872 24.787939 -49.968910
v 6.372738 58.507706 520.238708
v -29.662609 34.718311 669.509033
v 71.503258 14.907932 205.473251
v -601.166931 20.722734 -99.983170
v -1085.589355 49.867355 777.441895
v -1160.031982 60.075249 777.925415
v -399.895081 21.799028 799.968262
v -299.937592 20.988882 781.945496
v -100.213196 32.127834 750.068481
v -505.333771 20.739317 828.786682
v -1180.381714 26.910210 199.952957
v -50.478172 45.485149 730.152466
v -681.578735 45.168159 20.147657
v -606.427979 23.311377 828.781128
v -1005.974854 32.044647 99.693321
v -2.132893 55.575157 560.221313
v -75.345566 38.787876 740.110474
v -1049.204102 52.832924 799.749023
v -1048.004761 21.975254 89.434341
v -850.695129 49.017715 110.175087
v -669.903931 39.260303 -25.858927
v 19.488239 62.671864 -199.878311
v 840.010254 20.327496 400.014221
v 740.010254 22.108532 400.007782
v 640.004456 24.798882 300.002106
v 640.010437 24.194181 400.002380
v 740.004639 22.713232 300.008057
v 840.004517 20.930172 300.013733
v 594.015320 23.241066 399.999512
v 640.007690 24.496532 350.002197
v 740.001770 23.015558 250.008270
v 840.001709 21.232521 250.014328
v 790.004150 19.978762 300.010864
v 740.007874 22.410858 350.008148
v 840.007812 20.627821 350.013733
v 594.009888 23.845757 299.999817
v 690.004639 25.752008 300.005005
v 690.010437 25.147320 400.004639
v 640.001953 25.101208 250.002502
v 790.001892 20.281113 250.011353
v 690.001953 26.054371 250.005096
v 594.007019 24.148106 249.999619
v 690.007690 25.449669 350.005188
v 594.012329 23.543394 350.000183
v 790.007385 19.676411 350.010956
v 840.007996 20.230949 200.013855
v 740.008057 22.013987 200.008179
v 640.002258 24.704372 100.002121
v 640.008240 24.099659 200.002502
v 740.002075 22.618734 100.007797
v 840.001892 20.835649 100.013565
v 790.007996 19.279564 200.011154
v 594.013306 23.146534 199.999420
v 640.004944 24.402010 150.001938
v 594.001221 24.355936 -0.001335
v 739.999390 22.921026 50.007774
v 839.999023 21.137978 50.013542
v 790.001892 19.884253 100.010681
v 740.005310 22.316324 150.007980
v 840.005127 20.533298 150.013565
v 594.006897 23.751236 99.999146
v 690.002441 25.657499 100.005005
v 690.008240 25.052822 200.004715
v 639.999573 25.006712 50.002193
v 789.999207 20.186604 50.010872
v 689.999573 25.959850 50.004723
v 594.004272 24.053585 49.999237
v 690.005310 25.355148 150.004913
v 594.009766 23.448872 149.999329
v 790.005127 19.581902 150.010864
v 840.007812 20.232904 0.013447
v 740.007996 22.013998 0.007439
v 640.001953 24.704361 -99.998093
v 640.007568 24.099672 0.001526
v 639.996643 25.309063 -199.998383
v 740.001953 26.610624 -99.992607
v 739.996033 27.215313 -199.992508
v 840.001465 28.516901 -99.986839
v 839.996338 29.121578 -199.986557
v 790.007996 19.279634 0.010777
v 640.004822 24.402023 -49.998379
v 594.001282 24.355936 -200.001663
v 739.999084 26.912964 -149.992798
v 689.996460 26.262199 -199.995667
v 839.999573 28.819239 -149.986450
v 790.001709 27.563751 -99.989464
v 740.005005 22.317266 -49.992371
v 840.004761 24.223577 -49.986649
v 594.007019 23.751247 -100.001099
v 690.002563 25.657499 -99.995331
v 690.007812 25.052786 0.004482
v 639.999268 25.006712 -149.998474
v 789.996338 28.168451 -199.989609
v 789.999573 27.866100 -149.989563
v 689.999268 25.959837 -149.995422
v 594.004150 24.053574 -150.001389
v 690.005188 25.355137 -49.995468
v 594.009888 23.448885 -50.000908
v 790.004517 23.270405 -49.989128
v 840.008362 27.912199 600.014404
v 740.009033 26.005924 600.008911
v 640.002441 24.704361 500.001709
v 640.008423 24.099672 600.002869
v 740.002258 26.610624 500.007782
v 840.002441 28.516888 500.013733
v 790.008728 26.959074 600.012024
v 594.012756 23.146534 599.999268
v 640.005310 24.402023 550.002014
v 739.999756 22.922028 450.007477
v 839.999207 24.828279 450.013733
v 790.001892 27.563763 500.011047
v 740.005859 26.308273 550.008606
v 840.006042 28.214539 550.014709
v 594.007080 23.751247 499.998749
v 690.002808 25.657499 500.004639
v 690.009033 25.052797 600.005798
v 639.999756 25.006712 450.002197
v 789.997070 20.489025 400.011353
v 789.999207 23.875118 450.010681
v 689.999573 25.959837 450.004517
v 594.004639 24.053574 449.999237
v 690.005676 25.355137 550.004883
v 594.009949 23.448896 549.999023
v 790.005493 27.261412 550.012024
v 1140.010620 20.327509 400.014343
v 1040.010864 18.420994 400.008301
v 940.004517 17.117643 300.002045
v 940.010254 16.514730 400.002533
v 1040.004395 19.023895 300.008118
v 1140.004395 20.930159 300.014191
v 1090.010498 19.374132 400.011505
v 940.007385 16.815304 350.002350
v 1040.001831 19.326246 250.008514
v 1140.001465 21.232510 250.013901
v 1090.003906 19.977020 300.011200
v 1040.007568 18.721558 350.008118
v 1140.007568 20.627832 350.013336
v 890.009277 16.164516 299.999481
v 990.004761 18.070782 300.004944
v 990.010864 17.467869 400.005249
v 940.002075 17.419994 250.002548
v 1090.001709 20.279371 250.010818
v 990.002441 18.373119 250.005341
v 890.006653 16.466867 249.999283
v 990.007568 17.768431 350.005157
v 890.012146 15.862179 349.999756
v 1090.007568 19.674683 350.011292
v 1140.007935 20.230961 200.013702
v 1040.007935 18.324697 200.007660
v 940.002075 17.023123 100.002167
v 940.008179 16.418434 200.001602
v 1040.002686 18.929375 100.007942
v 1140.002441 20.835649 100.013611
v 1090.008301 19.277822 200.010544
v 890.013123 15.465319 199.999100
v 940.005676 16.720783 150.002167
v 1039.999756 19.231737 50.007629
v 1139.999634 21.138000 50.013779
v 1090.002197 19.882500 100.011108
v 1040.005493 18.627035 150.008133
v 1140.005127 20.533287 150.013428
v 890.007385 16.070007 99.999001
v 990.002625 17.976261 100.004959
v 990.008728 17.371571 200.005249
v 939.999207 17.325460 50.001862
v 1089.999390 20.184862 50.010826
v 989.999573 18.278599 50.004814
v 890.004761 16.372358 49.999001
v 990.005859 17.673910 150.004959
v 890.010437 15.767658 149.999664
v 1090.005127 19.580173 150.011398
v 1140.007812 20.232904 0.013447
v 1040.007935 18.326485 0.007296
v 940.001892 24.704361 -99.998138
v 940.008179 16.420233 0.001526
v 939.996704 25.309074 -199.998383
v 1040.002441 26.610624 -99.992325
v 1039.996704 27.215326 -199.992371
v 1140.001709 28.516888 -99.986458
v 1139.996704 29.121601 -199.986786
v 1090.008179 19.279648 0.010347
v 890.012939 15.467226 -0.000906
v 940.005127 20.411074 -49.998474
v 890.000916 24.355925 -200.001053
v 1039.999390 26.912975 -149.992416
v 989.997070 26.262199 -199.995468
v 1139.999634 28.819227 -149.986557
v 1090.001831 27.563751 -99.989555
v 1040.005737 22.317314 -49.992657
v 1140.005493 24.223614 -49.986935
v 890.006836 23.751223 -100.001144
v 990.002075 25.657475 -99.995277
v 990.007996 17.373371 0.004292
v 939.999573 25.006723 -149.998138
v 1089.996948 28.168476 -199.989410
v 1089.999146 27.866114 -149.989410
v 989.999573 25.959837 -149.995087
v 890.004150 24.053574 -150.001343
v 990.005310 21.364176 -49.995567
v 890.009888 19.457876 -50.000954
v 1090.005249 23.270428 -49.989510
v 1140.007812 27.912188 600.014099
v 1040.008545 26.005947 600.008667
v 940.002625 24.704372 500.003113
v 940.008545 24.099684 600.003357
v 1040.002808 26.610624 500.009064
v 1140.002197 28.516888 500.014343
v 1090.008545 26.959085 600.011780
v 890.013123 23.146545 600.000244
v 940.005676 24.402035 550.003174
v 890.001282 16.676676 399.998810
v 1040.000122 22.922016 450.008667
v 1139.999756 24.828255 450.014069
v 1090.002197 27.563751 500.012146
v 1040.005737 26.308298 550.009277
v 1140.005493 28.214550 550.014465
v 890.007568 23.751259 500.000336
v 990.002991 25.657522 500.006775
v 990.008545 25.052811 600.005615
v 939.999573 21.015751 450.002808
v 1089.999756 23.875177 450.011963
v 989.999756 21.968819 450.005737
v 890.004333 20.062649 449.999390
v 990.005676 25.355171 550.006287
v 890.010620 23.448908 550.000732
v 1090.005249 27.261412 550.011597
v 1440.008301 27.912188 600.014282
v 1340.008789 26.005924 600.008850
v 1240.002441 24.704350 500.002686
v 1240.008545 24.099672 600.002930
v 1340.002686 26.610624 500.008545
v 1440.002197 28.516865 500.013916
v 1390.008789 26.959061 600.011841
v 1190.013184 23.146523 599.999695
v 1240.005737 24.402010 550.002747
v 1340.000122 26.912964 450.009094
v 1390.002197 27.563726 500.011627
v 1340.005493 26.308273 550.008789
v 1440.005737 28.214539 550.014893
v 1190.007568 23.751247 500.000092
v 1290.003052 25.657499 500.006348
v 1290.008789 25.052797 600.005859
v 1239.999756 21.015787 450.003235
v 1389.996704 28.168440 400.012024
v 1390.000000 27.866089 450.012024
v 1290.000122 25.959826 450.006042
v 1190.005249 20.062614 450.000488
v 1290.005493 25.355137 550.005798
v 1190.010864 23.448896 550.000183
v 1390.005493 27.261400 550.011841
v 1340.008301 26.005924 400.008789
v 1240.002197 20.712387 300.002228
v 1240.008301 20.107674 400.003632
v 1340.002197 26.610613 300.007416
v 1190.012939 15.467095 399.999908
v 1240.005127 20.410084 350.002502
v 1340.000000 26.912964 250.007889
v 1390.002441 27.563740 300.012024
v 1340.005859 26.308262 350.009216
v 1190.007202 16.071724 299.999237
v 1290.002197 25.657475 300.005188
v 1290.008789 25.052797 400.005585
v 1239.999634 21.014763 250.002029
v 1390.003052 27.866077 250.011536
v 1289.999634 25.959826 250.005005
v 1190.004517 16.374100 249.999054
v 1290.005249 25.355137 350.005676
v 1190.010010 15.769398 349.999512
v 1390.005493 27.261412 350.011536
v 1340.008179 26.005936 200.007599
v 1240.002075 20.712412 100.002220
v 1240.007568 20.107698 200.001938
v 1239.996582 21.316778 0.001955
v 1340.002441 26.610613 100.008179
v 1390.015991 30.740250 200.011261
v 1190.013184 15.467048 199.999527
v 1240.005127 20.410072 150.001556
v 1339.999390 30.002392 50.007820
v 1390.001709 27.563726 100.011536
v 1340.005127 26.308287 150.008362
v 1190.006592 16.071712 99.999283
v 1290.002441 25.657486 100.005005
v 1290.007935 25.052797 200.004822
v 1239.999390 21.014786 50.002193
v 1389.999146 30.955517 50.011780
v 1289.999756 25.959837 50.004864
v 1190.004517 16.374075 49.999619
v 1290.005249 25.355125 150.005203
v 1190.010254 15.769375 149.999237
v 1390.007935 31.042599 150.011444
v 1390.010254 27.053583 -199.989273
v 1340.007935 29.095364 0.008154
v 1240.001831 24.704372 -99.998138
v 1239.996948 25.309063 -199.998383
v 1340.001831 26.610624 -99.992081
v 1339.996094 27.215326 -199.992126
v 1440.001465 28.516876 -99.986740
v 1439.996338 29.121578 -199.986557
v 1390.008179 30.048502 0.010777
v 1190.013184 15.467226 -0.000811
v 1240.004761 20.411051 -49.998329
v 1190.001465 24.355947 -200.001190
v 1339.999390 26.912975 -149.992416
v 1289.996338 26.262188 -199.995178
v 1439.999023 28.819216 -149.986694
v 1390.001465 27.563740 -99.988937
v 1340.005127 26.308273 -49.991989
v 1190.006836 23.751236 -100.001144
v 1290.002197 25.657486 -99.995186
v 1290.008179 25.052811 0.004864
v 1239.999756 25.006735 -149.998138
v 1389.998779 27.866100 -149.989227
v 1289.999634 25.959837 -149.995377
v 1190.004395 24.053585 -150.001053
v 1290.005127 25.355137 -49.994850
v 1190.009888 19.457901 -50.000999
v 1390.004883 27.261400 -49.988842
v 1589.888428 6.888032 400.011444
v 1490.000122 21.968901 450.005402
v 1647.023560 -3.547966 392.305115
v 1539.931885 14.329994 400.008209
v 1539.768799 11.740934 300.008362
v 1640.810059 -7.530856 296.945129
v 1539.907227 11.535382 250.008652
v 1640.436401 -10.450268 246.442719
v 1589.564697 2.183449 299.703888
v 1539.798340 12.766516 350.008759
v 1644.629272 -5.768836 343.891174
v 1489.936646 20.712780 300.006714
v 1489.988159 21.469486 400.005188
v 1589.850220 1.884651 249.366089
v 1490.029907 20.643055 250.006149
v 1489.931519 21.046316 350.005768
v 1589.503662 4.014790 350.011261
v 1635.817139 -6.620121 195.932419
v 1540.000732 11.780930 200.008362
v 1539.499146 12.852823 100.008369
v 1634.926392 -5.339086 92.006233
v 1588.087891 2.661264 199.725632
v 1539.826050 13.857328 50.007820
v 1640.471313 -4.292142 46.939041
v 1587.326050 4.476392 99.436234
v 1539.532104 12.260687 150.008469
v 1489.974365 21.083391 100.005386
v 1490.105591 20.696999 200.004913
v 1589.392456 6.123853 50.489235
v 1489.979980 21.377909 50.005005
v 1490.041138 20.853746 150.005203
v 1586.392822 3.542507 149.733551
v 1647.136108 -3.026807 3.390503
v 1540.953979 14.974952 0.338364
v 1591.093506 7.888675 0.927734
v 1547.608521 16.068506 -46.574688
v 1490.041382 20.995867 0.004721
v 1490.787720 21.271849 -49.813988
v 1598.252930 10.160648 -45.844124
v 1439.999634 25.959826 450.006012
v 1440.000977 24.950636 300.006042
v 1440.008179 25.052797 400.005524
v 1440.037720 25.252974 250.005554
v 1440.000000 25.355148 350.005951
v 1440.010864 25.657475 100.005554
v 1440.069214 28.833998 200.004883
v 1439.999146 25.959837 50.004814
v 1440.045166 29.136335 150.004883
v 1440.008545 25.052797 0.004959
v 1440.004883 25.355137 -49.995087
v -565.499878 23.921156 451.002136
v -564.176331 25.009859 350.037659
v -509.999695 23.442221 499.998962
v -565.488342 25.726902 650.998596
v -563.926270 24.000000 260.000519
v -454.821533 28.264618 550.002258
v -454.821411 22.677780 450.002350
v -454.821259 27.441835 648.752380
v -509.999847 21.077871 399.999084
v -512.440979 19.475019 299.980377
v -509.999512 26.455820 599.999146
v -509.999512 28.197121 651.249390
v -509.999573 28.088783 549.999146
v -509.999573 22.170460 449.999054
v -512.441223 20.179081 349.980560
v -513.609985 19.254421 259.000427
v 1737.898804 -21.577763 74.891541
v 1680.678711 -8.293688 83.199356
v 1725.233398 -21.577776 128.139191
v 1675.566650 -8.515417 134.070251
v 1780.927246 -21.577776 6.663942
v 1799.554443 -21.577787 -22.829247
v 1711.850952 -7.613444 1.030922
v 1759.764282 -21.577776 34.934807
v 1726.335693 -7.325566 -38.941147
v 1697.019531 -8.154619 38.774300
v 1727.209717 -21.577776 183.641602
v 1631.504395 -3.934014 142.783005
v 1682.032593 -8.921803 188.653992
v 1688.090698 -9.759355 243.503433
v 1744.250854 -21.577751 282.549927
v 1730.330811 -21.577776 240.882278
v 1694.717163 -9.391570 289.001984
v 1785.920654 -21.577763 349.210938
v 1766.647095 -21.577751 316.976654
v 1713.984863 -7.366312 373.859741
v 1707.979248 -8.593035 329.257141
v 1713.691284 -5.611289 424.487366
v 1539.996338 18.072964 449.996002
v 1644.363647 3.360581 430.002655
v 1589.988770 12.417019 449.999634
v 1775.001099 172.500168 525.002014
v 1965.000977 280.000244 550.001892
v 1920.000488 320.000183 600.002380
v 1755.991577 -4.280806 480.923828
v 1734.841675 -4.946041 452.705963
v 1965.000732 220.000168 545.002625
v 1719.916504 -1.804888 -70.012428
v 1653.911255 -0.868976 -43.501427
v 1530.000488 17.701172 -79.998634
v 1660.000366 0.368035 -59.998276
v 1595.844971 6.434000 -69.998405
v 1781.410767 -6.526458 -90.127518
v 1824.344604 2.144921 -107.970665
v 1840.137085 -22.052395 -49.286316
v 1868.124146 -14.573563 -130.232147
v 1972.583252 -46.798550 -173.259781
v 1922.469360 -18.406450 -158.324142
v 1873.972534 -24.512886 -78.302719
v 1955.537231 -35.408436 -137.759872
v 1918.750366 -29.810738 -113.351532
v 1983.818848 -50.298584 -210.950378
v 1814.215088 -21.577763 374.848572
v 1872.936646 -36.974083 418.564270
v 1801.842896 -8.376098 484.421722
v 1955.001099 112.595490 565.002136
v 1837.375244 -25.981390 400.656128
v 1965.001099 54.711758 565.002319
v 1847.694336 -12.471426 487.920044
v 1890.875977 -15.873289 496.853699
v 1950.000732 169.931335 535.002258
v 1904.139526 -39.999996 432.826660
v 1977.029053 -35.956989 522.895508
v 1934.057861 -21.062778 505.787933
v 2020.000854 -51.917015 540.002441
v 1934.782593 -40.663467 452.446350
v 2020.000977 -57.599293 500.002686
v 2079.889648 -90.117439 367.755188
v 1932.669800 -52.078785 388.011322
v 1968.559082 -43.003643 471.589661
v 1832.501221 312.500244 702.502441
v 1782.500854 272.500183 530.002136
v 1883.708618 -51.411186 342.362640
v 1859.213989 -51.354660 307.394073
v 2024.100342 -77.192673 -168.108948
v 2027.516113 -87.217751 -208.496185
v 1864.323853 -51.490845 43.125198
v 1884.695679 -51.604591 5.761147
v 2021.248657 -59.559547 440.114685
v 1986.832031 -54.841171 421.744446
v 1898.587769 -50.613941 -31.730080
v 2095.111328 -105.318298 652.110718
v 2083.640137 -89.764008 575.564636
v 2053.458496 -66.201317 463.650269
v 2098.836670 -82.601341 529.919006
v 1842.878540 -51.417480 84.143806
v 1949.815552 -52.526749 401.786438
v 1915.523682 -51.630817 374.235504
v 1919.017212 -48.209442 -68.200012
v 1953.623169 -49.017036 -100.775101
v 1831.945068 -51.287830 222.761459
v 1829.797607 -51.255096 178.302505
v 2010.000366 -66.352592 -249.998611
v 1997.649414 -58.910786 -134.539841
v 2086.930176 -74.104774 493.868195
v 1841.888794 -51.322376 267.268005
v 1831.916748 -51.321400 130.238083
v 2112.701904 -117.703522 719.723694
v 2034.484863 -84.359489 314.219696
v 2139.619629 -123.125443 -205.073502
v 2019.730957 -84.068192 30.167627
v 2151.664307 -105.850876 446.477020
v 2182.412598 -138.867035 694.345093
v 2162.353271 -116.195091 481.179993
v 2009.468994 -83.278908 78.293159
v 2095.325439 -92.445770 384.357513
v 1997.177490 -81.745468 205.989166
v 2168.285889 -128.989929 523.336243
v 2013.065552 -83.008942 276.251709
v 2131.456299 -129.896820 -249.917892
v 2031.585327 -86.667427 -16.791391
v 2128.051758 -97.460594 414.727509
v 2045.581055 -90.710342 -61.271191
v 2181.501953 -141.010086 628.231812
v 2168.967041 -140.409164 573.635132
v 2065.774658 -87.063446 351.016479
v 2067.259521 -96.716537 -96.618126
v 2095.477783 -104.909836 -124.894760
v 1998.460938 -81.959900 168.969635
v 2113.965576 -130.403458 -303.540222
v 2124.141602 -113.962212 -164.672226
v 2002.332886 -82.030952 240.507126
v 2002.178589 -82.577309 125.680069
v -809.999634 20.151388 840.000916
v -1019.999390 48.480331 820.000854
v 60.000420 40.000008 50.000908
v 30.000591 50.000023 -49.999092
v -349.999725 20.678783 790.001282
v -149.999573 24.435318 760.000916
v -1169.999756 24.670242 160.000778
v -1169.999634 28.341972 340.000824
v -759.999329 17.751324 830.001099
v -1119.999756 51.056908 780.000793
v -1179.999390 44.745720 550.000732
v -1159.999512 42.285286 450.000671
v -659.999390 24.117268 820.000854
v -549.999451 19.560253 830.001282
v -959.999451 36.621620 110.000992
v -199.999863 15.460623 760.000732
v -1149.999756 23.547375 130.000595
v -1179.999512 27.471697 290.000702
v -919.999573 35.160278 840.001099
v 130.000397 420.000397 -369.999176
v 30.000591 340.000214 -199.999100
v 80.000305 240.000183 -339.999481
v 70.000366 390.000336 -339.999298
v 90.000443 310.000153 -339.999146
v 0.000572 60.000050 -99.999283
v -9.999752 50.394905 600.000732
v -659.999573 34.120049 -69.999504
v -1189.999268 47.162258 610.000977
v 150.000763 360.000244 200.000931
v 100.000381 340.107117 550.001099
v 150.000381 360.000244 100.000931
v 80.000687 350.856140 640.001038
v 40.000343 362.515411 740.001221
v -169.999557 361.270966 900.001404
v 40.000725 353.619324 820.001404
v -769.999756 349.317169 -119.999313
v -1249.999390 326.950897 70.000549
v -1279.999390 335.904419 200.000687
v -789.999695 358.486237 -199.999710
v -769.999512 340.803772 -39.999676
v -939.999573 340.344147 940.001038
v -729.999390 329.001801 930.001099
v -1259.999512 333.423096 830.000854
v -1099.999268 340.010406 900.000977
v -1289.999634 336.609253 590.000793
v -1259.999634 332.578186 490.000854
v -639.999390 334.734070 940.001099
v -1019.999817 363.797180 40.000820
v 140.000443 430.000397 -969.999695
v 80.000305 430.000397 -1069.999878
v -259.999512 420.000366 -1059.999878
v -189.999573 420.000397 -1089.999756
v -799.999817 374.152557 -459.999695
v -769.999573 410.000366 -909.999878
v -449.999664 410.000336 -1060.000000
v -549.999634 410.000336 -1040.000000
v -339.999756 410.000336 -1069.999512
v 150.000183 420.000366 -749.999695
v -1970.000122 310.000000 1989.999756
v -1279.999756 393.750488 -339.999634
v -1240.000000 374.538086 -909.999878
v -2359.999756 439.882721 -559.999817
v -289.999756 490.000427 -1309.999878
v 1039.808472 386.127289 2293.093018
v 260.000122 370.000214 -1299.999756
v -2730.000000 310.833374 970.000854
v -299.999390 453.976624 2300.002197
v 50.000477 40.000008 0.000715
v 60.000610 30.000008 100.000694
v -29.999542 173.295166 760.000916
v 80.000496 100.000069 0.000858
v 120.000748 220.000168 100.000809
v 110.000702 110.000084 60.000896
v 90.000534 90.000061 290.000854
v 100.000473 320.000183 270.000885
v 110.000420 220.000153 270.000793
v 100.000572 330.000244 100.000786
v 110.000702 320.000153 200.001007
v 110.000519 220.000168 200.000626
v 60.000420 230.000168 -99.999191
v 70.000748 330.000183 -99.999237
v 80.000305 220.000153 0.000763
v 50.000572 130.000092 -99.999191
v 80.000496 330.000214 0.001049
v 30.000401 230.000137 -199.999329
v 30.000496 130.000076 -199.999054
v 50.000477 130.000061 -309.999176
v -79.999352 60.000038 -279.999390
v 140.000534 360.000244 0.000668
v 60.000706 220.000168 440.001099
v 30.000496 140.000122 440.001282
v 20.000744 140.022247 520.001099
v 10.000134 130.464752 600.000671
v 30.000496 320.960266 610.000488
v 40.000629 320.000183 420.001038
v 50.000572 320.107574 520.001221
v 40.000534 220.102341 530.000977
v 40.000248 210.750534 610.000793
v -9.999371 131.464508 680.001099
v -89.999153 124.596130 800.001526
v -89.999435 316.356232 770.001343
v -79.999588 215.330963 800.000977
v 10.000420 322.613342 700.000977
v 0.000286 222.215530 690.001099
v -19.999409 273.916077 750.001038
v -179.999588 127.098068 790.001404
v -299.999847 130.404114 810.000977
v -309.999664 325.111298 820.001343
v -309.999847 223.543884 810.001099
v -169.999268 329.502808 800.001526
v -169.999557 218.253510 800.001221
v 90.000534 120.000076 370.000854
v 100.000671 320.000153 360.001038
v 100.000381 220.000153 370.000885
v 160.000793 350.000183 400.001007
v 100.000473 270.000214 270.000977
v 100.000473 270.000214 200.000793
v 60.000515 280.000244 -99.999382
v 100.000473 280.000183 100.000977
v 80.000687 280.000244 0.000763
v 10.000515 290.000214 -199.999329
v 50.000572 270.133514 530.000854
v 40.000534 270.000214 420.001221
v -79.999397 265.694824 780.001526
v 0.000572 272.408478 690.001282
v -309.999695 274.746368 820.001099
v -179.999832 269.234406 810.001099
v 80.000595 270.000214 360.000824
v 40.000248 270.875427 610.000793
v 110.000420 160.000122 60.000896
v 90.000443 160.000122 0.001049
v 90.000725 150.000137 270.001160
v 60.000515 180.000122 -99.999428
v 30.000591 180.000122 -199.999237
v 40.000629 180.000122 -309.999359
v 50.000763 180.000122 440.001007
v 30.000591 180.077179 530.001099
v 0.000763 181.960953 690.001465
v -79.999161 164.826965 800.001526
v -179.999496 167.835617 800.001404
v -299.999817 171.894653 820.001038
v 20.000648 170.690506 610.001099
v 90.000443 170.000107 370.001160
v -19.999409 324.284515 760.001099
v -39.999485 223.846313 750.000854
v -39.999294 132.959641 750.001038
v -469.999878 97.397049 820.000671
v -379.999603 104.142044 890.001587
v -479.999786 313.313782 840.001465
v -479.999817 190.991470 850.001160
v -369.999603 309.894714 890.001282
v -379.999786 206.066055 890.001282
v -499.999634 327.292999 930.001648
v -379.999878 144.807816 900.001160
v -479.999817 139.139023 830.001282
v -480.000061 242.101257 840.000732
v -369.999603 257.634766 880.001160
v 130.000397 360.000244 -99.999329
v 160.000427 360.000275 270.000793
v 100.000671 350.000214 440.001251
v -69.999268 346.954926 850.001343
v -279.999817 356.370453 910.000977
v -379.999786 332.716644 970.001038
v -669.999756 125.017235 -89.999435
v -699.999451 306.854431 -109.999374
v -709.999756 205.502823 -109.999321
v -709.999634 354.516754 -299.999756
v -709.999451 221.788864 -299.999512
v -609.999451 111.942268 -199.999374
v -649.999451 243.295883 -199.999329
v -699.999390 345.770020 -199.999374
v -599.999573 11.012506 -199.999329
v -699.999573 117.987587 10.000896
v -799.999695 223.490433 50.000668
v -799.999451 323.898712 70.000717
v -719.999756 219.455093 0.000525
v -789.999573 122.020790 70.000671
v -719.999756 319.567719 0.000525
v -819.999512 353.778961 10.000610
v -919.999573 127.919182 90.000656
v -1099.999634 187.816223 60.000538
v -1099.999756 300.687805 80.000618
v -919.999512 229.609039 80.000618
v -1099.999390 104.545471 60.000538
v -919.999512 329.966553 90.000793
v -909.999756 358.406097 40.000580
v -1119.999268 368.414825 30.000734
v -1219.999634 195.044144 200.000717
v -1199.999512 110.287498 200.000641
v -1179.999634 107.181313 100.000832
v -1209.999634 301.279144 200.000732
v -1199.999512 297.613007 120.000717
v -1209.999634 191.783051 100.000641
v -609.999756 84.378952 860.000793
v -619.999573 187.398285 890.001099
v -1149.999634 29.537344 400.000763
v -1179.999390 189.203461 410.000885
v -1139.999634 103.695442 400.000854
v -1199.999512 112.180756 290.000885
v -1169.999268 294.467407 410.000793
v -1199.999634 303.852814 310.000977
v -1199.999634 197.613922 310.000885
v -1239.999390 329.158112 400.000519
v -619.999512 136.319473 880.001282
v -619.999817 239.143875 860.001160
v -819.999512 367.512390 -299.999634
v -1269.999512 339.472473 340.000854
v -819.999329 94.424751 890.001282
v -929.999329 204.218246 910.000916
v -929.999329 120.217323 890.000793
v -1019.999512 122.919014 840.001099
v -1089.999634 103.637848 810.000793
v -1089.999390 306.338989 850.000671
v -1089.999390 199.518723 860.000977
v -929.999512 309.058380 880.000977
v -1029.999268 304.415253 870.001038
v -1019.999329 197.724899 870.001221
v -719.999390 193.196625 890.001038
v -719.999390 296.137115 880.000793
v -819.999573 199.077576 890.000916
v -709.999451 89.507607 870.000671
v -829.999329 302.263855 880.001099
v -839.999268 334.718628 930.001099
v -1209.999512 95.833397 810.000977
v -1219.999512 310.554596 820.000671
v -1209.999390 203.237015 820.000732
v -1089.999268 253.098724 840.001038
v -1019.999390 250.993042 860.000977
v -719.999390 244.344681 860.000977
v -919.999390 256.883575 870.000916
v -819.999329 250.648239 880.000854
v -1209.999512 256.849182 810.000793
v -919.999329 161.906189 890.001221
v -819.999390 146.969986 900.001160
v -1019.999390 165.667053 860.001160
v -1079.999390 156.361313 830.001099
v -709.999695 141.235428 880.000610
v -1219.999512 149.422867 800.000977
v -1029.999268 337.078369 910.000793
v -1229.999512 93.250015 690.000977
v -1239.999268 194.742828 590.000671
v -1229.999390 110.651123 600.000793
v -1189.999512 107.445763 500.000763
v -699.999512 165.159302 -109.999321
v -1229.999512 301.814331 600.000793
v -1189.999634 297.753662 500.000763
v -1199.999512 192.247223 490.000854
v -1219.999390 199.528915 700.000732
v -1239.999634 304.465393 700.000916
v -1169.999268 241.624878 400.000763
v -1189.999634 244.910263 490.001099
v -1229.999390 248.321228 600.000916
v -1239.999512 251.868912 700.000610
v -1229.999756 152.711517 600.000793
v -1239.999634 146.510406 700.000610
v -1189.999634 149.875275 500.000763
v -1159.999512 146.271118 400.000580
v -1289.999756 335.671936 680.000671
v -649.999451 182.680481 -199.999481
v -719.999573 169.190414 10.000658
v -789.999695 172.655563 60.000683
v -919.999329 178.790482 90.000793
v -1099.999756 146.489456 60.000633
v -1209.999878 152.655807 200.000549
v -1209.999756 149.762497 100.000740
v -1209.999512 154.860809 300.000702
v -699.999634 255.613297 -109.999130
v -709.999634 282.958191 -299.999725
v -649.999451 283.973907 -199.999420
v -789.999695 273.250977 60.000778
v -719.999573 269.353149 0.000620
v -1099.999634 240.086746 90.000748
v -909.999573 279.457184 100.000786
v -1189.999512 245.671417 130.000763
v -1199.999756 248.790573 220.000916
v -1199.999634 251.180023 330.000854
v -619.999695 301.293732 880.000854
v -1019.999512 214.718674 70.000481
v -1019.999573 315.661377 90.000656
v -1009.999451 111.248016 80.000755
v -1019.999695 163.569717 80.000618
v -1009.999634 265.008057 90.000412
v 110.000137 240.000153 -989.999939
v 90.000061 360.000214 -979.999939
v 100.000290 240.000153 -529.999512
v 80.000397 390.000336 -529.999329
v 130.000488 410.000336 -499.999573
v -39.999771 240.000183 -1039.999756
v -39.999676 380.000244 -1039.999756
v 30.000305 390.000305 -1029.999878
v 50.000191 240.000153 -1039.999634
v -259.999664 240.000183 -1019.999878
v -259.999695 380.000244 -999.999817
v -159.999710 380.000305 -1040.000000
v -149.999863 240.000183 -1039.999756
v -49.999714 430.000397 -1100.000000
v -739.999756 220.056946 -639.999817
v -719.999634 360.000305 -900.000000
v -719.999817 230.000137 -899.999634
v -749.999878 351.098267 -629.999756
v -729.999756 350.017029 -799.999756
v -739.999695 230.000137 -809.999878
v -749.999756 220.795624 -449.999573
v -749.999756 363.243591 -449.999664
v -799.999756 371.684937 -639.999695
v -669.999878 360.000336 -979.999939
v -669.999695 230.000168 -979.999756
v -709.999512 400.000336 -999.999817
v -709.999817 290.000153 -900.000000
v -719.999756 290.000183 -799.999878
v -739.999512 290.475098 -630.000061
v -739.999695 281.605103 -459.999329
v -659.999756 300.000183 -979.999756
v -779.999695 400.170044 -809.999878
v -449.999664 230.000168 -1019.999695
v -459.999695 360.000275 -1009.999634
v -359.999603 370.000305 -999.999817
v -349.999634 230.000168 -1019.999878
v -569.999634 230.000168 -980.000122
v -569.999512 360.000336 -989.999756
v -259.999756 310.000153 -999.999817
v -349.999664 310.000183 -1000.000000
v -449.999908 300.000122 -999.999817
v -559.999695 300.000153 -980.000122
v 90.000153 300.000183 -979.999939
v 80.000214 310.000153 -539.999512
v 30.000305 310.000153 -1029.999756
v -39.999580 320.000153 -1029.999756
v -159.999664 320.000153 -1029.999756
v 140.000336 240.000183 -779.999573
v 100.000381 370.000275 -769.999634
v 110.000420 310.000183 -779.999573
v 100.000572 310.000214 -649.999573
v 120.000366 240.000183 -869.999512
v 140.000534 430.000366 -849.999634
v 90.000153 310.000153 -859.999634
v 100.000473 370.000305 -869.999512
v 90.000443 380.000305 -429.999390
v 140.000443 420.000366 -429.999390
v 100.000671 240.000153 -429.999481
v 80.000496 310.000183 -419.999176
v -729.999878 220.336609 -549.999695
v -749.999695 362.071259 -539.999512
v -799.999817 372.814453 -549.999756
v -739.999756 291.009369 -549.999756
v -739.999695 350.409851 -709.999878
v -759.999573 220.000168 -729.999878
v -729.999512 290.081024 -719.999939
v -789.999634 390.710938 -729.999756
v -719.999512 353.727631 -369.999451
v -729.999756 221.259995 -369.999451
v -719.999573 282.245392 -369.999451
v -809.999634 365.748535 -379.999603
v 70.000366 370.000305 -199.999283
v 90.000626 110.000084 330.001221
v 110.000320 220.000168 320.000885
v 100.000473 320.000122 320.000885
v 90.000443 270.000183 320.001068
v 100.000572 180.000122 320.000702
v 160.000519 350.000183 340.001160
v 80.000397 220.000168 400.000854
v 50.000668 130.000076 410.000793
v 70.000549 320.000122 390.001038
v 60.000420 270.000214 390.000763
v 70.000839 180.000122 410.001099
v 130.000488 350.000183 420.001282
v 30.000782 59.882416 400.001160
v 40.000725 320.000183 470.001129
v 30.000496 140.000122 479.999542
v 50.000381 220.000168 480.000977
v 40.000343 270.000183 470.000854
v 40.000534 180.000122 480.001068
v 100.000763 340.000427 500.000916
v 0.000858 60.000671 470.001221
v 90.000725 350.358917 590.001465
v 10.000324 140.183853 560.000977
v 40.000439 320.476532 570.000854
v 40.000248 210.346436 570.000671
v 40.000153 270.431366 570.000732
v 20.000553 170.303131 570.000916
v 60.000420 351.635376 690.001099
v 0.000477 130.899658 640.001099
v 20.000362 221.406509 650.000854
v 20.000553 321.603912 650.001221
v 20.000553 271.552734 650.000977
v 10.000324 171.228241 650.001038
v -59.999321 214.422867 770.001343
v -49.999523 315.212585 770.001465
v -59.999702 174.171036 780.001038
v -59.999420 265.044800 770.000793
v -69.999550 123.669258 770.001343
v -19.999313 345.380524 840.001282
v -129.999359 216.901352 800.001221
v -139.999435 125.943466 790.001221
v -139.999634 318.075562 780.000854
v -129.999634 267.343170 790.000916
v -129.999588 166.261154 800.001160
v -129.999298 349.263031 870.001099
v -239.999725 128.733719 790.001404
v -239.999725 220.835358 800.000977
v -239.999771 322.191132 810.001160
v -239.999863 271.593628 810.001099
v -239.999481 169.823853 800.001404
v -229.999588 353.930389 900.001526
v -249.999863 27.064812 770.000793
v -349.999573 122.081444 850.001526
v -339.999878 214.783295 850.000977
v -339.999725 266.600403 850.001160
v -339.999664 317.252655 850.001404
v -349.999512 163.363953 860.001648
v -329.999542 349.370361 940.001709
v -439.999878 198.902664 870.000854
v -419.999695 311.242615 860.001160
v -429.999786 106.195000 850.001038
v -429.999725 147.586182 860.000977
v -429.999878 249.514984 860.000793
v -439.999725 324.994324 950.001343
v -449.999817 14.985275 820.000854
v -549.999512 194.346146 870.001038
v -549.999634 245.824173 850.000854
v -549.999451 142.311661 850.001160
v -549.999634 91.266190 840.001038
v -549.999817 307.232697 860.000793
v -569.999390 331.143341 940.001587
v -679.999573 326.410522 930.000488
v -659.999390 86.890900 860.000977
v -669.999695 241.650131 860.000793
v -669.999756 139.031799 880.000671
v -669.999512 190.296585 880.000854
v -669.999634 293.609772 880.000488
v -769.999817 196.181427 890.000793
v -779.999512 299.317566 880.000854
v -769.999512 92.059174 870.000916
v -769.999268 247.429993 870.001038
v -769.999451 144.432281 880.000977
v -779.999512 331.601196 930.001099
v -869.999390 96.728233 890.001282
v -869.999390 201.658157 900.001160
v -869.999329 304.958344 880.001099
v -869.999512 253.818542 880.000854
v -869.999390 149.052872 900.000977
v -879.999512 336.179840 940.001099
v -979.999817 312.330383 870.000854
v -969.999512 121.676292 870.000854
v -969.999512 206.263351 890.001099
v -969.999573 259.427429 870.001038
v -969.999512 164.055115 880.000977
v -979.999512 333.262573 930.001160
v -969.999512 47.209011 830.001099
v -1049.999390 113.006828 830.000854
v -1059.999390 198.623169 870.001038
v -1059.999268 305.451599 860.000977
v -1059.999268 252.240997 850.000977
v -1059.999512 155.793839 840.001099
v -1069.999268 338.551239 900.000977
v -1179.999390 342.144897 870.000854
v -1149.999634 94.993088 810.000793
v -1149.999390 201.465744 840.000732
v -1149.999268 308.016449 830.000977
v -1149.999390 254.959198 820.000916
v -1159.999512 148.562881 820.000854
v -1219.999512 201.984146 760.000854
v -1219.999390 95.063828 750.000977
v -1219.999268 255.015976 760.000916
v -1219.999390 307.488159 760.000916
v -1229.999512 148.367569 750.000793
v -1269.999390 339.683838 760.000732
v -1179.999390 40.724194 740.000916
v -1229.999390 101.791695 640.000793
v -1229.999512 196.434952 640.000977
v -1239.999634 301.183472 640.000793
v -1229.999390 248.936707 640.000671
v -1239.999756 143.983292 640.000793
v -1279.999512 333.687653 630.000488
v -1269.999390 334.093506 530.000610
v -1219.999512 300.645996 550.000610
v -1209.999512 108.563660 540.001038
v -1219.999512 194.014984 550.000610
v -1209.999512 247.056488 540.000488
v -1209.999512 151.254822 550.000732
v -1159.999512 105.628410 450.000854
v -1179.999512 243.112854 440.001007
v -1179.999756 148.316086 450.000763
v -1189.999634 190.611450 450.000580
v -1189.999634 296.627197 450.000671
v -1239.999634 330.122620 440.000763
v -1189.999634 294.473114 360.000763
v -1169.999268 102.626892 350.000854
v -1199.999634 198.140823 360.000488
v -1179.999634 251.744125 370.000732
v -1189.999390 144.999176 350.000824
v -1249.999390 329.299927 380.000732
v -1209.999512 196.489899 260.000763
v -1199.999634 111.398491 250.000732
v -1209.999512 303.011627 260.000671
v -1209.999512 153.854538 250.000641
v -1199.999634 250.091385 280.000763
v -1269.999512 337.461914 270.000702
v -1149.999512 294.128632 100.000572
v -1139.999634 105.833832 80.000687
v -1149.999756 190.536850 80.000595
v -1149.999756 148.234909 80.000687
v -1139.999756 242.669769 110.000801
v -1179.999756 342.650452 50.000526
v -1119.999756 21.983932 110.000801
v -1259.999512 331.602112 140.000488
v -1199.999634 299.527496 160.000580
v -1189.999756 108.860207 150.000458
v -1209.999634 193.587555 150.000732
v -1209.999756 151.346725 150.000732
v -1189.999512 247.193817 170.000626
v -1059.999512 196.515610 70.000694
v -1059.999512 113.544533 70.000412
v -1059.999634 154.861618 70.000839
v -1049.999634 257.301392 90.000580
v -1059.999512 308.101929 90.000725
v -1069.999634 366.096283 30.000496
v -969.999573 322.750153 90.000626
v -969.999512 222.147247 70.000412
v -959.999878 119.582413 90.000580
v -959.999451 170.739227 80.000496
v -959.999573 272.147522 100.000671
v -969.999512 361.132263 30.000544
v -849.999817 124.681404 90.000679
v -849.999817 326.336609 80.000923
v -869.999573 356.349670 30.000734
v -859.999634 226.501923 70.000694
v -849.999817 175.449783 80.000732
v -849.999817 276.239899 80.000732
v -759.999512 221.510818 30.000925
v -759.999573 321.741028 40.000870
v -749.999695 120.093002 40.000820
v -749.999451 170.805740 40.001011
v -759.999756 271.395599 30.000830
v -799.999695 352.568634 -9.999371
v -769.999390 350.208527 -69.999313
v -679.999695 126.482224 -39.999435
v -719.999634 217.220825 -59.999466
v -709.999695 318.224487 -59.999420
v -709.999634 167.073578 -49.999428
v -709.999634 267.459930 -49.999382
v 100.000763 100.000069 50.000954
v 100.000572 220.000168 50.000858
v 100.000763 330.000183 50.001099
v 90.000534 280.000244 50.000858
v 100.000572 160.000122 50.000763
v 150.000473 360.000244 50.000809
v 70.000748 230.000168 -49.999142
v 80.000595 330.000183 -49.999046
v 60.000706 120.000092 -49.999092
v 70.000458 280.000244 -49.999283
v 80.000687 170.000107 -49.999191
v 130.000397 360.000244 -49.999283
v 50.000572 230.000168 -149.999283
v 40.000629 130.000092 -149.999329
v 30.000591 280.000214 -149.999100
v 40.000534 180.000122 -149.999054
v 50.000572 330.000183 -149.999237
v 100.000473 360.000244 -149.999054
v 30.000496 360.000244 -259.999176
v 20.000648 130.000076 -249.999146
v 20.000458 180.000107 -249.999191
v 40.000439 230.000137 -259.999237
v 40.000439 290.000214 -259.999146
v 90.000443 390.000305 -279.999146
v -49.999619 60.000027 -239.999252
v 470.000458 280.000183 550.000854
v 470.000366 280.000214 650.000977
v 460.000885 300.000153 760.002014
v 460.000793 300.000153 820.001953
v 430.000488 270.000183 270.001038
v 510.000244 270.000214 60.001087
v 460.000610 270.000214 170.000763
v 510.000610 280.000244 -259.999237
v 520.000549 280.000214 -89.998962
v 460.000427 310.000153 -89.998917
v 510.000885 260.000214 630.001404
v 540.000366 270.000183 400.000519
v 510.000610 260.000244 530.001404
v 510.000702 280.000214 720.001770
v 540.000732 210.000183 790.002014
v 460.000702 270.000214 350.001160
v 390.000427 210.000183 290.001007
v 430.000397 210.000153 190.000916
v 510.000427 220.000153 -239.999252
v 480.000488 210.000153 80.000900
v 510.000702 230.000168 -69.999023
v 530.000183 200.000137 560.001038
v 540.000549 220.000153 420.000793
v 520.001099 210.000183 730.001892
v 480.000793 210.000137 330.000824
v 530.000793 190.000122 640.002197
v 520.001038 280.000244 780.001953
v 490.000427 300.000214 420.001068
v 440.000427 270.000183 320.001221
v 400.000671 210.000183 340.001099
v 500.000580 270.000244 380.000732
v 510.000610 220.000153 370.001068
v 450.000580 300.000183 410.000977
v 530.000305 270.000214 470.000702
v 550.000549 210.000153 490.001160
v 480.000397 290.000214 490.001343
v 480.000397 280.000183 600.001404
v 530.000610 260.000214 580.001404
v 540.000427 200.000137 600.001587
v 450.000946 290.000214 700.001831
v 500.000854 260.000244 670.002197
v 520.000916 200.000137 680.001953
v 520.000488 280.000183 0.000954
v 490.000336 220.000168 20.000982
v 460.000427 300.000153 10.000896
v 530.000427 280.000183 -179.999161
v 510.000702 230.000137 -159.998947
v 510.000610 210.000153 -279.999390
v 450.000488 290.000183 -339.999054
v 360.000519 290.000214 -439.999634
v 100.000572 380.000305 -649.999695
v 130.000305 240.000153 -649.999451
v 140.000244 420.000397 -609.999390
v 390.000549 290.000214 390.001099
v 370.000549 290.000214 340.001282
v 360.000702 300.000214 270.000916
v 410.000702 300.000214 170.000839
v 450.000580 300.000214 60.000969
v 460.000122 310.000153 -179.999161
v 450.000488 300.000214 -249.999283
v 380.000305 290.000214 -389.999237
v 1319.999756 430.000305 -1159.999268
v 1600.000366 390.000214 -899.999023
v 1835.000244 345.000153 -504.998840
v -1390.000122 480.000397 -2450.001221
v 1580.000488 310.000244 -279.999115
v 1720.000122 220.000168 -119.998840
v 1520.000244 130.000092 -229.998962
v 1550.000366 270.000183 -229.998962
v 1540.000366 200.000137 -229.999023
v 1320.000488 310.000183 -469.999084
v 1720.479736 120.639038 -130.158524
v 1714.259155 50.671352 -121.172859
v 1543.297729 53.587471 -161.097672
v 1730.000244 170.000107 -109.998466
v 1723.092041 79.032440 -131.028931
v 1541.507324 82.501282 -170.500809
v 1450.000732 130.000092 -349.998993
v 1440.000732 270.000183 -319.999115
v 1450.000610 310.000244 -339.998779
v 1440.000732 230.000137 -309.998810
v 1270.000488 130.000092 -449.998810
v 1280.000732 270.000183 -429.998840
v 1270.000610 210.000183 -419.999084
v 1400.000366 260.000244 -399.998901
v 1390.000488 130.000076 -419.998871
v 1440.000366 300.000183 -429.998932
v 1390.000732 220.000198 -389.999237
v 1140.000732 120.000092 -449.999084
v 1200.000366 310.000214 -499.999298
v 1130.000732 190.000153 -419.999176
v 1180.000488 260.000214 -449.998993
v 1500.000366 270.000214 -279.998688
v 1520.000610 310.000183 -309.998840
v 1490.000732 130.000092 -289.999054
v 1500.000610 220.000168 -269.999176
v 1730.000854 260.000244 -169.998749
v 1690.000122 230.000137 -139.998672
v 1663.436157 63.500465 -121.143723
v 1672.213379 92.832695 -130.736206
v 1670.207642 120.276306 -150.067902
v 1680.000732 170.000153 -129.998596
v 1700.000244 260.000244 -189.998672
v 560.000610 260.000244 -339.999023
v 550.000549 210.000153 -299.999054
v 480.000671 290.000214 -399.998993
v 520.000671 270.000183 -299.999390
v 430.000580 280.000183 -419.998993
v 410.000519 280.000214 -459.999512
v 390.000427 300.000214 -539.999451
v 620.000549 340.000214 -539.999451
v 320.000366 310.000183 -519.999390
v 430.000580 290.000244 -879.999512
v 1010.000793 310.000244 -519.999268
v 990.000366 270.000244 -469.999084
v 950.000732 200.000137 -429.999481
v 1100.000366 260.000214 -479.999115
v 1110.000610 300.000183 -519.999390
v 1060.000610 200.000137 -439.999054
v 910.000061 310.000214 -489.999237
v 840.000732 190.000153 -399.999084
v 880.000305 260.000214 -439.999054
v 730.000671 310.000214 -409.999237
v 710.000793 270.000214 -359.999146
v 680.000488 200.000137 -329.999023
v 800.000366 260.000214 -389.999146
v 810.000244 300.000153 -439.999146
v 760.000427 190.000137 -359.999237
v 620.000366 310.000183 -419.999084
v 600.000366 210.000153 -329.999268
v 620.000244 270.000183 -379.999115
v 1629.999878 390.000214 -569.999084
v 809.999634 450.000275 -2470.000732
v 800.000732 400.000275 -919.999512
v 1050.000610 350.000183 -699.999023
v 1260.000854 350.000153 -679.999084
v 1160.000366 350.000153 -699.999207
v 1550.000244 460.000275 -1729.999756
v 1730.000244 390.000214 -1229.999512
v 850.000366 350.000153 -609.999329
v 760.000427 350.000183 -589.999329
v 1790.000122 360.000122 -879.998962
v -1525.832520 410.075470 -1419.227539
v 1460.000854 360.000244 -589.999146
v 1775.000366 305.000183 -349.998810
v 1255.334229 402.307465 -2197.593994
v 620.001038 320.000153 874.866272
v 650.000732 280.000183 824.354187
v 620.000854 200.000137 846.758179
v 920.001221 310.000183 968.571472
v 760.000977 280.000183 862.454956
v 750.001160 320.000122 892.252930
v 720.001221 220.000168 885.753052
v 950.001160 270.000183 918.571472
v 920.001038 200.000137 928.571716
v 830.000671 260.000275 898.571106
v 800.000977 300.000214 948.570801
v 800.000549 210.000153 910.666077
v 1050.000732 310.000153 968.571350
v 1020.000854 190.000137 928.571228
v 1050.000977 260.000244 918.571960
v 690.000732 280.000214 849.287964
v 690.000732 320.000122 878.199402
v 660.000977 220.000153 862.279236
v 580.000854 290.000214 799.485901
v 560.000610 190.000122 819.958191
v 560.000793 320.000183 849.378601
v 1590.001343 250.000168 630.002319
v 1580.001099 230.000183 630.002136
v 1640.000488 280.000275 660.002136
v 1570.001221 220.000168 540.002258
v 1620.000977 270.000244 570.002625
v 1670.001221 280.000275 600.002502
v 1810.000977 310.000214 740.002747
v 1791.818237 339.928497 1206.755737
v 1910.000854 310.000244 990.002258
v 1230.000854 310.000244 948.571045
v 1240.000977 270.000214 888.571167
v 1200.001099 200.000168 898.571899
v 1130.001221 260.000244 918.571838
v 1130.001099 300.000214 968.571472
v 1100.000977 200.000137 918.571472
v 1350.000732 310.000214 885.626709
v 1300.000977 190.000153 845.068359
v 1330.000732 260.000183 834.760376
v 1480.000732 310.000244 779.471924
v 1470.000977 270.000275 710.002441
v 1440.000488 190.000153 719.811340
v 1400.000732 260.000244 774.790100
v 1400.000977 300.000244 822.381714
v 1370.000854 190.000137 783.631897
v 1590.000732 310.000214 750.002380
v 1540.000977 200.000168 690.002441
v 1570.000854 260.000244 690.002136
v 1426.761230 399.358459 1770.946533
v 1757.017334 349.552673 1520.992432
v 1240.000977 350.000153 1142.573730
v 1360.000854 350.000214 1071.582153
v 1030.000854 350.000153 1173.614990
v 1130.000732 350.000153 1173.738892
v 630.001160 350.000183 1054.173950
v 720.000916 350.000153 1100.950684
v 1400.000732 350.000183 1011.398621
v 1490.001343 350.000183 967.632324
v 520.000916 350.000214 1029.926270
v 1620.000854 340.000183 880.002136
v 820.000854 350.000183 1142.896484
v 930.000671 350.000153 1173.539917
v 390.001007 340.098694 1020.002197
v 1605.000854 90.000061 465.002350
v 1610.000977 170.000153 510.001648
v 1895.000977 59.541451 540.002319
v 1890.000732 119.996811 545.002625
v 1710.000977 300.000214 570.002014
v 1860.000854 310.000214 580.002380
v 2000.001099 320.000183 790.002441
v 1660.000610 90.000053 430.002075
v 1895.001221 280.000244 535.002380
v 1680.001221 260.000244 510.001801
v 1650.001099 160.000107 490.002014
v 1550.000732 90.000046 500.002014
v 1570.000977 180.000168 530.002014
v 1890.001099 175.000153 515.002136
v 1850.000732 60.000027 530.002441
v 1970.000854 169.583817 550.002380
v 1990.000488 280.000244 560.002136
v 1850.000610 180.000168 510.002075
v 1990.000488 51.991451 580.002136
v 1850.000977 280.000244 530.002258
v 1940.001099 320.000214 610.002808
v 2040.000977 43.780388 670.002197
v 2040.000366 176.741165 660.002808
v 2060.000977 280.000244 670.002502
v 2000.000610 310.000214 690.002563
v 1650.000977 120.000076 490.001923
v 1550.000977 130.000092 530.001953
v 1850.000610 120.000061 540.002380
v 1980.000854 105.505463 580.002502
v 2030.000488 99.641403 670.002380
v 1660.000854 210.000183 490.002106
v 1990.001099 220.000168 560.002686
v 1850.000977 220.000168 520.002197
v 2080.000732 219.741089 660.002197
v 2040.000366 143.584717 780.002502
v 2060.001221 270.000214 780.002380
v 2040.000366 21.768177 770.002869
v 2123.960205 -123.323807 761.501526
v 2040.000366 76.932755 780.002563
v 2070.000977 208.880798 760.002380
v 2050.000488 270.000183 730.002197
v 2030.000854 165.379593 730.002563
v 2040.000488 31.842958 720.002625
v 2030.000854 99.100182 730.002319
v 2060.000732 208.860641 710.002258
v 1990.000732 310.000214 740.002258
v 2030.000854 36.451828 610.002502
v 2060.000977 280.000214 610.002563
v 1980.000488 310.000214 640.002625
v 2040.000732 167.721100 590.002136
v 2040.000732 101.059814 630.002563
v 2060.000977 219.818359 600.002808
v 1930.000854 170.000137 520.002197
v 1940.001099 280.000244 540.002441
v 1940.001343 57.037605 550.002686
v 1930.000732 119.142387 550.002319
v 1940.000732 220.000153 530.002686
v 1900.000732 320.000183 590.002197
v 1780.001099 300.000183 590.002258
v 1750.001099 60.000050 510.002411
v 1750.001343 170.000153 530.002563
v 1760.001221 270.000214 530.002686
v 1750.001099 110.000084 530.002380
v 1760.001221 220.000198 530.002380
v 1600.000732 125.000069 510.001953
v 2047.176514 -94.662132 -410.740143
v 1940.000366 290.000305 -459.999146
v 1910.000610 310.000244 -289.998962
v 2000.000366 -15.147770 -419.998779
v 1980.000488 248.882294 -429.998627
v 1970.000488 106.987694 -429.998932
v 1980.000488 29.374754 -259.998596
v 1910.000610 145.251343 -189.998810
v 1920.000244 249.995041 -169.998550
v 1960.000366 162.563965 -259.998840
v 1910.000610 28.842031 -179.999359
v 1970.000610 269.684082 -259.998718
v 1870.000244 300.000183 -229.998825
v 1800.000366 129.972961 -129.998642
v 1790.000000 230.000137 -109.998940
v 1970.000610 51.137985 -419.999176
v 1970.000610 95.876602 -259.999146
v 1910.000610 81.047714 -189.998489
v 1980.000854 184.334824 -419.998993
v 1920.000488 198.555511 -179.998779
v 1970.000488 217.110062 -259.998749
v 1800.000244 180.000168 -99.998947
v 1606.860352 96.395042 -150.618835
v 1793.537476 37.321377 -111.177589
v 1801.028198 81.124390 -120.341537
v 1770.000122 270.000183 -159.998566
v 1850.031250 25.588179 -150.009338
v 1870.000488 240.000183 -149.998428
v 1820.000488 290.000214 -199.998856
v 1850.000000 138.258896 -169.998840
v 1850.000366 86.709717 -159.998322
v 1870.000244 189.612473 -149.998764
v 1930.000488 153.600204 -229.998779
v 1950.000732 269.968750 -209.998657
v 1950.000732 22.869312 -219.998688
v 1940.000000 87.672592 -229.998734
v 1950.000244 207.516312 -219.998459
v 1890.000122 310.000214 -259.998749
v 1910.000000 300.000214 -349.998627
v 2000.000610 16.372192 -339.998810
v 1960.000366 139.609940 -339.998627
v 1980.000732 259.170013 -339.998627
v 1970.000122 83.620605 -339.998810
v 1970.000610 205.808350 -339.999023
v 2031.399292 -88.588226 -320.143280
v 1656.147217 50.719940 -88.904907
v 1620.000488 250.000183 -184.998993
v 1702.500366 347.500183 -459.999023
v 1700.083984 41.804886 -89.985039
v 1525.351929 60.410416 -121.782303
v 1490.000977 210.000183 570.001770
v 1500.000732 90.000046 520.002136
v 1500.001099 180.000168 550.002075
v 1615.000732 215.000198 515.002258
v 1500.000977 150.000076 530.001892
v 2183.679688 -189.594254 1247.494995
v 2085.547852 -189.928421 1472.367432
v 2145.746094 -210.715530 1706.739746
v 2209.779053 -189.540802 1139.914062
v 2123.426514 -180.034668 1497.558594
v 2154.011230 -106.813278 789.588379
v 2197.150879 -187.417740 1930.064209
v 2163.843262 -136.927216 859.605408
v 2020.000977 280.000244 960.001587
v 2035.746948 277.556549 2043.471191
v 2089.984619 280.000061 1009.995850
v 1969.972412 299.035950 1586.351562
v 2110.000488 -13.216055 840.002563
v 2220.000488 -189.538849 1020.002258
v 2080.000732 249.978302 840.002625
v 2070.000244 122.249794 850.002502
v 2170.000732 -72.105392 1010.002258
v 2112.104492 137.517639 1166.869507
v 2129.214600 249.905640 1185.723022
v 2140.000732 134.478149 990.002563
v 2144.209473 -71.921387 1207.704834
v 2140.000488 250.000168 990.002136
v 2059.981934 289.912384 1166.027588
v 2055.314697 -72.531403 1432.274414
v 2101.806641 114.903595 1701.209961
v 2113.202393 238.626068 1687.796631
v 2013.992676 137.107712 1401.749756
v 2108.441650 -71.831688 1703.842896
v 2012.844482 249.499298 1407.326294
v 1988.728516 279.550903 1379.661133
v 2046.857422 308.482819 1721.312012
v 2154.435547 -52.802433 1952.580688
v 2133.206055 234.209305 1992.264160
v 2118.085938 129.905289 1998.467651
v 2060.000977 56.029926 870.001770
v 2150.000732 47.664536 1010.001831
v 2122.529541 50.320816 1197.038086
v 2026.956177 49.771988 1422.925415
v 2096.088867 48.864578 1718.942017
v 2134.109375 40.711082 1984.404175
v 2080.000488 198.199829 840.002075
v 2120.121582 199.889893 1176.083130
v 2140.000977 198.793243 990.002136
v 2123.010986 188.661972 1681.688354
v 2036.371216 199.501266 1398.725830
v 2143.496338 187.671356 1984.784180
v 2023.710815 126.308403 1575.769653
v 2024.858154 249.078751 1558.289551
v 2044.511475 -72.703346 1576.087036
v 2070.113281 -200.238983 1578.309204
v 2019.308472 50.224434 1594.022583
v 2034.896606 199.141037 1552.272583
v 2173.770264 248.105240 1834.217651
v 2174.923096 -63.457382 1838.643066
v 2163.823975 124.095131 1844.239624
v 2149.378662 58.055542 1862.474976
v 2182.563965 198.061615 1817.707031
v 2127.894287 297.966125 1877.919800
v 2208.864014 -191.213882 1824.172607
v 2075.147217 126.424561 1624.437378
v 2085.947998 -61.790501 1634.754883
v 2069.875244 49.667908 1642.345825
v 2088.633057 198.936523 1611.852783
v 2078.755127 248.849960 1617.934082
v 2018.501831 308.760193 1643.866699
v 2115.657959 -200.453278 1628.607422
v 2021.557373 259.312805 1478.881836
v 2022.784790 147.411209 1483.336060
v 2050.981445 -62.162720 1486.588501
v 2026.316650 60.312450 1504.737671
v 2038.052124 209.369659 1461.458252
v 1975.083740 299.255981 1496.313477
v 2110.512451 -72.030151 1312.271362
v 2092.400635 249.758286 1289.052612
v 2035.439087 279.785004 1260.257324
v 2075.769531 137.359482 1280.389038
v 2090.639893 49.882339 1302.321289
v 2094.008545 199.757736 1279.690552
v 2150.221924 -189.712219 1352.155151
v 2138.299072 137.057968 1089.326782
v 2147.938721 249.982101 1089.184326
v 2169.711426 -72.148453 1109.887939
v 2149.062256 50.003468 1099.630249
v 2137.849121 199.785156 1089.148804
v 2077.225342 279.975952 1088.900757
v 2050.000977 280.000275 990.001892
v 2150.000488 -65.893616 900.001831
v 2100.000488 133.047897 890.002258
v 2110.000488 249.973892 890.002441
v 2110.000488 54.917084 910.001953
v 2110.000488 198.159500 890.002625
v 2184.301514 -166.615952 899.557800
v 2280.000488 -287.096130 -1099.998901
v 2190.000732 -209.538895 -689.999084
v 2200.000488 -284.968750 -1319.998901
v 1960.000366 -239.538910 -2119.999756
v 1659.999878 -259.538971 -2570.000732
v 2270.000000 -268.408966 -969.998901
v 2250.000488 -285.962585 -1199.999023
v 2210.000488 -281.082092 -1439.999634
v 2170.000488 -262.824829 -1629.999390
v 1809.999878 -269.538971 -2490.000000
v 2240.000000 -268.810181 -879.998962
v 2105.359375 -109.101334 -471.585510
v 2000.000244 -229.538910 -1950.000000
v 1910.000366 -259.538940 -2249.999512
v 1519.999878 -259.538971 -2700.000488
v 2100.000488 -257.450775 -1719.999756
v 1660.000000 420.000397 -2290.000000
v 1219.999878 340.000183 -2600.000732
v 2050.000244 310.000244 -839.998657
v 2000.000610 300.000214 -1199.999390
v 1960.000244 290.000275 -519.998779
v 2020.000244 330.000183 -1369.999268
v 1219.999756 4.455578 -2700.000244
v 1479.999023 -84.430107 -2610.000732
v 1500.000000 340.000214 -2510.001221
v 1489.999634 150.000076 -2540.001221
v 1250.000000 210.000183 -2670.000732
v 1760.000000 -73.042809 -2419.999512
v 1850.000000 -62.717377 -2179.999512
v 1850.000000 360.000244 -2029.999878
v 1850.000000 180.000122 -2079.999512
v 1710.000366 370.000275 -2369.999512
v 1719.999878 170.000107 -2369.999268
v 1489.999756 260.000214 -2530.000977
v 1850.000366 290.000214 -2029.999878
v 1710.000244 280.000244 -2329.999756
v 1469.999268 36.362122 -2600.000977
v 1739.999756 47.108875 -2399.999512
v 1830.000122 68.134331 -2149.999268
v 1239.999756 290.000275 -2640.000244
v 1240.000122 110.000061 -2650.000732
v 1219.999268 -118.761864 -2750.000488
v 1240.000000 -249.539001 -2840.000244
v 2050.000244 -108.915222 -1699.999634
v 1900.000244 -73.678795 -1859.999878
v 2020.000488 340.000214 -1549.999634
v 2020.000244 130.000061 -1559.999512
v 1870.000610 350.000214 -1719.999756
v 1890.000000 170.000107 -1719.999756
v 1960.000000 370.000214 -1499.999390
v 1880.000122 48.712887 -1779.999756
v 2040.000366 13.877511 -1619.999756
v 2020.000244 240.000183 -1549.999634
v 1880.000732 280.000244 -1719.999756
v 1459.999878 400.000244 -2450.000244
v 1790.000122 420.000397 -2049.999512
v 1820.000488 400.000275 -1669.999756
v 2200.000488 -270.075897 -1559.999512
v 2150.000000 -150.136642 -1509.999512
v 2080.000244 79.779854 -1419.999512
v 2100.000000 -26.871754 -1469.999512
v 2100.000488 190.000153 -1409.999268
v 2210.000488 -149.147110 -1089.999023
v 2100.000488 88.659843 -849.999268
v 2160.000000 -117.603386 -879.998962
v 2140.000244 -124.711075 -699.998779
v 2040.050903 -66.629066 -480.004059
v 2000.000244 249.433105 -499.998901
v 2000.000366 53.188145 -499.998993
v 2110.000000 260.000214 -829.998962
v 2060.000488 249.998047 -659.998779
v 2080.000732 58.025265 -669.998779
v 2050.000244 69.944344 -1219.999268
v 2040.000000 250.000168 -1209.999023
v 2130.000244 79.623970 -1039.999023
v 2120.000732 -159.224976 -1289.999634
v 2130.000732 260.000214 -1019.999329
v 2080.000488 300.000214 -1009.999084
v 2010.000366 163.772827 -489.998566
v 2070.000000 166.817474 -659.998840
v 2070.000000 170.000107 -1219.999268
v 2120.000732 190.000153 -829.999146
v 2130.000488 180.000137 -1029.999390
v 2140.000244 -7.120109 -869.999329
v 2149.999756 -26.768803 -1059.998901
v 2100.000244 -19.020521 -689.998962
v 2020.000488 8.543634 -489.999329
v 2080.000488 -36.614979 -1259.999268
v 2030.000488 290.000214 -679.998718
v 2070.000488 290.000214 -1399.999634
v 1410.000000 130.000092 -2680.000488
v 1409.999634 310.000214 -2660.000488
v 1379.999878 29.757023 -2690.000488
v 1430.000122 250.000183 -2640.000488
v 1379.999756 -118.495544 -2720.000732
v 1379.999878 380.000153 -2570.000732
v 1399.999634 -269.538971 -2780.000977
v 1610.000244 160.000092 -2430.000732
v 1619.999878 -74.398216 -2500.000244
v 1619.999512 350.000214 -2440.000244
v 1599.999756 270.000214 -2440.000244
v 1590.000122 47.039257 -2469.999512
v 1580.000244 410.000275 -2369.999756
v 1840.000000 -65.175095 -2289.999512
v 1800.000610 180.000122 -2199.999756
v 1800.000366 360.000214 -2189.999512
v 1810.000244 280.000183 -2179.999512
v 1800.000366 57.174992 -2249.999512
v 1750.000000 420.000366 -2149.999512
v 1880.000122 -249.538940 -2339.999512
v 1879.999878 -62.455048 -2019.999756
v 1870.000610 180.000153 -1910.000000
v 1870.000488 290.000244 -1879.999878
v 1850.000244 360.000244 -1879.999878
v 1860.000244 67.969070 -1940.000122
v 1800.000366 410.000336 -1850.000000
v 1960.000244 140.000076 -1599.999268
v 1940.000000 350.000153 -1599.999390
v 1980.000732 -76.150932 -1759.999878
v 1959.999634 37.878155 -1669.999756
v 1949.999756 250.000137 -1589.999390
v 1890.000488 380.000214 -1539.999634
v 2040.000000 -249.538940 -1789.999390
v 2070.000244 110.000061 -1489.999390
v 2080.000244 220.000168 -1479.999390
v 2100.000000 4.414976 -1539.999756
v 2130.000000 -141.165436 -1599.999023
v 2060.000488 310.000244 -1479.999512
v 2000.000366 350.000183 -1439.999756
v 2010.000366 300.000214 -1309.999268
v 2140.000244 -170.749084 -1409.999634
v 2090.000244 180.000122 -1329.999390
v 2090.000732 -37.439907 -1359.999512
v 2080.000732 69.680061 -1339.999023
v 2050.000244 260.000214 -1319.999268
v 2100.000000 69.871559 -1119.999146
v 2090.000732 250.000168 -1099.999023
v 2180.000244 -148.838440 -1169.999146
v 2100.000732 170.000122 -1109.999268
v 2130.000732 -36.559570 -1149.999023
v 2040.000488 290.000214 -1099.999268
v 2210.000488 -140.543350 -989.999207
v 2140.000244 89.397423 -939.998840
v 2140.000244 260.000214 -919.998901
v 2140.000488 190.000153 -919.999146
v 2160.000488 -18.296612 -959.999084
v 2080.000488 310.000183 -929.998962
v 2090.000244 260.000214 -739.998779
v 2150.000488 -119.855728 -799.999268
v 2090.000488 84.032402 -759.998840
v 2100.000000 179.295486 -739.998840
v 2120.000732 -11.746001 -779.999084
v 2040.000122 300.000214 -759.998840
v 2220.000732 -259.533081 -789.999084
v 2090.000244 -97.353302 -609.998779
v 2030.000244 54.773819 -599.998779
v 2020.000488 249.776810 -589.998779
v 2030.000732 164.790466 -579.998901
v 2070.000488 -42.707573 -609.999146
v 1990.000122 290.000305 -599.998718
v 2123.583496 -147.103729 -590.368958
v 249.999908 -199.538879 -3230.001465
v -430.000244 -219.538879 -3300.001953
v 1109.999268 -249.539001 -2940.001221
v 789.999573 -229.538910 -3110.000732
v -200.000244 -229.538971 -3370.001953
v 389.999481 -189.538849 -3190.000732
v 89.999580 -219.538971 -3290.001221
v -670.000183 -219.538834 -3260.002197
v 649.999878 -219.538971 -3150.000488
v -119.999985 460.000366 -3130.001221
v -900.000366 410.000336 -2980.000977
v 1019.999512 370.000183 -2770.000732
v -990.000427 51.795078 -3040.001221
v -620.000183 -44.145142 -3170.001709
v -530.000427 380.000305 -3130.001709
v -560.000122 190.000122 -3140.001465
v -940.000549 280.000183 -3060.001221
v -180.000443 -33.222473 -3290.001221
v 109.999756 -22.717308 -3200.001465
v 240.000153 400.000336 -3110.000732
v 199.999817 220.000168 -3140.001465
v -160.000031 410.000336 -3220.001221
v -160.000320 210.000153 -3230.000732
v -550.000183 300.000214 -3140.001465
v 239.999771 330.000153 -3110.000732
v -130.000443 320.000153 -3200.001221
v -620.000366 76.008972 -3160.001221
v -170.000320 86.864037 -3260.001465
v 129.999634 107.648483 -3170.001465
v -930.000183 360.000244 -3050.001221
v -940.000427 169.390137 -3070.000977
v -1020.000366 -78.723511 -3040.001465
v -1070.000244 -229.538864 -3070.000977
v 639.999573 -69.381126 -3110.000488
v 410.000031 -33.102406 -3050.000488
v 779.999939 380.000122 -2970.000244
v 779.999756 169.943497 -2970.000244
v 499.999512 390.000305 -2950.000488
v 509.999451 210.000183 -2970.000732
v 800.000000 410.000275 -2880.001221
v 459.999573 88.952744 -2990.000732
v 719.999878 51.819275 -3040.000732
v 779.999939 280.000244 -2970.000977
v 509.999451 320.000183 -2960.000488
v -500.000580 440.000397 -3060.001953
v 189.999969 460.000366 -3080.001221
v 519.999573 440.000397 -2880.000977
v 919.999512 -239.539001 -3060.000488
v 949.999451 -108.571304 -2970.000977
v 999.999268 118.972374 -2850.000488
v 959.999634 12.205863 -2910.001221
v 1019.999695 230.000137 -2870.000244
v 1009.999878 330.000183 -2840.001221
v -780.000427 169.982285 -3150.001709
v -760.000244 350.000183 -3140.001953
v -800.000549 64.938225 -3140.001953
v -730.000183 290.000214 -3150.001221
v -830.000305 -78.457626 -3150.001221
v -710.000488 420.000366 -3070.001709
v -870.000183 -229.538864 -3200.001465
v -330.000122 200.000137 -3180.001221
v -390.000000 -33.926235 -3220.001221
v -340.000305 390.000305 -3190.001221
v -350.000244 310.000153 -3170.000977
v -380.000153 86.900536 -3180.001709
v -310.000183 450.000427 -3120.000977
v -20.000172 -25.207973 -3280.001465
v 29.999828 220.000168 -3200.001221
v 39.999771 400.000275 -3190.001221
v 59.999847 320.000183 -3190.001221
v -10.000038 96.741745 -3220.001709
v 39.999771 460.000336 -3120.001465
v -40.000057 -209.538895 -3340.001221
v 280.000122 -22.717321 -3110.000732
v 369.999695 220.000168 -3040.000732
v 389.999390 330.000153 -3020.000732
v 389.999969 400.000336 -3020.000977
v 339.999573 108.171844 -3060.001221
v 379.999817 450.000336 -2950.000977
v 629.999939 180.000168 -2970.000977
v 609.999878 390.000244 -2960.000488
v 499.999237 -36.848389 -3100.000488
v 559.999878 78.572830 -3020.000732
v 629.999939 290.000244 -2960.001221
v 639.999695 420.000305 -2870.000732
v 499.999908 -209.538940 -3150.000488
v 889.999756 149.813858 -2930.001709
v 899.999451 260.000214 -2930.001221
v 839.999756 42.686905 -2990.000732
v 799.999451 -101.123466 -3060.000732
v 869.999146 350.000153 -2920.000977
v 889.999390 390.000214 -2840.001221
v 1109.999878 340.000183 -2700.000488
v 1090.000122 -130.339233 -2860.001221
v 1139.999756 220.000168 -2770.000732
v 1119.999756 1.269948 -2790.001221
v 1109.999634 109.056450 -2780.000488
v 1119.999756 300.000183 -2730.000977
v -779.999878 400.000336 -1329.999756
v 450.000000 470.000366 -2700.000488
v -380.000244 470.000366 -2780.001221
v -870.000183 490.000397 -2580.000977
v 1229.999878 470.000275 -1599.999268
v 1019.999878 500.000275 -1839.999390
v 610.000244 430.000366 -1839.999634
v 239.999969 460.000336 -2070.000732
v -300.000000 480.000458 -1980.000732
v -1010.000061 490.000397 -2110.000732
v 750.000183 390.000305 -1359.999634
v 1058.555176 321.289307 2741.913574
v 123.767563 328.677216 2943.728027
v 791.871460 311.469543 3004.386230
v -1207.688110 -193.539993 2976.399658
v 37.796402 -205.595062 3530.395508
v 691.363159 -228.155945 3630.376709
v -1072.254395 -194.000183 3086.482178
v -770.854187 -193.108932 3234.478271
v 498.986542 -233.711151 3697.934082
v -155.425507 -197.256454 3418.193848
v 201.558868 -223.257446 3599.390381
v 851.397156 -237.743286 3592.771240
v -556.087280 -202.878860 3277.881592
v 580.874329 287.198578 3417.770020
v 1002.665894 175.731827 3210.710938
v -1090.288696 265.767059 2769.780762
v -901.041016 280.212036 2922.950928
v 1007.207520 -60.177837 3290.429199
v 849.205566 -76.330696 3490.090820
v 819.504333 198.333817 3426.203125
v 773.585327 105.471565 3435.731201
v 982.825439 85.120163 3291.930420
v 519.838318 -50.384605 3605.072754
v 215.940475 -39.713608 3505.408203
v 144.371704 236.079651 3380.834961
v 113.360886 147.714188 3410.709717
v 566.084473 236.333542 3514.212402
v 495.941925 137.441177 3517.909912
v 808.655334 155.667679 3439.754883
v 127.987480 199.594620 3385.320312
v 525.084290 187.590439 3492.635254
v 852.726562 -7.715130 3471.205566
v 530.122925 17.955053 3574.717041
v 221.650223 40.406990 3467.342773
v 998.416321 126.499245 3259.713379
v 933.214783 44.530499 3257.992920
v 1029.360596 -131.564606 3331.998535
v 1050.593506 -248.631531 3423.691650
v -523.519226 -63.883434 3231.979736
v -140.574936 -53.301632 3284.817383
v -633.873657 256.243958 3084.866699
v -648.849182 130.021927 3105.499268
v -184.562927 232.771713 3151.666504
v -259.998840 131.785294 3170.004395
v -625.883484 291.059052 3006.983643
v -187.705048 23.466396 3207.813721
v -607.166016 10.013903 3155.970703
v -635.598877 191.027344 3085.513672
v -202.458710 196.347290 3158.227295
v 835.832397 255.810623 3348.449707
v 239.202499 289.470612 3350.283447
v -197.820236 279.148834 3078.418945
v -902.484497 -192.556839 3187.718750
v -917.981628 -67.087784 3114.321777
v -937.140442 113.513123 3011.010986
v -906.963562 7.693660 3051.750488
v -946.708130 175.047821 3003.168701
v -1159.998535 94.751190 2830.004150
v -1125.710327 211.233810 2802.898438
v -1165.445557 -67.500725 2903.704834
v -1159.100098 164.808350 2820.131592
v -1147.642578 9.885132 2856.108154
v -921.143127 237.000687 2977.693359
v 879.952637 75.136917 3448.063721
v 919.721802 167.508820 3445.746338
v 941.214172 -21.303415 3443.296875
v 896.052002 137.798218 3447.976318
v 950.798401 -119.935051 3468.151855
v 924.972717 227.260635 3352.050049
v 949.051086 -256.756927 3536.267578
v 630.207703 123.754944 3469.705566
v 697.233398 -56.890381 3543.027832
v 691.127197 215.420837 3485.917725
v 691.565247 172.396423 3473.768311
v 706.028381 12.599945 3496.453857
v 704.429932 273.282898 3403.352783
v 328.496826 -41.623627 3575.922119
v 274.937531 149.319809 3462.050293
v 336.084076 229.793167 3460.590820
v 294.542877 189.446274 3467.285645
v 343.345642 30.061853 3518.077881
v 373.357300 289.456787 3392.058838
v 312.596405 -212.603577 3643.999023
v 37.198353 -41.767632 3401.854736
v -58.569191 150.171204 3292.315186
v -23.329735 201.233505 3282.925781
v 9.103775 234.797501 3267.487061
v -3.355694 37.437260 3326.180664
v 35.001945 281.251404 3209.124756
v -499.999146 129.413544 3110.003662
v -439.983124 248.212189 3086.650391
v -352.006012 -45.983253 3246.388184
v -420.801941 28.231419 3158.118164
v -468.502655 186.738892 3084.644287
v -473.021301 285.700012 3004.082520
v -385.014679 -207.112213 3306.778809
v -821.506958 134.281845 3068.991699
v -823.397949 193.725769 3054.708252
v -801.352295 27.274609 3115.971680
v -767.873718 -72.018753 3184.963867
v -792.306702 243.331619 3043.908936
v -773.766602 287.145355 2974.492920
v -972.270874 256.833252 2864.197998
v -1043.228760 -81.593689 3019.207275
v -1043.046875 171.789627 2926.319336
v -1040.045776 5.187571 2948.380127
v -1041.736206 109.853004 2940.094971
v -1011.604126 216.367676 2894.829834
v 1845.844482 -232.557495 2853.832520
v 2225.009277 -204.592514 2384.711670
v 1148.458130 -258.886200 3368.202148
v 1406.446777 -254.942947 3191.000977
v 2195.778320 -234.932663 2614.449463
v 1716.309570 -223.024506 2935.454102
v 1999.212646 -248.180481 2770.666504
v 2247.685303 -202.188202 2160.065918
v 1518.941528 -248.618988 3099.989014
v 1977.232788 290.760376 2514.914307
v 1133.689697 187.758301 3125.697266
v 2151.497559 -42.018570 2178.391602
v 2100.390137 231.735367 2236.818604
v 2065.512939 137.501450 2215.696045
v 2139.265869 -52.931988 2566.666504
v 1940.549072 -64.767372 2721.293213
v 1778.091675 209.334442 2748.890625
v 1785.914062 122.450165 2741.073975
v 2035.029419 244.410660 2552.385010
v 2040.603027 140.948578 2526.266846
v 2104.609375 189.287567 2223.881836
v 1772.920410 172.125320 2756.264404
v 2027.046143 190.643707 2553.925049
v 2137.955322 27.904415 2172.160645
v 2114.608154 17.424667 2551.355225
v 1901.804199 15.016246 2714.431396
v 1508.696045 -113.423935 3053.752441
v 1621.260254 -81.258759 2847.696777
v 1336.472168 183.921600 3040.354248
v 1307.881958 72.462387 3031.737061
v 1510.648315 194.057098 2802.837158
v 1477.992065 108.374619 2828.922852
v 1279.489868 214.969971 2987.756348
v 1554.073730 -9.965444 2834.412842
v 1424.098633 -43.901623 3056.252197
v 1337.511230 124.012032 3041.514404
v 1502.831421 158.407867 2822.847900
v 2042.947632 287.045319 2236.559570
v 1796.322632 265.403168 2689.483154
v 1461.570190 238.397934 2759.485107
v 1300.729126 -260.144867 3274.206543
v 1247.245850 -143.483002 3222.620117
v 1128.887939 32.288849 3153.778809
v 1212.879150 -72.463310 3179.085449
v 1170.970581 85.503380 3196.222656
v 1164.651733 145.891022 3167.692139
v 2105.481445 136.253357 2112.845459
v 2133.942383 226.382309 2129.204590
v 2145.555664 35.408867 2095.433594
v 2134.065918 197.244690 2155.084473
v 2169.456787 -56.399475 2073.648193
v 2060.571777 286.483215 2152.415771
v 2235.918701 -193.696014 2048.135254
v 2058.962891 145.035095 2361.529541
v 2152.146240 -35.382877 2360.904785
v 2090.587158 240.774612 2383.829346
v 2083.463379 198.900299 2358.333740
v 2119.431396 35.727608 2339.942871
v 2045.230713 296.891083 2359.255615
v 2067.478516 -58.102165 2677.458984
v 1933.819580 134.572525 2650.736328
v 1933.011841 218.689209 2677.835449
v 1928.497314 174.545425 2691.847900
v 2020.483398 14.871609 2645.840088
v 1900.739502 276.508301 2620.877930
v 2111.314209 -228.974777 2711.160156
v 1754.937500 -70.238029 2791.600342
v 1612.233887 118.440796 2788.170898
v 1616.802368 168.291824 2786.586914
v 1625.954468 204.720306 2777.518311
v 1675.742920 9.003401 2801.233398
v 1598.589722 248.896118 2712.587891
v 1403.200562 79.631378 2911.077637
v 1441.892578 189.360657 2891.781738
v 1588.789307 -83.940590 2948.633057
v 1509.017944 -21.835554 2923.429688
v 1425.589600 130.061218 2911.189453
v 1374.576904 219.871399 2842.602295
v 1616.200195 -241.827438 2989.230469
v 1226.076904 56.320919 3103.402344
v 1254.232544 108.764290 3124.314209
v 1320.409546 -49.264442 3122.451904
v 1381.145630 -141.296417 3150.818359
v 1263.481201 157.749939 3089.594971
v 1216.203491 199.429489 3047.418701
v 1075.680542 165.369064 3167.957031
v 1129.059448 -153.701431 3281.551025
v 1076.113525 85.219940 3247.659668
v 1084.927124 -70.639931 3251.421631
v 1045.148438 30.320358 3212.963867
v 1078.902954 125.973770 3202.848145
v 1406.750488 327.241577 2584.026611
v 1818.422119 302.712036 2282.690918
v 1690.868774 357.458527 1976.824219
v -37.203503 43.099739 -149.928757
v -116.175369 27.670406 -150.017685
v -76.504471 35.388599 -149.973053
v -11.909294 52.776970 -149.871780
v 13.418865 62.454857 -149.814468
v -634.999634 73.666534 -94.999405
v 1610.000610 185.000153 -179.998596
v 1640.000122 285.000275 -234.998901
v 1603.366821 67.272011 -141.121002
v 1595.104370 125.138214 -190.033539
v 1590.749512 55.565178 -105.343864
v 1895.000488 220.000153 525.002747
v 1880.001099 315.000214 585.002197
v 1825.795166 -23.779594 387.752472
v 1690.001099 290.000183 585.002014
v 1650.000977 265.000244 540.002014
v 1795.000854 305.000183 665.002319
v 1700.001099 165.000122 510.002472
v 1720.000977 265.000214 520.002014
v 1745.000977 300.000183 580.002563
v 1705.000732 75.000038 470.001831
v 1700.000732 115.000069 510.002289
v 1710.000854 215.000183 510.002380
v 1740.001343 295.000244 670.002563
v 1742.501221 297.500214 625.002502
v 1820.000977 305.000214 585.002258
v 1800.000977 60.000038 520.001953
v 1800.000977 115.000069 535.002014
v 1805.000732 220.000168 525.002014
v 1778.917480 -6.328452 482.672791
v 1800.001343 175.000168 520.002258
v 1805.000854 275.000214 530.002197
v 1855.000732 315.000214 665.002319
v 1837.500977 310.000214 625.002319
v 1816.250854 307.500183 645.002075
v 1800.001099 302.500183 587.502197
v 1775.000977 60.000038 515.001953
v 1775.000977 112.500069 532.501892
v 1782.501465 220.000168 527.502441
v -1232.529785 -205.623383 -3047.881592
v -1434.504150 -208.623032 -2887.862549
v -2231.806152 -262.702606 -2377.538086
v -2588.197021 -306.869263 -1858.278809
v -1319.765991 -205.613190 -2979.396973
v -1584.421875 -215.796371 -2858.750244
v -1840.365601 -218.963287 -2763.503174
v -2539.049805 -316.866974 -2067.291748
v -2099.445312 -231.491608 -2483.741699
v -2334.023193 -296.127502 -2273.689941
v -2699.459961 -305.457825 -1620.299927
v -1939.861084 -224.547577 -2666.933838
v -2314.177734 372.522308 -1947.839966
v -2590.138916 270.669983 -1204.737427
v -1292.220825 379.307404 -2726.084473
v -1528.037598 392.820312 -2692.660645
v -2679.988281 -52.763783 -1187.018921
v -2603.739990 -131.847412 -1602.622192
v -2515.276611 288.754486 -1641.458374
v -2538.034180 100.680733 -1634.168091
v -2660.418945 145.876587 -1219.254272
v -2460.250488 -120.383057 -2031.134399
v -2255.587646 -97.950111 -2231.685791
v -2115.074463 329.986267 -2273.744873
v -2162.744629 149.058228 -2259.813721
v -2405.462891 322.496307 -1972.775269
v -2404.398438 122.594498 -1993.286743
v -2530.908691 209.521362 -1629.393921
v -2117.342285 261.208618 -2277.922852
v -2365.326416 232.643555 -1992.483765
v -2594.508545 -12.251509 -1586.388062
v -2437.729248 -0.227976 -2012.546753
v -2221.104736 32.437958 -2214.761963
v -2633.031494 222.209808 -1211.650146
v -2634.415039 51.402748 -1232.106445
v -2728.702148 -171.521942 -1176.122437
v -2820.031738 -297.530975 -1167.429321
v -1911.308105 -75.581993 -2624.165527
v -1993.817139 -73.914635 -2413.162842
v -1758.917603 377.876801 -2639.386719
v -1764.564453 174.093277 -2638.850098
v -1856.596802 356.582855 -2423.617676
v -1870.511597 182.083603 -2450.024902
v -1693.045044 412.348083 -2594.604980
v -1919.038330 54.511307 -2420.000732
v -1831.419189 54.400040 -2640.720459
v -1760.050781 280.428345 -2641.186523
v -1862.774292 286.955353 -2436.060059
v -2446.493164 348.385284 -1621.842407
v -2115.987305 385.716431 -2198.887695
v -1801.150513 408.054626 -2392.866699
v -1748.279541 -218.880035 -2813.209717
v -1685.266846 -86.748207 -2780.284668
v -1582.566040 145.552750 -2739.884521
v -1640.897339 37.356613 -2745.166504
v -1580.506104 253.019302 -2761.751709
v -1200.284668 -65.781578 -2982.563477
v -1316.212402 151.653763 -2774.346436
v -1306.266846 329.932892 -2761.828369
v -1114.921143 160.040817 -2922.449219
v -1394.621460 -77.554283 -2820.439453
v -1080.258423 338.227356 -2928.330322
v -1050.863770 377.163696 -2883.465332
v -1315.220215 250.624496 -2790.112549
v -1095.562866 259.284546 -2924.061279
v -1148.007935 55.084465 -2935.008789
v -1363.320679 44.970383 -2791.241699
v -1575.130615 350.746735 -2734.580566
v -2675.176025 78.710091 -1454.860352
v -2660.344971 254.794174 -1450.524658
v -2678.132324 -20.046568 -1418.588623
v -2641.866211 196.777512 -1484.534424
v -2706.853027 -165.348129 -1414.219727
v -2566.376709 323.697571 -1445.671631
v -2767.858154 -313.487244 -1420.101196
v -2443.165283 112.118057 -1837.798828
v -2512.246338 -121.922836 -1832.164917
v -2460.208008 301.411163 -1831.144897
v -2455.259521 221.569031 -1811.161621
v -2478.441162 -0.735748 -1802.660767
v -2380.912109 361.431000 -1815.044556
v -2354.979248 -107.757698 -2174.492920
v -2259.514160 138.757919 -2154.048828
v -2249.874023 317.219360 -2151.290283
v -2245.045166 238.982773 -2170.145508
v -2306.508301 14.541256 -2141.087646
v -2198.784912 377.759613 -2110.847900
v -2410.513672 -292.557434 -2204.542725
v -2121.960938 -82.015121 -2328.691895
v -2020.155884 167.328720 -2353.242676
v -1992.115967 277.197174 -2361.695801
v -1983.398438 345.807800 -2337.156982
v -2044.600342 53.188824 -2334.752197
v -1942.990845 395.554779 -2298.309326
v -1798.096680 173.932312 -2565.595459
v -1784.496338 377.533112 -2540.550537
v -1939.733154 -56.890903 -2532.385986
v -1859.186890 64.790787 -2542.773438
v -1784.100342 278.810059 -2556.504150
v -1721.481689 410.711517 -2512.188965
v -1983.697876 -228.374100 -2582.279785
v -1676.951782 165.973190 -2708.812256
v -1675.512085 272.818146 -2721.509766
v -1737.064575 58.485435 -2724.013428
v -1804.746094 -89.998566 -2734.114502
v -1682.053589 359.258209 -2701.177490
v -1621.849609 402.700317 -2652.358154
v -1439.962524 370.604431 -2701.404785
v -1546.100464 -96.420113 -2801.131592
v -1467.980835 252.052856 -2776.062500
v -1491.981934 37.959778 -2769.210693
v -1473.315674 143.678116 -2764.233643
v -1455.645996 331.232697 -2738.569824
v -1201.683105 153.318481 -2856.857422
v -1167.917114 331.915253 -2850.093994
v -1269.870850 -64.785706 -2920.259766
v -1184.565186 252.761978 -2857.074463
v -1239.395752 47.259106 -2876.763428
v -1158.015991 371.921936 -2799.414551
v -3255.684570 -242.713837 230.576157
v -3357.604980 -199.264130 835.946472
v -2921.652588 -304.575623 -936.300659
v -3105.698242 -294.202759 -428.870239
v -3400.299072 -214.297913 669.853455
v -3209.417725 -246.343857 73.857353
v -3319.162842 -240.293839 400.076569
v -3332.714844 -189.808212 1002.324219
v -3153.236572 -282.898865 -238.999420
v -3141.025391 275.981079 550.190918
v -3052.039795 240.746231 1084.250854
v -2763.953369 261.422852 -836.278748
v -3137.551025 -7.978880 1169.483032
v -3247.684814 -75.289139 947.929871
v -3165.457031 227.267914 864.523682
v -3196.081543 90.084229 894.112610
v -3122.793701 159.037735 1130.659424
v -3317.915283 -75.558128 640.569519
v -3227.536133 -96.163788 363.553741
v -3114.082520 227.277283 221.697815
v -3153.626709 87.232407 266.595734
v -3218.041992 251.273270 600.522644
v -3245.360840 100.569344 609.910767
v -3181.480713 170.553085 881.937195
v -3117.542725 172.050018 216.415787
v -3210.594482 179.231567 576.490845
v -3225.199219 11.764872 943.499207
v -3281.559326 11.418545 626.140198
v -3192.315186 3.022695 340.438019
v -3104.818848 215.279266 1119.147705
v -3144.725586 80.067909 1137.591919
v -3153.966797 -101.788437 1194.602539
v -3192.772217 -205.390549 1239.033691
v -3108.573242 -155.525482 -238.793762
v -3074.588379 -130.197662 6.225920
v -2963.731689 235.661499 -435.913605
v -2964.049316 51.989510 -446.779785
v -2956.956787 217.873245 -108.380127
v -2980.113770 69.489082 -123.751114
v -2875.289551 263.653931 -495.252747
v -3008.300049 -32.414925 -66.577530
v -3033.464111 -51.723087 -356.942505
v -2964.640137 148.084381 -439.994385
v -2968.932861 160.912292 -121.135422
v -3107.005615 260.491882 827.320557
v -3085.213623 270.864899 261.333069
v -2888.071045 260.465485 -164.813995
v -3049.436279 -302.346466 -620.025024
v -2956.439453 -183.231247 -695.767151
v -2837.940674 28.099812 -795.114746
v -2895.584229 -72.988594 -726.152466
v -2862.852539 130.059891 -799.866943
v -2834.469238 220.689850 -792.854919
v -3204.510498 85.853836 1048.044189
v -3174.249756 214.942047 1024.382568
v -3210.739258 8.543194 1062.785156
v -3189.475098 171.473236 1008.810059
v -3235.974854 -93.523964 1089.390137
v -3117.259277 254.047302 976.394653
v -3290.007080 -195.206253 1129.517700
v -3217.807861 93.337593 732.606873
v -3276.997314 -73.148666 790.183044
v -3203.321045 236.882523 736.269226
v -3197.878174 174.717590 742.872314
v -3233.953125 11.253107 773.292908
v -3142.505615 270.730377 699.087036
v -3301.909912 -80.091942 503.934387
v -3212.622070 97.852448 441.891327
v -3188.592285 236.290405 426.605377
v -3194.510498 173.822159 411.062775
v -3241.790771 6.088269 481.437683
v -3125.690430 273.710083 411.073120
v -3367.207275 -215.186020 530.681580
v -3138.083496 -113.507668 166.884399
v -3053.530762 78.089836 57.498932
v -3029.704590 167.192932 32.470467
v -3027.077881 223.729279 39.717579
v -3081.564453 -12.153125 92.991829
v -2959.849365 260.862885 18.846035
v -2972.574951 50.414776 -263.959778
v -2959.378418 227.098206 -231.608200
v -3107.830566 -129.355804 -79.083107
v -3025.593018 -36.257637 -171.520370
v -2962.745605 143.728455 -260.927338
v -2873.212402 254.335114 -306.002045
v -3165.453369 -271.336700 -63.074730
v -2921.712402 43.303848 -606.070190
v -2923.630127 142.324036 -610.987915
v -2980.275146 -54.580341 -527.982300
v -3052.458008 -181.980591 -458.639282
v -2913.933838 219.453308 -572.998352
v -2834.676758 258.435333 -629.440186
v -2692.031006 250.640991 -997.808105
v -2839.836670 -192.990051 -943.166748
v -2761.300781 139.215683 -1015.306458
v -2771.255859 -66.614708 -1003.068176
v -2766.430664 32.754494 -980.926147
v -2721.830811 213.202972 -1000.421143
v -2015.704712 -203.283508 2521.534668
v -1454.370239 -230.308914 2914.551025
v -3110.018311 -178.682739 1453.031494
v -2836.102783 -177.756851 1756.418457
v -1657.273682 -235.275024 2890.353271
v -2182.362061 -190.304550 2306.903320
v -1885.192139 -223.499878 2666.095459
v -1293.438110 -240.223267 2950.390625
v -2600.562256 -189.433563 1927.414673
v -1464.656006 285.729462 2670.382080
v -2874.999512 272.182861 1384.090088
v -1252.029297 -78.778969 2856.181396
v -1250.584961 198.135193 2799.937500
v -1297.591187 103.252792 2773.350830
v -1599.130981 -51.928200 2814.861816
v -1832.603027 -39.858711 2586.386475
v -1851.033203 236.988068 2435.345215
v -1892.457520 148.778702 2448.559570
v -1518.818481 234.809235 2751.924316
v -1583.952026 136.127304 2724.158203
v -1267.423828 153.523804 2793.127930
v -1868.994141 200.647873 2431.301025
v -1546.858276 186.207779 2714.050537
v -1240.856689 -10.139883 2840.389160
v -1576.980591 16.411245 2791.697510
v -1811.330444 40.263344 2554.286865
v -2548.820801 -54.480923 1901.608643
v -2119.973633 -47.360264 2186.886719
v -2632.030762 258.217896 1689.980347
v -2649.526123 133.317627 1705.713501
v -2112.155762 239.402771 2049.772705
v -2160.000000 140.000015 2070.000000
v -2598.042236 291.351898 1618.669922
v -2144.996094 29.022015 2086.086426
v -2621.521240 16.998541 1777.240356
v -2630.479248 193.668549 1692.161011
v -2127.688965 202.042648 2051.947021
v -1200.000000 260.000031 2770.000000
v -1747.168579 289.666260 2453.355713
v -2080.000000 290.000031 2000.000000
v -2967.390869 -176.533112 1637.112793
v -2959.273438 -58.041656 1558.193604
v -2940.429199 110.762489 1451.575073
v -2926.311035 11.490929 1503.991089
v -2946.449707 169.104233 1439.963379
v -2913.161621 230.416290 1427.251465
v -1441.893677 121.948036 2740.664795
v -1412.134766 -59.002674 2837.581299
v -1393.533325 213.500977 2781.893066
v -1388.001953 170.446152 2771.281006
v -1384.480835 10.500944 2798.995117
v -1346.496704 271.523407 2713.481934
v -1760.224854 -42.394936 2702.170654
v -1760.642578 148.985184 2573.276367
v -1704.607422 229.225159 2599.428711
v -1745.086304 189.039154 2586.815186
v -1722.322021 29.297447 2655.973633
v -1641.864380 288.846924 2553.363525
v -1803.406494 -213.392166 2757.271484
v -1967.803345 -38.873421 2399.837402
v -2030.023193 153.160400 2242.222900
v -1990.174805 203.820282 2251.755859
v -1950.517334 237.130707 2254.493896
v -1981.301514 40.481461 2306.837158
v -1901.346924 283.135376 2213.453369
v -2476.981201 134.171478 1800.108154
v -2406.485840 251.524094 1808.749390
v -2351.403320 -37.830387 2021.415527
v -2400.780762 35.103191 1894.937744
v -2433.330811 190.924667 1793.508179
v -2416.002930 286.865509 1709.858887
v -2408.793213 -195.970001 2060.709473
v -2834.098877 134.022751 1570.177856
v -2832.387695 192.167526 1554.636719
v -2831.735840 32.227768 1624.052002
v -2816.788574 -62.108433 1709.871338
v -2796.779053 241.809174 1559.888672
v -2755.210205 284.163269 1501.849976
v -2927.548828 244.078232 1292.491211
v -3055.986572 -74.047241 1403.870605
v -3017.624756 162.304733 1319.069702
v -3025.941895 5.936301 1339.254150
v -3021.818115 104.136826 1332.402832
v -2976.408447 203.815964 1303.458252
v -2690.000000 375.358063 149.999908
v -300.000214 250.232452 -199.999664
v -300.000153 248.835999 -371.323486
v -96.666504 249.999954 -712.584412
v -280.000000 29.999966 -759.999634
v -155.272003 110.263931 -763.065002
v -293.353851 190.766129 -763.065125
v -503.333466 249.999954 -712.584595
v -319.999908 29.999966 -759.999634
v -155.272079 110.263931 -717.999573
v -98.278519 110.263931 -659.053406
v -118.286217 110.263931 -699.999451
v -118.286255 110.263931 -659.053528
v -444.727905 110.263931 -763.065125
v -118.286133 110.263931 -763.064941
v -98.278404 110.263931 -763.064880
v -293.353912 190.766129 -709.999634
v -300.000153 167.218704 -369.785156
v -206.671692 249.911453 -711.453186
v -273.999939 30.000364 -710.878784
v -306.646057 190.766129 -763.065125
v -444.727905 110.263931 -717.999634
v -501.721466 110.263931 -659.053589
v -481.713776 110.263931 -699.999695
v -481.713776 110.263931 -659.053711
v -481.713776 110.263931 -763.065125
v -501.721466 110.263931 -763.065063
v -306.646027 190.766129 -709.999634
v -393.328247 249.911453 -711.453308
v -326.000000 30.000364 -710.878784
v -229.851486 232.955688 -712.226440
v -256.120667 190.712601 -659.453369
v -370.148468 232.955688 -712.226562
v -343.879333 190.712601 -659.453369
v -96.666763 249.999908 -770.337402
v -162.669632 249.946838 -711.905701
v -503.333130 249.999908 -770.337585
v -437.330353 249.946838 -711.905823
v -343.879333 210.224289 -659.453369
v -377.381012 70.132149 -710.976257
v -256.120667 210.224289 -659.453369
v -222.618942 70.132149 -710.976196
v -256.317963 50.130558 -763.135498
v -250.198196 50.066257 -710.927490
v -266.267761 26.059029 -697.999695
v -343.681946 50.130558 -763.135498
v -349.801758 50.066257 -710.927490
v -333.732208 26.059029 -697.999695
v -253.031281 215.999985 -712.999756
v -249.481918 220.385864 -766.701172
v -346.968689 215.999985 -712.999756
v -350.517975 220.385864 -766.701294
v -430.025818 140.439087 -711.008911
v -412.796539 150.488266 -659.253540
v -169.974136 140.439087 -711.008850
v -187.203461 150.488266 -659.253479
v -152.744873 130.376099 -659.153442
v -152.744843 130.380707 -706.999573
v -447.255127 130.376099 -659.153625
v -269.821777 190.841507 -697.692566
v -299.999939 190.766129 -763.065125
v -300.000000 190.712601 -659.453369
v -299.999969 190.766129 -709.999634
v -299.999939 29.999966 -759.999634
v -299.999969 30.000364 -710.878784
v -299.999969 26.059029 -697.999756
v -447.255127 130.380707 -706.999756
v -330.178192 190.841507 -697.692566
v -299.999939 157.821915 -763.217224
v -300.000000 185.347351 -657.420044
v -299.999969 183.060806 -709.999634
v -468.000031 110.263931 -717.999695
v -489.949799 129.775620 -659.053711
v -411.054413 90.198044 -712.999756
v -343.969635 190.927567 -698.012268
v -372.453949 235.195740 -768.519287
v -378.337921 170.600433 -659.353516
v -378.398285 170.748718 -708.990417
v -437.330353 274.243317 -711.905823
v -393.328247 274.207916 -711.453308
v -503.333466 260.499939 -712.584595
v -437.295258 273.243347 -707.862976
v -379.000031 256.752197 -710.205139
v -393.293152 273.207947 -707.410461
v -493.298340 259.499969 -708.541748
v -399.999969 119.999969 -711.999695
v -338.681946 157.821915 -763.217224
v -450.000061 96.999969 -699.999695
v -460.000031 99.340042 -657.020386
v -320.983948 183.222229 -714.999695
v -320.893616 185.347351 -657.420044
v -340.000000 202.999969 -761.999695
v -391.551849 141.826660 -712.999756
v -389.810852 145.123016 -657.220215
v -424.269440 125.010849 -657.120300
v -424.269379 122.675369 -706.999756
v -300.000000 210.224289 -659.453369
v -340.000000 199.999969 -714.999695
v -355.352234 165.235184 -657.320129
v -355.412567 163.043396 -713.242798
v -437.330353 239.968964 -711.905823
v -409.469116 239.933533 -711.453308
v -450.000061 22.999968 -699.999695
v -300.000000 209.678131 -656.109619
v -460.000031 22.999968 -659.053711
v -559.666687 169.999969 -651.670654
v -354.060486 39.901119 -703.566101
v -397.319885 66.999969 -705.999939
v -378.834015 233.023590 -709.869934
v -299.999939 29.272980 -773.999756
v -299.999939 29.272980 -832.999695
v -299.999939 159.999954 -832.999695
v -378.272247 100.182640 -708.246582
v -377.867279 99.696259 -711.499695
v -399.492310 118.066360 -707.862610
v -362.000031 74.999969 -709.999695
v -365.000031 71.999969 -706.999695
v -354.060486 24.999964 -703.566101
v -354.060486 39.901119 -766.674377
v -354.060486 24.999964 -766.999695
v -131.999893 110.263931 -717.999512
v -110.050201 129.775620 -659.053528
v -188.945511 90.198044 -712.999634
v -256.030334 190.927567 -698.012268
v -227.545959 235.195740 -768.519226
v -221.662064 170.600433 -659.353394
v -221.601685 170.748718 -708.990356
v -162.669632 274.243317 -711.905701
v -206.671692 274.207916 -711.453186
v -96.666504 260.499939 -712.584412
v -162.704727 273.243347 -707.862915
v -220.999939 256.752197 -710.205017
v -206.706787 273.207947 -707.410400
v -106.701599 259.499969 -708.541565
v -199.999969 119.999969 -711.999634
v -261.317963 157.821915 -763.217163
v -149.999939 96.999969 -699.999512
v -139.999985 99.340042 -657.020203
v -279.016022 183.222229 -714.999695
v -279.106384 185.347351 -657.420044
v -259.999908 202.999969 -761.999695
v -208.448105 141.826660 -712.999634
v -210.189148 145.123016 -657.220154
v -175.730560 125.010849 -657.120117
v -175.730545 122.675369 -706.999634
v -259.999939 199.999969 -714.999695
v -244.647766 165.235184 -657.320068
v -244.587372 163.043396 -713.242737
v -162.669632 239.968964 -711.905701
v -190.530807 239.933533 -711.453186
v -149.999939 28.999966 -699.999512
v -139.999985 28.999966 -659.053528
v -40.333130 169.999969 -651.670410
v -245.939468 39.901119 -703.566040
v -202.680069 66.999969 -705.999878
v -221.165939 233.023590 -709.869934
v -221.727722 100.182640 -708.246521
v -222.132660 99.696259 -711.499573
v -200.507660 118.066360 -707.862549
v -237.999908 74.999969 -709.999634
v -234.999939 71.999969 -706.999634
v -245.939468 26.976807 -703.566040
v -245.939423 39.901119 -766.674316
v -245.939423 26.993036 -766.999695
v -152.744873 149.887787 -659.153442
v -155.272003 157.821915 -763.217041
v -118.286133 157.821915 -763.217041
v -102.781319 167.218674 -759.999634
v -222.999878 157.821915 -763.217102
v -227.999878 78.999969 -764.999695
v -150.137466 29.236872 -764.998352
v -149.999863 96.999969 -763.107849
v -187.203461 169.999954 -659.253479
v -102.781296 167.218674 -667.003906
v -40.333130 29.999935 -651.670410
v -221.662064 190.112122 -659.353394
v -256.307068 209.678131 -656.109558
v -152.931244 149.341614 -655.809692
v -187.389832 169.453781 -655.909607
v -221.848465 189.565964 -656.009644
v -248.999954 45.999969 -704.999695
v -219.999832 160.726959 -832.999695
v -231.317932 29.272980 -779.999695
v -447.255127 149.887787 -659.153625
v -299.999939 180.242294 -760.999695
v -228.681778 30.726952 -832.999695
v -259.999878 160.363449 -832.999695
v -265.658905 29.272980 -774.999695
v -264.340851 29.999966 -832.999695
v -96.666550 240.022095 -759.999512
v -106.666504 240.022095 -709.999451
v -189.469101 240.027710 -761.999634
v -162.032608 240.025467 -761.999634
v -169.999939 233.051346 -708.814941
v -279.999908 179.878815 -758.999756
v -104.319527 248.835938 -666.223999
v -87.955307 250.000000 -715.149109
v -88.044716 249.726288 -704.850220
v -444.727905 157.821915 -763.217224
v -481.713776 157.821915 -763.217224
v -497.218597 167.218674 -759.999878
v -377.000031 157.821915 -763.217224
v -372.000031 78.999969 -764.999695
v -450.083160 23.518085 -765.016479
v -450.000061 96.999969 -763.107971
v -412.796539 169.999954 -659.253540
v -497.218689 167.218674 -667.004089
v -559.666687 29.999935 -651.670654
v -378.337921 190.112122 -659.353516
v -343.692932 209.678131 -656.109619
v -489.763397 129.229462 -655.709961
v -447.068726 149.341614 -655.809814
v -412.610138 169.453781 -655.909790
v -378.151550 189.565964 -656.009644
v -351.000031 45.999969 -704.999756
v -380.000000 160.726959 -832.999695
v -368.681946 29.272980 -779.999756
v -371.318054 30.726952 -832.999695
v 54.538250 250.397629 -666.695007
v -42.591713 249.496078 -766.536133
v 249.999954 249.999954 -666.534790
v -100.000092 167.218674 -369.785126
v 62.999916 250.232407 -199.999619
v -339.999969 160.363449 -832.999695
v -437.967285 240.025467 -761.999695
v -73.455620 249.166016 -716.380066
v 49.999882 250.486237 -917.004211
v -410.530792 240.027710 -761.999695
v -205.610229 250.005585 -770.337341
v -334.340973 29.272980 -774.999756
v -104.319572 248.835938 -371.323486
v 249.999908 249.999954 -199.999710
v -335.658966 29.999966 -832.999695
v -503.333374 240.022095 -759.999695
v 250.000000 249.999954 -1200.049683
v -493.333435 240.022095 -709.999634
v -299.999939 250.005585 -770.337341
v -299.999878 250.243088 -916.981140
v -299.999725 249.999954 -1199.999634
v -430.000031 233.051346 -708.815125
v -320.000000 179.878815 -758.999756
v -495.680481 248.835938 -666.224182
v -512.044617 250.000000 -715.149292
v -511.955261 249.726288 -704.850403
v -654.538269 250.397629 -666.695374
v -557.408203 249.496078 -766.536377
v -850.000000 249.999954 -666.535400
v -500.000183 167.218674 -369.785309
v -663.000366 250.232407 -200.000000
v -526.544312 249.166016 -716.380310
v -649.999634 250.486237 -917.004578
v -394.389679 250.005585 -770.337463
v -495.680725 248.835938 -371.323669
v -850.000366 249.999954 -200.000290
v -849.999512 249.999954 -1200.050293
v -337.500092 169.999939 -166.999680
v -337.500092 29.999935 -159.666260
v -262.500366 29.999935 -159.666260
v -262.500275 169.999939 -300.003815
v -262.500275 29.999935 -307.337189
v -262.500275 169.999939 -307.308197
v -262.500366 169.999939 -159.695297
v -40.000366 29.999983 -159.999466
v -40.000225 29.999983 -307.003601
v -337.500092 169.999939 -300.003815
v -337.500061 29.999935 -307.337189
v -337.500061 169.999939 -307.308197
v -337.500092 169.999939 -159.695297
v -40.000225 170.000015 -307.003601
v -560.000122 29.999983 -159.999756
v -560.000122 29.999983 -307.003876
v -560.000122 170.000015 -307.003876
v -40.000366 170.000015 -159.999466
v -240.000443 29.999935 -166.999573
v 49.999691 29.999983 -166.665939
v 50.039555 166.231644 -166.665939
v -240.000290 169.999939 -299.999573
v 49.999691 29.999983 -199.999329
v -262.500427 29.999935 -166.999725
v -560.000122 170.000015 -159.999756
v -360.000031 29.999935 -166.999680
v -650.000183 29.999983 -166.666321
v 49.499489 180.602875 -96.097374
v -0.000501 29.999983 -99.999382
v -100.000214 29.999935 -367.003723
v -99.999855 29.999935 -512.003784
v 49.499584 253.819321 -172.332184
v 63.947750 167.000000 -199.999329
v 62.600780 180.682358 -97.108650
v 62.279011 167.720490 -97.719810
v 62.582756 252.888397 -172.576050
v 62.552906 230.990021 -119.859840
v 49.499489 167.208176 -97.207497
v 49.499535 231.636093 -119.181488
v 49.999641 166.396896 -199.999329
v 49.499630 248.358780 -143.424850
v -650.040039 166.231644 -166.666321
v 62.567829 247.570282 -143.885941
v -360.000092 169.999939 -299.999664
v -650.000183 29.999983 -199.999710
v -337.500061 29.999935 -166.999725
v -300.000275 167.218704 -97.218323
v -300.000275 179.999954 -96.066284
v -300.000153 29.999935 -367.003906
v -300.000244 29.999935 -166.999725
v -649.500061 180.602875 -96.097755
v 49.499489 203.073029 -103.511574
v 62.576866 202.789734 -104.356384
v -600.000122 29.999983 -99.999664
v -500.000092 29.999935 -367.003906
v -500.000000 29.999935 -522.004028
v -240.000443 169.999939 -166.999573
v -262.500336 29.999935 -299.999634
v 49.999596 29.999983 -99.999283
v -262.500305 169.999939 -233.499619
v -262.500366 29.999935 -233.499619
v -240.000366 29.999935 -233.499573
v 41.136955 388.633392 -902.257935
v 22.849678 388.633392 -905.154419
v 14.443898 388.633392 -888.657166
v 27.536083 388.633392 -875.564941
v 44.033409 388.633392 -883.970642
v 41.137005 249.966614 -902.257935
v 44.033409 249.966614 -883.970642
v 27.536129 249.966614 -875.564941
v -649.500061 253.819321 -172.332581
v -663.948242 167.000000 -199.999710
v -662.601379 180.682358 -97.109032
v -662.279602 167.720490 -97.720192
v -662.583252 252.888397 -172.576431
v -662.553406 230.990021 -119.860222
v -649.500061 167.208176 -97.207878
v -649.500061 231.636093 -119.181870
v -650.000122 166.396896 -199.999710
v 14.443898 249.966614 -888.657166
v 22.849678 249.966614 -905.154419
v 35.254120 388.633392 -225.866943
v 38.150524 388.633392 -244.154221
v -649.500183 248.358780 -143.425232
v -300.000275 203.073029 -103.511765
v -662.568359 247.570282 -143.886322
v -300.000275 231.636093 -119.181679
v 21.653439 388.633392 -252.559998
v 8.561063 388.633392 -239.467758
v 16.966843 388.633392 -222.970444
v 35.254120 249.966614 -225.866943
v -649.500061 203.073029 -103.511955
v -662.577454 202.789734 -104.356766
v -300.000275 248.358780 -143.425034
v -300.000244 253.819321 -172.332382
v -360.000031 169.999939 -166.999680
v -337.500061 29.999935 -299.999634
v -650.000183 29.999983 -99.999664
v -300.000214 29.999935 -233.499664
v -337.500122 169.999939 -233.499619
v -337.500061 29.999935 -233.499619
v -360.000061 29.999935 -233.499664
v -641.136719 388.633392 -902.258301
v -622.849487 388.633392 -905.154785
v -614.443665 388.633392 -888.657593
v -627.535889 388.633392 -875.565308
v -644.033264 388.633392 -883.971008
v -641.136719 249.966614 -902.258301
v -644.033264 249.966614 -883.971008
v -627.535889 249.966614 -875.565308
v -614.443665 249.966614 -888.657593
v -622.849487 249.966614 -905.154785
v -635.254578 388.633392 -225.867218
v -638.151001 388.633392 -244.154495
v -621.653870 388.633392 -252.560287
v -608.561523 388.633392 -239.468048
v -616.967285 388.633392 -222.970718
v -635.254578 249.966614 -225.867218
v -616.967285 249.966614 -222.970718
v -608.561523 249.966614 -239.468048
v -621.653870 249.966614 -252.560287
v -638.151001 249.966614 -244.154495
v -699.999939 249.999954 -209.999603
v -699.999939 289.999969 -209.999603
v -699.999939 249.999954 -213.999603
v -699.999939 289.999969 -213.999603
v -450.000183 -0.000036 -99.999664
v -600.000122 0.000012 -99.999664
v -450.000153 29.999935 -99.999664
v -650.000183 0.000012 -99.999664
v -650.000183 0.000012 -166.666321
v -360.000031 29.999935 -299.999664
v -650.000183 0.000012 -199.999710
v -360.000061 169.999939 -233.499664
v -262.500366 169.999939 -166.999680
v -300.000275 29.999935 -99.999619
v -300.000275 -0.000036 -99.999619
v -300.000153 29.999935 -300.251770
v -300.000214 289.999969 -213.999420
v -300.000214 249.999954 -209.999420
v -300.000214 249.999954 -213.999420
v -300.000214 289.999969 -209.999420
v 16.966843 249.966614 -222.970444
v 8.561110 249.966614 -239.467758
v 21.653439 249.966614 -252.559998
v 38.150574 249.966614 -244.154221
v 99.999527 249.999954 -209.999222
v 99.999527 289.999969 -209.999222
v 99.999527 249.999954 -213.999222
v 99.999527 289.999969 -213.999222
v -150.000366 -0.000036 -99.999474
v -0.000501 0.000012 -99.999382
v -150.000412 29.999935 -99.999474
v 49.999596 0.000012 -99.999283
v 49.999691 0.000012 -166.665939
v -240.000336 29.999935 -299.999573
v 49.999691 0.000012 -199.999329
v -240.000366 169.999939 -233.499573
v -200.111206 26.469648 -465.006836
v -300.138580 26.957905 -464.998352
v -400.080536 23.261827 -565.016724
v -400.075012 22.657131 -465.018707
v -400.119019 25.574615 -665.004395
v -497.771179 25.652781 -656.255737
v -300.098480 25.168095 -565.010925
v -300.104370 25.772783 -665.008850
v -200.128479 28.283733 -765.001709
v -200.145798 28.597345 -564.995728
v -200.122574 27.679041 -665.003662
v -98.413895 29.417206 -655.972961
v -200.108170 26.167309 -415.008179
v -300.135315 26.655567 -414.999115
v -250.101883 25.516531 -465.010345
v -150.120148 27.422783 -465.004333
v -400.072083 22.354784 -415.019318
v -450.065765 21.704004 -465.021332
v -400.077637 22.959480 -515.017395
v -496.868805 125.478653 -655.041382
v -400.089081 24.168877 -708.014465
v -300.101746 25.470432 -615.010193
v -100.002930 127.696396 -654.873291
v -350.127960 26.527750 -665.001892
v -200.119659 27.376694 -615.004272
v -200.125580 27.981382 -708.002258
v -250.108093 26.121212 -565.008118
v -300.095856 24.865744 -515.012207
v -200.142807 28.295004 -514.997192
v -150.155060 29.550474 -564.993042
v -450.071289 22.308701 -565.019409
v -350.089844 24.214958 -565.014099
v -350.129333 26.004782 -465.001007
v -400.116058 25.272268 -615.005859
v -250.113678 26.725906 -665.006226
v -150.128937 28.329823 -615.001709
v -250.110382 26.423567 -615.006897
v -350.125061 26.225399 -615.002563
v -450.074585 22.611042 -615.018677
v -350.126709 25.702425 -415.002350
v -350.086578 23.912617 -515.014832
v -450.062805 21.401657 -415.021942
v -450.068665 22.006351 -515.020752
v -150.117157 27.120436 -415.004791
v -150.152145 29.248125 -514.993652
v -250.099319 25.214174 -415.010834
v -250.104858 25.818872 -515.008850
v -200.000092 172.549973 -357.603973
v -188.016861 172.549973 -348.897614
v -192.594070 172.549973 -334.810303
v -207.406265 172.549973 -334.810303
v -211.983444 172.549973 -348.897614
v -200.000137 27.949928 -357.603973
v -211.983490 27.949928 -348.897614
v -207.406265 27.949928 -334.810303
v -192.594070 27.949928 -334.810303
v -188.016815 27.949928 -348.897614
v -400.000092 172.549973 -357.603973
v -388.016785 172.549973 -348.897705
v -392.594086 172.549973 -334.810303
v -407.406250 172.549973 -334.810303
v -411.983429 172.549973 -348.897705
v -400.000153 27.949928 -357.603973
v -411.983490 27.949928 -348.897705
v -407.406250 27.949928 -334.810303
v -392.594086 27.949928 -334.810303
v -388.016785 27.949928 -348.897705
v -100.000130 172.549957 -109.399605
v -111.983467 172.549957 -118.105988
v -107.406212 172.549957 -132.193176
v -92.594078 172.549957 -132.193176
v -88.016823 172.549957 -118.105988
v -100.000130 27.949928 -109.399605
v -88.016914 27.949928 -118.105988
v -92.594078 27.949928 -132.193176
v -107.406258 27.949928 -132.193176
v -111.983467 27.949928 -118.105988
v -200.000137 172.549973 -109.399651
v -211.983459 172.549973 -118.106033
v -207.406265 172.549973 -132.193237
v -192.594025 172.549973 -132.193237
v -188.016815 172.549973 -118.106033
v -200.000137 27.949928 -109.399651
v -188.016815 27.949928 -118.106033
v -192.594070 27.949928 -132.193237
v -207.406265 27.949928 -132.193237
v -211.983459 27.949928 -118.106033
v -500.000092 172.550003 -109.399651
v -511.983490 172.550003 -118.106079
v -507.406250 172.550003 -132.193283
v -492.594055 172.550003 -132.193283
v -488.016785 172.550003 -118.106079
v -500.000092 27.949917 -109.399651
v -488.016785 27.949917 -118.106079
v -492.594055 27.949917 -132.193283
v -507.406281 27.949917 -132.193283
v -511.983490 27.949917 -118.106079
v -400.000153 172.549973 -109.399605
v -411.983398 172.549973 -118.106033
v -407.406250 172.549973 -132.193237
v -392.594025 172.549973 -132.193237
v -388.016785 172.549973 -118.106033
v -400.000153 27.949928 -109.399605
v -388.016785 27.949928 -118.106033
v -392.594025 27.949928 -132.193237
v -407.406250 27.949928 -132.193237
v -411.983490 27.949928 -118.106033
v -505.936188 172.550003 -361.067963
v -503.619110 172.550003 -346.438110
v -516.816895 172.550003 -339.713470
v -527.290649 172.550003 -350.187195
v -520.566101 172.550003 -363.385040
v -505.936249 27.949917 -361.067963
v -520.566101 27.949917 -363.385040
v -527.290710 27.949917 -350.187195
v -516.816895 27.949917 -339.713470
v -503.619110 27.949917 -346.438019
v -509.399994 172.550003 -467.004028
v -518.106384 172.550003 -455.020721
v -532.193665 172.550003 -459.597870
v -532.193726 172.550003 -474.410065
v -518.106384 172.550003 -478.987305
v -509.400024 27.949917 -467.004028
v -518.106384 27.949917 -478.987305
v -532.193726 27.949917 -474.410065
v -532.193726 27.949917 -459.597870
v -518.106384 27.949917 -455.020721
v -90.600159 172.549957 -467.003815
v -81.893776 172.549957 -478.987122
v -67.806534 172.549957 -474.409973
v -67.806534 172.549957 -459.597778
v -81.893776 172.549957 -455.020508
v -90.600159 27.949928 -467.003815
v -81.893875 27.949928 -455.020508
v -67.806534 27.949928 -459.597778
v -67.806534 27.949928 -474.409973
v -81.893875 27.949928 -478.987122
v -94.064095 172.549957 -361.067780
v -79.434250 172.549957 -363.384888
v -72.709610 172.549957 -350.187103
v -83.183456 172.549957 -339.713287
v -96.381210 172.549957 -346.437927
v -94.064095 27.949928 -361.067780
v -96.381210 27.949928 -346.437927
v -83.183456 27.949928 -339.713287
v -72.709656 27.949928 -350.187103
v -79.434250 27.949928 -363.384888
v 29.999805 166.549957 -108.139511
v 43.181587 166.549957 -117.716507
v 38.146664 166.549957 -133.212463
v 21.853233 166.549957 -133.212463
v 16.818310 166.549957 -117.716553
v 29.999805 33.949886 -108.139511
v 16.818119 33.949886 -117.716553
v 21.853138 33.949886 -133.212463
v 38.146473 33.949886 -133.212463
v 43.181587 33.949886 -117.716507
v -630.000122 166.550003 -108.139656
v -643.181824 166.550003 -117.716690
v -638.146851 166.550003 -133.212616
v -621.853455 166.550003 -133.212616
v -616.818542 166.550003 -117.716644
v -630.000122 33.949997 -108.139656
v -616.818542 33.949997 -117.716644
v -621.853455 33.949997 -133.212616
v -638.146851 33.949997 -133.212616
v -643.181824 33.949997 -117.716690
v -653.999878 379.372681 -921.046631
v -500.552185 460.982574 -767.556030
v -654.000000 460.982605 -920.967896
v -500.552094 379.378571 -767.556030
v -99.447823 460.982574 -767.555908
v 53.964020 460.982513 -921.003845
v -99.447823 379.378510 -767.555908
v 53.999973 379.372650 -921.046448
v 53.999924 460.982513 -213.039871
v 54.042648 379.372650 -213.003922
v -99.447922 460.982574 -366.451752
v -99.447922 379.378510 -366.451752
v -653.964050 460.982605 -213.003922
v -654.000000 379.372681 -212.961288
v -500.552277 460.982574 -366.451843
v -500.552185 379.378571 -366.451843
v -513.369202 251.133438 -890.783203
v -517.811768 251.133438 -877.110657
v -532.187866 251.133438 -877.110657
v -536.630432 251.133438 -890.783203
v -524.999817 251.133438 -899.233459
v -536.630371 391.101685 -890.783203
v -532.187866 391.101685 -877.110657
v -517.811707 391.101685 -877.110657
v -513.369202 391.101685 -890.783203
v -524.999695 391.101685 -899.233459
v -424.999817 391.101685 -899.233337
v -413.369263 391.101685 -890.783142
v -417.811768 391.101685 -877.110474
v -432.187988 391.101685 -877.110596
v -436.630432 391.101685 -890.783203
v -424.999817 251.133438 -899.233337
v -436.630432 251.133438 -890.783203
v -432.187988 251.133438 -877.110596
v -417.811768 251.133438 -877.110474
v -413.369232 251.133438 -890.783142
v -631.680054 389.206757 -692.004272
v -623.229858 389.206757 -703.634827
v -609.557312 389.206757 -699.192261
v -609.557312 389.206757 -684.816101
v -623.229858 389.206757 -680.373596
v -631.680054 249.150223 -692.004272
v -623.229858 249.150223 -680.373596
v -609.557312 249.150223 -684.816101
v -609.557312 249.150223 -699.192261
v -623.229858 249.150223 -703.634949
v -623.229858 249.150223 -803.634827
v -609.557251 249.150223 -799.192261
v -609.557251 249.150223 -784.816223
v -623.229858 249.150223 -780.373535
v -631.679993 249.150223 -792.004272
v -623.229858 389.206757 -780.373596
v -609.557190 389.206757 -784.816223
v -609.557190 389.206757 -799.192261
v -623.229797 389.206757 -803.634827
v -631.679993 389.206757 -792.004272
v -623.229980 249.150223 -578.634827
v -609.557373 249.150223 -574.192261
v -609.557373 249.150223 -559.816101
v -623.229980 249.150223 -555.373535
v -631.680176 249.150223 -567.004211
v -623.229980 389.206757 -555.373535
v -609.557373 389.206757 -559.816101
v -609.557373 389.206757 -574.192261
v -623.229980 389.206757 -578.634766
v -631.680176 389.206757 -567.004211
v -86.630867 251.133392 -243.224670
v -82.188324 251.133392 -256.897247
v -67.812157 251.133392 -256.897308
v -63.369633 251.133392 -243.224716
v -75.000259 251.133392 -234.774536
v -63.369633 391.101654 -243.224716
v -67.812111 391.101654 -256.897308
v -82.188324 391.101654 -256.897247
v -86.630798 391.101654 -243.224670
v -75.000214 391.101654 -234.774536
v -175.000168 391.101654 -234.774490
v -186.630722 391.101654 -243.224716
v -182.188232 391.101654 -256.897308
v -167.812027 391.101654 -256.897247
v -163.369583 391.101654 -243.224670
v -175.000168 251.133392 -234.774490
v -163.369537 251.133392 -243.224670
v -167.812027 251.133392 -256.897247
v -182.188232 251.133392 -256.897308
v -186.630768 251.133392 -243.224716
v 31.679964 389.206696 -442.003632
v 23.229813 389.206696 -430.373108
v 9.557247 389.206696 -434.815643
v 9.557176 389.206696 -449.191711
v 23.229837 389.206696 -453.634308
v 31.679964 249.150177 -442.003632
v 23.229837 249.150177 -453.634308
v 9.557176 249.150177 -449.191711
v 9.557247 249.150177 -434.815643
v 23.229813 249.150177 -430.372986
v 23.229767 249.150177 -330.373047
v 9.557199 249.150177 -334.815552
v 9.557152 249.150177 -349.191711
v 23.229790 249.150177 -353.634369
v 31.679939 249.150177 -342.003693
v 23.229885 389.206696 -353.634369
v 9.557152 389.206696 -349.191711
v 9.557295 389.206696 -334.815552
v 23.229862 389.206696 -330.373108
v 31.680012 389.206696 -342.003693
v 23.229885 249.150177 -555.373108
v 9.557319 249.150177 -559.815674
v 9.557319 249.150177 -574.191833
v 23.229885 249.150177 -578.634399
v 31.680059 249.150177 -567.003723
v 23.229885 389.206696 -578.634338
v 9.557319 389.206696 -574.191833
v 9.557319 389.206696 -559.815674
v 23.229885 389.206696 -555.373108
v 31.680059 389.206696 -567.003723
v 23.779202 251.133392 -780.373108
v 10.106540 251.133392 -784.815735
v 10.106564 251.133392 -799.191833
v 23.779224 251.133392 -803.634460
v 32.229378 251.133392 -792.003784
v 23.779224 391.189911 -803.634460
v 10.106564 391.189911 -799.191833
v 10.106540 391.189911 -784.815735
v 23.779202 391.189911 -780.373108
v 32.229378 391.189911 -792.003784
v 32.229328 391.189911 -692.003784
v 23.779154 391.189911 -680.373169
v 10.106587 391.189911 -684.815735
v 10.106611 391.189911 -699.191895
v 23.779179 391.189911 -703.634399
v 32.229328 251.133392 -692.003784
v 23.779179 251.133392 -703.634399
v 10.106611 251.133392 -699.191895
v 10.106587 251.133392 -684.815735
v 23.779154 251.133392 -680.373108
v -174.999832 389.118439 -898.684021
v -163.369232 389.118439 -890.233826
v -167.811722 389.118439 -876.561279
v -182.187927 389.118439 -876.561279
v -186.630371 389.118439 -890.233826
v -174.999832 249.150177 -898.684021
v -186.630417 249.150177 -890.233826
v -182.187927 249.150177 -876.561279
v -167.811722 249.150177 -876.561279
v -163.369171 249.150177 -890.233826
v -63.369202 249.150177 -890.233704
v -67.811775 249.150177 -876.561157
v -82.187943 249.150177 -876.561157
v -86.630440 249.150177 -890.233826
v -74.999832 249.150177 -898.683838
v -86.630371 389.118439 -890.233826
v -82.187943 389.118439 -876.561157
v -67.811729 389.118439 -876.561157
v -63.369202 389.118439 -890.233704
v -74.999786 389.118439 -898.683838
v -288.369263 249.150177 -890.233887
v -292.811737 249.150177 -876.561340
v -307.187988 249.150177 -876.561340
v -311.630524 249.150177 -890.233887
v -299.999847 249.150177 -898.684021
v -311.630402 389.118439 -890.233887
v -307.187988 389.118439 -876.561340
v -292.811737 389.118439 -876.561340
v -288.369263 389.118439 -890.233887
v -299.999847 389.118439 -898.684021
v -623.779419 251.133438 -353.634918
v -610.106873 251.133438 -349.192291
v -610.106873 251.133438 -334.816162
v -623.779419 251.133438 -330.373627
v -632.229614 251.133438 -342.004242
v -623.779419 391.189941 -330.373627
v -610.106812 391.189941 -334.816162
v -610.106812 391.189941 -349.192291
v -623.779419 391.189941 -353.634827
v -632.229614 391.189941 -342.004242
v -632.229492 391.189941 -442.004211
v -623.779297 391.189941 -453.634827
v -610.106689 391.189941 -449.192200
v -610.106750 391.189941 -434.816132
v -623.779358 391.189941 -430.373566
v -632.229553 251.133438 -442.004211
v -623.779419 251.133438 -430.373535
v -610.106812 251.133438 -434.816132
v -610.106750 251.133438 -449.192200
v -623.779358 251.133438 -453.634827
v -425.000488 389.118469 -235.323914
v -436.631012 389.118469 -243.774078
v -432.188568 389.118469 -257.446655
v -417.812286 389.118469 -257.446625
v -413.369843 389.118469 -243.774033
v -425.000488 249.150177 -235.323914
v -413.369843 249.150177 -243.774033
v -417.812286 249.150177 -257.446625
v -432.188568 249.150177 -257.446655
v -436.631104 249.150177 -243.774078
v -536.631104 249.150223 -243.774124
v -532.188599 249.150223 -257.446716
v -517.812439 249.150223 -257.446777
v -513.369873 249.150223 -243.774170
v -525.000488 249.150223 -235.323959
v -513.369873 389.118469 -243.774170
v -517.812378 389.118469 -257.446777
v -532.188599 389.118469 -257.446716
v -536.631042 389.118469 -243.774124
v -525.000488 389.118469 -235.323959
v -311.631073 249.150177 -243.773941
v -307.188538 249.150177 -257.446533
v -292.812286 249.150177 -257.446533
v -288.369812 249.150177 -243.773941
v -300.000458 249.150177 -235.323761
v -288.369873 389.118439 -243.773941
v -292.812286 389.118439 -257.446533
v -307.188538 389.118439 -257.446533
v -311.631012 389.118439 -243.773941
v -300.000458 389.118439 -235.323761
v -198.999405 391.101654 -774.115845
v -210.629913 391.101654 -782.566040
v -206.187439 391.101654 -796.238647
v -191.811218 391.101654 -796.238464
v -187.368805 391.101654 -782.565918
v -198.999405 251.133392 -774.115845
v -187.368774 251.133392 -782.565918
v -191.811218 251.133392 -796.238464
v -206.187439 251.133392 -796.238647
v -210.630005 251.133392 -782.566040
v -399.999725 389.118439 -774.665344
v -411.630249 389.118469 -783.115540
v -407.187805 389.118469 -796.788147
v -392.811554 389.118439 -796.788086
v -388.369141 389.118439 -783.115540
v -399.999756 249.150177 -774.665344
v -388.369080 249.150177 -783.115540
v -392.811554 249.150177 -796.788086
v -407.187805 249.150177 -796.788147
v -411.630341 249.150177 -783.115540
v -401.000549 391.101654 -359.891907
v -389.369995 391.101654 -351.441711
v -393.812469 391.101654 -337.769135
v -408.188690 391.101685 -337.769135
v -412.631134 391.101685 -351.441711
v -401.000549 251.133438 -359.891907
v -412.631226 251.133438 -351.441711
v -408.188690 251.133438 -337.769135
v -393.812500 251.133438 -337.769135
v -389.369995 251.133438 -351.441711
v -200.000244 389.118439 -359.342468
v -188.369675 389.118439 -350.892303
v -192.812164 389.118439 -337.219666
v -207.188385 389.118439 -337.219727
v -211.630829 389.118439 -350.892303
v -200.000244 249.150177 -359.342468
v -211.630875 249.150177 -350.892303
v -207.188385 249.150177 -337.219727
v -192.812164 249.150177 -337.219666
v -188.369675 249.150177 -350.892303
v -92.888069 391.101654 -466.003326
v -84.437897 391.101654 -477.633911
v -70.765282 391.101654 -473.191345
v -70.765327 391.101654 -458.815186
v -84.437943 391.101654 -454.372650
v -92.888092 251.133392 -466.003326
v -84.437988 251.133392 -454.372650
v -70.765373 251.133392 -458.815186
v -70.765282 251.133392 -473.191345
v -84.437897 251.133392 -477.633942
v -92.338539 389.118439 -667.003662
v -83.888390 389.118439 -678.634277
v -70.215775 389.118439 -674.191650
v -70.215775 389.118439 -659.815613
v -83.888390 389.118439 -655.372925
v -92.338539 249.150177 -667.003662
v -83.888435 249.150177 -655.372925
v -70.215820 249.150177 -659.815613
v -70.215775 249.150177 -674.191650
v -83.888390 249.150177 -678.634277
v -507.112030 391.101685 -668.004517
v -515.562195 391.101685 -656.373962
v -529.234802 391.101685 -660.816589
v -529.234741 391.101685 -675.192627
v -515.562134 391.101685 -679.635193
v -507.112030 251.133438 -668.004517
v -515.562134 251.133438 -679.635193
v -529.234802 251.133438 -675.192627
v -529.234802 251.133438 -660.816589
v -515.562195 251.133438 -656.373962
v -507.661591 389.118469 -467.004211
v -516.111816 389.118469 -455.373657
v -529.784424 389.118469 -459.816254
v -529.784302 389.118469 -474.192322
v -516.111633 389.118469 -478.634888
v -507.661621 249.150223 -467.004211
v -516.111755 249.150223 -478.634918
v -529.784363 249.150223 -474.192322
v -529.784424 249.150223 -459.816254
v -516.111816 249.150223 -455.373657
v -1154.042480 167.212845 764.000061
v -1000.552185 248.822739 610.552124
v -1000.552185 167.218719 610.552124
v -1154.000122 248.822739 763.963867
v -546.036072 248.822739 155.999924
v -699.447876 248.822739 309.447815
v -699.447876 167.218719 309.447876
v -545.999939 167.212845 155.957489
v -546.000000 248.822739 763.963928
v -699.447815 248.822739 610.552185
v -699.447876 167.218719 610.552185
v -545.957581 167.212845 764.000061
v -1154.000000 167.212845 155.957458
v -1000.552063 248.822739 309.447815
v -1154.000000 248.822739 156.036026
v -1000.552063 167.218719 309.447815
v -558.863037 169.333389 751.136902
v -577.150391 169.333389 754.033386
v -585.556213 169.333389 737.536133
v -572.463867 169.333389 724.443909
v -555.966675 169.333389 732.849609
v -558.863037 30.666601 751.136902
v -555.966675 30.666601 732.849609
v -572.463867 30.666601 724.443909
v -585.556213 30.666601 737.536133
v -577.150391 30.666601 754.033386
v -1141.136719 169.333389 752.160889
v -1144.033203 169.333389 733.873535
v -1127.536011 169.333389 725.467773
v -1114.443726 169.333389 738.559998
v -1122.849487 169.333389 755.057312
v -1141.136719 30.666601 752.160889
v -1122.849487 30.666601 755.057312
v -1114.443726 30.666601 738.559998
v -1127.536011 30.666601 725.467773
v -1144.033203 30.666601 733.873535
v -1141.136963 169.333389 168.863052
v -1122.849609 169.333389 165.966614
v -1114.443726 169.333389 182.463837
v -1127.536133 169.333389 195.556061
v -1144.033325 169.333389 187.150360
v -1141.136963 30.666601 168.863052
v -1144.033325 30.666601 187.150360
v -1127.536133 30.666601 195.556061
v -1114.443726 30.666601 182.463837
v -1122.849609 30.666601 165.966614
v -558.863037 169.333389 169.886810
v -555.966675 169.333389 188.174133
v -572.463867 169.333389 196.579926
v -585.556152 169.333389 183.487656
v -577.150391 169.333389 166.990372
v -558.863037 30.666601 169.886810
v -577.150391 30.666601 166.990372
v -585.556152 30.666601 183.487656
v -572.463867 30.666601 196.579926
v -555.966675 30.666601 188.174133
v -549.999817 30.486309 159.999939
v -550.000000 30.486309 760.000244
v -1150.000244 30.486309 760.000061
v -1150.000000 30.486309 159.999725
v -1150.000244 10.486305 760.000061
v -550.000000 10.486305 760.000244
v -1150.000000 10.486305 159.999725
v -549.999817 10.486305 159.999939
v -669.500000 172.066299 460.000092
v -676.755310 172.066299 469.986023
v -688.494690 172.066299 466.171692
v -688.494690 172.066299 453.828156
v -676.755310 172.066299 450.013824
v -669.500000 28.433096 460.000092
v -676.755310 28.433096 450.013794
v -688.494690 28.433096 453.828156
v -688.494690 28.433096 466.171692
v -676.755310 28.433096 469.986023
v -689.245605 172.066315 299.245605
v -691.176575 172.066315 287.054108
v -680.178406 172.066315 281.450226
v -671.450256 172.066315 290.178406
v -677.054077 172.066315 301.176544
v -689.245605 28.433096 299.245605
v -677.054077 28.433096 301.176544
v -671.450256 28.433096 290.178406
v -680.178406 28.433096 281.450226
v -691.176575 28.433096 287.054077
v -689.245667 172.066315 620.754272
v -677.054138 172.066315 618.823303
v -671.450256 172.066315 629.821472
v -680.178406 172.066315 638.549622
v -691.176636 172.066315 632.945740
v -689.245667 28.433096 620.754272
v -691.176636 28.433096 632.945740
v -680.178406 28.433096 638.549622
v -671.450256 28.433096 629.821472
v -677.054138 28.433096 618.823303
v -1010.754395 172.093292 620.754272
v -1008.823486 172.093292 632.945740
v -1019.821655 172.093292 638.549683
v -1028.549805 172.093292 629.821472
v -1022.945984 172.093292 618.823364
v -1010.754395 28.460085 620.754272
v -1022.945984 28.460085 618.823303
v -1028.549805 28.460085 629.821472
v -1019.821655 28.460085 638.549683
v -1008.823486 28.460085 632.945801
v -1014.833191 172.066299 459.999908
v -1022.088501 172.066299 469.986023
v -1033.827881 172.066299 466.171631
v -1033.827881 172.066299 453.828156
v -1022.088501 172.066299 450.013824
v -1014.833191 28.433096 459.999908
v -1022.088501 28.433096 450.013794
v -1033.827881 28.433096 453.828156
v -1033.827881 28.433096 466.171631
v -1022.088501 28.433096 469.986053
v -1010.754211 172.093292 299.245514
v -1022.945801 172.093292 301.176514
v -1028.549683 172.093292 290.178345
v -1019.821533 172.093292 281.450134
v -1008.823364 172.093292 287.054077
v -1010.754211 28.460085 299.245514
v -1008.823364 28.460085 287.054016
v -1019.821533 28.460085 281.450134
v -1028.549683 28.460085 290.178345
v -1022.945801 28.460085 301.176514
v -849.999878 172.066299 295.166595
v -859.986023 172.066299 287.911285
v -856.171692 172.066299 276.171875
v -843.828125 172.066299 276.171875
v -840.013794 172.066299 287.911285
v -849.999878 28.433096 295.166595
v -840.013794 28.433096 287.911285
v -843.828125 28.433096 276.171875
v -856.171692 28.433096 276.171875
v -859.986084 28.433096 287.911285
v -850.000122 172.066299 624.833374
v -840.013977 172.066299 632.088684
v -843.828308 172.066299 643.828125
v -856.171875 172.066299 643.828125
v -859.986206 172.066299 632.088684
v -850.000122 28.433096 624.833374
v -859.986206 28.433096 632.088684
v -856.171875 28.433096 643.828125
v -843.828308 28.433096 643.828125
v -840.013916 28.433096 632.088684
v -650.013672 28.433096 181.421997
v -653.828064 28.433096 193.161346
v -666.171509 28.433096 193.161346
v -669.985901 28.433096 181.421997
v -659.999756 28.433096 174.166626
v -669.985840 172.066299 181.421997
v -666.171509 172.066299 193.161346
v -653.828064 172.066299 193.161346
v -650.013733 172.066299 181.421997
v -659.999756 172.066299 174.166626
v -749.999817 172.066299 174.166519
v -740.013733 172.066299 181.421875
v -743.828064 172.066299 193.161224
v -756.171509 172.066299 193.161224
v -759.985901 172.066299 181.421875
v -749.999817 28.433096 174.166519
v -759.985901 28.433096 181.421875
v -756.171509 28.433096 193.161224
v -743.828064 28.433096 193.161224
v -740.013672 28.433096 181.421875
v -840.013672 28.433096 181.421829
v -843.828125 28.433096 193.161179
v -856.171692 28.433096 193.161179
v -859.986023 28.433096 181.421829
v -849.999878 28.433096 174.166458
v -859.986023 172.066299 181.421829
v -856.171692 172.066299 193.161179
v -843.828125 172.066299 193.161179
v -840.013672 172.066299 181.421829
v -849.999878 172.066299 174.166458
v -940.013794 28.433096 181.421783
v -943.828186 28.433096 193.161133
v -956.171692 28.433096 193.161133
v -959.986023 28.433096 181.421783
v -949.999878 28.433096 174.166412
v -959.986023 172.066299 181.421783
v -956.171692 172.066299 193.161133
v -943.828186 172.066299 193.161133
v -940.013916 172.066299 181.421783
v -949.999878 172.066299 174.166412
v -1030.013794 28.433096 181.421799
v -1033.828247 28.433096 193.161148
v -1046.171631 28.433096 193.161148
v -1049.986084 28.433096 181.421799
v -1040.000000 28.433096 174.166443
v -1049.985962 172.066299 181.421799
v -1046.171631 172.066299 193.161148
v -1033.828247 172.066299 193.161148
v -1030.013794 172.066299 181.421799
v -1040.000000 172.066299 174.166443
v -1128.578125 28.433096 260.013855
v -1116.838867 28.433096 263.828217
v -1116.838867 28.433096 276.171692
v -1128.578125 28.433096 279.986084
v -1135.833496 28.433096 269.999969
v -1128.578125 172.066299 279.986053
v -1116.838867 172.066299 276.171692
v -1116.838867 172.066299 263.828217
v -1128.578125 172.066299 260.013916
v -1135.833496 172.066299 269.999969
v -1135.833496 172.066299 359.999969
v -1128.578125 172.066299 350.013916
v -1116.838867 172.066299 353.828247
v -1116.838867 172.066299 366.171692
v -1128.578125 172.066299 369.986023
v -1135.833496 28.433096 359.999969
v -1128.578125 28.433096 369.986084
v -1116.838867 28.433096 366.171692
v -1116.838867 28.433096 353.828247
v -1128.578125 28.433096 350.013885
v -1128.578125 28.433096 450.013885
v -1116.838867 28.433096 453.828247
v -1116.838867 28.433096 466.171448
v -1128.578125 28.433096 469.985870
v -1135.833496 28.433096 459.999847
v -1128.578125 172.066299 469.985809
v -1116.838867 172.066299 466.171448
v -1116.838867 172.066299 453.828247
v -1128.578125 172.066299 450.013916
v -1135.833496 172.066299 459.999847
v -1128.578247 28.433096 550.013611
v -1116.838989 28.433096 553.828003
v -1116.838989 28.433096 566.171448
v -1128.578247 28.433096 569.985840
v -1135.833618 28.433096 559.999756
v -1128.578247 172.066299 569.985840
v -1116.838989 172.066299 566.171448
v -1116.838989 172.066299 553.828003
v -1128.578247 172.066299 550.013672
v -1135.833618 172.066299 559.999756
v -1128.578369 28.433096 640.013672
v -1116.838989 28.433096 643.828003
v -1116.838989 28.433096 656.171448
v -1128.578369 28.433096 659.985901
v -1135.833740 28.433096 649.999695
v -1128.578369 172.066299 659.985840
v -1116.838989 172.066299 656.171448
v -1116.838989 172.066299 643.828003
v -1128.578369 172.066299 640.013672
v -1135.833740 172.066299 649.999695
v -1049.986328 28.433096 738.578003
v -1046.171997 28.433096 726.838623
v -1033.828491 28.433096 726.838623
v -1030.014160 28.433096 738.578003
v -1040.000244 28.433096 745.833374
v -1030.014160 172.066299 738.578003
v -1033.828491 172.066299 726.838623
v -1046.171997 172.066299 726.838623
v -1049.986328 172.066299 738.578003
v -1040.000244 172.066299 745.833374
v -950.000183 172.066299 745.833496
v -959.986328 172.066299 738.578125
v -956.171875 172.066299 726.838806
v -943.828491 172.066299 726.838806
v -940.014160 172.066299 738.578125
v -950.000183 28.433096 745.833496
v -940.014099 28.433096 738.578125
v -943.828491 28.433096 726.838806
v -956.171875 28.433096 726.838806
v -959.986328 28.433096 738.578125
v -859.986328 28.433096 738.578125
v -856.171875 28.433096 726.838806
v -843.828308 28.433096 726.838806
v -840.013977 28.433096 738.578125
v -850.000122 28.433096 745.833496
v -840.013977 172.066299 738.578125
v -843.828308 172.066299 726.838806
v -856.171875 172.066299 726.838806
v -859.986328 172.066299 738.578125
v -850.000122 172.066299 745.833496
v -759.986145 28.433096 738.578247
v -756.171814 28.433096 726.838867
v -743.828369 28.433096 726.838867
v -740.013916 28.433096 738.578247
v -750.000061 28.433096 745.833618
v -740.013977 172.066299 738.578247
v -743.828369 172.066299 726.838867
v -756.171814 172.066299 726.838867
v -759.986084 172.066299 738.578247
v -750.000061 172.066299 745.833618
v -669.986145 28.433096 738.578186
v -666.171814 28.433096 726.838806
v -653.828308 28.433096 726.838806
v -650.013916 28.433096 738.578186
v -660.000061 28.433096 745.833557
v -650.013977 172.066299 738.578186
v -653.828308 172.066299 726.838806
v -666.171814 172.066299 726.838806
v -669.986084 172.066299 738.578186
v -660.000061 172.066299 745.833557
v -571.421814 28.433096 659.986084
v -583.161133 28.433096 656.171753
v -583.161133 28.433096 643.828308
v -571.421814 28.433096 640.013916
v -564.166443 28.433096 650.000000
v -571.421814 172.066299 640.013916
v -583.161133 172.066299 643.828308
v -583.161133 172.066299 656.171753
v -571.421814 172.066299 659.986084
v -564.166443 172.066299 650.000000
v -564.166443 172.066299 560.000061
v -571.421814 172.066299 569.986084
v -583.161133 172.066299 566.171753
v -583.161133 172.066299 553.828308
v -571.421814 172.066299 550.013916
v -564.166443 28.433096 560.000061
v -571.421814 28.433096 550.013855
v -583.161133 28.433096 553.828308
v -583.161133 28.433096 566.171753
v -571.421814 28.433096 569.986084
v -571.421814 28.433096 469.986115
v -583.161133 28.433096 466.171753
v -583.161133 28.433096 453.828522
v -571.421814 28.433096 450.014099
v -564.166443 28.433096 460.000122
v -571.421814 172.066299 450.014160
v -583.161133 172.066299 453.828522
v -583.161133 172.066299 466.171753
v -571.421814 172.066299 469.986053
v -564.166443 172.066299 460.000122
v -571.421692 28.433096 369.986359
v -583.161072 28.433096 366.171967
v -583.161072 28.433096 353.828522
v -571.421692 28.433096 350.014099
v -564.166382 28.433096 360.000244
v -571.421692 172.066299 350.014160
v -583.161072 172.066299 353.828522
v -583.161072 172.066299 366.171967
v -571.421692 172.066299 369.986328
v -564.166382 172.066299 360.000244
v -571.421631 28.433096 279.986328
v -583.160950 28.433096 276.171967
v -583.160950 28.433096 263.828522
v -571.421631 28.433096 260.014099
v -564.166260 28.433096 270.000244
v -571.421631 172.066299 260.014160
v -583.160950 172.066299 263.828522
v -583.160950 172.066299 276.171967
v -571.421631 172.066299 279.986298
v -564.166260 172.066299 270.000244
vt 0.312500 0.609375
vt 0.958333 1.000000
vt 0.250000 0.617188
vt 1.000000 1.000000
vt 0.421875 0.554688
vt 0.875000 1.000000
vt 0.367188 0.593750
vt 0.916667 1.000000
vt 0.367188 0.593750
vt 0.916667 1.000000
vt 0.312500 0.609375
vt 0.958333 1.000000
vt 0.312500 0.609375
vt 0.958334 1.000000
vt 0.421875 0.554688
vt 0.875000 1.000000
vt 0.367188 0.593750
vt 0.916667 1.000000
vt 0.367188 0.593750
vt 0.916667 1.000000
vt 0.312500 0.609375
vt 0.958333 1.000000
vt 0.250000 0.617188
vt 1.000000 1.000000
vt 0.312500 0.609375
vt 0.958333 1.000000
vt 0.250000 0.617188
vt 1.000000 1.000000
vt 0.421875 0.554688
vt 0.875000 1.000000
vt 0.367188 0.593750
vt 0.916667 1.000000
vt 0.367188 0.593750
vt 0.916667 1.000000
vt 0.312500 0.609375
vt 0.958333 1.000000
vt 0.312500 0.609375
vt 0.958334 1.000000
vt 0.250000 0.617188
vt 1.000000 1.000000
vt 0.421875 0.554688
vt 0.875000 1.000000
vt 0.367188 0.593750
vt 0.916667 1.000000
vt 0.367188 0.593750
vt 0.916667 1.000000
vt 0.312500 0.609375
vt 0.958333 1.000000
vt 1.000000 0.981250
vt 0.958333 0.981250
vt 0.958333 0.981250
vt 0.916667 0.981250
vt 0.916667 0.981250
vt 0.875000 0.981250
vt 0.875000 0.981250
vt 0.958333 0.981250
vt 0.916667 0.981250
vt 0.916667 0.981250
vt 0.958334 0.981250
vt 1.000000 0.981250
vt 1.000000 0.981250
vt 1.000000 0.981250
vt 0.958333 0.981250
vt 0.958333 0.981250
vt 0.916667 0.981250
vt 0.916667 0.981250
vt 0.875000 0.981250
vt 0.875000 0.981250
vt 0.958333 0.981250
vt 0.916667 0.981250
vt 0.916667 0.981250
vt 0.958334 0.981250
vt 0.412486 0.546099
vt 0.250231 0.604948
vt 0.250223 0.605368
vt 0.360395 0.583374
vt 0.309453 0.597558
vt 0.411911 0.546601
vt 0.361128 0.582794
vt 0.309201 0.597996
vt 0.003906 0.566406
vt 0.003906 0.621094
vt 0.121094 0.566406
vt 0.121094 0.621094
vt 0.625000 0.250000
vt 0.875000 0.500000
vt 0.416667 0.750000
vt 0.375000 0.708333
vt 0.625000 0.708333
vt 0.583333 0.750000
vt 0.627746 0.750736
vt 0.583333 0.749619
vt 0.625000 0.750000
vt 0.625000 0.708333
vt 0.541667 0.458333
vt 0.583333 0.458333
vt 0.511351 0.475205
vt 0.583333 1.000000
vt 0.625000 1.000000
vt 0.625000 0.083333
vt 0.875000 0.625000
vt 0.625000 0.833333
vt 0.583333 0.791667
vt 0.666667 0.708333
vt 0.375000 0.666667
vt 0.375000 0.708333
vt 0.541667 0.666667
vt 0.541667 0.750000
vt 0.625000 0.708333
vt 0.625000 0.666667
vt 0.583333 0.750000
vt 0.625000 0.708333
vt 0.625000 0.500000
vt 0.625000 0.583333
vt 0.583333 0.500000
vt 0.875000 0.666667
vt 0.583333 0.083333
vt 0.875000 0.625000
vt 0.583333 1.000000
vt 0.375000 0.250000
vt 0.458333 0.250000
vt 0.125000 0.583333
vt 0.541667 0.250000
vt 0.833333 0.541667
vt 0.833333 0.583333
vt 0.791667 0.500000
vt 0.583333 0.333333
vt 0.541667 0.791667
vt 0.416667 0.750000
vt 0.541667 0.750000
vt 0.416399 0.024934
vt 0.583333 0.250000
vt 0.875000 0.666667
vt 0.416667 1.000000
vt 0.875000 0.666667
vt 0.583333 1.000000
vt 0.625000 1.000000
vt 0.875000 0.625000
vt 0.541941 1.000098
vt 0.871780 0.583333
vt 0.500000 0.916667
vt 0.458333 0.958333
vt 0.209385 0.666667
vt 0.625000 0.666667
vt 0.625000 0.750000
vt 0.375000 0.500000
vt 0.375000 0.583333
vt 0.416667 0.500000
vt 0.416667 0.750000
vt 0.500000 0.750000
vt 0.375000 0.750000
vt 0.375000 0.708333
vt 0.125000 0.500000
vt 0.416667 0.250000
vt 0.375000 0.250000
vt 0.125000 0.583333
vt 0.875000 0.583333
vt 0.458333 0.000000
vt 0.497141 1.000000
vt 0.541667 1.000000
vt 0.125000 0.500000
vt 0.490496 0.197019
vt 0.375000 0.250000
vt 0.625377 0.745936
vt 0.541667 0.416667
vt 0.375000 0.041667
vt 0.125000 0.613595
vt 0.125000 0.583333
vt 0.500000 0.250000
vt 0.541667 0.250000
vt 0.625000 1.000000
vt 0.875000 0.666667
vt 0.468383 1.000000
vt 0.541667 0.750000
vt 0.583333 0.750000
vt 0.458333 0.750000
vt 0.539090 0.750000
vt 0.708333 0.583333
vt 0.791667 0.583333
vt 0.791667 0.541667
vt 0.625000 1.000000
vt 0.791667 0.666667
vt 0.384084 0.344316
vt 0.128920 0.555477
vt 0.125000 0.583333
vt 0.500000 0.250000
vt 0.267392 0.565942
vt 0.375000 0.416667
vt 0.333333 0.625000
vt 0.333333 0.583333
vt 0.541667 0.750000
vt 0.625000 0.750000
vt 0.601104 0.583874
vt 0.541667 0.708333
vt 0.541667 0.166667
vt 0.500000 0.250000
vt 0.458333 0.166667
vt 0.519359 0.750000
vt 0.458333 0.750000
vt 0.458333 0.500000
vt 0.375000 0.625000
vt 0.541667 0.500000
vt 0.458333 0.500000
vt 0.375000 0.583333
vt 0.375000 0.458333
vt 0.333333 0.541667
vt 0.625000 0.625000
vt 0.625000 0.583333
vt 0.625000 0.541667
vt 0.541667 0.333333
vt 0.458333 0.416667
vt 0.458333 0.333333
vt 0.541667 0.416667
vt 0.416667 0.250000
vt 0.583333 0.750000
vt 0.625000 0.708333
vt 0.875000 0.583333
vt 0.583333 0.250000
vt 0.875000 0.541667
vt 0.583333 0.291667
vt 0.458333 0.625000
vt 0.416667 0.500000
vt 0.428826 0.750000
vt 0.125000 0.708333
vt 0.127465 0.671362
vt 0.374556 0.990000
vt 0.799440 0.504005
vt 0.515213 0.347441
vt 0.375000 0.541667
vt 0.375000 0.500000
vt 0.375000 0.458333
vt 0.416667 0.500000
vt 0.458333 0.500000
vt 0.375000 0.583333
vt 0.625000 0.708333
vt 0.583333 0.750000
vt 0.625000 0.750000
vt 0.625000 0.500000
vt 0.458333 0.500000
vt 0.833333 0.666667
vt 0.625000 1.000000
vt 0.562590 0.250243
vt 0.875000 0.500000
vt 0.416667 0.833333
vt 0.375000 1.000000
vt 0.291667 0.708333
vt 0.166667 0.666667
vt 0.125000 0.666667
vt 0.750000 0.666667
vt 0.583333 0.916667
vt 0.625000 0.875000
vt 0.708333 0.708333
vt 0.583333 0.750000
vt 0.625000 0.708333
vt 0.833333 0.625000
vt 0.566465 1.000000
vt 0.569161 0.291669
vt 0.416667 0.791667
vt 0.375000 0.708333
vt 0.375000 0.750000
vt 0.625000 0.541667
vt 0.666667 0.541667
vt 0.625000 0.458333
vt 0.613545 0.589067
vt 0.625000 0.541667
vt 0.625000 0.500000
vt 0.125000 0.666667
vt 0.125000 0.625000
vt 0.416667 0.250000
vt 0.416667 1.000000
vt 0.458333 1.000000
vt 0.125000 0.708333
vt 0.125000 0.666667
vt 0.541667 0.500000
vt 0.625000 0.583333
vt 0.500000 0.583333
vt 0.416667 0.583333
vt 0.500000 0.500000
vt 0.375000 0.750000
vt 0.500000 0.750000
vt 0.500000 0.625000
vt 0.375000 0.625000
vt 0.416667 1.000000
vt 0.125000 0.708333
vt 0.458333 0.041667
vt 0.458333 0.125000
vt 0.458333 0.083333
vt 0.125000 0.625000
vt 0.375000 0.250000
vt 0.125000 0.583333
vt 0.125000 0.541667
vt 0.125000 0.583333
vt 0.125000 0.708333
vt 0.125000 0.625000
vt 0.125000 0.750000
vt 0.416667 1.000000
vt 0.125000 0.708333
vt 0.125000 0.625000
vt 0.583333 0.125000
vt 0.875000 0.583333
vt 0.875000 0.541667
vt 0.583333 0.166667
vt 0.583333 1.000000
vt 0.875000 0.666667
vt 0.625000 1.000000
vt 0.875000 0.666667
vt 0.541667 1.000000
vt 0.416667 1.000000
vt 0.458333 1.000000
vt 0.125000 0.708333
vt 0.458333 1.000000
vt 0.500000 1.000000
vt 0.416667 0.166667
vt 0.125000 0.583333
vt 0.125000 0.541667
vt 0.529979 1.000000
vt 0.583333 0.083333
vt 0.719999 0.249985
vt 0.375000 0.541667
vt 0.375000 0.708333
vt 0.375000 0.625000
vt 0.375000 0.666667
vt 0.375000 0.541667
vt 0.375000 0.666667
vt 0.458333 0.750000
vt 0.416667 0.750000
vt 0.500000 0.750000
vt 0.375000 0.708333
vt 0.416667 0.750000
vt 0.375000 0.750000
vt 0.521098 0.750000
vt 0.458333 0.750000
vt 0.500000 0.500000
vt 0.625000 0.500000
vt 0.481702 0.500000
vt 0.625000 0.583333
vt 0.625000 0.375000
vt 0.791673 -0.852429
vt 0.833333 0.666667
vt 0.583333 1.000000
vt 0.416667 0.333333
vt 0.208333 0.625000
vt 0.416667 0.375000
vt 0.249698 0.666667
vt 0.625000 0.666667
vt 0.541667 0.750000
vt 0.541667 0.625000
vt 0.625000 0.625000
vt 0.625000 0.458333
vt 0.631588 0.615162
vt 0.625000 0.708333
vt 0.625000 0.750000
vt 0.416667 0.416667
vt 0.541667 0.250000
vt 0.476060 0.250000
vt 0.416667 0.250000
vt 0.416667 0.250000
vt 0.125000 0.750000
vt 0.416667 1.000000
vt 0.375000 1.000000
vt 0.458333 1.000000
vt 0.875000 0.708333
vt 0.416667 1.000000
vt 0.416667 0.458333
vt 0.375000 0.583333
vt 0.458333 0.500000
vt 0.375000 0.750000
vt 0.375000 0.656339
vt 0.416667 0.750000
vt 0.458333 0.500000
vt 0.375000 0.583333
vt 0.458333 0.750000
vt 0.541667 0.750000
vt 0.583333 0.750000
vt 0.541667 0.750000
vt 0.500000 0.666667
vt 0.500000 0.750000
vt 0.375000 0.583333
vt 0.458333 0.500000
vt 0.458333 0.500000
vt 0.500000 0.625000
vt 0.541667 0.666667
vt 0.500000 0.500000
vt 0.541667 0.500000
vt 0.670783 0.629877
vt 0.708333 0.541667
vt 0.666667 0.583333
vt 0.625000 0.416667
vt 0.750000 0.666667
vt 0.375000 0.875000
vt 0.375000 0.833333
vt 0.375000 0.791667
vt 0.375000 0.916667
vt 0.333333 0.666667
vt 0.444499 0.980052
vt 0.458333 0.791667
vt 0.458333 0.875000
vt 0.541667 0.833333
vt 0.416667 0.833333
vt 0.541667 0.958333
vt 0.508186 0.409007
vt 0.458333 1.000000
vt 0.125000 0.625000
vt 0.875000 0.666667
vt 0.875000 0.541667
vt 0.836778 0.598461
vt 0.875000 0.666667
vt 0.875000 0.749539
vt 0.625000 1.000000
vt 0.875000 0.541667
vt 0.500000 1.000000
vt 0.125000 0.666667
vt 0.541667 0.041667
vt 0.500000 0.000000
vt 0.541667 1.000000
vt 0.500000 1.000000
vt 0.375000 0.625000
vt 0.375000 0.666667
vt 0.375000 0.541667
vt 0.375000 0.666667
vt 0.388868 0.500000
vt 0.375000 0.666667
vt 0.416667 0.750000
vt 0.375000 0.708333
vt 0.500000 0.500000
vt 0.541667 0.500000
vt 0.708333 0.541667
vt 0.791667 0.541667
vt 0.625000 0.333333
vt 0.583333 0.375000
vt 0.583333 0.416667
vt 0.666667 0.583333
vt 0.666667 0.541667
vt 0.625000 0.541667
vt 0.583333 0.500000
vt 0.583333 0.458333
vt 0.750000 0.583333
vt 0.708333 0.583333
vt 0.416667 0.416667
vt 0.253289 0.630271
vt 0.416667 0.333333
vt 0.507551 0.753295
vt 0.626463 0.717010
vt 0.625000 0.625000
vt 0.625000 0.604167
vt 0.541667 0.291667
vt 0.500000 0.291667
vt 0.458333 0.291667
vt 0.875000 0.500000
vt 0.541667 0.250000
vt 0.416667 0.166667
vt 0.458333 0.250000
vt 0.500000 0.250000
vt 0.125000 0.583333
vt 0.375000 0.250000
vt 0.416667 0.291667
vt 0.125000 0.625000
vt 0.458333 0.500000
vt 0.416667 0.500000
vt 0.416667 0.458333
vt 0.458333 0.458333
vt 0.541667 0.458333
vt 0.541667 0.500000
vt 0.416667 0.791667
vt 0.333333 0.708333
vt 0.833333 0.541667
vt 0.625000 0.291667
vt 0.833333 0.500000
vt 0.541667 0.625000
vt 0.625000 0.625000
vt 0.625000 0.541667
vt 0.625000 0.500000
vt 0.583333 0.500000
vt 0.416667 0.583333
vt 0.500000 0.625000
vt 0.478343 0.665635
vt 0.375000 0.708333
vt 0.375000 0.625000
vt 0.375000 0.666667
vt 0.541667 0.250000
vt 0.612283 0.192300
vt 0.875000 0.544449
vt 0.541667 0.125000
vt 0.541667 0.083333
vt 0.500000 0.125000
vt 0.500000 0.041667
vt 0.416667 0.125000
vt 0.458333 0.125000
vt 0.458333 0.000000
vt 0.458333 1.000000
vt 0.125000 0.625000
vt 0.500000 1.000000
vt 0.375000 1.000000
vt 0.125000 0.666667
vt 0.500000 1.000000
vt 0.416667 1.000000
vt 0.500000 1.000000
vt 0.541667 1.000000
vt 0.875000 0.541667
vt 0.875000 0.666667
vt 0.625000 1.000000
vt 0.875000 0.666667
vt 0.875000 0.661870
vt 0.625000 1.000000
vt 0.416667 0.875000
vt 0.458333 0.916667
vt 0.500000 0.958333
vt 0.625000 0.375000
vt 0.583333 0.375000
vt 0.750000 0.583333
vt 0.750000 0.500000
vt 0.416667 0.750000
vt 0.375000 0.625000
vt 0.375000 0.666667
vt 0.375000 0.750000
vt 0.458333 0.500000
vt 0.416667 0.500000
vt 0.583333 1.000000
vt 0.500000 1.000000
vt 0.416667 1.000000
vt 0.875000 0.583754
vt 0.583333 0.250000
vt 0.875000 0.645833
vt 0.583333 1.000000
vt 0.541667 1.000000
vt 0.875000 0.640722
vt 0.875000 0.666667
vt 0.583333 0.375000
vt 0.476072 0.437943
vt 0.625000 0.708333
vt 0.625000 0.750000
vt 0.250000 0.714586
vt 0.291667 0.729167
vt 0.500000 0.875000
vt 0.541667 0.791667
vt 0.500000 0.750000
vt 0.375000 0.666667
vt 0.375000 0.750000
vt 0.333333 0.708333
vt 0.500000 0.833333
vt 0.416667 0.291667
vt 0.166667 0.625000
vt 0.125000 0.625000
vt 0.625000 0.416667
vt 0.715398 0.645058
vt 0.583333 0.416667
vt 0.625000 0.875000
vt 0.583333 0.791667
vt 0.666667 0.708333
vt 0.666667 0.666667
vt 0.541666 0.833333
vt 0.541667 0.500000
vt 0.583333 0.500000
vt 0.458333 0.500000
vt 0.458333 0.750000
vt 0.416667 0.750000
vt 0.555121 0.750000
vt 0.375000 0.625000
vt 0.375000 0.708333
vt 0.375000 0.666667
vt 0.375000 0.750000
vt 0.375000 0.625000
vt 0.875000 0.500000
vt 0.583333 0.250000
vt 0.539210 0.250000
vt 0.875000 0.541667
vt 0.875000 0.605278
vt 0.583333 1.000000
vt 0.541667 1.000000
vt 0.875000 0.666667
vt 0.375000 0.250000
vt 0.125000 0.645833
vt 0.875000 0.500000
vt 0.541667 0.250000
vt 0.583333 0.208333
vt 0.623530 0.946731
vt 0.800854 0.700788
vt 0.375000 0.000000
vt 0.125000 0.708333
vt 0.375000 1.000000
vt 0.583333 0.500000
vt 0.583333 0.875000
vt 0.708333 0.708333
vt 0.791667 0.708333
vt 0.583333 0.958333
vt 0.791667 0.666667
vt 0.625000 0.958333
vt 0.547668 0.998863
vt 0.000000 0.000000
vt 0.000000 0.000000
vt 0.000000 0.000000
vt 0.175781 0.753906
vt 0.000000 0.000000
vt 0.000000 0.000000
vt 0.000000 0.000000
vt 0.000000 0.000000
vt 0.000000 0.000000
vt 0.000000 0.000000
vt 0.000000 0.000000
vt 0.000000 0.000000
vt 0.000000 0.000000
vt 0.000000 0.000000
vt 0.175781 0.753906
vt 0.000000 0.000000
vt 0.000000 0.000000
vt 0.000000 0.000000
vt 0.000000 0.000000
vt 0.000000 0.000000
vt 0.000000 0.000000
vt 0.000000 0.000000
vt 0.000000 0.000000
vt 0.000000 0.000000
vt 0.000000 0.000000
vt 0.000000 0.000000
vt 0.000000 0.000000
vt 0.000000 0.000000
vt 0.000000 0.000000
vt 0.000000 0.000000
vt 0.000000 0.000000
vt 0.000000 0.000000
vt 0.000000 0.000000
vt 0.000000 0.000000
vt 0.339844 0.003906
vt 0.000000 0.000000
vt 0.339844 0.003906
vt 0.175781 0.996094
vt 0.175781 0.996094
vt 0.058594 0.847656
vt 0.175781 0.753906
vt 0.175781 0.996094
vt 0.175781 0.996094
vt 0.175781 0.753906
vt 0.058594 0.941406
vt 0.175781 0.996094
vt 0.058594 0.941406
vt 0.175781 0.996094
vt 0.105469 0.753906
vt 0.105469 0.996094
vt 0.105469 0.996094
vt 0.105469 0.753906
vt 0.175781 0.753906
vt 0.003906 0.941406
vt 0.105469 0.996094
vt 0.058594 0.847656
vt 0.175781 0.996094
vt 0.003906 0.847656
vt 0.105469 0.996094
vt 0.105469 0.753906
vt 0.105469 0.753906
vt 0.105469 0.996094
vt 0.105469 0.753906
vt 0.105469 0.996094
vt 0.003906 0.847656
vt 0.003906 0.941406
vt 0.105469 0.996094
vt 0.105469 0.753906
vt 0.175781 0.753906
vt 0.000000 0.000000
vt 0.058594 0.847656
vt 0.175781 0.996094
vt 0.175781 0.753906
vt 0.000000 0.000000
vt 0.000000 0.000000
vt 0.175781 0.996094
vt 0.000000 0.000000
vt 0.000000 0.000000
vt 0.000000 0.000000
vt 0.175781 0.996094
vt 0.058594 0.941406
vt 0.000000 0.000000
vt 0.000000 0.000000
vt 0.000000 0.000000
vt 0.175781 0.753906
vt 0.175781 0.996094
vt 0.175781 0.753906
vt 0.000000 0.000000
vt 0.000000 0.000000
vt 0.175781 0.996094
vt 0.175781 0.996094
vt 0.058594 0.847656
vt 0.000000 0.000000
vt 0.175781 0.996094
vt 0.175781 0.753906
vt 0.000000 0.000000
vt 0.175781 0.996094
vt 0.175781 0.996094
vt 0.058594 0.847656
vt 0.175781 0.996094
vt 0.175781 0.996094
vt 0.175781 0.753906
vt 0.175781 0.996094
vt 0.058594 0.941406
vt 0.175781 0.996094
vt 0.175781 0.753906
vt 0.058594 0.847656
vt 0.175781 0.996094
vt 0.000000 0.000000
vt 0.000000 0.000000
vt 0.175781 0.996094
vt 0.058594 0.847656
vt 0.175781 0.753906
vt 0.175781 0.996094
vt 0.058594 0.941406
vt 0.175781 0.996094
vt 0.175781 0.753906
vt 0.175781 0.996094
vt 0.175781 0.996094
vt 0.058594 0.847656
vt 0.175781 0.996094
vt 0.175781 0.996094
vt 0.246094 0.286641
vt 0.175781 0.753906
vt 0.000000 0.000000
vt 0.246094 0.003906
vt 0.003906 0.286641
vt 0.003906 0.003906
vt 0.246094 0.286641
vt 0.003906 0.286641
vt 0.246094 0.286641
vt 0.003906 0.286641
vt 0.003906 0.003906
vt 0.246094 0.286641
vt 0.246094 0.003906
vt 0.246094 0.003906
vt 0.003906 0.003906
vt 0.003906 0.003906
vt 0.246094 0.003906
vt 0.003906 0.003906
vt 0.003906 0.145259
vt 0.003906 0.132423
vt 0.253906 0.003906
vt 0.488281 0.003906
vt 0.488281 0.003906
vt 0.253906 0.003906
vt 0.175781 0.285156
vt 0.089844 0.371094
vt 0.253906 0.371094
vt 0.488281 0.371094
vt 0.003906 0.371094
vt 0.089844 0.371094
vt 0.003906 0.371094
vt 0.300781 0.371094
vt 0.300781 0.003906
vt 0.003906 0.003906
vt 0.441406 0.003906
vt 0.441406 0.371094
vt 0.378906 0.003906
vt 0.378906 0.371094
vt 0.316406 0.371094
vt 0.308594 0.371094
vt 0.121094 0.371094
vt 0.425781 0.371094
vt 0.488281 0.371094
vt 0.253906 0.371094
vt 0.160156 0.371094
vt 0.308594 0.003906
vt 0.316406 0.003906
vt 0.347656 0.371094
vt 0.347656 0.003906
vt 0.253906 0.003906
vt 0.443556 0.003804
vt -0.003906 0.371094
vt 0.730373 0.351095
vt 0.443556 0.369892
vt 0.253906 0.371094
vt 0.160156 0.308594
vt 0.730399 0.097669
vt 0.089844 0.308594
vt -0.238247 0.097653
vt 0.175781 0.371094
vt 0.094727 0.371094
vt 0.308594 0.371094
vt 0.316406 0.371094
vt 0.425781 0.003906
vt 0.121094 0.003906
vt 0.339844 0.003906
vt 0.402344 0.003906
vt 0.121094 0.003906
vt 0.339844 0.371094
vt 0.402344 0.371094
vt 0.300781 0.371094
vt 0.003906 0.371094
vt 0.347656 0.371094
vt 0.347656 0.003906
vt 0.300781 0.003906
vt 0.003906 0.003906
vt 0.441406 0.003906
vt 0.441406 0.371094
vt 0.378906 0.003906
vt 0.378906 0.371094
vt 0.308594 0.371094
vt 0.316406 0.371094
vt 0.425781 0.003906
vt 0.121094 0.003906
vt 0.246094 0.371094
vt 0.160156 0.371094
vt 0.253906 0.371094
vt 0.488281 0.371094
vt 0.308594 0.003906
vt 0.316406 0.003906
vt -0.003906 0.371094
vt 0.246094 0.003906
vt 0.730373 0.351096
vt 0.253906 0.371094
vt 0.253906 0.003906
vt 0.246094 0.371094
vt 0.160156 0.308594
vt 0.730442 0.097670
vt 0.246094 0.300781
vt 0.730469 0.003906
vt 0.003906 0.300781
vt -0.238269 0.003903
vt 0.089844 0.285156
vt 0.003906 0.371094
vt -0.238250 0.097653
vt 0.089844 0.308594
vt 0.175781 0.371094
vt 0.094727 0.371094
vt 0.316406 0.371094
vt 0.308594 0.371094
vt 0.121094 0.371094
vt 0.425781 0.371094
vt 0.339844 0.003906
vt 0.121094 0.003906
vt 0.402344 0.003906
vt 0.339844 0.371094
vt 0.402344 0.371094
vt 0.003906 0.354851
vt 0.339844 0.371094
vt 0.000000 0.000000
vt 0.094727 0.354852
vt 0.316406 0.003906
vt 0.308594 0.003906
vt 0.488281 0.003906
vt 0.253906 0.003906
vt 0.003906 0.003906
vt 0.253906 0.003906
vt -0.238237 0.351098
vt 0.003906 0.371094
vt 0.253906 0.371094
vt 0.000000 0.000000
vt 0.094727 0.354852
vt 0.339844 0.371094
vt 0.175781 0.285156
vt 0.089844 0.371094
vt 0.488281 0.371094
vt 0.253906 0.371094
vt 0.316406 0.003906
vt 0.308594 0.003906
vt 0.003906 0.371094
vt -0.238247 0.351098
vt 0.253906 0.371094
vt 0.003906 0.003906
vt 0.253906 0.003906
vt 0.488281 0.003906
vt 0.253906 0.003906
vt 0.000000 0.000000
vt 0.000000 0.000000
vt 0.000000 0.000000
vt 0.000000 0.000000
vt 0.000000 0.000000
vt 0.000000 0.000000
vt 0.000000 0.000000
vt 0.000000 0.000000
vt 0.000000 0.000000
vt 0.000000 0.000000
vt 0.000000 0.000000
vt 0.000000 0.000000
vt 0.000000 0.000000
vt 0.000000 0.000000
vt 0.003906 0.003906
vt 0.300781 0.003906
vt 0.441406 0.003906
vt 0.441406 0.003906
vt 0.339844 0.003906
vt 0.402344 0.003906
vt 0.300781 0.003906
vt 0.003906 0.003906
vt 0.441406 0.003906
vt 0.003906 0.003906
vt 0.300781 0.003906
vt 0.339844 0.003906
vt 0.402344 0.003906
vt 0.339844 0.003906
vt 0.402344 0.003906
vt 0.300781 0.003906
vt 0.003906 0.003906
vt 0.441406 0.003906
vt 0.339844 0.003906
vt 0.402344 0.003906
vt 0.402344 0.371094
vt 0.339844 0.371094
vt 0.339844 0.371094
vt 0.402344 0.371094
vt 0.339844 0.371094
vt 0.402344 0.371094
vt 0.402344 0.371094
vt 0.339844 0.371094
vt 0.339844 0.371094
vt 0.402344 0.371094
vt 0.402344 0.003906
vt 0.339844 0.003906
vt 0.402344 0.003906
vt 0.339844 0.003906
vt 0.402344 0.003906
vt 0.339844 0.003906
vt 0.402344 0.003906
vt 0.339844 0.003906
vt 0.402344 0.003906
vt 0.339844 0.003906
vt 0.402344 0.371094
vt 0.339844 0.371094
vt 0.402344 0.371094
vt 0.339844 0.371094
vt 0.339844 0.371094
vt 0.402344 0.371094
vt 0.339844 0.371094
vt 0.402344 0.371094
vt 0.339844 0.371094
vt 0.402344 0.371094
vt 0.402344 0.003906
vt 0.339844 0.003906
vt 0.402344 0.003906
vt 0.339844 0.003906
vt 0.402344 0.003906
vt 0.339844 0.003906
vt 0.402344 0.003906
vt 0.339844 0.003906
vt 0.402344 0.003906
vt 0.339844 0.003906
vt 0.339844 0.371094
vt 0.402344 0.371094
vt 0.402344 0.371094
vt 0.339844 0.371094
vt 0.339844 0.371094
vt 0.402344 0.371094
vt 0.339844 0.371094
vt 0.402344 0.371094
vt 0.402344 0.371094
vt 0.339844 0.371094
vt 0.402344 0.003906
vt 0.339844 0.003906
vt 0.402344 0.003906
vt 0.339844 0.003906
vt 0.402344 0.003906
vt 0.339844 0.003906
vt 0.402344 0.003906
vt 0.339844 0.003906
vt 0.402344 0.003906
vt 0.339844 0.003906
vt 0.339844 0.371094
vt 0.402344 0.371094
vt 0.339844 0.371094
vt 0.402344 0.371094
vt 0.402344 0.371094
vt 0.339844 0.371094
vt 0.402344 0.371094
vt 0.339844 0.371094
vt 0.339844 0.371094
vt 0.402344 0.371094
vt 0.402344 0.003906
vt 0.339844 0.003906
vt 0.402344 0.003906
vt 0.339844 0.003906
vt 0.402344 0.003906
vt 0.339844 0.003906
vt 0.402344 0.003906
vt 0.339844 0.003906
vt 0.402344 0.003906
vt 0.339844 0.003906
vt 0.402344 0.371094
vt 0.339844 0.371094
vt 0.402344 0.371094
vt 0.339844 0.371094
vt 0.339844 0.371094
vt 0.402344 0.371094
vt 0.339844 0.371094
vt 0.402344 0.371094
vt 0.339844 0.371094
vt 0.402344 0.371094
vt 0.402344 0.003906
vt 0.339844 0.003906
vt 0.402344 0.003906
vt 0.339844 0.003906
vt 0.402344 0.003906
vt 0.339844 0.003906
vt 0.402344 0.003906
vt 0.339844 0.003906
vt 0.402344 0.003906
vt 0.339844 0.003906
vt 0.402344 0.371094
vt 0.339844 0.371094
vt 0.339844 0.371094
vt 0.402344 0.371094
vt 0.339844 0.371094
vt 0.402344 0.371094
vt 0.339844 0.371094
vt 0.402344 0.371094
vt 0.402344 0.371094
vt 0.339844 0.371094
vt 0.402344 0.003906
vt 0.339844 0.003906
vt 0.402344 0.003906
vt 0.339844 0.003906
vt 0.402344 0.003906
vt 0.339844 0.003906
vt 0.402344 0.003906
vt 0.339844 0.003906
vt 0.402344 0.003906
vt 0.339844 0.003906
vt 0.339844 0.371094
vt 0.402344 0.371094
vt 0.402344 0.371094
vt 0.339844 0.371094
vt 0.339844 0.371094
vt 0.402344 0.371094
vt 0.339844 0.371094
vt 0.402344 0.371094
vt 0.402344 0.371094
vt 0.339844 0.371094
vt 0.402344 0.003906
vt 0.339844 0.003906
vt 0.402344 0.003906
vt 0.339844 0.003906
vt 0.402344 0.003906
vt 0.339844 0.003906
vt 0.402344 0.003906
vt 0.339844 0.003906
vt 0.402344 0.003906
vt 0.339844 0.003906
vt 0.339844 0.371094
vt 0.402344 0.371094
vt 0.402344 0.371094
vt 0.339844 0.371094
vt 0.339844 0.371094
vt 0.402344 0.371094
vt 0.402344 0.371094
vt 0.339844 0.371094
vt 0.402344 0.371094
vt 0.339844 0.371094
vt 0.402344 0.003906
vt 0.339844 0.003906
vt 0.402344 0.003906
vt 0.339844 0.003906
vt 0.402344 0.003906
vt 0.339844 0.003906
vt 0.402344 0.003906
vt 0.339844 0.003906
vt 0.402344 0.003906
vt 0.339844 0.003906
vt 0.402344 0.371094
vt 0.339844 0.371094
vt 0.402344 0.371094
vt 0.339844 0.371094
vt 0.402344 0.371094
vt 0.339844 0.371094
vt 0.339844 0.371094
vt 0.402344 0.371094
vt 0.339844 0.371094
vt 0.402344 0.371094
vt 0.402344 0.003906
vt 0.339844 0.003906
vt 0.402344 0.003906
vt 0.339844 0.003906
vt 0.402344 0.003906
vt 0.339844 0.003906
vt 0.402344 0.003906
vt 0.339844 0.003906
vt 0.402344 0.003906
vt 0.339844 0.003906
vt 0.339844 0.371094
vt 0.402344 0.371094
vt 0.402344 0.371094
vt 0.339844 0.371094
vt 0.339844 0.371094
vt 0.402344 0.371094
vt 0.339844 0.371094
vt 0.402344 0.371094
vt 0.402344 0.371094
vt 0.339844 0.371094
vt 0.402344 0.003906
vt 0.339844 0.003906
vt 0.402344 0.003906
vt 0.339844 0.003906
vt 0.402344 0.003906
vt 0.339844 0.003906
vt 0.402344 0.003906
vt 0.339844 0.003906
vt 0.402344 0.003906
vt 0.339844 0.003906
vt 0.339844 0.371094
vt 0.402344 0.371094
vt 0.402344 0.371094
vt 0.339844 0.371094
vt 0.339844 0.371094
vt 0.402344 0.371094
vt 0.339844 0.371094
vt 0.402344 0.371094
vt 0.402344 0.371094
vt 0.339844 0.371094
vt 0.402344 0.003906
vt 0.339844 0.003906
vt 0.402344 0.003906
vt 0.339844 0.003906
vt 0.402344 0.003906
vt 0.339844 0.003906
vt 0.402344 0.003906
vt 0.339844 0.003906
vt 0.402344 0.003906
vt 0.339844 0.003906
vt 0.402344 0.371094
vt 0.339844 0.371094
vt 0.402344 0.371094
vt 0.339844 0.371094
vt 0.339844 0.371094
vt 0.402344 0.371094
vt 0.402344 0.371094
vt 0.339844 0.371094
vt 0.339844 0.371094
vt 0.402344 0.371094
vt 0.402344 0.003906
vt 0.339844 0.003906
vt 0.402344 0.003906
vt 0.339844 0.003906
vt 0.402344 0.003906
vt 0.339844 0.003906
vt 0.402344 0.003906
vt 0.339844 0.003906
vt 0.402344 0.003906
vt 0.339844 0.003906
vt 0.402344 0.371094
vt 0.339844 0.371094
vt 0.402344 0.371094
vt 0.339844 0.371094
vt 0.339844 0.371094
vt 0.402344 0.371094
vt 0.339844 0.371094
vt 0.402344 0.371094
vt 0.339844 0.371094
vt 0.402344 0.371094
vt 0.402344 0.003906
vt 0.339844 0.003906
vt 0.402344 0.003906
vt 0.339844 0.003906
vt 0.402344 0.003906
vt 0.339844 0.003906
vt 0.402344 0.003906
vt 0.339844 0.003906
vt 0.402344 0.003906
vt 0.339844 0.003906
vt 0.339844 0.371094
vt 0.402344 0.371094
vt 0.339844 0.371094
vt 0.402344 0.371094
vt 0.402344 0.371094
vt 0.339844 0.371094
vt 0.402344 0.371094
vt 0.339844 0.371094
vt 0.402344 0.371094
vt 0.339844 0.371094
vt 0.402344 0.003906
vt 0.339844 0.003906
vt 0.402344 0.003906
vt 0.339844 0.003906
vt 0.402344 0.003906
vt 0.339844 0.003906
vt 0.402344 0.003906
vt 0.339844 0.003906
vt 0.402344 0.003906
vt 0.339844 0.003906
vt 0.339844 0.371094
vt 0.402344 0.371094
vt 0.402344 0.371094
vt 0.339844 0.371094
vt 0.402344 0.371094
vt 0.339844 0.371094
vt 0.402344 0.371094
vt 0.339844 0.371094
vt 0.339844 0.371094
vt 0.402344 0.371094
vt 0.402344 0.003906
vt 0.339844 0.003906
vt 0.402344 0.003906
vt 0.339844 0.003906
vt 0.402344 0.003906
vt 0.339844 0.003906
vt 0.402344 0.003906
vt 0.339844 0.003906
vt 0.402344 0.003906
vt 0.339844 0.003906
vt 0.402344 0.371094
vt 0.339844 0.371094
vt 0.339844 0.371094
vt 0.402344 0.371094
vt 0.402344 0.371094
vt 0.339844 0.371094
vt 0.339844 0.371094
vt 0.402344 0.371094
vt 0.339844 0.371094
vt 0.402344 0.371094
vt 0.402344 0.003906
vt 0.339844 0.003906
vt 0.402344 0.003906
vt 0.339844 0.003906
vt 0.402344 0.003906
vt 0.339844 0.003906
vt 0.402344 0.003906
vt 0.339844 0.003906
vt 0.402344 0.003906
vt 0.339844 0.003906
vt 0.402344 0.371094
vt 0.339844 0.371094
vt 0.339844 0.371094
vt 0.402344 0.371094
vt 0.402344 0.371094
vt 0.339844 0.371094
vt 0.339844 0.371094
vt 0.402344 0.371094
vt 0.339844 0.371094
vt 0.402344 0.371094
vt 0.402344 0.003906
vt 0.339844 0.003906
vt 0.402344 0.003906
vt 0.339844 0.003906
vt 0.402344 0.003906
vt 0.339844 0.003906
vt 0.402344 0.003906
vt 0.339844 0.003906
vt 0.402344 0.003906
vt 0.339844 0.003906
vt 0.402344 0.371094
vt 0.339844 0.371094
vt 0.402344 0.371094
vt 0.339844 0.371094
vt 0.339844 0.371094
vt 0.402344 0.371094
vt 0.402344 0.371094
vt 0.339844 0.371094
vt 0.339844 0.371094
vt 0.402344 0.371094
vt 0.402344 0.003906
vt 0.339844 0.003906
vt 0.402344 0.003906
vt 0.339844 0.003906
vt 0.402344 0.003906
vt 0.339844 0.003906
vt 0.402344 0.003906
vt 0.339844 0.003906
vt 0.402344 0.003906
vt 0.339844 0.003906
vt 0.402344 0.371094
vt 0.339844 0.371094
vt 0.339844 0.371094
vt 0.402344 0.371094
vt 0.339844 0.371094
vt 0.402344 0.371094
vt 0.402344 0.371094
vt 0.339844 0.371094
vt 0.339844 0.371094
vt 0.402344 0.371094
vt 0.402344 0.003906
vt 0.339844 0.003906
vt 0.402344 0.003906
vt 0.339844 0.003906
vt 0.402344 0.003906
vt 0.339844 0.003906
vt 0.402344 0.003906
vt 0.339844 0.003906
vt 0.402344 0.003906
vt 0.339844 0.003906
vt 0.402344 0.371094
vt 0.339844 0.371094
vt 0.402344 0.371094
vt 0.339844 0.371094
vt 0.402344 0.371094
vt 0.339844 0.371094
vt 0.339844 0.371094
vt 0.402344 0.371094
vt 0.339844 0.371094
vt 0.402344 0.371094
vt 0.402344 0.003906
vt 0.339844 0.003906
vt 0.402344 0.003906
vt 0.339844 0.003906
vt 0.402344 0.003906
vt 0.339844 0.003906
vt 0.402344 0.003906
vt 0.339844 0.003906
vt 0.402344 0.003906
vt 0.339844 0.003906
vt 0.339844 0.371094
vt 0.402344 0.371094
vt 0.402344 0.371094
vt 0.339844 0.371094
vt 0.339844 0.371094
vt 0.402344 0.371094
vt 0.402344 0.371094
vt 0.339844 0.371094
vt 0.402344 0.371094
vt 0.339844 0.371094
vt 0.402344 0.003906
vt 0.339844 0.003906
vt 0.402344 0.003906
vt 0.339844 0.003906
vt 0.402344 0.003906
vt 0.339844 0.003906
vt 0.402344 0.003906
vt 0.339844 0.003906
vt 0.402344 0.003906
vt 0.339844 0.003906
vt 0.339844 0.371094
vt 0.402344 0.371094
vt 0.402344 0.371094
vt 0.339844 0.371094
vt 0.339844 0.371094
vt 0.402344 0.371094
vt 0.402344 0.371094
vt 0.339844 0.371094
vt 0.402344 0.371094
vt 0.339844 0.371094
vt 0.402344 0.003906
vt 0.339844 0.003906
vt 0.402344 0.003906
vt 0.339844 0.003906
vt 0.402344 0.003906
vt 0.339844 0.003906
vt 0.402344 0.003906
vt 0.339844 0.003906
vt 0.402344 0.003906
vt 0.339844 0.003906
vt 0.339844 0.371094
vt 0.402344 0.371094
vt 0.402344 0.371094
vt 0.339844 0.371094
vt 0.339844 0.371094
vt 0.402344 0.371094
vt 0.339844 0.371094
vt 0.402344 0.371094
vt 0.339844 0.371094
vt 0.402344 0.371094
vt 0.402344 0.003906
vt 0.339844 0.003906
vt 0.339844 0.003906
vt 0.402344 0.003906
vt 0.402344 0.003906
vt 0.339844 0.003906
vt 0.339844 0.003906
vt 0.402344 0.003906
vt 0.402344 0.003906
vt 0.339844 0.003906
vt 0.339844 0.371094
vt 0.402344 0.371094
vt 0.339844 0.371094
vt 0.402344 0.371094
vt 0.402344 0.371094
vt 0.339844 0.371094
vt 0.339844 0.371094
vt 0.402344 0.371094
vt 0.339844 0.371094
vt 0.402344 0.371094
vt 0.402344 0.003906
vt 0.339844 0.003906
vt 0.339844 0.003906
vt 0.402344 0.003906
vt 0.402344 0.003906
vt 0.339844 0.003906
vt 0.402344 0.003906
vt 0.339844 0.003906
vt 0.339844 0.003906
vt 0.402344 0.003906
vt 0.402344 0.371094
vt 0.339844 0.371094
vt 0.402344 0.371094
vt 0.402344 0.371094
vt 0.339844 0.371094
vt 0.339844 0.371094
vt 0.402344 0.003906
vt 0.339844 0.003906
vt 0.402344 0.003906
vt 0.339844 0.003906
vt 0.402344 0.003906
vt 0.339844 0.003906
vt 0.402344 0.371094
vt 0.339844 0.371094
vt 0.402344 0.371094
vt 0.339844 0.371094
vt 0.402344 0.371094
vt 0.402344 0.003906
vt 0.339844 0.003906
vt 0.402344 0.003906
vt 0.339844 0.003906
vt 0.402344 0.003906
vt 0.402344 0.371094
vt 0.339844 0.371094
vt 0.402344 0.371094
vt 0.402344 0.371094
vt 0.339844 0.371094
vt 0.339844 0.371094
vt 0.402344 0.003906
vt 0.339844 0.003906
vt 0.402344 0.003906
vt 0.339844 0.003906
vt 0.402344 0.003906
vt 0.339844 0.003906
vt 0.402344 0.371094
vt 0.402344 0.371094
vt 0.339844 0.371094
vt 0.339844 0.371094
vt 0.402344 0.371094
vt 0.402344 0.003906
vt 0.339844 0.003906
vt 0.402344 0.003906
vt 0.402344 0.003906
vt 0.339844 0.003906
vt 0.402344 0.371094
vt 0.339844 0.371094
vt 0.402344 0.371094
vt 0.402344 0.371094
vt 0.339844 0.371094
vt 0.339844 0.371094
vt 0.402344 0.003906
vt 0.339844 0.003906
vt 0.402344 0.003906
vt 0.339844 0.003906
vt 0.402344 0.003906
vt 0.339844 0.003906
vt 0.402344 0.371094
vt 0.339844 0.371094
vt 0.402344 0.371094
vt 0.339844 0.371094
vt 0.402344 0.371094
vt 0.402344 0.003906
vt 0.339844 0.003906
vt 0.402344 0.003906
vt 0.339844 0.003906
vt 0.402344 0.003906
vt 0.402344 0.371094
vt 0.339844 0.371094
vt 0.402344 0.371094
vt 0.402344 0.371094
vt 0.339844 0.371094
vt 0.339844 0.371094
vt 0.402344 0.003906
vt 0.339844 0.003906
vt 0.402344 0.003906
vt 0.339844 0.003906
vt 0.402344 0.003906
vt 0.339844 0.003906
vt 0.402344 0.371094
vt 0.339844 0.371094
vt 0.402344 0.371094
vt 0.402344 0.371094
vt 0.339844 0.371094
vt 0.402344 0.003906
vt 0.402344 0.003906
vt 0.339844 0.003906
vt 0.339844 0.003906
vt 0.402344 0.003906
vt 0.402344 0.371094
vt 0.339844 0.371094
vt 0.402344 0.371094
vt 0.402344 0.371094
vt 0.339844 0.371094
vt 0.339844 0.371094
vt 0.402344 0.003906
vt 0.339844 0.003906
vt 0.402344 0.003906
vt 0.339844 0.003906
vt 0.402344 0.003906
vt 0.339844 0.003906
vt 0.402344 0.371094
vt 0.339844 0.371094
vt 0.402344 0.371094
vt 0.402344 0.371094
vt 0.339844 0.371094
vt 0.402344 0.003906
vt 0.402344 0.003906
vt 0.339844 0.003906
vt 0.339844 0.003906
vt 0.402344 0.003906
vt 0.402344 0.371094
vt 0.339844 0.371094
vt 0.402344 0.371094
vt 0.402344 0.371094
vt 0.339844 0.371094
vt 0.339844 0.371094
vt 0.402344 0.003906
vt 0.339844 0.003906
vt 0.402344 0.003906
vt 0.339844 0.003906
vt 0.402344 0.003906
vt 0.339844 0.003906
vt 0.402344 0.371094
vt 0.339844 0.371094
vt 0.402344 0.371094
vt 0.402344 0.371094
vt 0.339844 0.371094
vt 0.402344 0.003906
vt 0.402344 0.003906
vt 0.339844 0.003906
vt 0.339844 0.003906
vt 0.402344 0.003906
vt 1.016035 0.980470
vt 0.891077 0.983707
vt 0.974382 0.981549
vt 1.016035 0.980470
vt 0.891077 0.983707
vt 0.932729 0.982628
vt 0.974382 0.981549
vt 0.932729 0.982628
vt 0.974382 0.981549
vt 0.932729 0.982628
vt 1.016035 0.980470
vt 0.891077 0.983707
vt 0.974382 0.981549
vt 0.932729 0.982628
vt 0.974382 0.981549
vt 0.932729 0.982628
vt 1.016035 0.980470
vt 0.891077 0.983707
vt 1.016035 0.980470
vt 0.891077 0.983707
vt 0.974382 0.981549
vt 0.932729 0.982628
vt 0.932729 0.982628
vt 1.016035 0.980470
vt 0.891077 0.983707
vt 0.974382 0.981549
vt 0.974382 0.981549
vt 1.016035 0.980470
vt 0.891077 0.983707
vt 1.016035 0.980470
vt 0.891077 0.983707
vt 0.932729 0.982628
vt 0.256144 0.374319
vt 0.932729 0.982628
vt 0.254903 0.374941
vt 0.974382 0.981549
vt 0.256144 0.374319
vt 0.932729 0.982628
vt 0.256756 0.373491
vt 0.253838 0.374949
vt 1.016035 0.980470
vt 0.891077 0.983707
vt 0.256144 0.374319
vt 0.932729 0.982628
vt 0.254903 0.374941
vt 0.974382 0.981549
vt 0.256144 0.374319
vt 0.932729 0.982628
vt 0.256144 0.374319
vt 0.932729 0.982628
vt 0.254903 0.374941
vt 0.974382 0.981549
vt 0.256756 0.373491
vt 0.253838 0.374949
vt 1.016035 0.980470
vt 0.891077 0.983707
vt 0.256144 0.374319
vt 0.932729 0.982628
vt 0.254903 0.374941
vt 0.974382 0.981549
vt 0.254903 0.374941
vt 0.974382 0.981549
vt 0.256756 0.373491
vt 0.253838 0.374949
vt 1.016035 0.980470
vt 0.891077 0.983707
vt 0.254654 0.373824
vt 0.253785 0.373949
vt 0.255398 0.373451
vt 0.253838 0.374949
vt 0.256756 0.373491
vt 0.891077 0.983707
vt 1.016035 0.980470
vt 0.253838 0.374949
vt 0.256756 0.373491
vt 1.016035 0.980470
vt 0.891077 0.983707
vt 0.254903 0.374941
vt 0.974382 0.981549
vt 0.256756 0.373491
vt 0.253838 0.374949
vt 1.016035 0.980470
vt 0.891077 0.983707
vt 0.254903 0.374941
vt 0.974382 0.981549
vt 0.256756 0.373491
vt 0.253838 0.374949
vt 1.016035 0.980470
vt 0.891077 0.983707
vt 0.256756 0.373491
vt 0.253838 0.374949
vt 1.016035 0.980470
vt 0.891077 0.983707
vt 0.256144 0.374319
vt 0.932729 0.982628
vt 0.254903 0.374941
vt 0.974382 0.981549
vt 0.256144 0.374319
vt 0.932729 0.982628
vt 0.932841 0.982625
vt 0.746094 0.753906
vt 0.503906 0.753906
vt 0.746094 0.753906
vt 0.746094 0.996094
vt 0.003906 0.628906
vt 0.503906 0.996094
vt 0.746094 0.753906
vt 0.503906 0.753906
vt 0.746094 0.996094
vt 0.503906 0.996094
vt 0.746094 0.753906
vt 0.503906 0.753906
vt 0.246094 0.628906
vt 0.503906 0.753906
vt 0.746094 0.996094
vt 0.503906 0.996094
vt 0.503906 0.753906
vt 0.746094 0.753906
vt 0.503906 0.996094
vt 0.746094 0.996094
vt 0.746094 0.753906
vt 0.503906 0.753906
vt 0.746094 0.996094
vt 0.503906 0.996094
vt 0.746094 0.753906
vt 0.746094 0.996094
vt 0.503906 0.753906
vt 0.503906 0.996094
vt 0.246094 0.746094
vt 0.746094 0.753906
vt 0.503906 0.753906
vt 0.253906 0.746094
vt 0.503906 0.753906
vt 0.496094 0.746094
vt 0.746094 0.753906
vt 0.503906 0.996094
vt 0.746094 0.996094
vt 0.746094 0.753906
vt 0.503906 0.753906
vt 0.503906 0.996094
vt 0.746094 0.753906
vt 0.503906 0.753906
vt 0.371094 0.746094
vt 0.746094 0.753906
vt 0.503906 0.753906
vt 0.746094 0.996094
vt 0.503906 0.996094
vt 0.746094 0.753906
vt 0.746094 0.996094
vt 0.503906 0.753906
vt 0.503906 0.996094
vt 0.746094 0.753906
vt 0.746094 0.996094
vt 0.503906 0.753906
vt 0.503906 0.996094
vt 0.746094 0.753906
vt 0.503906 0.753906
vt 0.503906 0.996094
vt 0.746094 0.996094
vt 0.746094 0.753906
vt 0.503906 0.753906
vt 0.503906 0.996094
vt 0.746094 0.996094
vt 0.746094 0.753906
vt 0.503906 0.753906
vt 0.503906 0.996094
vt 0.746094 0.753906
vt 0.746094 0.996094
vt 0.503906 0.753906
vt 0.746094 0.753906
vt 0.746094 0.996094
vt 0.503906 0.753906
vt 0.503906 0.996094
vt 0.746094 0.996094
vt 0.746094 0.753906
vt 0.503906 0.753906
vt 0.503906 0.996094
vt 0.746094 0.996094
vt 0.746094 0.753906
vt 0.503906 0.753906
vt 0.503906 0.996094
vt 0.503906 0.753906
vt 0.746094 0.996094
vt 0.746094 0.753906
vt 0.503906 0.996094
vt 0.746094 0.753906
vt 0.503906 0.753906
vt 0.746094 0.996094
vt 0.503906 0.996094
vt 0.746094 0.753906
vt 0.753906 0.996094
vt 0.746094 0.996094
vt 0.746094 0.753906
vt 0.503906 0.753906
vt 0.503906 0.996094
vt 0.746094 0.996094
vt 0.746094 0.996094
vt 0.753906 0.996094
vt 0.746094 0.753906
vt 0.503906 0.996094
vt 0.753906 0.753906
vt 0.746094 0.753906
vt 0.503906 0.753906
vt 0.503906 0.996094
vt 0.746094 0.996094
vt 0.746094 0.753906
vt 0.503906 0.753906
vt 0.503906 0.996094
vt 0.746094 0.996094
vt 0.746094 0.753906
vt 0.503906 0.753906
vt 0.746094 0.753906
vt 0.746094 0.996094
vt 0.503906 0.753906
vt 0.503906 0.996094
vt 0.746094 0.753906
vt 0.503906 0.753906
vt 0.496094 0.628906
vt 0.746094 0.996094
vt 0.503906 0.753906
vt 0.503906 0.996094
vt 0.746094 0.753906
vt 0.503906 0.753906
vt 0.746094 0.996094
vt 0.503906 0.996094
vt 0.746094 0.753906
vt 0.253906 0.628906
vt 0.746094 0.996094
vt 0.503906 0.996094
vt 0.628906 0.753906
vt 0.746094 0.996094
vt 0.503906 0.996094
vt 0.746094 0.753906
vt 0.746094 0.996094
vt 0.503906 0.753906
vt 0.503906 0.996094
vt 0.628906 0.753906
vt 0.503906 0.753906
vt 0.746094 0.996094
vt 0.503906 0.996094
vt 0.503906 0.753906
vt 0.003906 0.746094
vt 0.628906 0.753906
vt 0.371094 0.746094
vt 0.496094 0.746094
vt 0.503906 0.753906
vt 0.503906 0.996094
vt 0.628906 0.753906
vt 0.746094 0.996094
vt 0.503906 0.753906
vt 0.746094 0.753906
vt 0.503906 0.996094
vt 0.503906 0.753906
vt 0.503906 0.996094
vt 0.628906 0.753906
vt 0.628906 0.996094
vt 0.628906 0.996094
vt 0.503906 0.753906
vt 0.503906 0.996094
vt 0.628906 0.753906
vt 0.746094 0.753906
vt 0.503906 0.753906
vt 0.503906 0.996094
vt 0.628906 0.996094
vt 0.746094 0.753906
vt 0.746094 0.996094
vt 0.503906 0.753906
vt 0.503906 0.996094
vt 0.753906 0.996094
vt 0.746094 0.996094
vt 0.753906 0.753906
vt 0.746094 0.753906
vt 0.503906 0.753906
vt 0.746094 0.996094
vt 0.503906 0.996094
vt 0.746094 0.753906
vt 0.503906 0.753906
vt 0.503906 0.996094
vt 0.746094 0.996094
vt 0.746094 0.753906
vt 0.628906 0.996094
vt 0.503906 0.753906
vt 0.503906 0.753906
vt 0.503906 0.996094
vt 0.503906 0.753906
vt 0.503906 0.996094
vt 0.503906 0.753906
vt 0.503906 0.996094
vt 0.746094 0.753906
vt 0.746094 0.996094
vt 0.746094 0.753906
vt 0.746094 0.996094
vt 0.746094 0.753906
vt 0.753906 0.996094
vt 0.503906 0.753906
vt 0.753906 0.753906
vt 0.746094 0.753906
vt 0.503906 0.753906
vt 0.753906 0.996094
vt 0.753906 0.753906
vt 0.746094 0.753906
vt 0.753906 0.996094
vt 0.753906 0.753906
vt 0.503906 0.753906
vt 0.746094 0.753906
vt 0.503906 0.753906
vt 0.503906 0.996094
vt 0.503906 0.996094
vt 0.746094 0.996094
vt 0.746094 0.996094
vt 0.503906 0.996094
vt 0.746094 0.996094
vt 0.503906 0.996094
vt 0.746094 0.753906
vt 0.503906 0.996094
vt 0.746094 0.996094
vt 0.753906 0.996094
vt 0.503906 0.996094
vt 0.746094 0.996094
vt 0.753906 0.753906
vt 0.753906 0.996094
vt 0.503906 0.753906
vt 0.503906 0.996094
vt 0.753906 0.753906
vt 0.753906 0.753906
vt 0.503906 0.753906
vt 0.503906 0.996094
vt 0.753906 0.996094
vt 0.746094 0.753906
vt 0.746094 0.996094
vt 0.746094 0.753906
vt 0.746094 0.996094
vt 0.746094 0.996094
vt 0.746094 0.753906
vt 0.503906 0.753906
vt 0.746094 0.753906
vt 0.503906 0.753906
vt 0.746094 0.753906
vt 0.746094 0.996094
vt 0.746094 0.753906
vt 0.503906 0.753906
vt 0.746094 0.753906
vt 0.503906 0.753906
vt 0.746094 0.753906
vt 0.503906 0.753906
vt 0.746094 0.996094
vt 0.746094 0.753906
vt 0.628906 0.996094
vt 0.503906 0.878906
vt 0.246094 0.628906
vt 0.746094 0.878906
vt 0.503906 0.878906
vt 0.253906 0.628906
vt 0.746094 0.878906
vt 0.503906 0.878906
vt 0.371094 0.628906
vt 0.746094 0.753906
vt 0.503906 0.753906
vt 0.746094 0.878906
vt 0.246094 0.746094
vt 0.503906 0.878906
vt 0.628906 0.753906
vt 0.628906 0.996094
vt 0.628906 0.753906
vt 0.628906 0.996094
vt 0.746094 0.878906
vt 0.503906 0.878906
vt 0.746094 0.878906
vt 0.503906 0.878906
vt 0.496094 0.746094
vt 0.628906 0.753906
vt 0.628906 0.996094
vt 0.503906 0.878906
vt 0.746094 0.878906
vt 0.746094 0.878906
vt 0.503906 0.878906
vt 0.628906 0.753906
vt 0.628906 0.996094
vt 0.628906 0.753906
vt 0.628906 0.996094
vt 0.628906 0.753906
vt 0.628906 0.996094
vt 0.503906 0.878906
vt 0.746094 0.878906
vt 0.628906 0.753906
vt 0.628906 0.996094
vt 0.746094 0.878906
vt 0.503906 0.878906
vt 0.628906 0.753906
vt 0.628906 0.996094
vt 0.503906 0.878906
vt 0.746094 0.878906
vt 0.628906 0.753906
vt 0.628906 0.996094
vt 0.503906 0.878906
vt 0.746094 0.878906
vt 0.746094 0.878906
vt 0.503906 0.878906
vt 0.746094 0.878906
vt 0.253906 0.746094
vt 0.503906 0.878906
vt 0.746094 0.878906
vt 0.503906 0.878906
vt 0.378906 0.628906
vt 0.628906 0.996094
vt 0.628906 0.753906
vt 0.628906 0.996094
vt 0.628906 0.753906
vt 0.746094 0.878906
vt 0.503906 0.878906
vt 0.628906 0.753906
vt 0.128906 0.628906
vt 0.628906 0.996094
vt 0.746094 0.878906
vt 0.503906 0.878906
vt 0.746094 0.878906
vt 0.503906 0.878906
vt 0.628906 0.753906
vt 0.628906 0.996094
vt 0.628906 0.753906
vt 0.628906 0.753906
vt 0.628906 0.996094
vt 0.746094 0.878906
vt 0.503906 0.878906
vt 0.746094 0.878906
vt 0.628906 0.753906
vt 0.371094 0.746094
vt 0.746094 0.878906
vt 0.496094 0.628906
vt 0.503906 0.878906
vt 0.746094 0.878906
vt 0.503906 0.878906
vt 0.746094 0.878906
vt 0.503906 0.878906
vt 0.371094 0.628906
vt 0.746094 0.878906
vt 0.503906 0.878906
vt 0.628906 0.753906
vt 0.628906 0.996094
vt 0.503906 0.878906
vt 0.746094 0.878906
vt 0.628906 0.753906
vt 0.628906 0.996094
vt 0.628906 0.753906
vt 0.628906 0.996094
vt 0.746094 0.878906
vt 0.246094 0.628906
vt 0.503906 0.878906
vt 0.253906 0.628906
vt 0.746094 0.878906
vt 0.496094 0.746094
vt 0.503906 0.878906
vt 0.628906 0.753906
vt 0.628906 0.996094
vt 0.746094 0.878906
vt 0.503906 0.878906
vt 0.628906 0.753906
vt 0.628906 0.996094
vt 0.746094 0.878906
vt 0.503906 0.878906
vt 0.628906 0.753906
vt 0.628906 0.996094
vt 0.628906 0.753906
vt 0.628906 0.996094
vt 0.746094 0.878906
vt 0.628906 0.753906
vt 0.628906 0.996094
vt 0.746094 0.878906
vt 0.503906 0.878906
vt 0.628906 0.753906
vt 0.628906 0.996094
vt 0.746094 0.878906
vt 0.003906 0.746094
vt 0.503906 0.878906
vt 0.628906 0.996094
vt 0.628906 0.753906
vt 0.628906 0.753906
vt 0.628906 0.996094
vt 0.746094 0.878906
vt 0.746094 0.878906
vt 0.503906 0.878906
vt 0.628906 0.753906
vt 0.746094 0.878906
vt 0.503906 0.878906
vt 0.628906 0.753906
vt 0.628906 0.996094
vt 0.503906 0.878906
vt 0.628906 0.878906
vt 0.628906 0.753906
vt 0.628906 0.996094
vt 0.503906 0.878906
vt 0.628906 0.878906
vt 0.628906 0.878906
vt 0.503906 0.878906
vt 0.496094 0.628906
vt 0.628906 0.753906
vt 0.628906 0.996094
vt 0.628906 0.878906
vt 0.503906 0.878906
vt 0.746094 0.878906
vt 0.503906 0.878906
vt 0.371094 0.628906
vt 0.503906 0.878906
vt 0.003906 0.628906
vt 0.628906 0.878906
vt 0.746094 0.878906
vt 0.503906 0.878906
vt 0.628906 0.753906
vt 0.628906 0.996094
vt 0.746094 0.753906
vt 0.628906 0.996094
vt 0.503906 0.753906
vt 0.628906 0.753906
vt 0.628906 0.996094
vt 0.746094 0.878906
vt 0.503906 0.878906
vt 0.628906 0.753906
vt 0.628906 0.996094
vt 0.746094 0.878906
vt 0.503906 0.878906
vt 0.746094 0.878906
vt 0.503906 0.878906
vt 0.628906 0.753906
vt 0.628906 0.996094
vt 0.253906 0.746094
vt 0.628906 0.753906
vt 0.128906 0.746094
vt 0.628906 0.753906
vt 0.628906 0.996094
vt 0.746094 0.878906
vt 0.503906 0.878906
vt 0.746094 0.878906
vt 0.753906 0.875000
vt 0.746094 0.878906
vt 0.503906 0.878906
vt 0.503906 0.878906
vt 0.746094 0.878906
vt 0.628906 0.753906
vt 0.628906 0.996094
vt 0.746094 0.878906
vt 0.503906 0.878906
vt 0.628906 0.753906
vt 0.628906 0.996094
vt 0.628906 0.753906
vt 0.628906 0.996094
vt 0.746094 0.878906
vt 0.753906 0.875000
vt 0.746094 0.878906
vt 0.503906 0.878906
vt 0.628906 0.753906
vt 0.628906 0.996094
vt 0.746094 0.878906
vt 0.503906 0.878906
vt 0.628906 0.753906
vt 0.628906 0.996094
vt 0.746094 0.878906
vt 0.503906 0.878906
vt 0.503906 0.878906
vt 0.628906 0.753906
vt 0.628906 0.996094
vt 0.628906 0.753906
vt 0.628906 0.996094
vt 0.503906 0.878906
vt 0.503906 0.878906
vt 0.503906 0.753906
vt 0.628906 0.996094
vt 0.628906 0.753906
vt 0.746094 0.878906
vt 0.746094 0.878906
vt 0.628906 0.753906
vt 0.628906 0.996094
vt 0.628906 0.753906
vt 0.628906 0.996094
vt 0.628906 0.753906
vt 0.753906 0.875000
vt 0.746094 0.878906
vt 0.503906 0.878906
vt 0.628906 0.996094
vt 0.746094 0.878906
vt 0.503906 0.878906
vt 0.746094 0.878906
vt 0.503906 0.878906
vt 0.628906 0.753906
vt 0.628906 0.996094
vt 0.746094 0.878906
vt 0.503906 0.878906
vt 0.503906 0.878906
vt 0.628906 0.753906
vt 0.628906 0.996094
vt 0.628906 0.753906
vt 0.628906 0.996094
vt 0.503906 0.878906
vt 0.753906 0.875000
vt 0.628906 0.996094
vt 0.753906 0.875000
vt 0.503906 0.878906
vt 0.753906 0.875000
vt 0.746094 0.878906
vt 0.628906 0.753906
vt 0.628906 0.996094
vt 0.628906 0.753906
vt 0.628906 0.996094
vt 0.503906 0.878906
vt 0.746094 0.878906
vt 0.746094 0.878906
vt 0.746094 0.878906
vt 0.746094 0.878906
vt 0.503906 0.878906
vt 0.628906 0.753906
vt 0.628906 0.753906
vt 0.628906 0.996094
vt 0.628906 0.753906
vt 0.628906 0.996094
vt 0.746094 0.878906
vt 0.503906 0.878906
vt 0.628906 0.753906
vt 0.628906 0.753906
vt 0.503906 0.878906
vt 0.746094 0.878906
vt 0.628906 0.753906
vt 0.746094 0.878906
vt 0.503906 0.878906
vt 0.503906 0.878906
vt 0.746094 0.878906
vt 0.628906 0.753906
vt 0.746094 0.878906
vt 0.628906 0.753906
vt 0.628906 0.996094
vt 0.746094 0.878906
vt 0.628906 0.753906
vt 0.875000 0.996094
vt 0.628906 0.996094
vt 0.503906 0.996094
vt 0.628906 0.753906
vt 0.628906 0.753906
vt 0.746094 0.996094
vt 0.503906 0.996094
vt 0.628906 0.996094
vt 0.566406 0.996094
vt 0.683594 0.996094
vt 0.628906 0.878906
vt 0.503906 0.996094
vt 0.503906 0.753906
vt 0.503906 0.996094
vt 0.503906 0.753906
vt 0.746094 0.996094
vt 0.503906 0.753906
vt 0.746094 0.753906
vt 0.503906 0.996094
vt 0.503906 0.996094
vt 0.503906 0.753906
vt 0.003906 0.746094
vt 0.503906 0.753906
vt 0.746094 0.753906
vt 0.746094 0.996094
vt 0.503906 0.753906
vt 0.503906 0.996094
vt 0.746094 0.753906
vt 0.503906 0.753906
vt 0.371094 0.746094
vt 0.246094 0.746094
vt 0.746094 0.753906
vt 0.503906 0.753906
vt 0.253906 0.746094
vt 0.566406 0.878906
vt 0.628906 0.878906
vt 0.628906 0.878906
vt 0.628906 0.878906
vt 0.628906 0.878906
vt 0.628906 0.878906
vt 0.628906 0.878906
vt 0.628906 0.878906
vt 0.628906 0.878906
vt 0.628906 0.878906
vt 0.628906 0.878906
vt 0.628906 0.878906
vt 0.628906 0.878906
vt 0.628906 0.878906
vt 0.628906 0.878906
vt 0.628906 0.878906
vt 0.683594 0.878906
vt 0.628906 0.878906
vt 0.628906 0.878906
vt 0.628906 0.878906
vt 0.628906 0.878906
vt 0.628906 0.878906
vt 0.628906 0.878906
vt 0.628906 0.878906
vt 0.628906 0.878906
vt 0.628906 0.878906
vt 0.628906 0.878906
vt 0.628906 0.878906
vt 0.628906 0.878906
vt 0.628906 0.878906
vt 0.628906 0.878906
vt 0.628906 0.878906
vt 0.628906 0.878906
vt 0.628906 0.878906
vt 0.628906 0.878906
vt 0.628906 0.878906
vt 0.253906 0.628906
vt 0.628906 0.878906
vt 0.128906 0.628906
vt 0.628906 0.878906
vt 0.628906 0.878906
vt 0.628906 0.878906
vt 0.628906 0.878906
vt 0.628906 0.878906
vt 0.378906 0.746094
vt 0.628906 0.878906
vt 0.628906 0.878906
vt 0.628906 0.878906
vt 0.628906 0.878906
vt 0.628906 0.878906
vt 0.628906 0.878906
vt 0.628906 0.878906
vt 0.628906 0.878906
vt 0.628906 0.878906
vt 0.628906 0.878906
vt 0.628906 0.878906
vt 0.628906 0.878906
vt 0.628906 0.878906
vt 0.628906 0.878906
vt 0.628906 0.878906
vt 0.628906 0.878906
vt 0.628906 0.878906
vt 0.628906 0.878906
vt 0.628906 0.878906
vt 0.628906 0.878906
vt 0.496094 0.628906
vt 0.628906 0.878906
vt 0.628906 0.878906
vt 0.628906 0.878906
vt 0.371094 0.628906
vt 0.628906 0.878906
vt 0.128906 0.746094
vt 0.628906 0.878906
vt 0.628906 0.878906
vt 0.628906 0.878906
vt 0.628906 0.878906
vt 0.628906 0.878906
vt 0.628906 0.878906
vt 0.746094 0.753906
vt 0.746094 0.996094
vt 0.753906 0.996094
vt 0.753906 0.753906
vt 0.746094 0.753906
vt 0.753906 0.996094
vt 0.753906 0.753906
vt 0.746094 0.996094
vt 0.746094 0.996094
vt 0.746094 0.753906
vt 0.753906 0.996094
vt 0.996094 0.996094
vt 0.503906 0.996094
vt 0.503906 0.753906
vt 0.746094 0.996094
vt 0.753906 0.996094
vt 0.753906 0.753906
vt 0.503906 0.996094
vt 0.503906 0.996094
vt 0.753906 0.996094
vt 0.753906 0.753906
vt 0.746094 0.996094
vt 0.503906 0.996094
vt 0.753906 0.996094
vt 0.753906 0.753906
vt 0.753906 0.996094
vt 0.753906 0.753906
vt 0.746094 0.996094
vt 0.503906 0.996094
vt 0.503906 0.996094
vt 0.746094 0.996094
vt 0.753906 0.996094
vt 0.753906 0.753906
vt 0.746094 0.996094
vt 0.753906 0.753906
vt 0.503906 0.996094
vt 0.753906 0.996094
vt 0.753906 0.753906
vt 0.503906 0.753906
vt 0.503906 0.996094
vt 0.753906 0.996094
vt 0.746094 0.996094
vt 0.753906 0.875000
vt 0.746094 0.753906
vt 0.753906 0.996094
vt 0.753906 0.753906
vt 0.746094 0.996094
vt 0.746094 0.996094
vt 0.753906 0.996094
vt 0.503906 0.996094
vt 0.753906 0.753906
vt 0.753906 0.875000
vt 0.628906 0.753906
vt 0.746094 0.878906
vt 0.753906 0.875000
vt 0.753906 0.814453
vt 0.628906 0.996094
vt 0.628906 0.996094
vt 0.753906 0.875000
vt 0.566406 0.753906
vt 0.753906 0.935547
vt 0.753906 0.875000
vt 0.628906 0.753906
vt 0.746094 0.878906
vt 0.753906 0.875000
vt 0.753906 0.996094
vt 0.746094 0.878906
vt 0.753906 0.753906
vt 0.746094 0.996094
vt 0.503906 0.996094
vt 0.746094 0.753906
vt 0.503906 0.753906
vt 0.496094 0.628906
vt 0.746094 0.996094
vt 0.042969 0.746094
vt 0.503906 0.753906
vt 0.746094 0.753906
vt 0.503906 0.753906
vt 0.503906 0.996094
vt 0.746094 0.996094
vt 0.253906 0.628906
vt 0.503906 0.996094
vt 0.746094 0.996094
vt 0.746094 0.753906
vt 0.746094 0.753906
vt 0.503906 0.996094
vt 0.746094 0.996094
vt 0.339844 0.628906
vt 0.746094 0.753906
vt 0.503906 0.996094
vt 0.746094 0.996094
vt 0.503906 0.753906
vt 0.628906 0.753906
vt 0.628906 0.996094
vt 0.746094 0.878906
vt 0.503906 0.878906
vt 0.496094 0.746094
vt 0.503906 0.878906
vt 0.746094 0.878906
vt 0.746094 0.878906
vt 0.503906 0.878906
vt 0.628906 0.753906
vt 0.628906 0.996094
vt 0.464844 0.628906
vt 0.746094 0.878906
vt 0.339844 0.746094
vt 0.042969 0.628906
vt 0.503906 0.878906
vt 0.746094 0.878906
vt 0.628906 0.753906
vt 0.628906 0.996094
vt 0.628906 0.996094
vt 0.628906 0.753906
vt 0.628906 0.996094
vt 0.378906 0.628906
vt 0.746094 0.878906
vt 0.253906 0.746094
vt 0.503906 0.878906
vt 0.628906 0.878906
vt 0.628906 0.878906
vt 0.378906 0.746094
vt 0.628906 0.878906
vt 0.628906 0.878906
vt 0.628906 0.878906
vt 0.464844 0.746094
vt 0.167969 0.628906
vt 0.628906 0.878906
vt 0.746094 0.753906
vt 0.503906 0.753906
vt 0.503906 0.996094
vt 0.746094 0.996094
vt 0.496094 0.628906
vt 0.503906 0.753906
vt 0.746094 0.996094
vt 0.042969 0.746094
vt 0.746094 0.753906
vt 0.503906 0.996094
vt 0.746094 0.996094
vt 0.503906 0.753906
vt 0.253906 0.628906
vt 0.746094 0.753906
vt 0.503906 0.996094
vt 0.746094 0.996094
vt 0.746094 0.753906
vt 0.503906 0.996094
vt 0.746094 0.996094
vt 0.339844 0.628906
vt 0.746094 0.753906
vt 0.503906 0.996094
vt 0.746094 0.996094
vt 0.503906 0.753906
vt 0.628906 0.753906
vt 0.167969 0.746094
vt 0.628906 0.996094
vt 0.628906 0.753906
vt 0.628906 0.996094
vt 0.503906 0.878906
vt 0.746094 0.878906
vt 0.628906 0.753906
vt 0.628906 0.996094
vt 0.496094 0.746094
vt 0.503906 0.878906
vt 0.746094 0.878906
vt 0.746094 0.878906
vt 0.503906 0.878906
vt 0.628906 0.753906
vt 0.628906 0.996094
vt 0.464844 0.628906
vt 0.746094 0.878906
vt 0.339844 0.746094
vt 0.042969 0.628906
vt 0.746094 0.878906
vt 0.503906 0.878906
vt 0.628906 0.753906
vt 0.628906 0.996094
vt 0.628906 0.753906
vt 0.628906 0.996094
vt 0.378906 0.628906
vt 0.628906 0.996094
vt 0.746094 0.878906
vt 0.253906 0.746094
vt 0.503906 0.878906
vt 0.628906 0.878906
vt 0.628906 0.878906
vt 0.378906 0.746094
vt 0.628906 0.878906
vt 0.628906 0.878906
vt 0.628906 0.878906
vt 0.464844 0.746094
vt 0.167969 0.628906
vt 0.628906 0.878906
vt 0.746094 0.753906
vt 0.503906 0.753906
vt 0.503906 0.996094
vt 0.746094 0.996094
vt 0.496094 0.628906
vt 0.503906 0.753906
vt 0.746094 0.996094
vt 0.042969 0.746094
vt 0.746094 0.753906
vt 0.503906 0.996094
vt 0.746094 0.996094
vt 0.503906 0.753906
vt 0.253906 0.628906
vt 0.746094 0.753906
vt 0.503906 0.996094
vt 0.746094 0.996094
vt 0.746094 0.753906
vt 0.253906 0.628906
vt 0.746094 0.753906
vt 0.503906 0.996094
vt 0.746094 0.996094
vt 0.339844 0.628906
vt 0.503906 0.753906
vt 0.496094 0.628906
vt 0.746094 0.753906
vt 0.503906 0.996094
vt 0.746094 0.996094
vt 0.503906 0.753906
vt 0.503906 0.753906
vt 0.746094 0.753906
vt 0.628906 0.753906
vt 0.167969 0.746094
vt 0.628906 0.996094
vt 0.503906 0.878906
vt 0.746094 0.878906
vt 0.628906 0.753906
vt 0.746094 0.878906
vt 0.496094 0.746094
vt 0.503906 0.878906
vt 0.378906 0.628906
vt 0.746094 0.878906
vt 0.503906 0.878906
vt 0.464844 0.628906
vt 0.628906 0.753906
vt 0.628906 0.996094
vt 0.746094 0.878906
vt 0.339844 0.746094
vt 0.042969 0.628906
vt 0.746094 0.878906
vt 0.503906 0.878906
vt 0.628906 0.753906
vt 0.628906 0.996094
vt 0.628906 0.753906
vt 0.628906 0.996094
vt 0.378906 0.628906
vt 0.628906 0.996094
vt 0.503906 0.878906
vt 0.746094 0.878906
vt 0.253906 0.746094
vt 0.628906 0.753906
vt 0.628906 0.878906
vt 0.378906 0.746094
vt 0.628906 0.878906
vt 0.628906 0.878906
vt 0.628906 0.878906
vt 0.628906 0.878906
vt 0.464844 0.746094
vt 0.167969 0.628906
vt 0.628906 0.878906
vt 0.503906 0.996094
vt 0.746094 0.996094
vt 0.746094 0.996094
vt 0.042969 0.746094
vt 0.746094 0.753906
vt 0.503906 0.996094
vt 0.746094 0.996094
vt 0.503906 0.753906
vt 0.503906 0.996094
vt 0.746094 0.996094
vt 0.746094 0.753906
vt 0.503906 0.996094
vt 0.746094 0.996094
vt 0.339844 0.628906
vt 0.746094 0.753906
vt 0.503906 0.996094
vt 0.746094 0.996094
vt 0.503906 0.753906
vt 0.167969 0.746094
vt 0.628906 0.996094
vt 0.628906 0.996094
vt 0.503906 0.878906
vt 0.746094 0.878906
vt 0.746094 0.878906
vt 0.496094 0.746094
vt 0.503906 0.878906
vt 0.503906 0.878906
vt 0.746094 0.878906
vt 0.628906 0.753906
vt 0.628906 0.996094
vt 0.464844 0.628906
vt 0.746094 0.878906
vt 0.339844 0.746094
vt 0.042969 0.628906
vt 0.746094 0.878906
vt 0.503906 0.878906
vt 0.628906 0.753906
vt 0.628906 0.996094
vt 0.628906 0.753906
vt 0.628906 0.996094
vt 0.628906 0.996094
vt 0.746094 0.878906
vt 0.253906 0.746094
vt 0.503906 0.878906
vt 0.628906 0.753906
vt 0.167969 0.746094
vt 0.628906 0.996094
vt 0.628906 0.878906
vt 0.378906 0.746094
vt 0.628906 0.878906
vt 0.628906 0.878906
vt 0.628906 0.878906
vt 0.628906 0.878906
vt 0.464844 0.746094
vt 0.167969 0.628906
vt 0.628906 0.878906
vt 0.503906 0.996094
vt 0.746094 0.996094
vt 0.746094 0.753906
vt 0.503906 0.753906
vt 0.503906 0.753906
vt 0.746094 0.996094
vt 0.042969 0.746094
vt 0.496094 0.628906
vt 0.746094 0.753906
vt 0.503906 0.996094
vt 0.746094 0.996094
vt 0.503906 0.753906
vt 0.253906 0.628906
vt 0.503906 0.996094
vt 0.746094 0.996094
vt 0.746094 0.753906
vt 0.746094 0.753906
vt 0.503906 0.996094
vt 0.746094 0.996094
vt 0.339844 0.628906
vt 0.746094 0.753906
vt 0.503906 0.996094
vt 0.746094 0.996094
vt 0.503906 0.753906
vt 0.167969 0.746094
vt 0.628906 0.996094
vt 0.628906 0.753906
vt 0.503906 0.878906
vt 0.746094 0.878906
vt 0.746094 0.878906
vt 0.496094 0.746094
vt 0.503906 0.878906
vt 0.746094 0.878906
vt 0.503906 0.878906
vt 0.628906 0.753906
vt 0.628906 0.996094
vt 0.464844 0.628906
vt 0.746094 0.878906
vt 0.339844 0.746094
vt 0.042969 0.628906
vt 0.746094 0.878906
vt 0.503906 0.878906
vt 0.628906 0.753906
vt 0.628906 0.996094
vt 0.628906 0.753906
vt 0.628906 0.996094
vt 0.628906 0.996094
vt 0.378906 0.628906
vt 0.746094 0.878906
vt 0.253906 0.746094
vt 0.503906 0.878906
vt 0.628906 0.878906
vt 0.378906 0.746094
vt 0.628906 0.878906
vt 0.628906 0.878906
vt 0.628906 0.878906
vt 0.628906 0.878906
vt 0.464844 0.746094
vt 0.167969 0.628906
vt 0.628906 0.878906
vt 0.746094 0.753906
vt 0.503906 0.753906
vt 0.503906 0.996094
vt 0.746094 0.996094
vt 0.503906 0.753906
vt 0.496094 0.628906
vt 0.746094 0.996094
vt 0.042969 0.746094
vt 0.503906 0.753906
vt 0.746094 0.753906
vt 0.503906 0.996094
vt 0.746094 0.996094
vt 0.253906 0.628906
vt 0.746094 0.753906
vt 0.503906 0.996094
vt 0.746094 0.996094
vt 0.746094 0.753906
vt 0.503906 0.996094
vt 0.746094 0.996094
vt 0.339844 0.628906
vt 0.746094 0.753906
vt 0.503906 0.996094
vt 0.746094 0.996094
vt 0.503906 0.753906
vt 0.167969 0.746094
vt 0.628906 0.753906
vt 0.628906 0.996094
vt 0.628906 0.753906
vt 0.628906 0.996094
vt 0.746094 0.878906
vt 0.503906 0.878906
vt 0.496094 0.746094
vt 0.503906 0.878906
vt 0.746094 0.878906
vt 0.746094 0.878906
vt 0.503906 0.878906
vt 0.628906 0.753906
vt 0.628906 0.996094
vt 0.464844 0.628906
vt 0.746094 0.878906
vt 0.339844 0.746094
vt 0.042969 0.628906
vt 0.746094 0.878906
vt 0.503906 0.878906
vt 0.628906 0.753906
vt 0.628906 0.996094
vt 0.628906 0.996094
vt 0.628906 0.753906
vt 0.378906 0.628906
vt 0.628906 0.996094
vt 0.503906 0.878906
vt 0.253906 0.746094
vt 0.746094 0.878906
vt 0.628906 0.878906
vt 0.378906 0.746094
vt 0.628906 0.878906
vt 0.628906 0.878906
vt 0.628906 0.878906
vt 0.628906 0.878906
vt 0.464844 0.746094
vt 0.167969 0.628906
vt 0.628906 0.878906
vt 0.746094 0.753906
vt 0.503906 0.753906
vt 0.503906 0.996094
vt 0.746094 0.996094
vt 0.503906 0.753906
vt 0.496094 0.628906
vt 0.746094 0.996094
vt 0.042969 0.746094
vt 0.746094 0.753906
vt 0.503906 0.996094
vt 0.746094 0.996094
vt 0.503906 0.753906
vt 0.253906 0.628906
vt 0.746094 0.753906
vt 0.503906 0.996094
vt 0.746094 0.996094
vt 0.746094 0.753906
vt 0.253906 0.628906
vt 0.746094 0.753906
vt 0.503906 0.996094
vt 0.746094 0.996094
vt 0.339844 0.628906
vt 0.496094 0.628906
vt 0.503906 0.753906
vt 0.746094 0.753906
vt 0.503906 0.996094
vt 0.746094 0.996094
vt 0.503906 0.753906
vt 0.746094 0.753906
vt 0.503906 0.753906
vt 0.628906 0.753906
vt 0.167969 0.746094
vt 0.628906 0.996094
vt 0.628906 0.753906
vt 0.628906 0.996094
vt 0.746094 0.878906
vt 0.503906 0.878906
vt 0.628906 0.753906
vt 0.746094 0.878906
vt 0.496094 0.746094
vt 0.503906 0.878906
vt 0.378906 0.628906
vt 0.746094 0.878906
vt 0.503906 0.878906
vt 0.464844 0.628906
vt 0.628906 0.753906
vt 0.628906 0.996094
vt 0.746094 0.878906
vt 0.339844 0.746094
vt 0.042969 0.628906
vt 0.746094 0.878906
vt 0.503906 0.878906
vt 0.628906 0.753906
vt 0.628906 0.996094
vt 0.628906 0.753906
vt 0.628906 0.996094
vt 0.378906 0.628906
vt 0.628906 0.996094
vt 0.746094 0.878906
vt 0.253906 0.746094
vt 0.503906 0.878906
vt 0.628906 0.753906
vt 0.628906 0.878906
vt 0.378906 0.746094
vt 0.628906 0.878906
vt 0.628906 0.878906
vt 0.628906 0.878906
vt 0.628906 0.878906
vt 0.167969 0.628906
vt 0.464844 0.746094
vt 0.628906 0.878906
vt 0.503906 0.996094
vt 0.746094 0.996094
vt 0.746094 0.996094
vt 0.042969 0.746094
vt 0.746094 0.753906
vt 0.503906 0.753906
vt 0.503906 0.996094
vt 0.746094 0.996094
vt 0.503906 0.996094
vt 0.746094 0.996094
vt 0.746094 0.753906
vt 0.503906 0.996094
vt 0.746094 0.996094
vt 0.339844 0.628906
vt 0.746094 0.753906
vt 0.503906 0.996094
vt 0.746094 0.996094
vt 0.503906 0.753906
vt 0.167969 0.746094
vt 0.628906 0.996094
vt 0.628906 0.996094
vt 0.746094 0.878906
vt 0.503906 0.878906
vt 0.628906 0.753906
vt 0.628906 0.996094
vt 0.496094 0.746094
vt 0.503906 0.878906
vt 0.746094 0.878906
vt 0.503906 0.878906
vt 0.746094 0.878906
vt 0.464844 0.628906
vt 0.628906 0.753906
vt 0.628906 0.996094
vt 0.746094 0.878906
vt 0.339844 0.746094
vt 0.042969 0.628906
vt 0.746094 0.878906
vt 0.503906 0.878906
vt 0.628906 0.753906
vt 0.628906 0.996094
vt 0.628906 0.996094
vt 0.628906 0.753906
vt 0.628906 0.996094
vt 0.503906 0.878906
vt 0.253906 0.746094
vt 0.746094 0.878906
vt 0.628906 0.878906
vt 0.378906 0.746094
vt 0.628906 0.878906
vt 0.628906 0.878906
vt 0.628906 0.878906
vt 0.628906 0.878906
vt 0.464844 0.746094
vt 0.167969 0.628906
vt 0.628906 0.878906
vt 0.746094 0.996094
vt 0.746094 0.996094
vt 0.042969 0.746094
vt 0.503906 0.753906
vt 0.746094 0.753906
vt 0.503906 0.996094
vt 0.746094 0.996094
vt 0.503906 0.996094
vt 0.746094 0.996094
vt 0.746094 0.753906
vt 0.503906 0.996094
vt 0.746094 0.996094
vt 0.339844 0.628906
vt 0.746094 0.753906
vt 0.746094 0.996094
vt 0.167969 0.746094
vt 0.628906 0.996094
vt 0.628906 0.996094
vt 0.746094 0.878906
vt 0.503906 0.878906
vt 0.746094 0.878906
vt 0.496094 0.746094
vt 0.503906 0.878906
vt 0.628906 0.753906
vt 0.628906 0.996094
vt 0.464844 0.628906
vt 0.746094 0.878906
vt 0.339844 0.746094
vt 0.042969 0.628906
vt 0.746094 0.878906
vt 0.628906 0.753906
vt 0.628906 0.996094
vt 0.628906 0.996094
vt 0.628906 0.753906
vt 0.628906 0.996094
vt 0.503906 0.878906
vt 0.253906 0.746094
vt 0.746094 0.878906
vt 0.167969 0.746094
vt 0.628906 0.753906
vt 0.628906 0.996094
vt 0.628906 0.878906
vt 0.378906 0.746094
vt 0.628906 0.878906
vt 0.628906 0.878906
vt 0.628906 0.878906
vt 0.628906 0.878906
vt 0.464844 0.746094
vt 0.167969 0.628906
vt 0.628906 0.878906
vt 0.503906 0.753906
vt 0.496094 0.628906
vt 0.746094 0.996094
vt 0.042969 0.746094
vt 0.746094 0.753906
vt 0.503906 0.996094
vt 0.746094 0.996094
vt 0.503906 0.753906
vt 0.253906 0.628906
vt 0.746094 0.753906
vt 0.503906 0.996094
vt 0.746094 0.996094
vt 0.746094 0.753906
vt 0.503906 0.996094
vt 0.746094 0.996094
vt 0.339844 0.628906
vt 0.628906 0.753906
vt 0.628906 0.996094
vt 0.746094 0.878906
vt 0.503906 0.878906
vt 0.746094 0.878906
vt 0.496094 0.746094
vt 0.503906 0.878906
vt 0.628906 0.753906
vt 0.628906 0.996094
vt 0.464844 0.628906
vt 0.746094 0.878906
vt 0.339844 0.746094
vt 0.042969 0.628906
vt 0.628906 0.753906
vt 0.628906 0.996094
vt 0.628906 0.753906
vt 0.628906 0.996094
vt 0.378906 0.628906
vt 0.628906 0.996094
vt 0.746094 0.878906
vt 0.253906 0.746094
vt 0.503906 0.878906
vt 0.628906 0.878906
vt 0.378906 0.746094
vt 0.628906 0.878906
vt 0.628906 0.878906
vt 0.628906 0.878906
vt 0.628906 0.878906
vt 0.464844 0.746094
vt 0.167969 0.628906
vt 0.628906 0.878906
vt 0.496094 0.628906
vt 0.503906 0.753906
vt 0.746094 0.996094
vt 0.042969 0.746094
vt 0.746094 0.753906
vt 0.503906 0.996094
vt 0.746094 0.996094
vt 0.503906 0.753906
vt 0.253906 0.628906
vt 0.746094 0.753906
vt 0.503906 0.996094
vt 0.746094 0.996094
vt 0.253906 0.628906
vt 0.746094 0.753906
vt 0.503906 0.996094
vt 0.746094 0.996094
vt 0.746094 0.753906
vt 0.503906 0.996094
vt 0.746094 0.996094
vt 0.339844 0.628906
vt 0.628906 0.753906
vt 0.167969 0.746094
vt 0.628906 0.996094
vt 0.628906 0.753906
vt 0.628906 0.996094
vt 0.746094 0.878906
vt 0.503906 0.878906
vt 0.746094 0.878906
vt 0.496094 0.746094
vt 0.503906 0.878906
vt 0.628906 0.753906
vt 0.628906 0.996094
vt 0.464844 0.628906
vt 0.746094 0.878906
vt 0.339844 0.746094
vt 0.042969 0.628906
vt 0.628906 0.753906
vt 0.628906 0.996094
vt 0.628906 0.753906
vt 0.628906 0.996094
vt 0.378906 0.628906
vt 0.628906 0.996094
vt 0.746094 0.878906
vt 0.253906 0.746094
vt 0.503906 0.878906
vt 0.628906 0.878906
vt 0.378906 0.746094
vt 0.628906 0.878906
vt 0.628906 0.878906
vt 0.628906 0.878906
vt 0.628906 0.878906
vt 0.464844 0.746094
vt 0.167969 0.628906
vt 0.628906 0.878906
vt 0.628906 0.753906
vt 0.503906 0.753906
vt 0.496094 0.628906
vt 0.746094 0.996094
vt 0.042969 0.746094
vt 0.746094 0.753906
vt 0.503906 0.996094
vt 0.746094 0.996094
vt 0.503906 0.753906
vt 0.746094 0.753906
vt 0.253906 0.628906
vt 0.746094 0.753906
vt 0.503906 0.996094
vt 0.746094 0.996094
vt 0.339844 0.628906
vt 0.503906 0.753906
vt 0.496094 0.628906
vt 0.746094 0.753906
vt 0.746094 0.996094
vt 0.746094 0.753906
vt 0.167969 0.746094
vt 0.628906 0.753906
vt 0.628906 0.996094
vt 0.628906 0.753906
vt 0.628906 0.996094
vt 0.746094 0.878906
vt 0.503906 0.878906
vt 0.628906 0.753906
vt 0.746094 0.878906
vt 0.496094 0.746094
vt 0.503906 0.878906
vt 0.378906 0.628906
vt 0.746094 0.878906
vt 0.628906 0.753906
vt 0.628906 0.996094
vt 0.464844 0.628906
vt 0.746094 0.878906
vt 0.339844 0.746094
vt 0.042969 0.628906
vt 0.628906 0.753906
vt 0.628906 0.996094
vt 0.628906 0.753906
vt 0.628906 0.996094
vt 0.378906 0.628906
vt 0.628906 0.996094
vt 0.746094 0.878906
vt 0.253906 0.746094
vt 0.503906 0.878906
vt 0.628906 0.878906
vt 0.378906 0.746094
vt 0.628906 0.878906
vt 0.628906 0.878906
vt 0.628906 0.878906
vt 0.628906 0.878906
vt 0.464844 0.746094
vt 0.167969 0.628906
vt 0.628906 0.878906
vt 0.628906 0.753906
vt 0.167969 0.746094
vt 0.628906 0.996094
vt 0.378906 0.746094
vt 0.496094 0.746094
vt 0.746094 0.753906
vt 0.746094 0.996094
vt 0.503906 0.878906
vt 0.496094 0.628906
vt 0.503906 0.753906
vt 0.746094 0.996094
vt 0.042969 0.746094
vt 0.746094 0.753906
vt 0.503906 0.996094
vt 0.746094 0.996094
vt 0.339844 0.628906
vt 0.746094 0.753906
vt 0.746094 0.996094
vt 0.503906 0.878906
vt 0.746094 0.878906
vt 0.621094 0.871094
vt 0.503906 0.878906
vt 0.746094 0.878906
vt 0.503906 0.996094
vt 0.503906 0.753906
vt 0.464844 0.628906
vt 0.628906 0.753906
vt 0.628906 0.996094
vt 0.746094 0.878906
vt 0.339844 0.746094
vt 0.042969 0.628906
vt 0.746094 0.878906
vt 0.503906 0.996094
vt 0.503906 0.753906
vt 0.746094 0.753906
vt 0.628906 0.753906
vt 0.628906 0.996094
vt 0.746094 0.996094
vt 0.496094 0.628906
vt 0.378906 0.628906
vt 0.628906 0.996094
vt 0.746094 0.996094
vt 0.628906 0.878906
vt 0.746094 0.878906
vt 0.503906 0.871094
vt 0.628906 0.878906
vt 0.746094 0.871094
vt 0.628906 0.878906
vt 0.746094 0.878906
vt 0.167969 0.628906
vt 0.464844 0.746094
vt 0.628906 0.878906
vt 0.746094 0.753906
vt 0.746094 0.996094
vt 0.503906 0.878906
vt 0.621094 0.753906
vt 0.503906 0.753906
vt 0.746094 0.996094
vt 0.628906 0.996094
vt 0.746094 0.753906
vt 0.746094 0.996094
vt 0.503906 0.878906
vt 0.746094 0.753906
vt 0.746094 0.996094
vt 0.503906 0.878906
vt 0.746094 0.996094
vt 0.628906 0.753906
vt 0.628906 0.996094
vt 0.746094 0.878906
vt 0.621094 0.996094
vt 0.503906 0.878906
vt 0.503906 0.753906
vt 0.746094 0.878906
vt 0.503906 0.753906
vt 0.503906 0.996094
vt 0.628906 0.753906
vt 0.628906 0.878906
vt 0.628906 0.996094
vt 0.746094 0.878906
vt 0.503906 0.996094
vt 0.628906 0.878906
vt 0.746094 0.753906
vt 0.628906 0.753906
vt 0.628906 0.996094
vt 0.746094 0.996094
vt 0.503906 0.753906
vt 0.628906 0.996094
vt 0.746094 0.753906
vt 0.746094 0.996094
vt 0.628906 0.753906
vt 0.628906 0.878906
vt 0.503906 0.996094
vt 0.628906 0.878906
vt 0.496094 0.746094
vt 0.746094 0.878906
vt 0.628906 0.878906
vt 0.746094 0.878906
vt 0.628906 0.996094
vt 0.746094 0.878906
vt 0.628906 0.878906
vt 0.746094 0.753906
vt 0.746094 0.996094
vt 0.503906 0.878906
vt 0.621094 0.878906
vt 0.503906 0.753906
vt 0.746094 0.996094
vt 0.042969 0.746094
vt 0.628906 0.753906
vt 0.167969 0.746094
vt 0.628906 0.996094
vt 0.746094 0.878906
vt 0.042969 0.628906
vt 0.503906 0.996094
vt 0.496094 0.628906
vt 0.503906 0.878906
vt 0.628906 0.996094
vt 0.746094 0.996094
vt 0.746094 0.878906
vt 0.628906 0.878906
vt 0.167969 0.628906
vt 0.628906 0.996094
vt 0.628906 0.878906
vt 0.746094 0.878906
vt 0.378906 0.746094
vt 0.746094 0.753906
vt 0.746094 0.996094
vt 0.628906 0.753906
vt 0.628906 0.996094
vt 0.746094 0.753906
vt 0.746094 0.996094
vt 0.378906 0.628906
vt 0.628906 0.996094
vt 0.746094 0.878906
vt 0.628906 0.871094
vt 0.628906 0.878906
vt 0.746094 0.878906
vt 0.628906 0.878906
vt 0.746094 0.753906
vt 0.746094 0.996094
vt 0.628906 0.753906
vt 0.628906 0.996094
vt 0.746094 0.996094
vt 0.628906 0.753906
vt 0.746094 0.753906
vt 0.628906 0.996094
vt 0.628906 0.878906
vt 0.746094 0.878906
vt 0.378906 0.746094
vt 0.746094 0.878906
vt 0.628906 0.878906
vt 0.746094 0.753906
vt 0.746094 0.996094
vt 0.378906 0.628906
vt 0.628906 0.996094
vt 0.746094 0.878906
vt 0.628906 0.878906
vt 0.503906 0.878906
vt 0.503906 0.878906
vt 0.628906 0.996094
vt 0.628906 0.753906
vt 0.503906 0.878906
vt 0.003906 0.628906
vt 0.503906 0.878906
vt 0.746094 0.878906
vt 0.503906 0.878906
vt 0.746094 0.878906
vt 0.503906 0.878906
vt 0.746094 0.878906
vt 0.503906 0.878906
vt 0.628906 0.996094
vt 0.628906 0.753906
vt 0.253906 0.746094
vt 0.128906 0.746094
vt 0.628906 0.753906
vt 0.628906 0.996094
vt 0.628906 0.753906
vt 0.628906 0.878906
vt 0.628906 0.878906
vt 0.628906 0.878906
vt 0.253906 0.628906
vt 0.628906 0.878906
vt 0.128906 0.628906
vt 0.628906 0.878906
vt 0.746094 0.753906
vt 0.746094 0.996094
vt 0.726562 -0.867188
vt 0.628906 0.753906
vt 0.628906 0.878906
vt 0.628906 0.996094
vt 0.746094 0.878906
vt 0.945312 -0.914062
vt 0.628906 0.753906
vt 0.628906 0.996094
vt 0.628906 0.878906
vt 0.746094 0.753906
vt 0.746094 0.996094
vt 0.320312 -0.773438
vt 0.746094 0.878906
vt 0.503906 0.996094
vt 0.148437 -0.695312
vt 0.628906 0.753906
vt 0.628906 0.878906
vt 0.628906 0.996094
vt 0.746094 0.878906
vt 0.539063 -0.804688
vt 0.628906 0.753906
vt 0.628906 0.878906
vt 0.628906 0.996094
vt 0.628906 0.753906
vt 0.628906 0.878906
vt 0.628906 0.996094
vt 0.746094 0.753906
vt 0.746094 0.996094
vt 1.179688 -0.914062
vt 0.746094 0.878906
vt 0.503906 0.996094
vt 0.503906 0.753906
vt 0.628906 0.753906
vt 0.628906 0.878906
vt 0.628906 0.996094
vt 0.628906 0.753906
vt 0.628906 0.878906
vt 0.628906 0.996094
vt 0.746094 0.753906
vt 0.746094 0.996094
vt 1.664062 -0.945312
vt 0.746094 0.878906
vt 1.414062 -0.945312
vt 0.628906 0.753906
vt 0.628906 0.996094
vt 0.628906 0.878906
vt 0.746094 0.753906
vt 0.746094 0.996094
vt 2.117188 -0.835938
vt 0.746094 0.878906
vt 1.914062 -0.867188
vt 0.628906 0.753906
vt 0.628906 0.878906
vt 0.628906 0.996094
vt 0.628906 0.996094
vt 0.628906 0.753906
vt 0.628906 0.878906
vt 0.996094 0.996094
vt 0.628906 0.878906
vt 0.628906 0.996094
vt 0.753906 0.753906
vt 0.496094 0.746094
vt 0.503906 0.878906
vt 0.753906 0.855469
vt 0.753906 0.996094
vt 0.746094 0.878906
vt 0.503906 0.996094
vt 0.996094 0.996094
vt 0.628906 0.878906
vt 0.753906 0.996094
vt 0.753906 0.855469
vt 0.902344 0.003906
vt 0.996094 0.905273
vt 0.564453 0.246094
vt 0.685547 0.246094
vt 0.564453 0.375000
vt 0.785156 0.378906
vt 0.746094 0.996094
vt 0.753906 0.875000
vt 0.503906 0.878906
vt 0.628906 0.996094
vt 0.753906 0.814453
vt 0.685547 0.125000
vt 0.628906 0.878906
vt 0.753906 0.753906
vt 0.628906 0.753906
vt 0.753906 0.875000
vt 0.503906 0.753906
vt 0.503906 0.996094
vt 0.746094 0.878906
vt 0.503906 0.878906
vt 0.753906 0.875000
vt 0.746094 0.753906
vt 0.753906 0.753906
vt 0.503906 0.878906
vt 0.753906 0.875000
vt 0.628906 0.753906
vt 0.628906 0.878906
vt 0.753906 0.814453
vt 0.753906 0.753906
vt 0.746094 0.753906
vt 0.503906 0.878906
vt 0.753906 0.875000
vt 0.628906 0.878906
vt 0.753906 0.753906
vt 0.628906 0.753906
vt 0.753906 0.996094
vt 0.628906 0.878906
vt 0.628906 0.996094
vt -0.023437 -0.492188
vt 0.746094 0.753906
vt 0.503906 0.878906
vt 0.753906 0.875000
vt 0.746094 0.753906
vt 0.746094 0.996094
vt -0.539062 0.414063
vt 0.628906 0.996094
vt 0.628906 0.878906
vt 0.753906 0.753906
vt 0.628906 0.753906
vt 0.753906 0.996094
vt 0.746094 0.878906
vt 0.503906 0.996094
vt -0.148438 -0.257813
vt 0.746094 0.878906
vt -0.414063 0.226562
vt 0.628906 0.878906
vt 0.628906 0.996094
vt -0.273438 0.054688
vt 0.746094 0.878906
vt -0.742188 0.460938
vt 0.753906 0.875000
vt 0.746094 0.878906
vt 2.226562 -0.664062
vt 0.503906 0.753906
vt 0.746094 0.878906
vt 0.503906 0.753906
vt 2.351562 -0.273438
vt 0.753906 0.935547
vt 0.628906 0.878906
vt 0.628906 0.996094
vt 0.875000 0.935547
vt 0.628906 0.753906
vt 0.628906 0.878906
vt 2.320312 -0.539062
vt 0.996094 0.935547
vt 0.753906 0.935547
vt 0.753906 0.753906
vt 0.746094 0.996094
vt 0.503906 0.878906
vt 0.753906 0.996094
vt 0.628906 0.878906
vt 0.628906 0.996094
vt 0.753906 0.814453
vt 0.685547 0.003906
vt 0.996094 0.935547
vt 0.628906 0.878906
vt 0.628906 0.753906
vt 2.351562 -0.117188
vt 0.628906 0.878906
vt 0.628906 0.996094
vt 0.753906 0.935547
vt 0.746094 0.996094
vt 0.503906 0.878906
vt 0.753906 0.875000
vt 0.753906 0.996094
vt 0.746094 0.996094
vt 2.773438 0.445312
vt 0.753906 0.753906
vt 0.503906 0.753906
vt 0.746094 0.878906
vt 2.414062 0.054688
vt 0.746094 0.878906
vt 2.601563 0.367188
vt 2.045312 0.671875
vt 2.132812 0.062500
vt 0.628906 0.878906
vt 0.628906 0.753906
vt 2.539063 0.226563
vt 0.785156 0.378906
vt 0.839844 0.246094
vt 0.902344 0.246094
vt 1.945313 -0.179688
vt 1.726563 -0.273438
vt -0.507812 0.601562
vt -0.710937 0.726562
vt 0.492187 -0.226562
vt 0.289062 -0.148437
vt 2.351563 0.460938
vt 2.289063 0.304688
vt 0.117188 -0.085938
vt 3.226563 0.992188
vt 0.753906 0.996094
vt 0.753906 0.753906
vt 0.753906 0.875000
vt 2.976563 0.992188
vt 2.492188 0.601562
vt 2.804688 0.914062
vt 0.710938 -0.257813
vt 2.179688 0.132812
vt 2.085938 -0.007812
vt -0.054688 0.054688
vt -0.195312 0.226562
vt 1.351562 -0.320313
vt 1.148437 -0.320312
vt -0.914063 0.773438
vt 0.753906 0.753906
vt 0.753906 0.996094
vt -0.335938 0.445312
vt 2.632812 0.773438
vt 1.554688 -0.320312
vt 0.914062 -0.273438
vt 3.673438 1.435938
vt 0.753906 0.814453
vt 1.776562 0.464062
vt -0.629687 1.101562
vt 0.448438 0.439062
vt 2.401562 0.998437
vt 3.457813 1.489063
vt 2.570312 1.135937
vt 0.657812 0.407812
vt 2.135937 0.739062
vt 1.276562 0.326562
vt 2.754687 1.310937
vt 1.604687 0.373438
vt -0.848437 1.192187
vt 0.217187 0.514063
vt 2.282812 0.864063
vt -0.004688 0.567188
vt 3.264062 1.514063
vt 3.010938 1.451563
vt 1.954688 0.604688
vt -0.151563 0.679688
vt -0.285937 0.810937
vt 1.110937 0.329688
vt -1.082813 1.189063
vt -0.451563 0.960938
vt 1.439062 0.329688
vt 0.904687 0.373438
vt 0.753906 0.996094
vt 0.503906 0.996094
vt 0.746094 0.996094
vt 0.753906 0.753906
vt 0.746094 0.996094
vt 0.753906 0.753906
vt 0.503906 0.996094
vt 0.753906 0.996094
vt 0.746094 0.878906
vt 0.753906 0.875000
vt 0.746094 0.878906
vt 0.753906 0.875000
vt 0.628906 0.996094
vt 0.753906 0.875000
vt 0.628906 0.996094
vt 0.753906 0.875000
vt 0.753906 0.875000
vt 0.503906 0.878906
vt 0.753906 0.875000
vt 0.503906 0.878906
vt 0.628906 0.996094
vt 0.753906 0.875000
vt 0.628906 0.996094
vt 0.753906 0.875000
vt 0.503906 0.878906
vt 0.753906 0.875000
vt 0.503906 0.878906
vt 0.753906 0.875000
vt 0.628906 0.996094
vt 0.753906 0.875000
vt 0.753906 0.875000
vt 0.628906 0.996094
vt 0.683594 0.753906
vt 0.753906 0.814453
vt 0.753906 0.996094
vt 0.753906 0.753906
vt 0.503906 0.996094
vt 0.746094 0.996094
vt 0.503906 0.753906
vt 0.753906 0.996094
vt 0.753906 0.753906
vt 0.503906 0.753906
vt 0.503906 0.996094
vt 0.753906 0.996094
vt 0.753906 0.753906
vt 0.753906 0.996094
vt 0.503906 0.996094
vt 0.746094 0.996094
vt 0.753906 0.753906
vt 0.503906 0.375000
vt 0.996094 0.375000
vt 0.785156 0.378906
vt 0.746094 0.246094
vt 0.996094 0.246094
vt 0.503906 0.246094
vt 0.753906 0.003906
vt 0.996094 0.996094
vt 0.746094 0.003906
vt 0.996094 0.246094
vt 0.753906 0.246094
vt 0.503906 0.246094
vt 0.746094 0.246094
vt 0.753906 0.125000
vt 0.746094 0.125000
vt 0.753906 0.996094
vt 0.753906 0.753906
vt 0.746094 0.753906
vt 0.746094 0.996094
vt 0.746094 0.753906
vt 0.753906 0.753906
vt 0.746094 0.996094
vt 0.753906 0.996094
vt 0.746094 0.996094
vt 0.753906 0.753906
vt 0.996094 0.996094
vt 0.503906 0.753906
vt 0.503906 0.996094
vt 0.753906 0.996094
vt 0.753906 0.753906
vt 0.746094 0.375000
vt 0.785156 0.378906
vt 0.785156 0.378906
vt 0.746094 0.375000
vt 0.503906 0.375000
vt 0.996094 0.375000
vt 0.785156 0.378906
vt 0.785156 0.378906
vt 0.503906 0.375000
vt 0.996094 0.375000
vt 0.746094 0.375000
vt 0.785156 0.378906
vt 0.785156 0.378906
vt 0.746094 0.375000
vt 0.871094 0.375000
vt 0.785156 0.378906
vt 0.785156 0.378906
vt 0.996094 0.371094
vt 0.996094 0.375000
vt 0.785156 0.378906
vt 0.746094 0.371094
vt 0.746094 0.375000
vt 0.785156 0.378906
vt 0.503906 0.375000
vt 0.996094 0.371094
vt 0.785156 0.378906
vt 0.796875 0.371094
vt 0.785156 0.378906
vt 0.746094 0.375000
vt 0.785156 0.378906
vt 0.503906 0.375000
vt 0.996094 0.375000
vt 0.785156 0.378906
vt 0.503906 0.375000
vt 0.996094 0.375000
vt 0.785156 0.378906
vt 0.503906 0.375000
vt 0.753906 0.378906
vt 0.785156 0.378906
vt 0.503906 0.378906
vt 0.996094 0.375000
vt 0.785156 0.378906
vt 0.503906 0.375000
vt 0.996094 0.375000
vt 0.785156 0.378906
vt 0.746094 0.375000
vt 0.785156 0.378906
vt 0.746094 0.375000
vt 0.996094 0.375000
vt 0.785156 0.378906
vt 0.625000 0.375000
vt 0.503906 0.375000
vt 0.996094 0.371094
vt 0.785156 0.378906
vt 0.746094 0.371094
vt 0.746094 0.375000
vt 0.785156 0.378906
vt 0.785156 0.378906
vt 0.503906 0.375000
vt 0.996094 0.375000
vt 0.785156 0.378906
vt 0.746094 0.371094
vt 0.746094 0.375000
vt 0.785156 0.378906
vt 0.746094 0.375000
vt 0.785156 0.378906
vt 0.996094 0.375000
vt 0.503906 0.378906
vt 0.785156 0.378906
vt 0.996094 0.375000
vt 0.503906 0.375000
vt 0.785156 0.378906
vt 0.746094 0.375000
vt 0.785156 0.378906
vt 0.746094 0.375000
vt 0.503906 0.378906
vt 0.996094 0.378906
vt 0.785156 0.378906
vt 0.785156 0.378906
vt 0.785400 0.379048
vt 0.785156 0.378906
vt 0.785156 0.378906
vt 0.785156 0.378906
vt 0.785156 0.378906
vt 0.785156 0.378906
vt 0.785156 0.378906
vt 0.785156 0.378906
vt 0.785156 0.378906
vt 0.746094 0.996094
vt 0.753906 0.996094
vt 0.753906 0.753906
vt 0.746094 0.753906
vt 0.746094 0.996094
vt 0.746094 0.753906
vt 0.753906 0.753906
vt 0.875000 0.875000
vt 0.753906 0.996094
vt 0.753906 0.753906
vt 0.996094 0.996094
vt 0.996094 0.753906
vt 0.746094 0.003906
vt 0.996094 0.753906
vt 0.753906 0.753906
vt 0.996094 0.753906
vt 0.753906 0.996094
vt 0.996094 0.996094
vt 0.996094 0.246094
vt 0.503906 0.246094
vt 0.746094 0.246094
vt 0.753906 0.246094
vt 0.753906 0.003906
vt 0.996094 0.996094
vt 0.746094 0.003906
vt 0.503906 0.246094
vt 0.996094 0.246094
vt 0.746094 0.246094
vt 0.996094 0.246094
vt 0.503906 0.246094
vt 0.746094 0.246094
vt 0.503906 0.003906
vt 0.996094 0.003906
vt 0.753906 0.003906
vt 0.996094 0.996094
vt 0.746094 0.003906
vt 0.996094 0.753906
vt 0.503906 0.246094
vt 0.746094 0.246094
vt 0.996094 0.246094
vt 0.753906 0.246094
vt 0.503906 0.003906
vt 0.996094 0.996094
vt 0.996094 0.003906
vt 0.996094 0.753906
vt 0.996094 0.996094
vt 0.753906 0.996094
vt 0.753906 0.753906
vt 0.996094 0.753906
vt 0.996094 0.246094
vt 0.746094 0.246094
vt 0.503906 0.246094
vt 0.996094 0.996094
vt 0.996094 0.003906
vt 0.996094 0.753906
vt 0.503906 0.003906
vt 0.753906 0.996094
vt 0.753906 0.753906
vt 0.996094 0.996094
vt 0.996094 0.753906
vt 0.753906 0.996094
vt 0.996094 0.996094
vt 0.753906 0.996094
vt 0.746094 0.375000
vt 0.785156 0.378906
vt 0.996094 0.996094
vt 0.746094 0.003906
vt 0.996094 0.753906
vt 0.753906 0.753906
vt 0.996094 0.996094
vt 0.753906 0.996094
vt 0.996094 0.753906
vt 0.753906 0.996094
vt 0.996094 0.996094
vt 0.753906 0.753906
vt 0.996094 0.753906
vt 0.753906 0.996094
vt 0.996094 0.996094
vt 0.753906 0.753906
vt 0.996094 0.753906
vt 0.503906 0.246094
vt 0.996094 0.246094
vt 0.746094 0.246094
vt 0.503906 0.246094
vt 0.996094 0.246094
vt 0.746094 0.246094
vt 0.996094 0.246094
vt 0.746094 0.246094
vt 0.503906 0.246094
vt 0.503906 0.003906
vt 0.996094 0.996094
vt 0.996094 0.003906
vt 0.996094 0.753906
vt 0.996094 0.996094
vt 0.746094 0.003906
vt 0.996094 0.753906
vt 0.753906 0.996094
vt 0.996094 0.996094
vt 0.753906 0.753906
vt 0.996094 0.753906
vt 0.753906 0.753906
vt 0.996094 0.996094
vt 0.753906 0.996094
vt 0.996094 0.753906
vt 0.503906 0.246094
vt 0.996094 0.246094
vt 0.746094 0.246094
vt 0.746094 0.003906
vt 0.996094 0.996094
vt 0.996094 0.753906
vt 0.996094 0.246094
vt 0.746094 0.246094
vt 0.503906 0.246094
vt 0.996094 0.996094
vt 0.996094 0.003906
vt 0.503906 0.003906
vt 0.996094 0.753906
vt 0.871094 0.125000
vt 0.753906 0.996094
vt 0.753906 0.753906
vt 0.996094 0.996094
vt 0.996094 0.753906
vt 0.753906 0.996094
vt 0.996094 0.996094
vt 0.753906 0.753906
vt 0.996094 0.753906
vt 0.503906 0.246094
vt 0.996094 0.246094
vt 0.746094 0.246094
vt 0.996094 0.996094
vt 0.746094 0.003906
vt 0.996094 0.753906
vt 0.996094 0.246094
vt 0.746094 0.246094
vt 0.503906 0.246094
vt 0.996094 0.003906
vt 0.996094 0.996094
vt 0.503906 0.003906
vt 0.996094 0.753906
vt 0.753906 0.996094
vt 0.753906 0.753906
vt 0.996094 0.996094
vt 0.996094 0.753906
vt 0.996094 0.246094
vt 0.746094 0.246094
vt 0.753906 0.246094
vt 0.503906 0.246094
vt 0.996094 0.003906
vt 0.503906 0.003906
vt 0.996094 0.996094
vt 0.996094 0.753906
vt 0.746094 0.375000
vt 0.753906 0.378906
vt 0.785156 0.378906
vt 0.753906 0.125000
vt 0.746094 0.125000
vt 0.503906 0.125000
vt 0.996094 0.125000
vt 0.746094 0.125000
vt 0.753906 0.125000
vt 0.746094 0.125000
vt 0.996094 0.125000
vt 0.503906 0.125000
vt 0.996094 0.125000
vt 0.503906 0.125000
vt 0.996094 0.125000
vt 0.503906 0.125000
vt 0.746094 0.125000
vt 0.746094 0.125000
vt 0.996094 0.125000
vt 0.503906 0.125000
vt 0.746094 0.125000
vt 0.996094 0.125000
vt 0.503906 0.125000
vt 0.996094 0.125000
vt 0.503906 0.125000
vt 0.746094 0.125000
vt 0.875000 0.753906
vt 0.875000 0.996094
vt 0.875000 0.753906
vt 0.875000 0.996094
vt 0.875000 0.996094
vt 0.875000 0.753906
vt 0.875000 0.996094
vt 0.875000 0.753906
vt 0.875000 0.996094
vt 0.875000 0.996094
vt 0.875000 0.753906
vt 0.875000 0.996094
vt 0.875000 0.753906
vt 0.875000 0.996094
vt 0.875000 0.753906
vt 0.875000 0.996094
vt 0.875000 0.753906
vt 0.875000 0.996094
vt 0.875000 0.753906
vt 0.875000 0.996094
vt 0.875000 0.753906
vt 0.875000 0.996094
vt 0.875000 0.753906
vt 0.875000 0.996094
vt 0.875000 0.753906
vt 0.871094 0.246094
vt 0.871094 0.003906
vt 0.996094 0.875000
vt 0.753906 0.875000
vt 0.996094 0.875000
vt 0.753906 0.996094
vt 0.753906 0.753906
vt 0.996094 0.996094
vt 0.996094 0.753906
vt 0.753906 0.753906
vt 0.996094 0.996094
vt 0.753906 0.996094
vt 0.996094 0.753906
vt 0.996094 0.246094
vt 0.746094 0.246094
vt 0.746094 0.003906
vt 0.996094 0.996094
vt 0.996094 0.003906
vt 0.996094 0.753906
vt 0.996094 0.246094
vt 0.746094 0.246094
vt 0.503906 0.246094
vt 0.503906 0.003906
vt 0.996094 0.996094
vt 0.996094 0.003906
vt 0.996094 0.753906
vt 0.785156 0.378906
vt 0.746094 0.375000
vt 0.996094 0.371094
vt 0.875000 0.996094
vt 0.875000 0.753906
vt 0.875000 0.996094
vt 0.875000 0.753906
vt 0.996094 0.125000
vt 0.746094 0.125000
vt 0.996094 0.125000
vt 0.503906 0.125000
vt 0.503906 0.375000
vt 0.996094 0.375000
vt 0.785156 0.378906
vt 0.785156 0.378906
vt 0.996094 0.375000
vt 0.503906 0.378906
vt 0.503906 0.375000
vt 0.996094 0.375000
vt 0.785156 0.378906
vt 0.785156 0.378906
vt 0.503906 0.375000
vt 0.996094 0.375000
vt 0.785156 0.378906
vt 0.503906 0.375000
vt 0.996094 0.375000
vt 0.785156 0.378906
vt 0.746094 0.371094
vt 0.746094 0.375000
vt 0.753906 0.996094
vt 0.753906 0.753906
vt 0.996094 0.753906
vt 0.996094 0.246094
vt 0.574219 0.246094
vt 0.746094 0.246094
vt 0.574219 0.003906
vt 0.746094 0.003906
vt 0.996094 0.996094
vt 0.996094 0.753906
vt 0.503906 0.246094
vt 0.597656 0.246094
vt 0.972656 0.246094
vt 0.746094 0.246094
vt 0.972656 0.003906
vt 0.746094 0.003906
vt 0.753906 0.875000
vt 0.753906 0.753906
vt 0.996094 0.875000
vt 0.773437 0.003906
vt 0.796875 0.246094
vt 0.773438 0.246094
vt 0.753906 0.996094
vt 0.753906 0.996094
vt 0.753906 0.753906
vt 0.996094 0.996094
vt 0.996094 0.753906
vt 0.996094 0.996094
vt 0.746094 0.003906
vt 0.996094 0.753906
vt 0.503906 0.246094
vt 0.996094 0.246094
vt 0.746094 0.246094
vt 0.503906 0.003906
vt 0.996094 0.996094
vt 0.996094 0.003906
vt 0.996094 0.753906
vt 0.753906 0.996094
vt 0.996094 0.996094
vt 0.753906 0.753906
vt 0.996094 0.753906
vt 0.746094 0.246094
vt 0.996094 0.246094
vt 0.503906 0.246094
vt 0.785156 0.378906
vt 0.503906 0.375000
vt 0.996094 0.375000
vt 0.996094 0.996094
vt 0.753906 0.996094
vt 0.996094 0.753906
vt 0.753906 0.753906
vt 0.746094 0.003906
vt 0.996094 0.996094
vt 0.996094 0.753906
vt 0.503906 0.246094
vt 0.996094 0.246094
vt 0.746094 0.246094
vt 0.996094 0.003906
vt 0.996094 0.996094
vt 0.996094 0.753906
vt 0.503906 0.003906
vt 0.753906 0.996094
vt 0.753906 0.753906
vt 0.996094 0.996094
vt 0.996094 0.753906
vt 0.996094 0.246094
vt 0.503906 0.246094
vt 0.746094 0.246094
vt 0.785156 0.378906
vt 0.746093 0.375000
vt 0.785156 0.378906
vt 0.503906 0.375000
vt 0.996094 0.371094
vt 0.996094 0.996094
vt 0.746094 0.003906
vt 0.996094 0.753906
vt 0.753906 0.753906
vt 0.996094 0.996094
vt 0.753906 0.996094
vt 0.996094 0.753906
vt 0.753906 0.753906
vt 0.996094 0.996094
vt 0.753906 0.996094
vt 0.996094 0.753906
vt 0.996094 0.246094
vt 0.503906 0.246094
vt 0.746094 0.246094
vt 0.996094 0.246094
vt 0.746094 0.246094
vt 0.503906 0.246094
vt 0.996094 0.003906
vt 0.503906 0.003906
vt 0.996094 0.996094
vt 0.996094 0.753906
vt 0.753906 0.996094
vt 0.996094 0.996094
vt 0.753906 0.753906
vt 0.996094 0.753906
vt 0.996094 0.003906
vt 0.753906 0.003906
vt 0.996094 0.996094
vt 0.996094 0.753906
vt 0.753906 0.753906
vt 0.503906 0.996094
vt 0.503906 0.753906
vt 0.753906 0.996094
vt 0.996094 0.996094
vt 0.746094 0.003906
vt 0.996094 0.753906
vt 0.753906 0.996094
vt 0.753906 0.753906
vt 0.996094 0.996094
vt 0.996094 0.753906
vt 0.996094 0.996094
vt 0.753906 0.996094
vt 0.753906 0.753906
vt 0.996094 0.753906
vt 0.503906 0.246094
vt 0.996094 0.246094
vt 0.746094 0.246094
vt 0.996094 0.246094
vt 0.746094 0.246094
vt 0.503906 0.246094
vt 0.503906 0.003906
vt 0.996094 0.996094
vt 0.996094 0.003906
vt 0.996094 0.753906
vt 0.785156 0.378906
vt 0.503906 0.375000
vt 0.996094 0.375000
vt 0.875000 0.996094
vt 0.875000 0.753906
vt 0.996094 0.125000
vt 0.753906 0.125000
vt 0.785156 0.378906
vt 0.597656 0.371094
vt 0.503906 0.375000
vt 0.785156 0.378906
vt 0.746094 0.371094
vt 0.746094 0.375000
vt 0.753906 0.996094
vt 0.996094 0.996094
vt 0.753906 0.753906
vt 0.996094 0.753906
vt 0.746094 0.003906
vt 0.996094 0.996094
vt 0.996094 0.753906
vt 0.996094 0.996094
vt 0.753906 0.996094
vt 0.753906 0.753906
vt 0.996094 0.753906
vt 0.753906 0.753906
vt 0.996094 0.996094
vt 0.753906 0.996094
vt 0.996094 0.753906
vt 0.753906 0.753906
vt 0.996094 0.996094
vt 0.753906 0.996094
vt 0.996094 0.753906
vt 0.503906 0.246094
vt 0.753906 0.246094
vt 0.996094 0.246094
vt 0.746094 0.246094
vt 0.753906 0.003906
vt 0.996094 0.996094
vt 0.746094 0.003906
vt 0.996094 0.753906
vt 0.503906 0.246094
vt 0.996094 0.246094
vt 0.746094 0.246094
vt 0.996094 0.246094
vt 0.746094 0.246094
vt 0.503906 0.246094
vt 0.996094 0.003906
vt 0.503906 0.003906
vt 0.996094 0.996094
vt 0.996094 0.753906
vt 0.746094 0.003906
vt 0.996094 0.996094
vt 0.753906 0.003906
vt 0.996094 0.753906
vt 0.503906 0.246094
vt 0.746094 0.246094
vt 0.996094 0.246094
vt 0.753906 0.246094
vt 0.996094 0.003906
vt 0.996094 0.996094
vt 0.503906 0.003906
vt 0.996094 0.753906
vt 0.753906 0.996094
vt 0.996094 0.996094
vt 0.753906 0.753906
vt 0.996094 0.753906
vt 0.996094 0.246094
vt 0.746094 0.246094
vt 0.503906 0.246094
vt 0.785156 0.378906
vt 0.746094 0.375000
vt 0.753906 0.996094
vt 0.996094 0.996094
vt 0.753906 0.753906
vt 0.996094 0.753906
vt 0.746094 0.246094
vt 0.753906 0.246094
vt 0.503906 0.246094
vt 0.746094 0.003906
vt 0.996094 0.996094
vt 0.503906 0.003906
vt 0.996094 0.753906
vt 0.753906 0.125000
vt 0.746094 0.125000
vt 0.996094 0.125000
vt 0.503906 0.125000
vt 0.746094 0.125000
vt 0.753906 0.125000
vt 0.746093 0.125000
vt 0.996094 0.125000
vt 0.503906 0.125000
vt 0.746094 0.125000
vt 0.503906 0.125000
vt 0.875000 0.996094
vt 0.875000 0.753906
vt 0.875000 0.996094
vt 0.875000 0.753906
vt 0.875000 0.996094
vt 0.875000 0.753906
vt 0.875000 0.996094
vt 0.875000 0.753906
vt 0.875000 0.996094
vt 0.875000 0.753906
vt 0.875000 0.996094
vt 0.875000 0.753906
vt 0.785156 0.378906
vt 0.746094 0.375000
vt 0.753906 0.753906
vt 0.996094 0.996094
vt 0.753906 0.996094
vt 0.996094 0.753906
vt 0.746094 0.003906
vt 0.996094 0.996094
vt 0.996094 0.753906
vt 0.996094 0.996094
vt 0.753906 0.996094
vt 0.753906 0.753906
vt 0.996094 0.753906
vt 0.753906 0.753906
vt 0.996094 0.996094
vt 0.753906 0.996094
vt 0.996094 0.753906
vt 0.875000 0.996094
vt 0.875000 0.753906
vt 0.503906 0.246094
vt 0.996094 0.246094
vt 0.746094 0.246094
vt 0.996094 0.246094
vt 0.746094 0.246094
vt 0.503906 0.246094
vt 0.996094 0.003906
vt 0.996094 0.996094
vt 0.503906 0.003906
vt 0.996094 0.753906
vt 0.503906 0.003906
vt 0.996094 0.996094
vt 0.996094 0.003906
vt 0.996094 0.753906
vt 0.996094 0.246094
vt 0.746094 0.246094
vt 0.503906 0.246094
vt 0.746094 0.125000
vt 0.996094 0.125000
vt 0.503906 0.125000
vt 0.746094 0.125000
vt 0.996094 0.125000
vt 0.503906 0.125000
vt 0.875000 0.996094
vt 0.875000 0.753906
vt 0.875000 0.996094
vt 0.875000 0.753906
vt 0.875000 0.996094
vt 0.875000 0.753906
vt 0.875000 0.996094
vt 0.875000 0.753906
vt 0.785156 0.378906
vt 0.746094 0.375000
vt 0.875000 0.875000
vt 0.875000 0.996094
vt 0.875000 0.753906
vt 0.875000 0.996094
vt 0.875000 0.753906
vt 0.875000 0.996094
vt 0.875000 0.753906
vt 0.875000 0.996094
vt 0.875000 0.753906
vt 0.875000 0.996094
vt 0.875000 0.753906
vt 0.875000 0.996094
vt 0.875000 0.753906
vt 0.875000 0.996094
vt 0.875000 0.753906
vt 0.574219 0.125000
vt 0.746094 0.125000
vt 0.972656 0.125000
vt 0.746094 0.125000
vt 0.773437 0.125000
vt 0.746094 0.125000
vt 0.996094 0.125000
vt 0.503906 0.125000
vt 0.746094 0.125000
vt 0.996094 0.125000
vt 0.503906 0.125000
vt 0.996094 0.125000
vt 0.503906 0.125000
vt 0.746094 0.125000
vt 0.996093 0.125000
vt 0.503906 0.125000
vt 0.746094 0.246094
vt 0.996094 0.246094
vt 0.753906 0.246094
vt 0.625000 0.003906
vt 0.996094 0.875000
vt 0.625000 0.246094
vt 0.753906 0.875000
vt 0.996094 0.875000
vt 0.875000 0.875000
vt 0.625000 0.125000
vt 0.746094 0.003906
vt 0.996094 0.003906
vt 0.503906 0.246094
vt 0.746094 0.246094
vt 0.996094 0.246094
vt 0.996094 0.003906
vt 0.503906 0.003906
vt 0.746094 0.246094
vt 0.996094 0.246094
vt 0.503906 0.246094
vt 0.746094 0.375000
vt 0.785156 0.378906
vt 0.996094 0.378906
vt 0.746094 0.003906
vt 0.503906 0.246094
vt 0.996094 0.246094
vt 0.746094 0.246094
vt 0.996094 0.246094
vt 0.503906 0.246094
vt 0.746094 0.246094
vt 0.503906 0.003906
vt 0.996094 0.003906
vt 0.746094 0.003906
vt 0.503906 0.246094
vt 0.746094 0.246094
vt 0.996094 0.246094
vt 0.996094 0.246094
vt 0.503906 0.246094
vt 0.746094 0.246094
vt 0.503906 0.003906
vt 0.996094 0.003906
vt 0.503906 0.375000
vt 0.996094 0.371094
vt 0.785156 0.378906
vt 0.746094 0.003906
vt 0.746094 0.246094
vt 0.996094 0.246094
vt 0.753906 0.246094
vt 0.503906 0.246094
vt 0.753906 0.003906
vt 0.746094 0.003906
vt 0.503906 0.246094
vt 0.996094 0.246094
vt 0.746094 0.246094
vt 0.996094 0.246094
vt 0.746094 0.246094
vt 0.503906 0.246094
vt 0.503906 0.003906
vt 0.996094 0.003906
vt 0.996094 0.003906
vt 0.503906 0.003906
vt 0.996094 0.246094
vt 0.746094 0.246094
vt 0.503906 0.246094
vt 0.785156 0.378906
vt 0.503906 0.375000
vt 0.996094 0.375000
vt 0.753906 0.246094
vt 0.746094 0.246094
vt 0.503906 0.246094
vt 0.746094 0.003906
vt 0.503906 0.003906
vt 0.785156 0.378906
vt 0.753906 0.378906
vt 0.503906 0.375000
vt 0.753906 0.125000
vt 0.746094 0.125000
vt 0.996094 0.125000
vt 0.503906 0.125000
vt 0.746094 0.125000
vt 0.996094 0.125000
vt 0.503906 0.125000
vt 0.503906 0.125000
vt 0.746094 0.125000
vt 0.785156 0.378906
vt 0.746094 0.375000
vt 0.746094 0.003906
vt 0.503906 0.246094
vt 0.746094 0.246094
vt 0.996094 0.246094
vt 0.996094 0.246094
vt 0.503906 0.246094
vt 0.746094 0.246094
vt 0.996094 0.003906
vt 0.503906 0.003906
vt 0.996094 0.003906
vt 0.503906 0.003906
vt 0.746094 0.246094
vt 0.996094 0.246094
vt 0.503906 0.246094
vt 0.746094 0.125000
vt 0.503906 0.125000
vt 0.996094 0.125000
vt 0.746094 0.125000
vt 0.503906 0.125000
vt 0.996094 0.125000
vt 0.746094 0.125000
vt 0.996094 0.128906
vt 0.996094 0.125000
vt 0.503906 0.125000
vt 0.503906 0.125000
vt 0.996094 0.125000
vt 0.746094 0.125000
vt 0.503906 0.125000
vt 0.996094 0.125000
vt 0.996094 0.003906
vt 0.503906 0.003906
vt 0.996094 0.246094
vt 0.503906 0.246094
vt 0.996094 0.121094
vt 0.503906 0.121094
vt 0.738281 0.121094
vt 0.769531 0.003906
vt 0.753906 0.378906
vt 0.785156 0.378906
vt 0.769531 0.121094
vt 0.753906 0.246094
vt 0.769531 0.246094
vt 0.871094 0.246094
vt 0.871094 0.375000
vt 0.785156 0.378906
vt 0.871094 0.003906
vt 0.871094 0.125000
vt 0.871094 0.003906
vt 0.871094 0.246094
vt 0.785156 0.378906
vt 0.871094 0.375000
vt 0.871094 0.125000
vt 0.625000 0.246094
vt 0.625000 0.003906
vt 0.625000 0.125000
vt 0.785156 0.378906
vt 0.625000 0.375000
vt 0.625000 0.246094
vt 0.625000 0.003906
vt 0.625000 0.125000
vt 0.785156 0.378906
vt 0.625000 0.375000
vt 0.785156 0.378906
vt 0.746094 0.375000
vt 0.753906 0.875000
vt 0.996094 0.875000
vt 0.628906 0.003906
vt 0.996094 0.875000
vt 0.628906 0.246094
vt 0.628906 0.125000
vt 0.875000 0.875000
vt 0.628906 0.378906
vt 0.785156 0.378906
vt 0.871094 0.003906
vt 0.996094 0.875000
vt 0.753906 0.875000
vt 0.996094 0.875000
vt 0.871094 0.246094
vt 0.871094 0.125000
vt 0.875000 0.875000
vt 0.871094 0.375000
vt 0.785156 0.378906
vt 0.628906 0.996094
vt 0.753906 0.875000
vt 0.625000 0.246094
vt 0.753906 0.875000
vt 0.996094 0.875000
vt 0.625000 0.003906
vt 0.996094 0.875000
vt 0.625000 0.125000
vt 0.875000 0.875000
vt 0.625000 0.375000
vt 0.785156 0.378906
vt 0.746094 0.878906
vt 0.753906 0.875000
vt 0.785156 0.378906
vt 0.871094 0.375000
vt 0.753906 0.875000
vt 0.996094 0.875000
vt 0.871094 0.246094
vt 0.871094 0.003906
vt 0.996094 0.875000
vt 0.871094 0.125000
vt 0.875000 0.875000
vt 0.625000 0.375000
vt 0.785156 0.378906
vt 0.753906 0.875000
vt 0.996094 0.875000
vt 0.625000 0.003906
vt 0.996094 0.875000
vt 0.625000 0.246094
vt 0.625000 0.125000
vt 0.875000 0.875000
vt 0.996094 0.814453
vt 0.808594 0.003906
vt 0.808594 0.246094
vt 0.933594 0.246094
vt 0.875000 0.814453
vt 0.808594 0.125000
vt 0.996094 0.814453
vt 0.753906 0.814453
vt 0.785156 0.378906
vt 0.933594 0.375000
vt 0.625000 0.003906
vt 0.996094 0.875000
vt 0.753906 0.875000
vt 0.996094 0.875000
vt 0.625000 0.246094
vt 0.625000 0.125000
vt 0.875000 0.875000
vt 0.785156 0.378906
vt 0.625000 0.375000
vt 0.753906 0.875000
vt 0.996094 0.875000
vt 0.871094 0.003906
vt 0.996094 0.875000
vt 0.871094 0.246094
vt 0.871094 0.125000
vt 0.875000 0.875000
vt 0.785156 0.378906
vt 0.871094 0.375000
vt 0.628906 0.996094
vt 0.753906 0.875000
vt 0.753906 0.875000
vt 0.996094 0.875000
vt 0.625000 0.003906
vt 0.996094 0.875000
vt 0.625000 0.125000
vt 0.625000 0.246094
vt 0.875000 0.875000
vt 0.785156 0.378906
vt 0.625000 0.375000
vt 0.871094 0.003906
vt 0.996094 0.875000
vt 0.871094 0.246094
vt 0.753906 0.875000
vt 0.996094 0.875000
vt 0.875000 0.875000
vt 0.871094 0.125000
vt 0.785156 0.378906
vt 0.871094 0.371094
vt 0.628906 0.996094
vt 0.753906 0.875000
vt 0.875000 0.003906
vt 0.996094 0.875000
vt 0.875000 0.125000
vt 0.875000 0.875000
vt 0.753906 0.875000
vt 0.996094 0.875000
vt 0.871094 0.246094
vt 0.875000 0.246094
vt 0.785156 0.378906
vt 0.871094 0.375000
vt 0.785156 0.378906
vt 0.871094 0.375000
vt 0.753906 0.875000
vt 0.996094 0.875000
vt 0.875000 0.125000
vt 0.875000 0.875000
vt 0.875000 0.003906
vt 0.996094 0.875000
vt 0.871094 0.246094
vt 0.875000 0.246094
vt 0.625000 0.003906
vt 0.996094 0.875000
vt 0.625000 0.246094
vt 0.753906 0.875000
vt 0.996094 0.875000
vt 0.625000 0.125000
vt 0.875000 0.875000
vt 0.785156 0.378906
vt 0.625000 0.375000
vt 0.753906 0.875000
vt 0.996094 0.875000
vt 0.871094 0.003906
vt 0.996094 0.875000
vt 0.871094 0.246094
vt 0.871094 0.125000
vt 0.875000 0.875000
vt 0.785156 0.378906
vt 0.871094 0.375000
vt 0.625000 0.246094
vt 0.753906 0.875000
vt 0.996094 0.875000
vt 0.625000 0.003906
vt 0.996094 0.875000
vt 0.625000 0.125000
vt 0.875000 0.875000
vt 0.785156 0.378906
vt 0.625000 0.375000
vt 0.628906 0.996094
vt 0.753906 0.875000
vt 0.753906 0.875000
vt 0.996094 0.875000
vt 0.871094 0.003906
vt 0.996094 0.875000
vt 0.871094 0.246094
vt 0.871094 0.125000
vt 0.875000 0.875000
vt 0.785156 0.378906
vt 0.871094 0.375000
vt 0.785156 0.378906
vt 0.628906 0.378906
vt 0.753906 0.875000
vt 0.996094 0.875000
vt 0.628906 0.003906
vt 0.996094 0.875000
vt 0.628906 0.246094
vt 0.628906 0.125000
vt 0.875000 0.875000
vt 0.625000 0.003906
vt 0.996094 0.875000
vt 0.753906 0.875000
vt 0.996094 0.875000
vt 0.625000 0.125000
vt 0.625000 0.246094
vt 0.875000 0.875000
vt 0.785156 0.378906
vt 0.625000 0.375000
vt 0.753906 0.875000
vt 0.503906 0.878906
vt 0.753906 0.875000
vt 0.996094 0.875000
vt 0.871094 0.003906
vt 0.996094 0.875000
vt 0.871094 0.246094
vt 0.871094 0.125000
vt 0.875000 0.875000
vt 0.785156 0.378906
vt 0.871094 0.375000
vt 0.785156 0.378906
vt 0.625000 0.375000
vt 0.625000 0.246094
vt 0.753906 0.875000
vt 0.996094 0.875000
vt 0.625000 0.003906
vt 0.996094 0.875000
vt 0.625000 0.125000
vt 0.875000 0.875000
vt 0.753906 0.875000
vt 0.996094 0.875000
vt 0.871094 0.125000
vt 0.875000 0.875000
vt 0.871094 0.003906
vt 0.996094 0.875000
vt 0.871094 0.246094
vt 0.785156 0.378906
vt 0.871094 0.375000
vt 0.625000 0.246094
vt 0.753906 0.875000
vt 0.996094 0.875000
vt 0.625000 0.003906
vt 0.996094 0.875000
vt 0.625000 0.125000
vt 0.875000 0.875000
vt 0.785156 0.378906
vt 0.625000 0.375000
vt 0.871094 0.003906
vt 0.996094 0.875000
vt 0.753906 0.875000
vt 0.996094 0.875000
vt 0.871094 0.246094
vt 0.875000 0.875000
vt 0.871094 0.125000
vt 0.785156 0.378906
vt 0.871094 0.371094
vt 0.871094 0.246094
vt 0.753906 0.875000
vt 0.996094 0.875000
vt 0.871094 0.003906
vt 0.996094 0.875000
vt 0.875000 0.875000
vt 0.871094 0.125000
vt 0.785156 0.378906
vt 0.871094 0.371094
vt 0.628906 0.753906
vt 0.753906 0.875000
vt 0.785156 0.378906
vt 0.625000 0.375000
vt 0.625000 0.246094
vt 0.753906 0.875000
vt 0.996094 0.875000
vt 0.625000 0.003906
vt 0.996094 0.875000
vt 0.875000 0.875000
vt 0.625000 0.125000
vt 0.685547 0.003906
vt 0.996094 0.935547
vt 0.753906 0.935547
vt 0.996094 0.935547
vt 0.875000 0.935547
vt 0.685547 0.125000
vt 0.564453 0.246094
vt 0.685547 0.246094
vt 0.785156 0.378906
vt 0.564453 0.375000
vt 0.685547 0.246094
vt 0.564453 0.246094
vt 0.564453 0.003906
vt 0.996094 0.814453
vt 0.753906 0.814453
vt 0.996094 0.814453
vt 0.875000 0.814453
vt 0.564453 0.125000
vt 0.785156 0.378906
vt 0.685547 0.375000
vt 0.753906 0.875000
vt 0.996094 0.875000
vt 0.871094 0.246094
vt 0.785156 0.378906
vt 0.871094 0.375000
vt 0.871094 0.003906
vt 0.996094 0.875000
vt 0.875000 0.875000
vt 0.871094 0.125000
vt 0.625000 0.003906
vt 0.996094 0.875000
vt 0.625000 0.246094
vt 0.753906 0.875000
vt 0.996094 0.875000
vt 0.875000 0.875000
vt 0.625000 0.125000
vt 0.785156 0.378906
vt 0.625000 0.375000
vt 0.785156 0.378906
vt 0.871094 0.375000
vt 0.753906 0.875000
vt 0.996094 0.875000
vt 0.871094 0.003906
vt 0.996094 0.875000
vt 0.871094 0.246094
vt 0.875000 0.875000
vt 0.871094 0.125000
vt 0.753906 0.875000
vt 0.996094 0.875000
vt 0.871094 0.003906
vt 0.996094 0.875000
vt 0.871094 0.246094
vt 0.871093 0.125000
vt 0.875000 0.875000
vt 0.871094 0.375000
vt 0.785156 0.378906
vt 0.625000 0.003906
vt 0.996094 0.875000
vt 0.625000 0.246094
vt 0.753906 0.875000
vt 0.996094 0.875000
vt 0.625000 0.125000
vt 0.875000 0.875000
vt 0.625000 0.375000
vt 0.785156 0.378906
vt 0.875000 0.003906
vt 0.996094 0.875000
vt 0.753906 0.875000
vt 0.996094 0.875000
vt 0.875000 0.125000
vt 0.875000 0.875000
vt 0.871094 0.246094
vt 0.875000 0.246094
vt 0.871094 0.375000
vt 0.785156 0.378906
vt 0.625000 0.246094
vt 0.628906 0.246094
vt 0.753906 0.875000
vt 0.996094 0.875000
vt 0.875000 0.875000
vt 0.628906 0.003906
vt 0.996094 0.875000
vt 0.628906 0.125000
vt 0.625000 0.375000
vt 0.785156 0.378906
vt 0.753906 0.875000
vt 0.746094 0.375000
vt 0.785156 0.378906
vt 0.996094 0.375000
vt 0.785156 0.378906
vt 0.503906 0.375000
vt 0.746094 0.375000
vt 0.785156 0.378906
vt 0.871094 0.375000
vt 0.746094 0.375000
vt 0.785156 0.378906
vt 0.746094 0.246094
vt 0.996094 0.246094
vt 0.753906 0.246094
vt 0.503906 0.246094
vt 0.503906 0.246094
vt 0.996094 0.246094
vt 0.746094 0.246094
vt 0.996094 0.246094
vt 0.503906 0.246094
vt 0.746094 0.246094
vt 0.996094 0.246094
vt 0.746094 0.246094
vt 0.503906 0.246094
vt 0.753906 0.246094
vt 0.996094 0.246094
vt 0.746094 0.246094
vt 0.503906 0.246094
vt 0.746094 0.375000
vt 0.785156 0.378906
vt 0.503906 0.246094
vt 0.996094 0.246094
vt 0.746094 0.246094
vt 0.996094 0.246094
vt 0.503906 0.246094
vt 0.746094 0.246094
vt 0.996094 0.246094
vt 0.746094 0.246094
vt 0.503906 0.246094
vt 0.503906 0.246094
vt 0.996094 0.246094
vt 0.746094 0.246094
vt 0.871094 0.125000
vt 0.503906 0.125000
vt 0.753906 0.246094
vt 0.503906 0.246094
vt 0.996094 0.246094
vt 0.746094 0.246094
vt 0.746094 0.125000
vt 0.753906 0.125000
vt 0.503906 0.125000
vt 0.996094 0.125000
vt 0.753906 0.125000
vt 0.746094 0.125000
vt 0.746094 0.125000
vt 0.503906 0.125000
vt 0.996094 0.125000
vt 0.503906 0.125000
vt 0.996094 0.125000
vt 0.746094 0.125000
vt 0.996094 0.125000
vt 0.503906 0.125000
vt 0.996094 0.125000
vt 0.503906 0.125000
vt 0.746094 0.125000
vt 0.871094 0.246094
vt 0.746094 0.246094
vt 0.503906 0.246094
vt 0.503906 0.375000
vt 0.996094 0.375000
vt 0.785156 0.378906
vt 0.628906 0.246094
vt 0.628906 0.125000
vt 0.871094 0.246094
vt 0.871094 0.125000
vt 0.871094 0.375000
vt 0.785156 0.378906
vt 0.625000 0.246094
vt 0.625000 0.125000
vt 0.625000 0.375000
vt 0.785156 0.378906
vt 0.785156 0.378906
vt 0.871094 0.375000
vt 0.871094 0.246094
vt 0.871094 0.125000
vt 0.785156 0.378906
vt 0.625000 0.375000
vt 0.625000 0.246094
vt 0.625000 0.125000
vt 0.871094 0.246094
vt 0.871094 0.125000
vt 0.871094 0.375000
vt 0.785156 0.378906
vt 0.625000 0.246094
vt 0.625000 0.125000
vt 0.875000 0.125000
vt 0.871094 0.375000
vt 0.785156 0.378906
vt 0.785156 0.378906
vt 0.738281 0.246094
vt 0.738281 0.003906
vt 0.738281 0.378906
vt 0.785156 0.378906
vt 0.746094 0.375000
vt 0.753906 0.371094
vt 0.785156 0.378906
vt 0.628906 0.371094
vt 0.785156 0.378906
vt 0.996094 0.375000
vt 0.503906 0.371094
vt 0.785156 0.378906
vt 0.746094 0.375000
vt 0.785156 0.378906
vt 0.996094 0.375000
vt 0.503906 0.375000
vt 0.785156 0.378906
vt 0.625000 0.375000
vt 0.785156 0.378906
vt 0.503906 0.375000
vt 0.996094 0.375000
vt 0.785156 0.378906
vt 0.785156 0.378906
vt 0.785156 0.378906
vt 0.785156 0.378906
vt 0.785156 0.378906
vt 0.785156 0.378906
vt 0.503906 0.375000
vt 0.996094 0.375000
vt 0.785156 0.378906
vt 0.746094 0.246094
vt 0.503906 0.246094
vt 0.625000 0.246094
vt 0.753906 0.003906
vt 0.996094 0.996094
vt 0.746094 0.003906
vt 0.996094 0.246094
vt 0.753906 0.246094
vt 0.503906 0.246094
vt 0.746094 0.246094
vt 0.753906 0.125000
vt 0.746094 0.125000
vt 0.503906 0.371094
vt 0.996094 0.371094
vt 0.785156 0.378906
vt 0.625000 0.003906
vt 0.996094 0.753906
vt 0.503906 0.003906
vt 0.996094 0.875000
vt 0.753906 0.875000
vt 0.753906 0.753906
vt 0.996094 0.875000
vt 0.996094 0.753906
vt 0.753906 0.996094
vt 0.996094 0.875000
vt 0.503906 0.125000
vt 0.625000 0.125000
vt 0.875000 0.753906
vt 0.875000 0.875000
vt 0.875000 0.996094
vt 0.996094 0.003906
vt 0.503906 0.003906
vt 0.746094 0.246094
vt 0.996094 0.246094
vt 0.503906 0.246094
vt 0.746094 0.375000
vt 0.996094 0.371094
vt 0.785156 0.378906
vt 0.996094 0.125000
vt 0.503906 0.125000
vt 0.996094 0.003906
vt 0.503906 0.003906
vt 0.996094 0.246094
vt 0.503906 0.246094
vt 0.996094 0.121094
vt 0.503906 0.121094
vt 0.738281 0.246094
vt 0.738281 0.003906
vt 0.738281 0.371094
vt 0.785156 0.378906
vt 0.738281 0.121094
vt 0.769531 0.003906
vt 0.753906 0.371094
vt 0.996094 0.371094
vt 0.785156 0.378906
vt 0.769531 0.121094
vt 0.503906 0.125000
vt 0.753906 0.246094
vt 0.769531 0.246094
vt 0.503906 0.246094
vt 0.996094 0.246094
vt 0.871094 0.246094
vt 0.785156 0.378906
vt 0.871094 0.375000
vt 0.871094 0.003906
vt 0.871094 0.125000
vt 0.746094 0.375000
vt 0.625000 0.375000
vt 0.785156 0.378906
vt 0.697656 0.246094
vt 0.553906 0.246094
vt 0.996094 0.875000
vt 0.996094 0.753906
vt 0.753906 0.802344
vt 0.875000 0.802344
vt 0.996094 0.802344
vt 0.553906 0.003906
vt 0.553906 0.125000
vt 0.785156 0.378906
vt 0.697656 0.375000
vt 0.996094 0.246094
vt 0.746094 0.246094
vt 0.753906 0.246094
vt 0.769531 0.246094
vt 0.769531 0.121094
vt 0.996094 0.125000
vt 0.746094 0.375000
vt 0.753906 0.371094
vt 0.785156 0.378906
vt 0.875000 0.246094
vt 0.871094 0.246094
vt 0.785156 0.378906
vt 0.785156 0.378906
vt 0.785156 0.378906
vt 0.785156 0.378906
vt 0.785156 0.378906
vt 0.785156 0.378906
vt 0.785156 0.378906
vt 0.503906 0.371094
vt 0.996094 0.371094
vt 0.996094 0.246094
vt 0.503906 0.246094
vt 0.996094 0.121094
vt 0.503906 0.121094
vt 0.738281 0.246094
vt 0.738281 0.371094
vt 0.785156 0.378906
vt 0.738281 0.121094
vt 0.753906 0.371094
vt 0.996094 0.371094
vt 0.785156 0.378906
vt 0.769531 0.121094
vt 0.503906 0.125000
vt 0.753906 0.246094
vt 0.769531 0.246094
vt 0.503906 0.246094
vt 0.996094 0.246094
vt 0.503906 0.371094
vt 0.996094 0.371094
vt 0.785156 0.378906
vt 0.996094 0.246094
vt 0.503906 0.246094
vt 0.996094 0.121094
vt 0.503906 0.121094
vt 0.738281 0.246094
vt 0.738281 0.371094
vt 0.785156 0.378906
vt 0.738281 0.121094
vt 0.753906 0.371094
vt 0.996094 0.371094
vt 0.785156 0.378906
vt 0.769531 0.121094
vt 0.503906 0.121094
vt 0.753906 0.246094
vt 0.996094 0.246094
vt 0.769531 0.246094
vt 0.503906 0.246094
vt 0.785156 0.378906
vt 0.785156 0.378906
vt 0.785156 0.378906
vt 0.785156 0.378906
vt 0.785156 0.378906
vt 0.785156 0.378906
vt 0.785156 0.378906
vt 0.785156 0.378906
vt 0.785156 0.378906
vt 0.785156 0.378906
vt 0.785156 0.378906
vt 0.785156 0.378906
vt 0.785156 0.378906
vt 0.785156 0.378906
vt 0.785156 0.378906
vt 0.503906 0.375000
vt 0.996094 0.375000
vt 0.785156 0.378906
vt 0.503906 0.246094
vt 0.753906 0.246094
vt 0.996094 0.246094
vt 0.746094 0.246094
vt 0.746094 0.125000
vt 0.753906 0.125000
vt 0.503906 0.371094
vt 0.996094 0.371094
vt 0.785156 0.378906
vt 0.746094 0.246094
vt 0.503906 0.246094
vt 0.996094 0.246094
vt 0.746094 0.375000
vt 0.996094 0.371094
vt 0.785156 0.378906
vt 0.503906 0.125000
vt 0.996094 0.125000
vt 0.996094 0.246094
vt 0.503906 0.246094
vt 0.503906 0.121094
vt 0.996094 0.121094
vt 0.738281 0.246094
vt 0.738281 0.371094
vt 0.785156 0.378906
vt 0.738281 0.121094
vt 0.753906 0.371094
vt 0.996094 0.371094
vt 0.785156 0.378906
vt 0.503906 0.125000
vt 0.769531 0.121094
vt 0.753906 0.246094
vt 0.769531 0.246094
vt 0.503906 0.246094
vt 0.996094 0.246094
vt 0.871094 0.246094
vt 0.871094 0.375000
vt 0.785156 0.378906
vt 0.871094 0.125000
vt 0.625000 0.246094
vt 0.628906 0.246094
vt 0.628906 0.125000
vt 0.625000 0.375000
vt 0.785156 0.378906
vt 0.753906 0.246094
vt 0.996094 0.246094
vt 0.746094 0.246094
vt 0.769531 0.246094
vt 0.996094 0.125000
vt 0.769531 0.121094
vt 0.753906 0.855469
vt 0.746094 0.375000
vt 0.785156 0.378906
vt 0.753906 0.371094
vt 0.875000 0.125000
vt 0.753906 0.855469
vt 0.773438 0.125000
vt 0.871094 0.246094
vt 0.796875 0.246094
vt 0.875000 0.246094
vt 0.773438 0.246094
vt 0.871094 0.375000
vt 0.785156 0.378906
vt 0.796875 0.371094
vt 0.785156 0.378906
vt 0.785156 0.378906
vt 0.785156 0.378906
vt 0.503906 0.371094
vt 0.996094 0.371094
vt 0.785156 0.378906
vt 0.996094 0.246094
vt 0.503906 0.246094
vt 0.503906 0.121094
vt 0.996094 0.121094
vt 0.738281 0.246094
vt 0.738281 0.371094
vt 0.785156 0.378906
vt 0.738281 0.121094
vt 0.753906 0.371094
vt 0.996094 0.371094
vt 0.785156 0.378906
vt 0.503906 0.125000
vt 0.769531 0.121094
vt 0.753906 0.246094
vt 0.769531 0.246094
vt 0.503906 0.246094
vt 0.996094 0.246094
vt 0.503906 0.371094
vt 0.996094 0.371094
vt 0.785156 0.378906
vt 0.996094 0.246094
vt 0.503906 0.246094
vt 0.503906 0.121094
vt 0.996094 0.121094
vt 0.738281 0.246094
vt 0.738281 0.371094
vt 0.785156 0.378906
vt 0.738281 0.121094
vt 0.753906 0.371094
vt 0.996094 0.371094
vt 0.785156 0.378906
vt 0.503906 0.121094
vt 0.769531 0.121094
vt 0.753906 0.855469
vt 0.753906 0.246094
vt 0.769531 0.246094
vt 0.996094 0.246094
vt 0.503906 0.246094
vt 0.785156 0.378906
vt 0.785156 0.378906
vt 0.785156 0.378906
vt 0.785156 0.378906
vt 0.785156 0.378906
vt 0.785156 0.378906
vt 0.785156 0.378906
vt 0.785156 0.378906
vt 0.785156 0.378906
vt 0.785156 0.378906
vt 0.785156 0.378906
vt 0.785156 0.378906
vt 0.785156 0.378906
vt 0.785156 0.378906
vt 0.785156 0.378906
vt 0.875000 0.753906
vt 0.753906 0.935547
vt 0.673828 0.003906
vt 0.996094 0.935547
vt 0.753906 0.814453
vt 0.996094 0.814453
vt 0.875000 0.814453
vt 0.996094 0.371094
vt 0.785156 0.378906
vt 0.996094 0.375000
vt 0.746094 0.375000
vt 0.785156 0.378906
vt 0.625000 0.375000
vt 0.785156 0.378906
vt 0.796875 0.371094
vt 0.753906 0.996094
vt 0.753906 0.753906
vt 0.996094 0.753906
vt 0.564453 0.246094
vt 0.685547 0.246094
vt 0.996094 0.246094
vt 0.574219 0.246094
vt 0.746094 0.246094
vt 0.574219 0.003906
vt 0.746094 0.003906
vt 0.996094 0.996094
vt 0.996094 0.753906
vt 0.753906 0.753906
vt 0.753906 0.855469
vt 0.753906 0.875000
vt 0.753906 0.855469
vt 0.773437 0.003906
vt 0.996094 0.875000
vt 0.996094 0.814453
vt 0.564453 0.003906
vt 0.996094 0.996094
vt 0.753906 0.996094
vt 0.996094 0.753906
vt 0.753906 0.753906
vt 0.996094 0.996094
vt 0.746094 0.003906
vt 0.996094 0.753906
vt 0.503906 0.246094
vt 0.996094 0.246094
vt 0.746094 0.246094
vt 0.503906 0.003906
vt 0.996094 0.996094
vt 0.996094 0.003906
vt 0.996094 0.753906
vt 0.753906 0.996094
vt 0.996094 0.996094
vt 0.753906 0.753906
vt 0.996094 0.753906
vt 0.996094 0.246094
vt 0.746094 0.246094
vt 0.503906 0.246094
vt 0.503906 0.375000
vt 0.996094 0.375000
vt 0.785156 0.378906
vt 0.996094 0.996094
vt 0.753906 0.996094
vt 0.996094 0.753906
vt 0.753906 0.753906
vt 0.996094 0.996094
vt 0.996094 0.003906
vt 0.996094 0.753906
vt 0.503906 0.003906
vt 0.996094 0.246094
vt 0.746094 0.246094
vt 0.503906 0.246094
vt 0.746094 0.375000
vt 0.785156 0.378906
vt 0.875000 0.996094
vt 0.875000 0.753906
vt 0.753906 0.855469
vt 0.875000 0.875000
vt 0.875000 0.996094
vt 0.875000 0.753906
vt 0.875000 0.996094
vt 0.875000 0.753906
vt 0.875000 0.996094
vt 0.875000 0.753906
vt 0.574219 0.125000
vt 0.746094 0.125000
vt 0.746094 0.125000
vt 0.996094 0.125000
vt 0.503906 0.125000
vt 0.996094 0.125000
vt 0.503906 0.125000
vt 0.625000 0.003906
vt 0.996094 0.875000
vt 0.773437 0.003906
vt 0.796875 0.246094
vt 0.625000 0.246094
vt 0.773438 0.246094
vt 0.753906 0.753906
vt 0.996094 0.875000
vt 0.753906 0.875000
vt 0.753906 0.875000
vt 0.753906 0.996094
vt 0.875000 0.875000
vt 0.625000 0.125000
vt 0.773437 0.125000
vt 0.564453 0.246094
vt 0.685547 0.246094
vt 0.564453 0.003906
vt 0.996094 0.814453
vt 0.753906 0.814453
vt 0.996094 0.814453
vt 0.875000 0.814453
vt 0.564453 0.125000
vt 0.785156 0.378906
vt 0.685547 0.375000
vt 0.753906 0.875000
vt 0.996094 0.875000
vt 0.871094 0.246094
vt 0.871094 0.375000
vt 0.785156 0.378906
vt 0.871094 0.003906
vt 0.996094 0.875000
vt 0.875000 0.875000
vt 0.871094 0.125000
vt 0.625000 0.003906
vt 0.996094 0.875000
vt 0.625000 0.246094
vt 0.753906 0.875000
vt 0.996094 0.875000
vt 0.875000 0.875000
vt 0.625000 0.125000
vt 0.625000 0.375000
vt 0.785156 0.378906
vt 0.871094 0.375000
vt 0.785156 0.378906
vt 0.753906 0.875000
vt 0.996094 0.875000
vt 0.871094 0.003906
vt 0.996094 0.875000
vt 0.871094 0.246094
vt 0.875000 0.875000
vt 0.871094 0.125000
vt 0.875000 0.935547
vt 0.753906 0.753906
vt 0.753906 0.875000
vt 0.785156 0.378906
vt 0.996094 0.375000
vt 0.628906 0.378906
vt 0.746094 0.375000
vt 0.785156 0.378906
vt 0.753906 0.753906
vt 0.996094 0.875000
vt 0.996094 0.753906
vt 0.753906 0.875000
vt 0.628906 0.246094
vt 0.996094 0.246094
vt 0.746094 0.246094
vt 0.746094 0.003906
vt 0.996094 0.875000
vt 0.996094 0.753906
vt 0.628906 0.003906
vt 0.996094 0.996094
vt 0.753906 0.996094
vt 0.753906 0.753906
vt 0.996094 0.753906
vt 0.996094 0.996094
vt 0.746094 0.003906
vt 0.996094 0.753906
vt 0.503906 0.246094
vt 0.996094 0.246094
vt 0.746094 0.246094
vt 0.996094 0.996094
vt 0.996094 0.003906
vt 0.503906 0.003906
vt 0.996094 0.753906
vt 0.753906 0.996094
vt 0.996094 0.996094
vt 0.753906 0.753906
vt 0.996094 0.753906
vt 0.996094 0.246094
vt 0.746094 0.246094
vt 0.503906 0.246094
vt 0.503906 0.375000
vt 0.996094 0.375000
vt 0.785156 0.378906
vt 0.996094 0.996094
vt 0.996094 0.003906
vt 0.503906 0.003906
vt 0.996094 0.753906
vt 0.746094 0.246094
vt 0.996094 0.246094
vt 0.503906 0.246094
vt 0.875000 0.753906
vt 0.875000 0.875000
vt 0.875000 0.996094
vt 0.875000 0.753906
vt 0.875000 0.996094
vt 0.875000 0.753906
vt 0.746094 0.125000
vt 0.628906 0.125000
vt 0.746094 0.125000
vt 0.996094 0.125000
vt 0.503906 0.125000
vt 0.996094 0.125000
vt 0.503906 0.125000
vt 0.875000 0.899219
vt 0.753906 0.996094
vt 0.996094 0.996094
vt 0.753906 0.753906
vt 0.996094 0.753906
vt 0.875000 0.996094
vt 0.875000 0.753906
vt 0.746094 0.375000
vt 0.785156 0.378906
vt 0.753906 0.875000
vt 0.996094 0.875000
vt 0.871094 0.246094
vt 0.871094 0.375000
vt 0.785156 0.378906
vt 0.871094 0.003906
vt 0.996094 0.875000
vt 0.875000 0.875000
vt 0.871094 0.125000
vt 0.625000 0.003906
vt 0.996094 0.875000
vt 0.625000 0.246094
vt 0.753906 0.875000
vt 0.996094 0.875000
vt 0.875000 0.875000
vt 0.625000 0.125000
vt 0.625000 0.375000
vt 0.785156 0.378906
vt 0.871094 0.375000
vt 0.785156 0.378906
vt 0.753906 0.875000
vt 0.996094 0.875000
vt 0.871094 0.003906
vt 0.996094 0.875000
vt 0.871094 0.246094
vt 0.875000 0.875000
vt 0.871094 0.125000
vt 0.753906 0.875000
vt 0.753906 0.875000
vt 0.753906 0.753906
vt 0.996094 0.875000
vt 0.996094 0.753906
vt 0.600781 0.246094
vt 0.653906 0.246094
vt 0.785156 0.378906
vt 0.996094 0.753906
vt 0.996094 0.875000
vt 0.753906 0.753906
vt 0.753906 0.875000
vt 0.996094 0.875000
vt 0.753906 0.855469
vt 0.753906 0.855469
vt 0.753906 0.855469
vt 0.673828 0.125000
vt 0.753906 0.855469
vt 0.753906 0.996094
vt 0.753906 0.753906
vt 0.753906 0.996094
vt 0.753906 0.753906
vt 0.753906 0.996094
vt 0.753906 0.753906
vt 0.753906 0.875000
vt 0.753906 0.814453
vt 0.753906 0.996094
vt 0.996094 0.996094
vt 0.753906 0.996094
vt 0.753906 0.875000
vt 0.996094 0.996094
vt 0.753906 0.753906
vt 0.785156 0.378906
vt 0.996094 0.371094
vt 0.996094 0.375000
vt 0.746094 0.371094
vt 0.871094 0.375000
vt 0.785156 0.378906
vt 0.785156 0.378906
vt 0.746094 0.375000
vt 0.625000 0.375000
vt 0.785156 0.378906
vt 0.753906 0.996094
vt 0.753906 0.753906
vt 0.996094 0.753906
vt 0.753906 0.996094
vt 0.753906 0.753906
vt 0.574219 0.246094
vt 0.996094 0.246094
vt 0.746094 0.246094
vt 0.574219 0.003906
vt 0.746094 0.003906
vt 0.996094 0.996094
vt 0.996094 0.753906
vt 0.753906 0.996094
vt 0.996094 0.996094
vt 0.753906 0.753906
vt 0.996094 0.753906
vt 0.996094 0.996094
vt 0.746094 0.003906
vt 0.996094 0.753906
vt 0.503906 0.246094
vt 0.996094 0.246094
vt 0.746094 0.246094
vt 0.503906 0.003906
vt 0.996094 0.996094
vt 0.996094 0.003906
vt 0.996094 0.753906
vt 0.753906 0.996094
vt 0.996094 0.996094
vt 0.753906 0.753906
vt 0.996094 0.753906
vt 0.996094 0.246094
vt 0.746094 0.246094
vt 0.503906 0.246094
vt 0.785156 0.378906
vt 0.503906 0.375000
vt 0.996094 0.375000
vt 0.753906 0.753906
vt 0.996094 0.996094
vt 0.753906 0.996094
vt 0.996094 0.753906
vt 0.996094 0.996094
vt 0.746094 0.003906
vt 0.996094 0.753906
vt 0.503906 0.246094
vt 0.996094 0.246094
vt 0.746094 0.246094
vt 0.996094 0.003906
vt 0.996094 0.996094
vt 0.996094 0.753906
vt 0.503906 0.003906
vt 0.753906 0.996094
vt 0.753906 0.753906
vt 0.996094 0.996094
vt 0.996094 0.753906
vt 0.996094 0.246094
vt 0.503906 0.246094
vt 0.746094 0.246094
vt 0.746093 0.375000
vt 0.785156 0.378906
vt 0.503906 0.375000
vt 0.996094 0.371094
vt 0.785156 0.378906
vt 0.996094 0.996094
vt 0.753906 0.996094
vt 0.753906 0.875000
vt 0.996094 0.875000
vt 0.996094 0.246094
vt 0.746094 0.246094
vt 0.871094 0.246094
vt 0.996094 0.003906
vt 0.996094 0.996094
vt 0.871094 0.003906
vt 0.996094 0.875000
vt 0.875000 0.996094
vt 0.875000 0.753906
vt 0.875000 0.996094
vt 0.875000 0.753906
vt 0.875000 0.996094
vt 0.875000 0.753906
vt 0.875000 0.996094
vt 0.875000 0.753906
vt 0.875000 0.996094
vt 0.875000 0.753906
vt 0.875000 0.996094
vt 0.875000 0.875000
vt 0.574219 0.125000
vt 0.746094 0.125000
vt 0.746094 0.125000
vt 0.996094 0.125000
vt 0.503906 0.125000
vt 0.746094 0.125000
vt 0.996094 0.125000
vt 0.503906 0.125000
vt 0.996094 0.125000
vt 0.871094 0.125000
vt 0.625000 0.003906
vt 0.996094 0.875000
vt 0.625000 0.246094
vt 0.753906 0.875000
vt 0.996094 0.875000
vt 0.753906 0.875000
vt 0.875000 0.875000
vt 0.625000 0.125000
vt 0.871094 0.246094
vt 0.753906 0.875000
vt 0.996094 0.875000
vt 0.871094 0.003906
vt 0.996094 0.875000
vt 0.875000 0.875000
vt 0.871094 0.125000
vt 0.871094 0.371094
vt 0.785156 0.378906
vt 0.753906 0.875000
vt 0.685547 0.003906
vt 0.996094 0.935547
vt 0.753906 0.935547
vt 0.996094 0.935547
vt 0.875000 0.935547
vt 0.685547 0.125000
vt 0.564453 0.246094
vt 0.685547 0.246094
vt 0.564453 0.375000
vt 0.785156 0.378906
vt 0.753906 0.935547
vt 0.685547 0.246094
vt 0.564453 0.246094
vt 0.564453 0.003906
vt 0.996094 0.814453
vt 0.996094 0.814453
vt 0.753906 0.814453
vt 0.875000 0.814453
vt 0.564453 0.125000
vt 0.685547 0.375000
vt 0.785156 0.378906
vt 0.753906 0.875000
vt 0.996094 0.875000
vt 0.871094 0.246094
vt 0.785156 0.378906
vt 0.871094 0.375000
vt 0.871094 0.003906
vt 0.996094 0.875000
vt 0.875000 0.875000
vt 0.871094 0.125000
vt 0.753906 0.875000
vt 0.625000 0.003906
vt 0.996094 0.875000
vt 0.625000 0.246094
vt 0.753906 0.875000
vt 0.996094 0.875000
vt 0.875000 0.875000
vt 0.625000 0.125000
vt 0.785156 0.378906
vt 0.625000 0.375000
vt 0.785156 0.378906
vt 0.871094 0.375000
vt 0.753906 0.875000
vt 0.996094 0.875000
vt 0.871094 0.003906
vt 0.996094 0.875000
vt 0.871094 0.246094
vt 0.875000 0.875000
vt 0.871094 0.125000
vt 0.753906 0.875000
vt 0.753906 0.753906
vt 0.753906 0.996094
vt 0.753906 0.996094
vt 0.753906 0.753906
vt 0.753906 0.996094
vt 0.753906 0.753906
vt 0.753906 0.875000
vt 0.753906 0.875000
vt 0.753906 0.875000
vt 0.753906 0.875000
vt 0.753906 0.875000
vt 0.753906 0.875000
vt 0.753906 0.753906
vt 0.753906 0.996094
vt 0.753906 0.996094
vt 0.753906 0.753906
vt 0.753906 0.996094
vt 0.753906 0.753906
vt 0.753906 0.996094
vt 0.753906 0.753906
vt 0.753906 0.996094
vt 0.753906 0.753906
vt 0.753906 0.996094
vt 0.753906 0.753906
vt 0.753906 0.753906
vt 0.753906 0.996094
vt 0.746094 0.375000
vt 0.785156 0.378906
vt 0.996094 0.375000
vt 0.871094 0.375000
vt 0.785156 0.378906
vt 0.996094 0.375000
vt 0.785156 0.378906
vt 0.503906 0.375000
vt 0.996094 0.375000
vt 0.785156 0.378906
vt 0.503906 0.375000
vt 0.785156 0.378906
vt 0.503906 0.378906
vt 0.996094 0.375000
vt 0.996094 0.375000
vt 0.785156 0.378906
vt 0.746094 0.375000
vt 0.875000 0.875000
vt 0.875000 0.753906
vt 0.996094 0.753906
vt 0.996094 0.996094
vt 0.753906 0.996094
vt 0.753906 0.753906
vt 0.746094 0.246094
vt 0.503906 0.246094
vt 0.996094 0.246094
vt 0.996094 0.753906
vt 0.996094 0.996094
vt 0.746094 0.003906
vt 0.871094 0.125000
vt 0.753906 0.125000
vt 0.753906 0.753906
vt 0.996094 0.996094
vt 0.753906 0.996094
vt 0.996094 0.753906
vt 0.996094 0.753906
vt 0.996094 0.996094
vt 0.753906 0.996094
vt 0.753906 0.753906
vt 0.996094 0.246094
vt 0.503906 0.246094
vt 0.746094 0.246094
vt 0.996094 0.753906
vt 0.996094 0.996094
vt 0.746094 0.003906
vt 0.503906 0.246094
vt 0.996094 0.246094
vt 0.746094 0.246094
vt 0.996094 0.753906
vt 0.996094 0.996094
vt 0.996094 0.003906
vt 0.503906 0.003906
vt 0.746094 0.125000
vt 0.746094 0.125000
vt 0.996094 0.125000
vt 0.503906 0.125000
vt 0.875000 0.996094
vt 0.875000 0.753906
vt 0.875000 0.996094
vt 0.875000 0.753906
vt 0.875000 0.996094
vt 0.875000 0.753906
vt 0.753906 0.246094
vt 0.871094 0.246094
vt 0.996094 0.246094
vt 0.996094 0.753906
vt 0.871094 0.003906
vt 0.996094 0.875000
vt 0.753906 0.003906
vt 0.996094 0.753906
vt 0.753906 0.875000
vt 0.996094 0.875000
vt 0.753906 0.753906
vt 0.753906 0.875000
vt 0.753906 0.753906
vt 0.996094 0.996094
vt 0.753906 0.996094
vt 0.753906 0.753906
vt 0.996094 0.753906
vt 0.996094 0.753906
vt 0.996094 0.996094
vt 0.753906 0.996094
vt 0.753906 0.753906
vt 0.996094 0.246094
vt 0.746094 0.246094
vt 0.746094 0.003906
vt 0.996094 0.753906
vt 0.996094 0.996094
vt 0.996094 0.003906
vt 0.996094 0.246094
vt 0.746094 0.246094
vt 0.503906 0.246094
vt 0.996094 0.753906
vt 0.996094 0.996094
vt 0.996094 0.003906
vt 0.503906 0.003906
vt 0.785156 0.378906
vt 0.746094 0.375000
vt 0.996094 0.371094
vt 0.875000 0.996094
vt 0.875000 0.753906
vt 0.875000 0.996094
vt 0.875000 0.753906
vt 0.996094 0.125000
vt 0.746094 0.125000
vt 0.503906 0.125000
vt 0.996094 0.125000
vt 0.996094 0.375000
vt 0.503906 0.375000
vt 0.785156 0.378906
vt 0.503906 0.375000
vt 0.996094 0.375000
vt 0.785156 0.378906
vt 0.746094 0.375000
vt 0.746094 0.371094
vt 0.785156 0.378906
vt 0.753906 0.996094
vt 0.753906 0.753906
vt 0.996094 0.753906
vt 0.996094 0.996094
vt 0.753906 0.996094
vt 0.753906 0.753906
vt 0.753906 0.003906
vt 0.996094 0.753906
vt 0.996094 0.996094
vt 0.996094 0.003906
vt 0.875000 0.996094
vt 0.875000 0.753906
vt 0.996094 0.125000
vt 0.753906 0.125000
vt 0.996094 0.996094
vt 0.753906 0.996094
vt 0.753906 0.753906
vt 0.996094 0.753906
vt 0.996094 0.753906
vt 0.996094 0.996094
vt 0.746094 0.003906
vt 0.996094 0.753906
vt 0.996094 0.996094
vt 0.753906 0.996094
vt 0.753906 0.753906
vt 0.996094 0.753906
vt 0.996094 0.996094
vt 0.753906 0.996094
vt 0.753906 0.753906
vt 0.996094 0.753906
vt 0.996094 0.996094
vt 0.753906 0.996094
vt 0.753906 0.753906
vt 0.996094 0.246094
vt 0.753906 0.246094
vt 0.503906 0.246094
vt 0.746094 0.246094
vt 0.996094 0.753906
vt 0.996094 0.996094
vt 0.753906 0.003906
vt 0.746094 0.003906
vt 0.746094 0.246094
vt 0.503906 0.246094
vt 0.996094 0.246094
vt 0.996094 0.246094
vt 0.746094 0.246094
vt 0.503906 0.246094
vt 0.503906 0.003906
vt 0.996094 0.753906
vt 0.996094 0.996094
vt 0.996094 0.003906
vt 0.753906 0.003906
vt 0.996094 0.753906
vt 0.996094 0.996094
vt 0.746094 0.003906
vt 0.753906 0.246094
vt 0.746094 0.246094
vt 0.503906 0.246094
vt 0.996094 0.246094
vt 0.996094 0.753906
vt 0.996094 0.996094
vt 0.996094 0.003906
vt 0.503906 0.003906
vt 0.996094 0.753906
vt 0.996094 0.996094
vt 0.753906 0.996094
vt 0.753906 0.753906
vt 0.503906 0.246094
vt 0.996094 0.246094
vt 0.746094 0.246094
vt 0.785156 0.378906
vt 0.746094 0.375000
vt 0.746094 0.125000
vt 0.753906 0.125000
vt 0.996094 0.125000
vt 0.503906 0.125000
vt 0.746094 0.125000
vt 0.753906 0.125000
vt 0.746094 0.125000
vt 0.996094 0.125000
vt 0.503906 0.125000
vt 0.875000 0.996094
vt 0.875000 0.753906
vt 0.875000 0.996094
vt 0.875000 0.753906
vt 0.875000 0.996094
vt 0.875000 0.753906
vt 0.875000 0.996094
vt 0.875000 0.753906
vt 0.875000 0.996094
vt 0.875000 0.753906
vt 0.785156 0.378906
vt 0.746094 0.375000
vt 0.746094 0.246094
vt 0.996094 0.246094
vt 0.753906 0.246094
vt 0.996094 0.814453
vt 0.808594 0.003906
vt 0.808594 0.246094
vt 0.933594 0.246094
vt 0.875000 0.814453
vt 0.808594 0.125000
vt 0.996094 0.814453
vt 0.753906 0.814453
vt 0.785156 0.378906
vt 0.933594 0.375000
vt 0.753906 0.814453
vt 0.625000 0.003906
vt 0.996094 0.875000
vt 0.753906 0.875000
vt 0.996094 0.875000
vt 0.625000 0.246094
vt 0.625000 0.125000
vt 0.875000 0.875000
vt 0.625000 0.375000
vt 0.785156 0.378906
vt 0.753906 0.875000
vt 0.996094 0.875000
vt 0.871094 0.003906
vt 0.996094 0.875000
vt 0.871094 0.246094
vt 0.871094 0.125000
vt 0.875000 0.875000
vt 0.871094 0.375000
vt 0.785156 0.378906
vt 0.753906 0.875000
vt 0.753906 0.875000
vt 0.996094 0.875000
vt 0.625000 0.003906
vt 0.996094 0.875000
vt 0.625000 0.125000
vt 0.625000 0.246094
vt 0.875000 0.875000
vt 0.625000 0.375000
vt 0.785156 0.378906
vt 0.871094 0.003906
vt 0.996094 0.875000
vt 0.871094 0.246094
vt 0.753906 0.875000
vt 0.996094 0.875000
vt 0.875000 0.875000
vt 0.871094 0.125000
vt 0.871094 0.371094
vt 0.785156 0.378906
vt 0.753906 0.875000
vt 0.875000 0.003906
vt 0.996094 0.875000
vt 0.875000 0.125000
vt 0.875000 0.875000
vt 0.753906 0.875000
vt 0.996094 0.875000
vt 0.871094 0.246094
vt 0.875000 0.246094
vt 0.785156 0.378906
vt 0.871094 0.375000
vt 0.785156 0.378906
vt 0.871094 0.375000
vt 0.753906 0.875000
vt 0.996094 0.875000
vt 0.875000 0.125000
vt 0.875000 0.875000
vt 0.875000 0.003906
vt 0.996094 0.875000
vt 0.871094 0.246094
vt 0.875000 0.246094
vt 0.625000 0.003906
vt 0.996094 0.875000
vt 0.625000 0.246094
vt 0.753906 0.875000
vt 0.996094 0.875000
vt 0.625000 0.125000
vt 0.875000 0.875000
vt 0.785156 0.378906
vt 0.625000 0.375000
vt 0.753906 0.875000
vt 0.996094 0.875000
vt 0.871094 0.003906
vt 0.996094 0.875000
vt 0.871094 0.246094
vt 0.871094 0.125000
vt 0.875000 0.875000
vt 0.785156 0.378906
vt 0.871094 0.375000
vt 0.625000 0.246094
vt 0.753906 0.875000
vt 0.996094 0.875000
vt 0.625000 0.003906
vt 0.996094 0.875000
vt 0.625000 0.125000
vt 0.875000 0.875000
vt 0.785156 0.378906
vt 0.625000 0.375000
vt 0.753906 0.875000
vt 0.753906 0.875000
vt 0.996094 0.875000
vt 0.871094 0.003906
vt 0.996094 0.875000
vt 0.871094 0.246094
vt 0.871094 0.125000
vt 0.875000 0.875000
vt 0.785156 0.378906
vt 0.871094 0.375000
vt 0.753906 0.875000
vt 0.753906 0.875000
vt 0.753906 0.875000
vt 0.753906 0.875000
vt 0.753906 0.875000
vt 0.753906 0.996094
vt 0.753906 0.753906
vt 0.753906 0.996094
vt 0.753906 0.753906
vt 0.753906 0.996094
vt 0.753906 0.753906
vt 0.753906 0.996094
vt 0.753906 0.753906
vt 0.753906 0.753906
vt 0.753906 0.996094
vt 0.746094 0.375000
vt 0.785156 0.378906
vt 0.871094 0.375000
vt 0.785156 0.378906
vt 0.996094 0.375000
vt 0.746094 0.375000
vt 0.785156 0.378906
vt 0.875000 0.875000
vt 0.996094 0.753906
vt 0.996094 0.996094
vt 0.753906 0.996094
vt 0.753906 0.753906
vt 0.503906 0.246094
vt 0.746094 0.246094
vt 0.996094 0.246094
vt 0.996094 0.753906
vt 0.996094 0.996094
vt 0.746094 0.003906
vt 0.871094 0.125000
vt 0.753906 0.753906
vt 0.996094 0.753906
vt 0.996094 0.996094
vt 0.753906 0.996094
vt 0.996094 0.753906
vt 0.996094 0.996094
vt 0.753906 0.996094
vt 0.753906 0.753906
vt 0.996094 0.246094
vt 0.503906 0.246094
vt 0.746094 0.246094
vt 0.996094 0.753906
vt 0.996094 0.996094
vt 0.746094 0.003906
vt 0.503906 0.246094
vt 0.996094 0.246094
vt 0.746094 0.246094
vt 0.996094 0.753906
vt 0.996094 0.996094
vt 0.996094 0.003906
vt 0.503906 0.003906
vt 0.746094 0.125000
vt 0.746094 0.125000
vt 0.996094 0.125000
vt 0.503906 0.125000
vt 0.875000 0.996094
vt 0.875000 0.753906
vt 0.875000 0.996094
vt 0.875000 0.753906
vt 0.875000 0.996094
vt 0.875000 0.753906
vt 0.871094 0.246094
vt 0.996094 0.875000
vt 0.871094 0.003906
vt 0.996094 0.875000
vt 0.753906 0.875000
vt 0.753906 0.875000
vt 0.996094 0.996094
vt 0.753906 0.996094
vt 0.753906 0.753906
vt 0.996094 0.753906
vt 0.996094 0.753906
vt 0.996094 0.996094
vt 0.753906 0.996094
vt 0.753906 0.753906
vt 0.996094 0.246094
vt 0.746094 0.246094
vt 0.746094 0.003906
vt 0.996094 0.753906
vt 0.996094 0.996094
vt 0.996094 0.003906
vt 0.996094 0.246094
vt 0.746094 0.246094
vt 0.503906 0.246094
vt 0.996094 0.753906
vt 0.996094 0.996094
vt 0.996094 0.003906
vt 0.503906 0.003906
vt 0.996094 0.371094
vt 0.746094 0.375000
vt 0.785156 0.378906
vt 0.875000 0.996094
vt 0.875000 0.753906
vt 0.875000 0.996094
vt 0.875000 0.753906
vt 0.996094 0.125000
vt 0.746094 0.125000
vt 0.503906 0.125000
vt 0.996094 0.125000
vt 0.996094 0.375000
vt 0.503906 0.375000
vt 0.785156 0.378906
vt 0.503906 0.375000
vt 0.996094 0.375000
vt 0.785156 0.378906
vt 0.746094 0.375000
vt 0.746094 0.371094
vt 0.785156 0.378906
vt 0.753906 0.996094
vt 0.753906 0.753906
vt 0.996094 0.753906
vt 0.996094 0.996094
vt 0.753906 0.996094
vt 0.753906 0.753906
vt 0.753906 0.003906
vt 0.996094 0.753906
vt 0.996094 0.996094
vt 0.996094 0.003906
vt 0.875000 0.996094
vt 0.875000 0.753906
vt 0.996094 0.125000
vt 0.753906 0.125000
vt 0.746094 0.246094
vt 0.996094 0.246094
vt 0.753906 0.246094
vt 0.996094 0.814453
vt 0.808594 0.003906
vt 0.808594 0.246094
vt 0.933594 0.246094
vt 0.875000 0.814453
vt 0.808594 0.125000
vt 0.996094 0.814453
vt 0.753906 0.814453
vt 0.933594 0.375000
vt 0.785156 0.378906
vt 0.753906 0.814453
vt 0.625000 0.003906
vt 0.996094 0.875000
vt 0.753906 0.875000
vt 0.996094 0.875000
vt 0.625000 0.246094
vt 0.625000 0.125000
vt 0.875000 0.875000
vt 0.625000 0.375000
vt 0.785156 0.378906
vt 0.753906 0.875000
vt 0.996094 0.875000
vt 0.871094 0.003906
vt 0.996094 0.875000
vt 0.871094 0.246094
vt 0.871094 0.125000
vt 0.875000 0.875000
vt 0.871094 0.375000
vt 0.785156 0.378906
vt 0.753906 0.875000
vt 0.753906 0.875000
vt 0.996094 0.875000
vt 0.625000 0.003906
vt 0.996094 0.875000
vt 0.625000 0.125000
vt 0.625000 0.246094
vt 0.875000 0.875000
vt 0.625000 0.375000
vt 0.785156 0.378906
vt 0.871094 0.003906
vt 0.996094 0.875000
vt 0.871094 0.246094
vt 0.753906 0.875000
vt 0.996094 0.875000
vt 0.875000 0.875000
vt 0.871094 0.125000
vt 0.871094 0.371094
vt 0.785156 0.378906
vt 0.753906 0.875000
vt 0.875000 0.003906
vt 0.996094 0.875000
vt 0.875000 0.125000
vt 0.875000 0.875000
vt 0.753906 0.875000
vt 0.996094 0.875000
vt 0.871094 0.246094
vt 0.875000 0.246094
vt 0.871094 0.375000
vt 0.785156 0.378906
vt 0.871094 0.375000
vt 0.785156 0.378906
vt 0.753906 0.875000
vt 0.996094 0.875000
vt 0.875000 0.125000
vt 0.875000 0.875000
vt 0.875000 0.003906
vt 0.996094 0.875000
vt 0.871094 0.246094
vt 0.875000 0.246094
vt 0.785156 0.378906
vt 0.785156 0.378906
vt 0.785156 0.378906
vt 0.785156 0.378906
vt 0.785156 0.378906
vt 0.785156 0.378906
vt 0.785156 0.378906
vt 0.785156 0.378906
vt 0.785156 0.378906
vt 0.785156 0.378906
vt 0.785156 0.378906
vt 0.785156 0.378906
vt 0.785156 0.378906
vt 0.785156 0.378906
vt 0.753906 0.753906
vt 0.753906 0.814453
vt 0.753906 0.875000
vt 0.753906 0.875000
vt 0.753906 0.875000
vt 0.753906 0.875000
vt 0.753906 0.753906
vt 0.753906 0.996094
vt 0.753906 0.996094
vt 0.753906 0.753906
vt 0.753906 0.996094
vt 0.753906 0.753906
vt 0.753906 0.996094
vt 0.753906 0.753906
vt 0.753906 0.753906
vt 0.753906 0.996094
vt 0.746094 0.375000
vt 0.785156 0.378906
vt 0.871094 0.375000
vt 0.996094 0.375000
vt 0.785156 0.378906
vt 0.785156 0.378906
vt 0.996094 0.375000
vt 0.933594 0.375000
vt 0.785400 0.379048
vt 0.996094 0.375000
vt 0.785156 0.378906
vt 0.746094 0.375000
vt 0.875000 0.875000
vt 0.875000 0.753906
vt 0.996094 0.753906
vt 0.996094 0.996094
vt 0.753906 0.996094
vt 0.753906 0.753906
vt 0.503906 0.246094
vt 0.746094 0.246094
vt 0.996094 0.246094
vt 0.996094 0.753906
vt 0.996094 0.996094
vt 0.746094 0.003906
vt 0.871094 0.125000
vt 0.753906 0.125000
vt 0.753906 0.753906
vt 0.996094 0.996094
vt 0.753906 0.996094
vt 0.996094 0.753906
vt 0.996094 0.753906
vt 0.996094 0.996094
vt 0.753906 0.996094
vt 0.753906 0.753906
vt 0.996094 0.246094
vt 0.503906 0.246094
vt 0.746094 0.246094
vt 0.996094 0.753906
vt 0.996094 0.996094
vt 0.746094 0.003906
vt 0.996094 0.246094
vt 0.746094 0.246094
vt 0.503906 0.246094
vt 0.503906 0.003906
vt 0.996094 0.753906
vt 0.996094 0.996094
vt 0.996094 0.003906
vt 0.746094 0.125000
vt 0.746094 0.125000
vt 0.996094 0.125000
vt 0.503906 0.125000
vt 0.875000 0.996094
vt 0.875000 0.753906
vt 0.875000 0.996094
vt 0.875000 0.753906
vt 0.875000 0.996094
vt 0.875000 0.753906
vt 0.996094 0.246094
vt 0.871094 0.246094
vt 0.753906 0.246094
vt 0.753906 0.003906
vt 0.996094 0.753906
vt 0.871094 0.003906
vt 0.996094 0.875000
vt 0.753906 0.875000
vt 0.996094 0.875000
vt 0.753906 0.753906
vt 0.996094 0.753906
vt 0.753906 0.753906
vt 0.753906 0.875000
vt 0.996094 0.996094
vt 0.753906 0.996094
vt 0.753906 0.753906
vt 0.996094 0.753906
vt 0.996094 0.753906
vt 0.996094 0.996094
vt 0.753906 0.996094
vt 0.753906 0.753906
vt 0.996094 0.246094
vt 0.746094 0.246094
vt 0.746094 0.003906
vt 0.996094 0.753906
vt 0.996094 0.996094
vt 0.996094 0.003906
vt 0.996094 0.246094
vt 0.746094 0.246094
vt 0.503906 0.246094
vt 0.503906 0.003906
vt 0.996094 0.753906
vt 0.996094 0.996094
vt 0.996094 0.003906
vt 0.996094 0.371094
vt 0.785156 0.378906
vt 0.746094 0.375000
vt 0.875000 0.996094
vt 0.875000 0.753906
vt 0.875000 0.996094
vt 0.875000 0.753906
vt 0.996094 0.125000
vt 0.746094 0.125000
vt 0.996094 0.125000
vt 0.503906 0.125000
vt 0.996094 0.375000
vt 0.503906 0.375000
vt 0.785156 0.378906
vt 0.503906 0.375000
vt 0.996094 0.375000
vt 0.785156 0.378906
vt 0.746094 0.375000
vt 0.746094 0.371094
vt 0.785156 0.378906
vt 0.753906 0.996094
vt 0.753906 0.753906
vt 0.996094 0.753906
vt 0.996094 0.996094
vt 0.753906 0.996094
vt 0.753906 0.753906
vt 0.996094 0.753906
vt 0.996094 0.996094
vt 0.996094 0.003906
vt 0.753906 0.003906
vt 0.875000 0.996094
vt 0.875000 0.753906
vt 0.753906 0.125000
vt 0.996094 0.125000
vt 0.996094 0.753906
vt 0.753906 0.003906
vt 0.996094 0.814453
vt 0.808594 0.003906
vt 0.996094 0.246094
vt 0.753906 0.246094
vt 0.808594 0.246094
vt 0.933594 0.246094
vt 0.996094 0.753906
vt 0.753906 0.753906
vt 0.996094 0.814453
vt 0.753906 0.814453
vt 0.753906 0.125000
vt 0.808594 0.125000
vt 0.875000 0.753906
vt 0.875000 0.814453
vt 0.746094 0.246094
vt 0.996094 0.246094
vt 0.753906 0.246094
vt 0.996094 0.814453
vt 0.808594 0.003906
vt 0.808594 0.246094
vt 0.933594 0.246094
vt 0.875000 0.814453
vt 0.808594 0.125000
vt 0.996094 0.814453
vt 0.753906 0.814453
vt 0.785156 0.378906
vt 0.933594 0.375000
vt 0.753906 0.814453
vt 0.625000 0.003906
vt 0.996094 0.875000
vt 0.753906 0.875000
vt 0.996094 0.875000
vt 0.625000 0.246094
vt 0.625000 0.125000
vt 0.875000 0.875000
vt 0.625000 0.375000
vt 0.785156 0.378906
vt 0.753906 0.875000
vt 0.996094 0.875000
vt 0.871094 0.003906
vt 0.996094 0.875000
vt 0.871094 0.246094
vt 0.871094 0.125000
vt 0.875000 0.875000
vt 0.871094 0.375000
vt 0.785156 0.378906
vt 0.753906 0.875000
vt 0.753906 0.875000
vt 0.996094 0.875000
vt 0.625000 0.003906
vt 0.996094 0.875000
vt 0.625000 0.125000
vt 0.625000 0.246094
vt 0.875000 0.875000
vt 0.625000 0.375000
vt 0.785156 0.378906
vt 0.871094 0.003906
vt 0.996094 0.875000
vt 0.871094 0.246094
vt 0.753906 0.875000
vt 0.996094 0.875000
vt 0.875000 0.875000
vt 0.871094 0.125000
vt 0.785156 0.378906
vt 0.871094 0.371094
vt 0.753906 0.875000
vt 0.875000 0.003906
vt 0.996094 0.875000
vt 0.875000 0.125000
vt 0.875000 0.875000
vt 0.753906 0.875000
vt 0.996094 0.875000
vt 0.871094 0.246094
vt 0.875000 0.246094
vt 0.785156 0.378906
vt 0.871094 0.375000
vt 0.785156 0.378906
vt 0.871094 0.375000
vt 0.753906 0.875000
vt 0.996094 0.875000
vt 0.875000 0.125000
vt 0.875000 0.875000
vt 0.875000 0.003906
vt 0.996094 0.875000
vt 0.871094 0.246094
vt 0.875000 0.246094
vt 0.753906 0.875000
vt 0.753906 0.875000
vt 0.753906 0.875000
vt 0.753906 0.875000
vt 0.753906 0.753906
vt 0.753906 0.996094
vt 0.753906 0.996094
vt 0.753906 0.753906
vt 0.753906 0.996094
vt 0.753906 0.753906
vt 0.753906 0.996094
vt 0.753906 0.753906
vt 0.753906 0.753906
vt 0.753906 0.996094
vt 0.746094 0.375000
vt 0.785156 0.378906
vt 0.746094 0.375000
vt 0.996094 0.375000
vt 0.785156 0.378906
vt 0.996094 0.753906
vt 0.996094 0.996094
vt 0.753906 0.996094
vt 0.753906 0.753906
vt 0.503906 0.246094
vt 0.746094 0.246094
vt 0.996094 0.246094
vt 0.996094 0.753906
vt 0.996094 0.996094
vt 0.746094 0.003906
vt 0.753906 0.753906
vt 0.996094 0.996094
vt 0.753906 0.996094
vt 0.996094 0.753906
vt 0.996094 0.753906
vt 0.996094 0.996094
vt 0.753906 0.996094
vt 0.753906 0.753906
vt 0.996094 0.246094
vt 0.503906 0.246094
vt 0.746094 0.246094
vt 0.996094 0.753906
vt 0.996094 0.996094
vt 0.746094 0.003906
vt 0.503906 0.246094
vt 0.996094 0.246094
vt 0.746094 0.246094
vt 0.996094 0.996094
vt 0.996094 0.003906
vt 0.503906 0.003906
vt 0.996094 0.753906
vt 0.746094 0.125000
vt 0.746094 0.125000
vt 0.996094 0.125000
vt 0.503906 0.125000
vt 0.875000 0.996094
vt 0.875000 0.753906
vt 0.875000 0.996094
vt 0.875000 0.753906
vt 0.875000 0.996094
vt 0.875000 0.753906
vt 0.996094 0.996094
vt 0.753906 0.996094
vt 0.753906 0.753906
vt 0.996094 0.753906
vt 0.996094 0.753906
vt 0.996094 0.996094
vt 0.753906 0.996094
vt 0.753906 0.753906
vt 0.996094 0.246094
vt 0.746094 0.246094
vt 0.746094 0.003906
vt 0.996094 0.753906
vt 0.996094 0.996094
vt 0.996094 0.003906
vt 0.996094 0.246094
vt 0.746094 0.246094
vt 0.503906 0.246094
vt 0.503906 0.003906
vt 0.996094 0.753906
vt 0.996094 0.996094
vt 0.996094 0.003906
vt 0.746094 0.375000
vt 0.996094 0.371094
vt 0.785156 0.378906
vt 0.875000 0.996094
vt 0.875000 0.753906
vt 0.875000 0.996094
vt 0.875000 0.753906
vt 0.996094 0.125000
vt 0.746094 0.125000
vt 0.996094 0.125000
vt 0.503906 0.125000
vt 0.996094 0.375000
vt 0.503906 0.375000
vt 0.785156 0.378906
vt 0.503906 0.375000
vt 0.996094 0.375000
vt 0.785156 0.378906
vt 0.746094 0.375000
vt 0.746094 0.371094
vt 0.785156 0.378906
vt 0.753906 0.996094
vt 0.753906 0.753906
vt 0.996094 0.753906
vt 0.996094 0.996094
vt 0.753906 0.996094
vt 0.753906 0.753906
vt 0.753906 0.003906
vt 0.996094 0.753906
vt 0.996094 0.996094
vt 0.996094 0.003906
vt 0.875000 0.996094
vt 0.875000 0.753906
vt 0.996094 0.125000
vt 0.753906 0.125000
vt 0.996094 0.246094
vt 0.746094 0.246094
vt 0.753906 0.246094
vt 0.996094 0.814453
vt 0.808594 0.003906
vt 0.808594 0.246094
vt 0.933594 0.246094
vt 0.875000 0.814453
vt 0.808594 0.125000
vt 0.996093 0.814453
vt 0.753906 0.814453
vt 0.933594 0.375000
vt 0.785156 0.378906
vt 0.753906 0.814453
vt 0.625000 0.003906
vt 0.996094 0.875000
vt 0.753906 0.875000
vt 0.996094 0.875000
vt 0.625000 0.246094
vt 0.625000 0.125000
vt 0.875000 0.875000
vt 0.625000 0.375000
vt 0.785156 0.378906
vt 0.753906 0.875000
vt 0.996094 0.875000
vt 0.871094 0.003906
vt 0.996094 0.875000
vt 0.871094 0.246094
vt 0.871094 0.125000
vt 0.875000 0.875000
vt 0.871094 0.375000
vt 0.785156 0.378906
vt 0.753906 0.875000
vt 0.753906 0.875000
vt 0.996094 0.875000
vt 0.625000 0.003906
vt 0.996094 0.875000
vt 0.625000 0.125000
vt 0.625000 0.246094
vt 0.875000 0.875000
vt 0.625000 0.375000
vt 0.785156 0.378906
vt 0.871094 0.003906
vt 0.996094 0.875000
vt 0.871094 0.246094
vt 0.753906 0.875000
vt 0.996094 0.875000
vt 0.875000 0.875000
vt 0.871094 0.125000
vt 0.871094 0.371094
vt 0.785156 0.378906
vt 0.753906 0.875000
vt 0.875000 0.003906
vt 0.996094 0.875000
vt 0.875000 0.125000
vt 0.875000 0.875000
vt 0.753906 0.875000
vt 0.996094 0.875000
vt 0.871094 0.246094
vt 0.875000 0.246094
vt 0.871094 0.375000
vt 0.785156 0.378906
vt 0.871094 0.375000
vt 0.785156 0.378906
vt 0.753906 0.875000
vt 0.996094 0.875000
vt 0.875000 0.125000
vt 0.875000 0.875000
vt 0.875000 0.003906
vt 0.996094 0.875000
vt 0.871094 0.246094
vt 0.875000 0.246094
vt 0.785156 0.378906
vt 0.785156 0.378906
vt 0.785156 0.378906
vt 0.503906 0.937500
vt 0.746094 0.937500
vt 0.628906 0.937500
vt 0.628906 0.937500
vt 0.753906 0.875000
vt 0.746094 0.937500
vt 0.996094 0.875000
vt 0.875000 0.875000
vt 0.653906 0.125000
vt 0.785156 0.378906
vt 0.600781 0.375000
vt 0.753906 0.899219
vt 0.996094 0.814453
vt 0.653906 0.003906
vt 0.996094 0.899219
vt 0.753906 0.814453
vt 0.996094 0.814453
vt 0.564453 0.125000
vt 0.685547 0.375000
vt 0.785156 0.378906
vt 0.566406 0.753906
vt 2.273438 -0.601562
vt 0.785156 0.378906
vt 0.896484 0.371094
vt 0.896484 0.246094
vt 0.673828 0.246094
vt 0.785156 0.378906
vt 0.996094 0.814453
vt 0.808594 0.003906
vt 0.808594 0.246094
vt 0.933594 0.246094
vt 0.785156 0.378906
vt 0.933594 0.375000
vt 0.996094 0.814453
vt 0.753906 0.814453
vt 0.875000 0.814453
vt 0.808594 0.125000
vt 0.785156 0.378906
vt 0.785156 0.378906
vt 0.785156 0.378906
vt 0.808594 0.375000
vt 0.753906 0.935547
vt 0.996094 0.935547
vt 0.875000 0.935547
vt 0.933594 0.125000
vt 0.753906 0.905273
vt 0.566406 0.878906
vt 0.933594 0.003906
vt 0.996094 0.935547
vt 0.808594 0.246094
vt 0.933594 0.246094
vt 0.785156 0.378906
vt 0.785156 0.378906
vt 0.785156 0.378906
vt 0.785156 0.378906
vt 0.839844 0.375000
vt 0.753906 0.905273
vt 0.996094 0.905273
vt 0.875000 0.905274
vt 0.902344 0.125000
vt 0.753906 0.753906
vt 0.753906 0.996094
vt 0.753906 0.996094
vt 0.753906 0.753906
vt 0.753906 0.875000
vt 0.753906 0.875000
vt 0.753906 0.875000
vt 0.753906 0.875000
vt 0.753906 0.875000
vt 0.753906 0.753906
vt 0.753906 0.996094
vt 0.753906 0.996094
vt 0.753906 0.753906
vt 0.753906 0.996094
vt 0.753906 0.753906
vt 0.753906 0.996094
vt 0.753906 0.753906
vt 0.753906 0.753906
vt 0.753906 0.996094
vt 0.785156 0.378906
vt 0.746094 0.375000
vt 0.996094 0.375000
vt 0.785156 0.378906
vt 0.871094 0.375000
vt 0.996094 0.375000
vt 0.503906 0.375000
vt 0.785156 0.378906
vt 0.996094 0.375000
vt 0.746094 0.375000
vt 0.785156 0.378906
vt 0.875000 0.875000
vt 0.875000 0.753906
vt 0.996094 0.753906
vt 0.996094 0.996094
vt 0.753906 0.996094
vt 0.753906 0.753906
vt 0.503906 0.246094
vt 0.746094 0.246094
vt 0.996094 0.246094
vt 0.996094 0.753906
vt 0.996094 0.996094
vt 0.746094 0.003906
vt 0.871094 0.125000
vt 0.753906 0.125000
vt 0.753906 0.753906
vt 0.996094 0.996094
vt 0.753906 0.996094
vt 0.996094 0.753906
vt 0.996094 0.753906
vt 0.996094 0.996094
vt 0.753906 0.996094
vt 0.753906 0.753906
vt 0.996094 0.246094
vt 0.503906 0.246094
vt 0.746094 0.246094
vt 0.996094 0.753906
vt 0.996094 0.996094
vt 0.746094 0.003906
vt 0.503906 0.246094
vt 0.996094 0.246094
vt 0.746094 0.246094
vt 0.503906 0.003906
vt 0.996094 0.753906
vt 0.996094 0.996094
vt 0.996094 0.003906
vt 0.746094 0.125000
vt 0.746094 0.125000
vt 0.996094 0.125000
vt 0.503906 0.125000
vt 0.875000 0.996094
vt 0.875000 0.753906
vt 0.875000 0.996094
vt 0.875000 0.753906
vt 0.875000 0.996094
vt 0.875000 0.753906
vt 0.753906 0.246094
vt 0.871094 0.246094
vt 0.996094 0.246094
vt 0.996094 0.753906
vt 0.871094 0.003906
vt 0.996094 0.875000
vt 0.753906 0.003906
vt 0.996094 0.753906
vt 0.753906 0.875000
vt 0.996094 0.875000
vt 0.753906 0.753906
vt 0.753906 0.875000
vt 0.753906 0.753906
vt 0.996094 0.996094
vt 0.753906 0.996094
vt 0.753906 0.753906
vt 0.996094 0.753906
vt 0.996094 0.753906
vt 0.996094 0.996094
vt 0.753906 0.996094
vt 0.753906 0.753906
vt 0.996094 0.246094
vt 0.746094 0.246094
vt 0.996094 0.753906
vt 0.996094 0.996094
vt 0.996094 0.003906
vt 0.746094 0.003906
vt 0.503906 0.246094
vt 0.996094 0.246094
vt 0.746094 0.246094
vt 0.996094 0.753906
vt 0.996094 0.996094
vt 0.996094 0.003906
vt 0.503906 0.003906
vt 0.746094 0.375000
vt 0.996094 0.371094
vt 0.785156 0.378906
vt 0.875000 0.996094
vt 0.875000 0.753906
vt 0.875000 0.996094
vt 0.875000 0.753906
vt 0.746094 0.125000
vt 0.996094 0.125000
vt 0.996094 0.125000
vt 0.503906 0.125000
vt 0.996094 0.375000
vt 0.785156 0.378906
vt 0.503906 0.375000
vt 0.785156 0.378906
vt 0.503906 0.375000
vt 0.996094 0.375000
vt 0.746094 0.375000
vt 0.746094 0.371094
vt 0.785156 0.378906
vt 0.753906 0.996094
vt 0.753906 0.753906
vt 0.996094 0.753906
vt 0.996094 0.996094
vt 0.753906 0.996094
vt 0.753906 0.753906
vt 0.753906 0.003906
vt 0.996094 0.753906
vt 0.996094 0.996094
vt 0.996094 0.003906
vt 0.875000 0.996094
vt 0.875000 0.753906
vt 0.996094 0.125000
vt 0.753906 0.125000
vt 0.996094 0.996094
vt 0.753906 0.996094
vt 0.753906 0.753906
vt 0.996094 0.753906
vt 0.996094 0.753906
vt 0.996094 0.996094
vt 0.746094 0.003906
vt 0.753906 0.003906
vt 0.753906 0.246094
vt 0.746094 0.246094
vt 0.503906 0.246094
vt 0.996094 0.246094
vt 0.996094 0.753906
vt 0.996094 0.996094
vt 0.996094 0.003906
vt 0.503906 0.003906
vt 0.996094 0.753906
vt 0.996094 0.996094
vt 0.753906 0.996094
vt 0.753906 0.753906
vt 0.503906 0.246094
vt 0.996094 0.246094
vt 0.746094 0.246094
vt 0.746094 0.375000
vt 0.785156 0.378906
vt 0.746094 0.125000
vt 0.753906 0.125000
vt 0.996094 0.125000
vt 0.503906 0.125000
vt 0.875000 0.996094
vt 0.875000 0.753906
vt 0.875000 0.996094
vt 0.875000 0.753906
vt 0.746094 0.246094
vt 0.996094 0.246094
vt 0.753906 0.246094
vt 0.996094 0.814453
vt 0.808594 0.003906
vt 0.808594 0.246094
vt 0.933594 0.246094
vt 0.875000 0.814453
vt 0.808594 0.125000
vt 0.996094 0.814453
vt 0.753906 0.814453
vt 0.785156 0.378906
vt 0.933594 0.375000
vt 0.753906 0.814453
vt 0.625000 0.003906
vt 0.996094 0.875000
vt 0.753906 0.875000
vt 0.996094 0.875000
vt 0.625000 0.246094
vt 0.625000 0.125000
vt 0.875000 0.875000
vt 0.785156 0.378906
vt 0.625000 0.375000
vt 0.753906 0.875000
vt 0.996094 0.875000
vt 0.871094 0.003906
vt 0.996094 0.875000
vt 0.871094 0.246094
vt 0.871094 0.125000
vt 0.875000 0.875000
vt 0.785156 0.378906
vt 0.871094 0.375000
vt 0.753906 0.875000
vt 0.753906 0.875000
vt 0.996094 0.875000
vt 0.625000 0.003906
vt 0.996094 0.875000
vt 0.625000 0.125000
vt 0.625000 0.246094
vt 0.875000 0.875000
vt 0.785156 0.378906
vt 0.625000 0.375000
vt 0.871094 0.003906
vt 0.996094 0.875000
vt 0.871094 0.246094
vt 0.753906 0.875000
vt 0.996094 0.875000
vt 0.875000 0.875000
vt 0.871094 0.125000
vt 0.871094 0.371094
vt 0.785156 0.378906
vt 0.753906 0.875000
vt 0.875000 0.003906
vt 0.996094 0.875000
vt 0.875000 0.125000
vt 0.875000 0.875000
vt 0.753906 0.875000
vt 0.996094 0.875000
vt 0.871094 0.246094
vt 0.875000 0.246094
vt 0.871094 0.375000
vt 0.785156 0.378906
vt 0.871094 0.375000
vt 0.785156 0.378906
vt 0.753906 0.875000
vt 0.996094 0.875000
vt 0.875000 0.125000
vt 0.875000 0.875000
vt 0.875000 0.003906
vt 0.996094 0.875000
vt 0.871094 0.246094
vt 0.875000 0.246094
vt 0.625000 0.003906
vt 0.996094 0.875000
vt 0.625000 0.246094
vt 0.753906 0.875000
vt 0.996094 0.875000
vt 0.625000 0.125000
vt 0.875000 0.875000
vt 0.625000 0.375000
vt 0.785156 0.378906
vt 0.753906 0.875000
vt 0.753906 0.875000
vt 0.753906 0.875000
vt 0.753906 0.875000
vt 0.753906 0.996094
vt 0.753906 0.753906
vt 0.753906 0.996094
vt 0.753906 0.753906
vt 0.753906 0.996094
vt 0.753906 0.753906
vt 0.753906 0.996094
vt 0.753906 0.753906
vt 0.753906 0.753906
vt 0.753906 0.996094
vt 0.785156 0.378906
vt 0.746094 0.375000
vt 0.785156 0.378906
vt 0.871094 0.375000
vt 0.996094 0.375000
vt 0.996094 0.375000
vt 0.785156 0.378906
vt 0.746094 0.375000
vt 0.875000 0.875000
vt 0.875000 0.753906
vt 0.996094 0.753906
vt 0.996094 0.996094
vt 0.753906 0.996094
vt 0.753906 0.753906
vt 0.746094 0.246094
vt 0.503906 0.246094
vt 0.996094 0.246094
vt 0.996094 0.753906
vt 0.996094 0.996094
vt 0.746094 0.003906
vt 0.871094 0.125000
vt 0.753906 0.125000
vt 0.996094 0.753906
vt 0.996094 0.996094
vt 0.753906 0.996094
vt 0.753906 0.753906
vt 0.996094 0.753906
vt 0.996094 0.996094
vt 0.753906 0.996094
vt 0.753906 0.753906
vt 0.996094 0.246094
vt 0.503906 0.246094
vt 0.746094 0.246094
vt 0.996094 0.753906
vt 0.996094 0.996094
vt 0.746094 0.003906
vt 0.996094 0.246094
vt 0.746094 0.246094
vt 0.503906 0.246094
vt 0.996094 0.753906
vt 0.996094 0.996094
vt 0.996094 0.003906
vt 0.503906 0.003906
vt 0.746094 0.125000
vt 0.746094 0.125000
vt 0.503906 0.125000
vt 0.996094 0.125000
vt 0.875000 0.996094
vt 0.875000 0.753906
vt 0.875000 0.996094
vt 0.875000 0.753906
vt 0.875000 0.996094
vt 0.875000 0.753906
vt 0.996094 0.246094
vt 0.871094 0.246094
vt 0.753906 0.246094
vt 0.753906 0.003906
vt 0.996094 0.753906
vt 0.871094 0.003906
vt 0.996094 0.875000
vt 0.996094 0.753906
vt 0.753906 0.875000
vt 0.996094 0.875000
vt 0.753906 0.753906
vt 0.753906 0.875000
vt 0.753906 0.753906
vt 0.996094 0.996094
vt 0.753906 0.996094
vt 0.753906 0.753906
vt 0.996094 0.753906
vt 0.996094 0.753906
vt 0.996094 0.996094
vt 0.753906 0.996094
vt 0.753906 0.753906
vt 0.996094 0.246094
vt 0.746094 0.246094
vt 0.746094 0.003906
vt 0.996094 0.753906
vt 0.996094 0.996094
vt 0.996094 0.003906
vt 0.996094 0.246094
vt 0.746094 0.246094
vt 0.503906 0.246094
vt 0.996094 0.753906
vt 0.996094 0.996094
vt 0.996094 0.003906
vt 0.503906 0.003906
vt 0.996094 0.371094
vt 0.785156 0.378906
vt 0.746094 0.375000
vt 0.875000 0.996094
vt 0.875000 0.753906
vt 0.875000 0.996094
vt 0.875000 0.753906
vt 0.996094 0.125000
vt 0.746094 0.125000
vt 0.503906 0.125000
vt 0.996094 0.125000
vt 0.996094 0.375000
vt 0.785156 0.378906
vt 0.503906 0.375000
vt 0.785156 0.378906
vt 0.503906 0.375000
vt 0.996094 0.375000
vt 0.746094 0.375000
vt 0.785156 0.378906
vt 0.746094 0.371094
vt 0.753906 0.996094
vt 0.753906 0.753906
vt 0.996094 0.753906
vt 0.996094 0.996094
vt 0.753906 0.996094
vt 0.753906 0.753906
vt 0.753906 0.003906
vt 0.996094 0.753906
vt 0.996094 0.996094
vt 0.996094 0.003906
vt 0.875000 0.996094
vt 0.875000 0.753906
vt 0.996094 0.125000
vt 0.753906 0.125000
vt 0.746094 0.246094
vt 0.996094 0.246094
vt 0.753906 0.246094
vt 0.996094 0.814453
vt 0.808594 0.003906
vt 0.808594 0.246094
vt 0.933594 0.246094
vt 0.875000 0.814453
vt 0.808594 0.125000
vt 0.996094 0.814453
vt 0.753906 0.814453
vt 0.785156 0.378906
vt 0.933594 0.375000
vt 0.753906 0.814453
vt 0.625000 0.003906
vt 0.996094 0.875000
vt 0.753906 0.875000
vt 0.996094 0.875000
vt 0.625000 0.246094
vt 0.625000 0.125000
vt 0.875000 0.875000
vt 0.785156 0.378906
vt 0.625000 0.375000
vt 0.753906 0.875000
vt 0.996094 0.875000
vt 0.871094 0.003906
vt 0.996094 0.875000
vt 0.871094 0.246094
vt 0.871094 0.125000
vt 0.875000 0.875000
vt 0.785156 0.378906
vt 0.871094 0.375000
vt 0.753906 0.875000
vt 0.753906 0.875000
vt 0.996094 0.875000
vt 0.625000 0.003906
vt 0.996094 0.875000
vt 0.625000 0.125000
vt 0.625000 0.246094
vt 0.875000 0.875000
vt 0.785156 0.378906
vt 0.625000 0.375000
vt 0.871094 0.003906
vt 0.996094 0.875000
vt 0.871094 0.246094
vt 0.753906 0.875000
vt 0.996094 0.875000
vt 0.875000 0.875000
vt 0.871094 0.125000
vt 0.785156 0.378906
vt 0.871094 0.371094
vt 0.753906 0.875000
vt 0.875000 0.003906
vt 0.996094 0.875000
vt 0.875000 0.125000
vt 0.875000 0.875000
vt 0.753906 0.875000
vt 0.996094 0.875000
vt 0.871094 0.246094
vt 0.875000 0.246094
vt 0.785156 0.378906
vt 0.871094 0.375000
vt 0.785156 0.378906
vt 0.871094 0.375000
vt 0.753906 0.875000
vt 0.996094 0.875000
vt 0.875000 0.125000
vt 0.875000 0.875000
vt 0.875000 0.003906
vt 0.996094 0.875000
vt 0.871094 0.246094
vt 0.875000 0.246094
vt 0.753906 0.875000
vt 0.753906 0.875000
vt 0.753906 0.875000
vt 0.753906 0.875000
vt 0.753906 0.753906
vt 0.753906 0.996094
vt 0.753906 0.996094
vt 0.753906 0.753906
vt 0.753906 0.996094
vt 0.753906 0.753906
vt 0.753906 0.753906
vt 0.753906 0.996094
vt 0.753906 0.753906
vt 0.753906 0.996094
vt 0.746094 0.375000
vt 0.785400 0.379048
vt 0.996094 0.375000
vt 0.785156 0.378906
vt 0.746094 0.375000
vt 0.753906 0.753906
vt 0.996094 0.996094
vt 0.753906 0.996094
vt 0.996094 0.753906
vt 0.996094 0.246094
vt 0.503906 0.246094
vt 0.746094 0.246094
vt 0.996094 0.753906
vt 0.996094 0.996094
vt 0.746094 0.003906
vt 0.753906 0.753906
vt 0.996094 0.996094
vt 0.753906 0.996094
vt 0.996094 0.753906
vt 0.996094 0.753906
vt 0.996094 0.996094
vt 0.753906 0.996094
vt 0.753906 0.753906
vt 0.996094 0.246094
vt 0.503906 0.246094
vt 0.746094 0.246094
vt 0.996094 0.753906
vt 0.996094 0.996094
vt 0.746094 0.003906
vt 0.996094 0.246094
vt 0.746094 0.246094
vt 0.503906 0.246094
vt 0.503906 0.003906
vt 0.996094 0.753906
vt 0.996094 0.996094
vt 0.996094 0.003906
vt 0.746094 0.125000
vt 0.746094 0.125000
vt 0.996094 0.125000
vt 0.503906 0.125000
vt 0.875000 0.996094
vt 0.875000 0.753906
vt 0.875000 0.996094
vt 0.875000 0.753906
vt 0.875000 0.996094
vt 0.875000 0.753906
vt 0.996094 0.996094
vt 0.753906 0.996094
vt 0.753906 0.753906
vt 0.996094 0.753906
vt 0.996094 0.753906
vt 0.996094 0.996094
vt 0.753906 0.996094
vt 0.753906 0.753906
vt 0.996094 0.246094
vt 0.746094 0.246094
vt 0.746094 0.003906
vt 0.996094 0.753906
vt 0.996094 0.996094
vt 0.996094 0.003906
vt 0.996094 0.246094
vt 0.746094 0.246094
vt 0.503906 0.246094
vt 0.503906 0.003906
vt 0.996094 0.753906
vt 0.996094 0.996094
vt 0.996094 0.003906
vt 0.996094 0.371094
vt 0.785156 0.378906
vt 0.746094 0.375000
vt 0.875000 0.996094
vt 0.875000 0.753906
vt 0.875000 0.996094
vt 0.875000 0.753906
vt 0.996094 0.125000
vt 0.746094 0.125000
vt 0.996094 0.125000
vt 0.503906 0.125000
vt 0.503906 0.375000
vt 0.996094 0.375000
vt 0.785400 0.379048
vt 0.503906 0.375000
vt 0.996094 0.375000
vt 0.785400 0.379048
vt 0.746094 0.375000
vt 0.785156 0.378906
vt 0.746094 0.371094
vt 0.785400 0.379048
vt 0.753906 0.996094
vt 0.753906 0.753906
vt 0.996094 0.753906
vt 0.996094 0.996094
vt 0.753906 0.996094
vt 0.753906 0.753906
vt 0.996094 0.753906
vt 0.996094 0.996094
vt 0.996094 0.003906
vt 0.753906 0.003906
vt 0.875000 0.996094
vt 0.875000 0.753906
vt 0.753906 0.125000
vt 0.996094 0.125000
vt 0.746094 0.246094
vt 0.996094 0.246094
vt 0.753906 0.246094
vt 0.625000 0.003906
vt 0.996094 0.875000
vt 0.753906 0.875000
vt 0.996094 0.875000
vt 0.625000 0.246094
vt 0.625000 0.125000
vt 0.875000 0.875000
vt 0.625000 0.375000
vt 0.785400 0.379048
vt 0.753906 0.875000
vt 0.996094 0.875000
vt 0.871094 0.003906
vt 0.996094 0.875000
vt 0.871094 0.246094
vt 0.871094 0.125000
vt 0.875000 0.875000
vt 0.871094 0.375000
vt 0.785400 0.379048
vt 0.753906 0.875000
vt 0.753906 0.875000
vt 0.996094 0.875000
vt 0.625000 0.003906
vt 0.996094 0.875000
vt 0.625000 0.125000
vt 0.625000 0.246094
vt 0.875000 0.875000
vt 0.625000 0.375000
vt 0.785400 0.379048
vt 0.871094 0.003906
vt 0.996094 0.875000
vt 0.871094 0.246094
vt 0.753906 0.875000
vt 0.996094 0.875000
vt 0.875000 0.875000
vt 0.871094 0.125000
vt 0.785156 0.378906
vt 0.871094 0.371094
vt 0.753906 0.875000
vt 0.875000 0.003906
vt 0.996094 0.875000
vt 0.875000 0.125000
vt 0.875000 0.875000
vt 0.753906 0.875000
vt 0.996094 0.875000
vt 0.871094 0.246094
vt 0.875000 0.246094
vt 0.785156 0.378906
vt 0.871094 0.375000
vt 0.785156 0.378906
vt 0.871094 0.375000
vt 0.753906 0.875000
vt 0.996094 0.875000
vt 0.875000 0.125000
vt 0.875000 0.875000
vt 0.875000 0.003906
vt 0.996094 0.875000
vt 0.871094 0.246094
vt 0.875000 0.246094
vt 0.785156 0.378906
vt 0.000000 0.000000
vt 0.027344 0.753906
vt 0.000000 0.000000
vt 0.171537 0.375336
vt 0.125000 0.375000
vt 0.130859 0.375000
vt 0.160156 0.375000
vt 0.148438 0.375000
vt 0.171875 0.375000
vt 0.085938 0.375000
vt 0.171537 0.375336
vt 0.130859 0.375000
vt 0.125000 0.375000
vt 0.171875 0.125139
vt 0.257812 0.250000
vt 0.000000 0.000000
vt 0.171875 0.125139
vt 0.000000 0.000000
vt 0.085938 0.375000
vt 0.160156 0.375000
vt 0.148438 0.375000
vt 0.171875 0.375000
vt 0.171875 0.375000
vt 0.000000 0.000000
vt 0.257812 0.375000
vt 0.171875 0.125000
vt 0.085938 0.125000
vt 0.000000 0.000000
vt 0.174101 0.478733
vt 0.125073 0.626252
vt 0.130923 0.563613
vt 0.085938 0.375000
vt 0.171875 0.125139
vt 0.257812 0.250000
vt 0.000000 0.000000
vt 0.171875 0.125139
vt 0.085938 0.375000
vt 0.000000 0.000000
vt 0.171875 0.375000
vt 0.000000 0.000000
vt 0.257812 0.375000
vt 0.171875 0.125000
vt 0.085938 0.125000
vt 0.174101 0.478733
vt 0.125073 0.626252
vt 0.130923 0.563613
vt 0.329691 0.123183
vt 0.152060 0.390300
vt 0.085938 0.373079
vt 0.331163 0.374025
vt 0.329691 0.123183
vt 0.152060 0.390300
vt 0.085938 0.373079
vt 0.331163 0.374025
vt -0.000170 0.433853
vt 0.000000 0.375000
vt 0.000000 0.000000
vt 0.173076 0.437374
vt -0.000170 0.433853
vt 0.000000 0.375000
vt 0.000000 0.000000
vt 0.173076 0.437374
vt 0.085938 0.373079
vt 0.331163 0.374025
vt 0.148474 0.375695
vt 0.085938 0.373079
vt 0.331163 0.374025
vt 0.148474 0.375695
vt 0.136719 0.375000
vt 0.136773 0.500974
vt 0.125073 0.626252
vt 0.566406 0.878906
vt 0.136719 0.375000
vt 0.136773 0.500974
vt 0.125073 0.626252
vt 0.687500 0.878906
vt 0.172988 0.301866
vt 0.130019 0.301866
vt 0.042827 0.424044
vt 0.172988 0.301866
vt 0.130019 0.301866
vt 0.042827 0.424044
vt 0.123634 0.046194
vt 0.165582 0.187012
vt 0.123634 0.046194
vt 0.165582 0.187012
vt 0.082791 0.093506
vt 0.082423 0.030796
vt 0.082791 0.093506
vt 0.271793 0.186813
vt 0.329691 0.123183
vt 0.085938 0.375000
vt 0.085938 0.373079
vt 0.085938 0.125000
vt 0.125000 0.375000
vt 0.125073 0.626252
vt 0.125073 0.626252
vt 0.746094 0.878906
vt 0.503906 0.878906
vt 0.082423 0.030796
vt 0.329691 0.123183
vt 0.271793 0.186813
vt 0.000000 0.000000
vt 0.085938 0.373079
vt 0.085938 0.125000
vt 0.171875 0.183157
vt 0.085938 0.375000
vt 0.000000 0.000000
vt 0.160174 0.250417
vt 0.330062 0.186384
vt 0.021271 0.448566
vt 0.248373 0.280519
vt 0.247268 0.092387
vt 0.173076 0.437374
vt 0.174101 0.478733
vt 0.171537 0.375336
vt 0.173076 0.437374
vt 0.152060 0.390300
vt 0.174101 0.478733
vt 0.171537 0.375336
vt 0.160174 0.250417
vt 0.000000 0.000000
vt 0.000000 0.000000
vt 0.085938 0.375000
vt 0.000000 0.000000
vt 0.085938 0.125000
vt 0.330062 0.186384
vt 0.085938 0.373079
vt 0.331163 0.374025
vt 0.000000 0.000000
vt 0.160724 0.060052
vt 0.165582 0.187012
vt 0.082791 0.093506
vt 0.082423 0.030796
vt 0.085938 0.373079
vt 0.000000 0.000000
vt 0.247268 0.092387
vt 0.248373 0.280519
vt 0.247268 0.092387
vt 0.000000 0.000000
vt 0.160724 0.060052
vt 0.173076 0.437374
vt 0.177684 0.066389
vt 0.174101 0.478733
vt 0.000000 0.000000
vt 0.628906 0.878906
vt 0.085938 0.373079
vt 0.628906 0.753906
vt 0.000000 0.000000
vt 0.628906 0.996094
vt 0.257812 0.250000
vt 0.339844 0.371094
vt 0.000000 0.000000
vt 0.000000 0.000000
vt 0.000000 0.000000
vt 0.178328 0.308105
vt 0.000000 0.000000
vt 0.000000 0.000000
vt 0.000000 0.000000
vt 0.129879 0.328643
vt 0.148474 0.375695
vt 0.147690 0.230900
vt 0.136026 0.508977
vt 0.136773 0.500974
vt 0.115450 0.422869
vt 0.000000 0.000000
vt 0.628906 0.878906
vt 0.000000 0.000000
vt 0.000000 0.000000
vt 0.746094 0.753906
vt 0.628906 0.753906
vt 0.171875 0.183157
vt 0.085938 0.375000
vt 0.000000 0.000000
vt 0.160174 0.250417
vt 0.330062 0.186384
vt 0.021271 0.448566
vt 0.248373 0.280519
vt 0.247268 0.092387
vt 0.173076 0.437374
vt 0.174101 0.478733
vt 0.171537 0.375336
vt 0.173076 0.437374
vt 0.152060 0.390300
vt 0.174101 0.478733
vt 0.171537 0.375336
vt 0.160174 0.250417
vt 0.000000 0.000000
vt 0.000000 0.000000
vt 0.085938 0.375000
vt 0.000000 0.000000
vt 0.085938 0.125000
vt 0.330062 0.186384
vt 0.085938 0.373079
vt 0.331163 0.374025
vt 0.000000 0.000000
vt 0.160724 0.060052
vt 0.165582 0.187012
vt 0.082791 0.093506
vt 0.082423 0.030796
vt 0.247268 0.092387
vt 0.000000 0.000000
vt 0.248373 0.280519
vt 0.247268 0.092387
vt 0.160724 0.060052
vt 0.000000 0.000000
vt 0.173076 0.437374
vt 0.177684 0.066389
vt 0.174101 0.478733
vt 0.000000 0.000000
vt 0.628906 0.878906
vt 0.628906 0.753906
vt 0.628906 0.996094
vt 0.000000 0.000000
vt 0.257812 0.250000
vt 0.339844 0.371094
vt 0.000000 0.000000
vt 0.000000 0.000000
vt 0.000000 0.000000
vt 0.178328 0.308105
vt 0.129879 0.328643
vt 0.148474 0.375695
vt 0.147690 0.230900
vt 0.136026 0.508977
vt 0.136773 0.500974
vt 0.115450 0.422869
vt 0.000000 0.000000
vt 0.628906 0.878906
vt 0.000000 0.000000
vt 0.000000 0.000000
vt 0.628906 0.753906
vt 0.082791 0.093506
vt 0.160156 0.375000
vt 0.171875 0.375000
vt 0.171875 0.375000
vt 0.000000 0.000000
vt 0.257812 0.375000
vt 0.148438 0.375000
vt 0.000000 0.000000
vt 0.136719 0.375000
vt 0.000000 0.000000
vt 0.628906 0.753906
vt 0.000000 0.000000
vt 0.165582 0.187012
vt 0.257812 0.250000
vt 0.000000 0.000000
vt 0.165364 0.371094
vt 0.339844 0.003906
vt 0.000000 0.000000
vt 0.248373 0.280519
vt 0.085938 0.373079
vt 0.331163 0.374025
vt 0.082791 0.093506
vt 0.165582 0.187012
vt 0.248373 0.280519
vt 0.130549 0.567614
vt 0.000000 0.000000
vt 0.000000 0.000000
vt 0.082791 0.093506
vt 0.000000 0.000000
vt 0.000000 0.000000
vt 0.000000 0.000000
vt 0.000000 0.000000
vt 0.000000 0.000000
vt 0.000000 0.375000
vt 0.000000 0.000000
vt 0.000000 0.000000
vt 0.171537 0.375336
vt -0.000284 0.473088
vt -0.000170 0.433853
vt 0.158113 0.318987
vt 0.000000 0.000000
vt 0.000000 0.000000
vt 0.171537 0.375336
vt 0.171537 0.375336
vt 0.160156 0.375000
vt 0.171875 0.375000
vt 0.171875 0.375000
vt 0.000000 0.000000
vt 0.257812 0.375000
vt 0.148438 0.375000
vt 0.000000 0.000000
vt 0.136719 0.375000
vt 0.000000 0.000000
vt 0.628906 0.753906
vt 0.000000 0.000000
vt 0.165582 0.187012
vt 0.257812 0.250000
vt 0.000000 0.000000
vt 0.165364 0.371094
vt 0.339844 0.003906
vt 0.000000 0.000000
vt 0.248373 0.280519
vt 0.085938 0.373079
vt 0.331163 0.374025
vt 0.085938 0.375000
vt 0.000000 0.000000
vt 0.082791 0.093506
vt 0.165582 0.187012
vt 0.248373 0.280519
vt 0.130549 0.567614
vt 0.000000 0.000000
vt 0.000000 0.000000
vt 0.000000 0.000000
vt 0.000000 0.000000
vt 0.000000 0.000000
vt 0.000000 0.000000
vt 0.000000 0.000000
vt 0.000000 0.000000
vt 0.027344 0.753906
vt 0.241295 0.611725
vt 0.003906 0.753906
vt 0.000000 0.000000
vt -0.000170 0.433853
vt 0.000000 0.000000
vt 0.000000 0.000000
vt -0.000284 0.473088
vt -0.000284 0.473088
vt 0.000000 0.000000
vt 0.000000 0.000000
vt 0.000000 0.000000
vt 0.000000 0.000000
vt 0.000000 0.000000
vt 0.000000 0.375000
vt 0.000000 0.000000
vt 0.000000 0.000000
vt 0.000000 0.000000
vt 0.171537 0.375336
vt 0.000000 0.000000
vt 0.000000 0.000000
vt 0.000000 0.000000
vt 0.158113 0.318987
vt 0.000000 0.000000
vt 0.000000 0.000000
vt 0.171537 0.375336
vt 0.171537 0.375336
vt 0.000000 0.000000
vt 0.000000 0.000000
vt 0.000000 0.000000
vt 0.000000 0.000000
vt 0.000000 0.000000
vt 0.241295 0.611725
vt 0.027344 0.753906
vt 0.000000 0.000000
vt 0.000000 0.000000
vt -0.000284 0.473088
vt 0.000000 0.000000
vt 0.000000 0.000000
vt 0.000000 0.000000
vt 0.000000 0.000000
vt 0.253906 0.371094
vt 0.246094 0.003906
vt 0.316406 0.371094
vt 0.003906 0.003906
vt 0.094727 0.371094
vt 0.511719 0.003906
vt 0.339844 0.003906
vt 0.511719 0.003906
vt 0.339844 0.003906
vt 0.003906 0.371094
vt 0.253906 0.371094
vt 0.246094 0.371094
vt 0.316406 0.371094
vt 0.215820 0.371094
vt -0.016452 0.371209
vt 0.339844 0.003906
vt 0.339844 0.371094
vt -0.087667 0.363807
vt 0.000000 0.000000
vt 0.511719 0.371094
vt 0.003906 0.353281
vt 0.339844 0.371094
vt 0.339844 0.003906
vt 0.019531 0.003906
vt 0.128906 0.371094
vt 0.246094 0.371094
vt 0.165364 0.371094
vt 0.003906 0.371094
vt 0.339844 0.003906
vt 0.253906 0.371094
vt 0.316406 0.371094
vt 0.003906 0.371094
vt 0.246094 0.371094
vt 0.215820 0.371094
vt -0.016452 0.371209
vt 0.339844 0.003906
vt 0.339844 0.371094
vt 0.094727 0.353281
vt -0.087667 0.363807
vt 0.000000 0.000000
vt 0.339844 0.371094
vt 0.511719 0.371094
vt 0.000000 0.000000
vt 0.339844 0.371094
vt 0.339844 0.003906
vt 0.019531 0.003906
vt 0.128906 0.371094
vt 0.246094 0.371094
vt 0.165364 0.371094
vt 0.339844 0.003906
vt 0.003906 0.371094
vt 0.339844 0.371094
vt 0.246094 0.352539
vt 0.000000 0.000000
vt 0.019531 0.371094
vt 0.128906 0.003906
vt 0.160156 0.003906
vt 0.500000 0.007812
vt 0.308594 0.003906
vt 0.421987 0.371094
vt 0.058594 0.931563
vt 0.441406 0.003906
vt 0.058594 0.941406
vt 0.027344 0.753906
vt 0.563453 0.239560
vt 0.000000 0.000000
vt 0.441406 0.371094
vt 0.422127 0.013790
vt 0.035156 0.972656
vt 0.089844 0.371094
vt 0.308594 0.371094
vt 0.257812 0.375000
vt 0.058594 0.996094
vt 0.347656 0.003906
vt 0.003906 0.003906
vt 0.246094 0.003906
vt 0.253906 0.003906
vt 0.316406 0.003906
vt 0.128906 0.003906
vt 0.246094 0.352539
vt 0.000000 0.000000
vt 0.019531 0.371094
vt 0.308594 0.003906
vt 0.500000 0.007812
vt 0.160156 0.003906
vt 0.441406 0.003906
vt 0.058594 0.931563
vt 0.421987 0.371094
vt 0.058594 0.941406
vt 0.003906 0.777344
vt -0.591026 0.371819
vt 0.027344 0.996094
vt 0.113281 0.753906
vt 0.058594 0.753906
vt 0.246094 0.207031
vt 0.003906 0.207031
vt 0.746094 0.878906
vt 0.628906 0.996094
vt 0.246094 0.207031
vt 0.003906 0.207031
vt 0.746094 0.996094
vt 0.746094 0.753906
vt 0.746094 0.878906
vt 0.027344 0.785156
vt 0.027344 0.808594
vt 0.376959 0.542906
vt 0.307859 0.565022
vt 0.439369 0.428933
vt 0.241295 0.569031
vt 0.035156 0.996094
vt 0.449219 0.417969
vt 0.421047 0.491149
vt 0.003906 0.753906
vt 0.489551 0.371450
vt 0.480469 0.417969
vt 0.003906 0.753906
vt 0.003906 0.996094
vt 0.480469 0.378906
vt 0.027344 0.753906
vt 0.058594 0.996094
vt 0.320858 0.608650
vt 0.270308 0.610488
vt 0.003906 0.785156
vt 0.003906 0.808594
vt 0.459954 0.510545
vt 0.003906 0.910156
vt 0.027344 0.777344
vt 0.000000 0.000000
vt -0.599184 0.339805
vt 0.058594 0.972656
vt 0.027344 0.910156
vt 0.347656 0.371094
vt 0.027344 0.878906
vt 0.027344 0.863281
vt 0.027344 0.753906
vt 0.563453 0.239560
vt 0.000000 0.000000
vt 0.422127 0.013790
vt 0.441406 0.371094
vt 0.035156 0.972656
vt 0.401958 0.575332
vt 0.003906 0.863281
vt 0.308594 0.371094
vt 0.257812 0.375000
vt 0.089844 0.371094
vt 0.058594 0.996094
vt 0.347656 0.003906
vt 0.246094 0.003906
vt 0.003906 0.003906
vt 0.253906 0.003906
vt 0.316406 0.003906
vt 0.000000 0.000000
vt 0.246094 0.339844
vt 0.246094 0.371094
vt 0.003906 0.207031
vt 0.000000 0.000000
vt 0.503906 0.996094
vt 0.628906 0.996094
vt 0.746094 0.996094
vt 0.000000 0.000000
vt 0.128906 0.003906
vt -0.591026 0.371819
vt 0.003906 0.777344
vt 0.027344 0.996094
vt 0.027344 0.957031
vt 0.479490 0.438705
vt 0.003906 0.957031
vt 0.113281 0.753906
vt 0.058594 0.753906
vt 0.246094 0.207031
vt 0.003906 0.207031
vt 0.503906 0.753906
vt 0.503906 0.996094
vt 0.628906 0.996094
vt 0.246094 0.207031
vt 0.003906 0.207031
vt 0.503906 0.753906
vt 0.503906 0.996094
vt 0.503906 0.878906
vt 0.500000 0.375000
vt 0.089844 0.003906
vt 0.308594 0.371094
vt 0.246094 0.371094
vt 0.253906 0.003906
vt 0.316406 0.003906
vt 0.058594 0.847656
vt 0.003906 0.187500
vt 0.246094 0.187500
vt 0.003906 0.187500
vt 0.246094 0.187500
vt 0.160156 0.187500
vt 0.304688 0.007812
vt 0.445312 0.007812
vt 0.339844 0.371094
vt 0.402344 0.371094
vt 0.402344 0.371094
vt 0.339844 0.371094
vt 0.402344 0.371094
vt 0.339844 0.371094
vt 0.339844 0.371094
vt 0.402344 0.371094
vt 0.402344 0.371094
vt 0.339844 0.371094
vt 0.339844 0.003906
vt 0.402344 0.003906
vt 0.339844 0.003906
vt 0.402344 0.003906
vt 0.339844 0.003906
vt 0.402344 0.003906
vt 0.027344 0.808594
vt 0.027344 0.785156
vt 0.003906 0.753906
vt 0.307859 0.565022
vt 0.449219 0.417969
vt 0.421047 0.491149
vt 0.439369 0.428933
vt 0.241295 0.569031
vt 0.376959 0.542906
vt 0.035156 0.996094
vt 0.480469 0.417969
vt 0.003906 0.753906
vt 0.489551 0.371450
vt 0.003906 0.996094
vt 0.480469 0.378906
vt 0.058594 0.996094
vt 0.027344 0.753906
vt 0.320858 0.608650
vt 0.270308 0.610488
vt 0.003906 0.808594
vt 0.003906 0.785156
vt 0.459954 0.510545
vt 0.003906 0.910156
vt 0.058594 0.972656
vt 0.000000 0.000000
vt -0.599184 0.339805
vt 0.027344 0.777344
vt 0.027344 0.910156
vt 0.027344 0.878906
vt 0.347656 0.371094
vt 0.339844 0.003906
vt 0.402344 0.003906
vt 0.402344 0.003906
vt 0.339844 0.003906
vt 0.339844 0.371094
vt 0.402344 0.371094
vt 0.402344 0.371094
vt 0.339844 0.371094
vt 0.027344 0.863281
vt 0.027344 0.957031
vt 0.401958 0.575332
vt 0.003906 0.863281
vt 0.027344 0.910156
vt 0.339844 0.371094
vt 0.402344 0.371094
vt 0.402344 0.371094
vt 0.339844 0.371094
vt 0.402344 0.371094
vt 0.339844 0.371094
vt 0.339844 0.003906
vt 0.402344 0.003906
vt 0.027344 0.957031
vt 0.479490 0.438705
vt 0.003906 0.957031
vt 0.027344 0.863281
vt 0.027344 0.785156
vt 0.500000 0.375000
vt 0.308594 0.371094
vt 0.089844 0.003906
vt 0.253906 0.003906
vt 0.246094 0.371094
vt 0.316406 0.003906
vt 0.058594 0.847656
vt 0.128906 0.187500
vt 0.246094 0.187500
vt 0.003906 0.187500
vt 0.246094 0.187500
vt 0.003906 0.187500
vt 0.304688 0.007812
vt 0.445312 0.007812
vt 0.160156 0.187500
vt 0.339844 0.371094
vt 0.402344 0.371094
vt 0.402344 0.371094
vt 0.339844 0.371094
vt 0.339844 0.371094
vt 0.402344 0.371094
vt 0.402344 0.371094
vt 0.339844 0.371094
vt 0.339844 0.371094
vt 0.402344 0.371094
vt 0.339844 0.003906
vt 0.402344 0.003906
vt 0.339844 0.003906
vt 0.402344 0.003906
vt 0.339844 0.003906
vt 0.402344 0.003906
vt 0.339844 0.003906
vt 0.402344 0.003906
vt 0.339844 0.003906
vt 0.402344 0.003906
vt 0.339844 0.371094
vt 0.402344 0.371094
vt 0.402344 0.371094
vt 0.339844 0.371094
vt 0.339844 0.371094
vt 0.402344 0.371094
vt 0.402344 0.371094
vt 0.339844 0.371094
vt 0.339844 0.371094
vt 0.402344 0.371094
vt 0.339844 0.003906
vt 0.402344 0.003906
vt 0.339844 0.003906
vt 0.402344 0.003906
vt 0.339844 0.003906
vt 0.402344 0.003906
vt 0.339844 0.003906
vt 0.402344 0.003906
vt 0.339844 0.003906
vt 0.402344 0.003906
vt 0.000000 0.375000
vt 0.000000 0.539062
vt 0.000000 0.554688
vt 0.000000 0.375000
vt 0.000000 0.554688
vt 0.000000 0.562500
vt 0.042969 0.996094
vt 0.042969 0.753906
vt 0.003906 0.753906
vt 0.042969 0.753906
vt 0.113281 0.996094
vt 0.113281 0.753906
vt 0.003906 0.847656
vt 0.003906 0.931563
vt 0.003906 0.941406
vt 0.308594 0.003906
vt 0.257812 0.007812
vt 0.160156 0.371094
vt 0.003906 0.996094
vt 0.445312 0.375000
vt 0.089844 0.187500
vt 0.304688 0.375000
vt 0.253906 0.371094
vt 0.316406 0.371094
vt 0.246094 0.003906
vt 0.003906 0.003906
vt 0.094727 0.371094
vt 0.113281 0.996094
vt 0.042969 0.996094
vt 0.064453 0.093750
vt 0.125000 0.554688
vt 0.125000 0.562500
vt 0.125000 0.375000
vt 0.125000 0.375000
vt 0.125000 0.554688
vt 0.125000 0.539062
vt 0.339844 0.003906
vt 0.402344 0.003906
vt 0.402344 0.003906
vt 0.339844 0.003906
vt 0.402344 0.003906
vt 0.339844 0.003906
vt 0.402344 0.003906
vt 0.339844 0.003906
vt 0.000000 0.375000
vt 0.000000 0.539062
vt 0.000000 0.554688
vt 0.000000 0.375000
vt 0.000000 0.554688
vt 0.000000 0.562500
vt 0.042969 0.753906
vt 0.042969 0.996094
vt 0.003906 0.753906
vt 0.042969 0.753906
vt 0.113281 0.996094
vt 0.113281 0.753906
vt 0.003906 0.847656
vt 0.003906 0.941406
vt 0.003906 0.931563
vt 0.308594 0.003906
vt 0.160156 0.371094
vt 0.257812 0.007812
vt 0.003906 0.996094
vt 0.445312 0.375000
vt 0.304688 0.375000
vt 0.089844 0.187500
vt 0.503906 0.753906
vt 0.746094 0.753906
vt 0.503906 0.996094
vt 0.496094 0.746094
vt 0.246094 0.628906
vt 0.746094 0.996094
vt 0.503906 0.753906
vt 0.253906 0.746094
vt 0.746094 0.753906
vt 0.371094 0.746094
vt 0.503906 0.753906
vt 0.746094 0.753906
vt 0.003906 0.628906
vt 0.503906 0.996094
vt 0.746094 0.996094
vt 0.503906 0.753906
vt 0.746094 0.753906
vt 0.503906 0.996094
vt 0.746094 0.996094
vt 0.503906 0.753906
vt 0.503906 0.878906
vt 0.000000 0.000000
vt 0.746094 0.753906
vt 0.503906 0.996094
vt 0.746094 0.996094
vt 0.503906 0.753906
vt 0.503906 0.753906
vt 0.746094 0.753906
vt 0.746094 0.996094
vt 0.503906 0.996094
vt 0.746094 0.753906
vt 0.503906 0.753906
vt 0.746094 0.753906
vt 0.503906 0.996094
vt 0.746094 0.996094
vt 0.503906 0.753906
vt 0.746094 0.753906
vt 0.503906 0.753906
vt 0.503906 0.996094
vt 0.746094 0.996094
vt 0.746094 0.753906
vt 0.000000 0.000000
vt 0.746094 0.878906
vt 0.503906 0.878906
vt 0.246094 0.746094
vt 0.746094 0.878906
vt 0.503906 0.878906
vt 0.628906 0.753906
vt 0.378906 0.746094
vt 0.628906 0.996094
vt 0.628906 0.753906
vt 0.503906 0.878906
vt 0.746094 0.878906
vt 0.003906 0.746094
vt 0.628906 0.753906
vt 0.628906 0.996094
vt 0.503906 0.878906
vt 0.746094 0.878906
vt 0.149518 0.328760
vt 0.000000 0.000000
vt 0.746094 0.878906
vt 0.503906 0.878906
vt 0.503906 0.878906
vt 0.746094 0.878906
vt 0.154912 0.324837
vt 0.000000 0.000000
vt 0.628906 0.996094
vt 0.628906 0.753906
vt 0.503906 0.878906
vt 0.746094 0.878906
vt 0.746094 0.878906
vt 0.503906 0.878906
vt 0.628906 0.996094
vt 0.628906 0.753906
vt 0.746094 0.878906
vt 0.503906 0.878906
vt 0.253906 0.628906
vt 0.746094 0.878906
vt 0.496094 0.628906
vt 0.503906 0.878906
vt 0.628906 0.996094
vt 0.628906 0.753906
vt 0.628906 0.996094
vt 0.628906 0.753906
vt 0.253906 0.746094
vt 0.628906 0.753906
vt 0.496094 0.746094
vt 0.628906 0.996094
vt 0.128906 0.628906
vt 0.628906 0.996094
vt 0.371094 0.628906
vt 0.746094 0.878906
vt 0.503906 0.878906
vt 0.628906 0.753906
vt 0.628906 0.996094
vt 0.628906 0.878906
vt 0.628906 0.878906
vt 0.628906 0.878906
vt 0.496094 0.628906
vt 0.628906 0.878906
vt 0.253906 0.628906
vt 0.628906 0.878906
vt 0.128906 0.746094
vt 0.628906 0.878906
vt 0.628906 0.878906
vt 0.628906 0.878906
vt 0.628906 0.878906
vt 0.628906 0.878906
vt 0.628906 0.878906
vt 0.628906 0.878906
vt 0.378906 0.628906
vt 0.339844 0.371094
vt 0.402344 0.371094
vt 0.339844 0.371094
vt 0.402344 0.371094
vt 0.339844 0.371094
vt 0.402344 0.371094
vt 0.339844 0.371094
vt 0.402344 0.371094
vt 0.339844 0.371094
vt 0.402344 0.371094
vt 0.339844 0.003906
vt 0.402344 0.003906
vt 0.402344 0.003906
vt 0.339844 0.003906
vt 0.339844 0.003906
vt 0.402344 0.003906
vt 0.339844 0.003906
vt 0.402344 0.003906
vt 0.339844 0.003906
vt 0.402344 0.003906
vt 0.339844 0.371094
vt 0.402344 0.371094
vt 0.339844 0.371094
vt 0.402344 0.371094
vt 0.339844 0.371094
vt 0.402344 0.371094
vt 0.339844 0.371094
vt 0.402344 0.371094
vt 0.339844 0.371094
vt 0.402344 0.371094
vt 0.402344 0.003906
vt 0.339844 0.003906
vt 0.402344 0.003906
vt 0.339844 0.003906
vt 0.339844 0.003906
vt 0.402344 0.003906
vt 0.402344 0.003906
vt 0.339844 0.003906
vt 0.339844 0.003906
vt 0.402344 0.003906
vt 0.339844 0.371094
vt 0.402344 0.371094
vt 0.339844 0.371094
vt 0.402344 0.371094
vt 0.339844 0.371094
vt 0.402344 0.371094
vt 0.339844 0.371094
vt 0.402344 0.371094
vt 0.339844 0.371094
vt 0.402344 0.371094
vt 0.339844 0.003906
vt 0.402344 0.003906
vt 0.402344 0.003906
vt 0.339844 0.003906
vt 0.339844 0.003906
vt 0.402344 0.003906
vt 0.339844 0.003906
vt 0.402344 0.003906
vt 0.402344 0.003906
vt 0.339844 0.003906
vt 0.339844 0.371094
vt 0.402344 0.371094
vt 0.339844 0.371094
vt 0.402344 0.371094
vt 0.339844 0.371094
vt 0.402344 0.371094
vt 0.339844 0.371094
vt 0.402344 0.371094
vt 0.339844 0.371094
vt 0.402344 0.371094
vt 0.402344 0.003906
vt 0.339844 0.003906
vt 0.339844 0.003906
vt 0.402344 0.003906
vt 0.402344 0.003906
vt 0.339844 0.003906
vt 0.339844 0.003906
vt 0.402344 0.003906
vt 0.339844 0.003906
vt 0.402344 0.003906
vt 0.339844 0.371094
vt 0.402344 0.371094
vt 0.339844 0.371094
vt 0.402344 0.371094
vt 0.339844 0.371094
vt 0.402344 0.371094
vt 0.339844 0.371094
vt 0.402344 0.371094
vt 0.339844 0.371094
vt 0.402344 0.371094
vt 0.402344 0.003906
vt 0.339844 0.003906
vt 0.339844 0.003906
vt 0.402344 0.003906
vt 0.339844 0.003906
vt 0.402344 0.003906
vt 0.339844 0.003906
vt 0.402344 0.003906
vt 0.339844 0.003906
vt 0.402344 0.003906
vt 0.339844 0.371094
vt 0.402344 0.371094
vt 0.402344 0.371094
vt 0.339844 0.371094
vt 0.339844 0.371094
vt 0.402344 0.371094
vt 0.339844 0.371094
vt 0.402344 0.371094
vt 0.339844 0.371094
vt 0.402344 0.371094
vt 0.402344 0.003906
vt 0.339844 0.003906
vt 0.339844 0.003906
vt 0.402344 0.003906
vt 0.339844 0.003906
vt 0.402344 0.003906
vt 0.339844 0.003906
vt 0.402344 0.003906
vt 0.339844 0.003906
vt 0.402344 0.003906
vt 0.339844 0.371094
vt 0.402344 0.371094
vt 0.402344 0.371094
vt 0.339844 0.371094
vt 0.339844 0.371094
vt 0.402344 0.371094
vt 0.339844 0.371094
vt 0.402344 0.371094
vt 0.339844 0.371094
vt 0.402344 0.371094
vt 0.339844 0.003906
vt 0.402344 0.003906
vt 0.402344 0.003906
vt 0.339844 0.003906
vt 0.339844 0.003906
vt 0.402344 0.003906
vt 0.402344 0.003906
vt 0.339844 0.003906
vt 0.402344 0.003906
vt 0.339844 0.003906
vt 0.339844 0.371094
vt 0.402344 0.371094
vt 0.339844 0.371094
vt 0.402344 0.371094
vt 0.402344 0.371094
vt 0.339844 0.371094
vt 0.339844 0.371094
vt 0.402344 0.371094
vt 0.339844 0.371094
vt 0.402344 0.371094
vt 0.339844 0.003906
vt 0.402344 0.003906
vt 0.339844 0.003906
vt 0.402344 0.003906
vt 0.339844 0.003906
vt 0.402344 0.003906
vt 0.402344 0.003906
vt 0.339844 0.003906
vt 0.402344 0.003906
vt 0.339844 0.003906
vt 0.339844 0.371094
vt 0.402344 0.371094
vt 0.402344 0.371094
vt 0.339844 0.371094
vt 0.339844 0.371094
vt 0.402344 0.371094
vt 0.339844 0.371094
vt 0.402344 0.371094
vt 0.339844 0.371094
vt 0.402344 0.371094
vt 0.402344 0.003906
vt 0.339844 0.003906
vt 0.339844 0.003906
vt 0.402344 0.003906
vt 0.339844 0.003906
vt 0.402344 0.003906
vt 0.339844 0.003906
vt 0.402344 0.003906
vt 0.339844 0.003906
vt 0.402344 0.003906
vt 0.339844 0.371094
vt 0.402344 0.371094
vt 0.339844 0.371094
vt 0.402344 0.371094
vt 0.339844 0.371094
vt 0.402344 0.371094
vt 0.339844 0.371094
vt 0.402344 0.371094
vt 0.339844 0.371094
vt 0.402344 0.371094
vt 0.402344 0.003906
vt 0.339844 0.003906
vt 0.339844 0.003906
vt 0.402344 0.003906
vt 0.339844 0.003906
vt 0.402344 0.003906
vt 0.339844 0.003906
vt 0.402344 0.003906
vt 0.402344 0.003906
vt 0.339844 0.003906
vt 0.339844 0.371094
vt 0.402344 0.371094
vt 0.402344 0.371094
vt 0.339844 0.371094
vt 0.339844 0.371094
vt 0.402344 0.371094
vt 0.402344 0.371094
vt 0.339844 0.371094
vt 0.339844 0.371094
vt 0.402344 0.371094
vt 0.402344 0.003906
vt 0.339844 0.003906
vt 0.339844 0.003906
vt 0.402344 0.003906
vt 0.339844 0.003906
vt 0.402344 0.003906
vt 0.339844 0.003906
vt 0.402344 0.003906
vt 0.402344 0.003906
vt 0.339844 0.003906
vt 0.339844 0.371094
vt 0.402344 0.371094
vt 0.339844 0.371094
vt 0.402344 0.371094
vt 0.339844 0.371094
vt 0.402344 0.371094
vt 0.339844 0.371094
vt 0.402344 0.371094
vt 0.339844 0.371094
vt 0.402344 0.371094
vt 0.402344 0.003906
vt 0.339844 0.003906
vt 0.339844 0.003906
vt 0.402344 0.003906
vt 0.339844 0.003906
vt 0.402344 0.003906
vt 0.339844 0.003906
vt 0.402344 0.003906
vt 0.402344 0.003906
vt 0.339844 0.003906
vt 0.000000 0.000000
vt 0.000000 0.000000
vt 0.000000 0.000000
vt 0.000000 0.000000
vt 0.000000 0.000000
vt 0.000000 0.000000
vt 0.000000 0.000000
vt 0.000000 0.000000
vt 0.000000 0.000000
vt 0.000000 0.000000
vt 0.000000 0.000000
vt 0.000000 0.000000
vt 0.000000 0.000000
vt 0.000000 0.000000
vt 0.000000 0.000000
vt 0.000000 0.000000
vt 0.339844 0.003906
vt 0.402344 0.003906
vt 0.339844 0.003906
vt 0.402344 0.003906
vt 0.339844 0.003906
vt 0.402344 0.003906
vt 0.339844 0.003906
vt 0.402344 0.003906
vt 0.339844 0.003906
vt 0.402344 0.003906
vt 0.339844 0.371094
vt 0.402344 0.371094
vt 0.402344 0.371094
vt 0.339844 0.371094
vt 0.339844 0.371094
vt 0.402344 0.371094
vt 0.402344 0.371094
vt 0.339844 0.371094
vt 0.339844 0.371094
vt 0.402344 0.371094
vt 0.339844 0.371094
vt 0.402344 0.371094
vt 0.402344 0.371094
vt 0.339844 0.371094
vt 0.339844 0.371094
vt 0.402344 0.371094
vt 0.402344 0.371094
vt 0.339844 0.371094
vt 0.339844 0.371094
vt 0.402344 0.371094
vt 0.339844 0.003906
vt 0.402344 0.003906
vt 0.339844 0.003906
vt 0.402344 0.003906
vt 0.339844 0.003906
vt 0.402344 0.003906
vt 0.339844 0.003906
vt 0.402344 0.003906
vt 0.339844 0.003906
vt 0.402344 0.003906
vt 0.339844 0.371094
vt 0.402344 0.371094
vt 0.402344 0.371094
vt 0.339844 0.371094
vt 0.339844 0.371094
vt 0.402344 0.371094
vt 0.402344 0.371094
vt 0.339844 0.371094
vt 0.339844 0.371094
vt 0.402344 0.371094
vt 0.339844 0.003906
vt 0.402344 0.003906
vt 0.339844 0.003906
vt 0.402344 0.003906
vt 0.339844 0.003906
vt 0.402344 0.003906
vt 0.339844 0.003906
vt 0.402344 0.003906
vt 0.339844 0.003906
vt 0.402344 0.003906
vt 0.339844 0.003906
vt 0.402344 0.003906
vt 0.339844 0.003906
vt 0.402344 0.003906
vt 0.339844 0.003906
vt 0.402344 0.003906
vt 0.339844 0.003906
vt 0.402344 0.003906
vt 0.339844 0.003906
vt 0.402344 0.003906
vt 0.402344 0.371094
vt 0.339844 0.371094
vt 0.339844 0.371094
vt 0.402344 0.371094
vt 0.402344 0.371094
vt 0.339844 0.371094
vt 0.339844 0.371094
vt 0.402344 0.371094
vt 0.402344 0.371094
vt 0.339844 0.371094
vt 0.339844 0.003906
vt 0.402344 0.003906
vt 0.339844 0.003906
vt 0.402344 0.003906
vt 0.339844 0.003906
vt 0.402344 0.003906
vt 0.339844 0.003906
vt 0.402344 0.003906
vt 0.339844 0.003906
vt 0.402344 0.003906
vt 0.402344 0.371094
vt 0.339844 0.371094
vt 0.339844 0.371094
vt 0.402344 0.371094
vt 0.339844 0.371094
vt 0.402344 0.371094
vt 0.402344 0.371094
vt 0.339844 0.371094
vt 0.402344 0.371094
vt 0.339844 0.371094
vt 0.339844 0.003906
vt 0.402344 0.003906
vt 0.339844 0.003906
vt 0.402344 0.003906
vt 0.339844 0.003906
vt 0.402344 0.003906
vt 0.339844 0.003906
vt 0.402344 0.003906
vt 0.339844 0.003906
vt 0.402344 0.003906
vt 0.339844 0.371094
vt 0.402344 0.371094
vt 0.402344 0.371094
vt 0.339844 0.371094
vt 0.339844 0.371094
vt 0.402344 0.371094
vt 0.402344 0.371094
vt 0.339844 0.371094
vt 0.339844 0.371094
vt 0.402344 0.371094
vt 0.339844 0.371094
vt 0.402344 0.371094
vt 0.402344 0.371094
vt 0.339844 0.371094
vt 0.339844 0.371094
vt 0.402344 0.371094
vt 0.402344 0.371094
vt 0.339844 0.371094
vt 0.339844 0.371094
vt 0.402344 0.371094
vt 0.339844 0.003906
vt 0.402344 0.003906
vt 0.339844 0.003906
vt 0.402344 0.003906
vt 0.339844 0.003906
vt 0.402344 0.003906
vt 0.339844 0.003906
vt 0.402344 0.003906
vt 0.339844 0.003906
vt 0.402344 0.003906
vt 0.339844 0.371094
vt 0.402344 0.371094
vt 0.402344 0.371094
vt 0.339844 0.371094
vt 0.339844 0.371094
vt 0.402344 0.371094
vt 0.402344 0.371094
vt 0.339844 0.371094
vt 0.339844 0.371094
vt 0.402344 0.371094
vt 0.339844 0.003906
vt 0.402344 0.003906
vt 0.339844 0.003906
vt 0.402344 0.003906
vt 0.339844 0.003906
vt 0.402344 0.003906
vt 0.339844 0.003906
vt 0.402344 0.003906
vt 0.339844 0.003906
vt 0.402344 0.003906
vt 0.339844 0.003906
vt 0.402344 0.003906
vt 0.339844 0.003906
vt 0.402344 0.003906
vt 0.339844 0.003906
vt 0.402344 0.003906
vt 0.402344 0.003906
vt 0.339844 0.003906
vt 0.402344 0.003906
vt 0.339844 0.003906
vt 0.339844 0.371094
vt 0.402344 0.371094
vt 0.339844 0.371094
vt 0.402344 0.371094
vt 0.402344 0.371094
vt 0.339844 0.371094
vt 0.339844 0.371094
vt 0.402344 0.371094
vt 0.339844 0.371094
vt 0.402344 0.371094
vt 0.339844 0.003906
vt 0.402344 0.003906
vt 0.339844 0.003906
vt 0.402344 0.003906
vt 0.339844 0.003906
vt 0.402344 0.003906
vt 0.339844 0.003906
vt 0.402344 0.003906
vt 0.339844 0.003906
vt 0.402344 0.003906
vt 0.402344 0.371094
vt 0.339844 0.371094
vt 0.339844 0.371094
vt 0.402344 0.371094
vt 0.339844 0.371094
vt 0.402344 0.371094
vt 0.402344 0.371094
vt 0.339844 0.371094
vt 0.402344 0.371094
vt 0.339844 0.371094
vt 0.339844 0.003906
vt 0.402344 0.003906
vt 0.339844 0.003906
vt 0.402344 0.003906
vt 0.339844 0.003906
vt 0.402344 0.003906
vt 0.339844 0.003906
vt 0.402344 0.003906
vt 0.339844 0.003906
vt 0.402344 0.003906
vt 0.339844 0.371094
vt 0.402344 0.371094
vt 0.402344 0.371094
vt 0.339844 0.371094
vt 0.339844 0.371094
vt 0.402344 0.371094
vt 0.402344 0.371094
vt 0.339844 0.371094
vt 0.339844 0.371094
vt 0.402344 0.371094
vt 0.339844 0.371094
vt 0.402344 0.371094
vt 0.402344 0.371094
vt 0.339844 0.371094
vt 0.339844 0.371094
vt 0.402344 0.371094
vt 0.402344 0.371094
vt 0.339844 0.371094
vt 0.339844 0.371094
vt 0.402344 0.371094
vt 0.339844 0.003906
vt 0.402344 0.003906
vt 0.339844 0.003906
vt 0.402344 0.003906
vt 0.339844 0.003906
vt 0.402344 0.003906
vt 0.339844 0.003906
vt 0.402344 0.003906
vt 0.339844 0.003906
vt 0.402344 0.003906
vt 0.339844 0.371094
vt 0.402344 0.371094
vt 0.402344 0.371094
vt 0.339844 0.371094
vt 0.339844 0.371094
vt 0.402344 0.371094
vt 0.402344 0.371094
vt 0.339844 0.371094
vt 0.339844 0.371094
vt 0.402344 0.371094
vt 0.339844 0.003906
vt 0.402344 0.003906
vt 0.339844 0.003906
vt 0.402344 0.003906
vt 0.339844 0.003906
vt 0.402344 0.003906
vt 0.339844 0.003906
vt 0.402344 0.003906
vt 0.339844 0.003906
vt 0.402344 0.003906
vt 0.339844 0.003906
vt 0.402344 0.003906
vt 0.339844 0.003906
vt 0.402344 0.003906
vt 0.339844 0.003906
vt 0.402344 0.003906
vt 0.339844 0.003906
vt 0.402344 0.003906
vt 0.402344 0.003906
vt 0.339844 0.003906
vt 0.402344 0.371094
vt 0.339844 0.371094
vt 0.339844 0.371094
vt 0.402344 0.371094
vt 0.402344 0.371094
vt 0.339844 0.371094
vt 0.339844 0.371094
vt 0.402344 0.371094
vt 0.339844 0.371094
vt 0.402344 0.371094
vt 0.339844 0.003906
vt 0.402344 0.003906
vt 0.339844 0.003906
vt 0.402344 0.003906
vt 0.339844 0.003906
vt 0.402344 0.003906
vt 0.339844 0.003906
vt 0.402344 0.003906
vt 0.339844 0.003906
vt 0.402344 0.003906
vt 0.402344 0.371094
vt 0.339844 0.371094
vt 0.339844 0.371094
vt 0.402344 0.371094
vt 0.339844 0.371094
vt 0.402344 0.371094
vt 0.402344 0.371094
vt 0.339844 0.371094
vt 0.402344 0.371094
vt 0.339844 0.371094
vt 0.339844 0.003906
vt 0.402344 0.003906
vt 0.339844 0.003906
vt 0.402344 0.003906
vt 0.339844 0.003906
vt 0.402344 0.003906
vt 0.339844 0.003906
vt 0.402344 0.003906
vt 0.339844 0.003906
vt 0.402344 0.003906
vt 0.339844 0.371094
vt 0.402344 0.371094
vt 0.402344 0.371094
vt 0.339844 0.371094
vt 0.339844 0.371094
vt 0.402344 0.371094
vt 0.402344 0.371094
vt 0.339844 0.371094
vt 0.339844 0.371094
vt 0.402344 0.371094
vt 0.339844 0.371094
vt 0.402344 0.371094
vt 0.402344 0.371094
vt 0.339844 0.371094
vt 0.339844 0.371094
vt 0.402344 0.371094
vt 0.402344 0.371094
vt 0.339844 0.371094
vt 0.339844 0.371094
vt 0.402344 0.371094
vt 0.339844 0.003906
vt 0.402344 0.003906
vt 0.339844 0.003906
vt 0.402344 0.003906
vt 0.339844 0.003906
vt 0.402344 0.003906
vt 0.339844 0.003906
vt 0.402344 0.003906
vt 0.339844 0.003906
vt 0.402344 0.003906
vt 0.339844 0.371094
vt 0.402344 0.371094
vt 0.402344 0.371094
vt 0.339844 0.371094
vt 0.339844 0.371094
vt 0.402344 0.371094
vt 0.402344 0.371094
vt 0.339844 0.371094
vt 0.339844 0.371094
vt 0.402344 0.371094
vt 0.339844 0.003906
vt 0.402344 0.003906
vt 0.339844 0.003906
vt 0.402344 0.003906
vt 0.339844 0.003906
vt 0.402344 0.003906
vt 0.339844 0.003906
vt 0.402344 0.003906
vt 0.339844 0.003906
vt 0.402344 0.003906
vt 0.339844 0.003906
vt 0.402344 0.003906
vt 0.339844 0.003906
vt 0.402344 0.003906
vt 0.339844 0.003906
vt 0.402344 0.003906
vt 0.339844 0.003906
vt 0.402344 0.003906
vt 0.339844 0.003906
vt 0.402344 0.003906
vt 0.402344 0.371094
vt 0.339844 0.371094
vt 0.339844 0.371094
vt 0.402344 0.371094
vt 0.402344 0.371094
vt 0.339844 0.371094
vt 0.339844 0.371094
vt 0.402344 0.371094
vt 0.402344 0.371094
vt 0.339844 0.371094
vt 0.339844 0.003906
vt 0.402344 0.003906
vt 0.339844 0.003906
vt 0.402344 0.003906
vt 0.339844 0.003906
vt 0.402344 0.003906
vt 0.339844 0.003906
vt 0.402344 0.003906
vt 0.339844 0.003906
vt 0.402344 0.003906
vt 0.402344 0.371094
vt 0.339844 0.371094
vt 0.339844 0.371094
vt 0.402344 0.371094
vt 0.339844 0.371094
vt 0.402344 0.371094
vt 0.402344 0.371094
vt 0.339844 0.371094
vt 0.402344 0.371094
vt 0.339844 0.371094
vt 0.339844 0.371094
vt 0.402344 0.371094
vt 0.402344 0.371094
vt 0.339844 0.371094
vt 0.339844 0.371094
vt 0.402344 0.371094
vt 0.402344 0.371094
vt 0.339844 0.371094
vt 0.339844 0.371094
vt 0.402344 0.371094
vt 0.339844 0.003906
vt 0.402344 0.003906
vt 0.339844 0.003906
vt 0.402344 0.003906
vt 0.339844 0.003906
vt 0.402344 0.003906
vt 0.339844 0.003906
vt 0.402344 0.003906
vt 0.339844 0.003906
vt 0.402344 0.003906
vt 0.339844 0.371094
vt 0.402344 0.371094
vt 0.339844 0.371094
vt 0.402344 0.371094
vt 0.339844 0.371094
vt 0.402344 0.371094
vt 0.402344 0.371094
vt 0.339844 0.371094
vt 0.339844 0.371094
vt 0.402344 0.371094
vt 0.339844 0.003906
vt 0.402344 0.003906
vt 0.339844 0.003906
vt 0.402344 0.003906
vt 0.339844 0.003906
vt 0.402344 0.003906
vt 0.339844 0.003906
vt 0.402344 0.003906
vt 0.402344 0.003906
vt 0.339844 0.003906
vt 0.339844 0.371094
vt 0.402344 0.371094
vt 0.402344 0.371094
vt 0.339844 0.371094
vt 0.339844 0.371094
vt 0.402344 0.371094
vt 0.339844 0.371094
vt 0.402344 0.371094
vt 0.339844 0.371094
vt 0.402344 0.371094
vt 0.339844 0.003906
vt 0.402344 0.003906
vt 0.339844 0.003906
vt 0.402344 0.003906
vt 0.402344 0.003906
vt 0.339844 0.003906
vt 0.339844 0.003906
vt 0.402344 0.003906
vt 0.339844 0.003906
vt 0.402344 0.003906
vt 0.339844 0.371094
vt 0.402344 0.371094
vt 0.402344 0.371094
vt 0.339844 0.371094
vt 0.339844 0.371094
vt 0.402344 0.371094
vt 0.402344 0.371094
vt 0.339844 0.371094
vt 0.339844 0.371094
vt 0.402344 0.371094
vt 0.339844 0.003906
vt 0.402344 0.003906
vt 0.339844 0.003906
vt 0.402344 0.003906
vt 0.339844 0.003906
vt 0.402344 0.003906
vt 0.339844 0.003906
vt 0.402344 0.003906
vt 0.339844 0.003906
vt 0.402344 0.003906
vt 0.339844 0.371094
vt 0.402344 0.371094
vt 0.402344 0.371094
vt 0.339844 0.371094
vt 0.339844 0.371094
vt 0.402344 0.371094
vt 0.402344 0.371094
vt 0.339844 0.371094
vt 0.339844 0.371094
vt 0.402344 0.371094
vt 0.339844 0.003906
vt 0.402344 0.003906
vt 0.339844 0.003906
vt 0.402344 0.003906
vt 0.339844 0.003906
vt 0.402344 0.003906
vt 0.339844 0.003906
vt 0.402344 0.003906
vt 0.339844 0.003906
vt 0.402344 0.003906
vt 0.339844 0.371094
vt 0.402344 0.371094
vt 0.402344 0.371094
vt 0.339844 0.371094
vt 0.339844 0.371094
vt 0.402344 0.371094
vt 0.402344 0.371094
vt 0.339844 0.371094
vt 0.339844 0.371094
vt 0.402344 0.371094
vt 0.339844 0.003906
vt 0.402344 0.003906
vt 0.339844 0.003906
vt 0.402344 0.003906
vt 0.339844 0.003906
vt 0.402344 0.003906
vt 0.339844 0.003906
vt 0.402344 0.003906
vt 0.339844 0.003906
vt 0.402344 0.003906
vt 0.339844 0.371094
vt 0.402344 0.371094
vt 0.402344 0.371094
vt 0.339844 0.371094
vt 0.339844 0.371094
vt 0.402344 0.371094
vt 0.402344 0.371094
vt 0.339844 0.371094
vt 0.339844 0.371094
vt 0.402344 0.371094
vt 0.339844 0.003906
vt 0.402344 0.003906
vt 0.339844 0.003906
vt 0.402344 0.003906
vt 0.339844 0.003906
vt 0.402344 0.003906
vt 0.339844 0.003906
vt 0.402344 0.003906
vt 0.339844 0.003906
vt 0.402344 0.003906
vt 0.339844 0.371094
vt 0.402344 0.371094
vt 0.402344 0.371094
vt 0.339844 0.371094
vt 0.339844 0.371094
vt 0.402344 0.371094
vt 0.402344 0.371094
vt 0.339844 0.371094
vt 0.339844 0.371094
vt 0.402344 0.371094
vt 0.339844 0.003906
vt 0.402344 0.003906
vt 0.339844 0.003906
vt 0.402344 0.003906
vt 0.339844 0.003906
vt 0.402344 0.003906
vt 0.339844 0.003906
vt 0.402344 0.003906
vt 0.339844 0.003906
vt 0.402344 0.003906
vt 0.000000 0.000000
vt 0.000000 0.000000
vt 0.000000 0.000000
vt 0.000000 0.000000
vt 0.000000 0.000000
vt 0.000000 0.000000
vt 0.000000 0.000000
vt 0.000000 0.000000
vt 0.000000 0.000000
vt 0.000000 0.000000
vt 0.000000 0.000000
vt 0.000000 0.000000
vt 0.000000 0.000000
vt 0.000000 0.000000
vt 0.000000 0.000000
vt 0.000000 0.000000
vt 0.339844 0.371094
vt 0.402344 0.371094
vt 0.402344 0.371094
vt 0.339844 0.371094
vt 0.339844 0.371094
vt 0.402344 0.371094
vt 0.339844 0.371094
vt 0.402344 0.371094
vt 0.339844 0.371094
vt 0.402344 0.371094
vt 0.339844 0.003906
vt 0.402344 0.003906
vt 0.339844 0.003906
vt 0.402344 0.003906
vt 0.339844 0.003906
vt 0.402344 0.003906
vt 0.339844 0.003906
vt 0.402344 0.003906
vt 0.339844 0.003906
vt 0.402344 0.003906
vt 0.339844 0.371094
vt 0.402344 0.371094
vt 0.402344 0.371094
vt 0.339844 0.371094
vt 0.339844 0.371094
vt 0.402344 0.371094
vt 0.402344 0.371094
vt 0.339844 0.371094
vt 0.339844 0.371094
vt 0.402344 0.371094
vt 0.339844 0.003906
vt 0.402344 0.003906
vt 0.339844 0.003906
vt 0.402344 0.003906
vt 0.339844 0.003906
vt 0.402344 0.003906
vt 0.339844 0.003906
vt 0.402344 0.003906
vt 0.339844 0.003906
vt 0.402344 0.003906
vt 0.402344 0.371094
vt 0.339844 0.371094
vt 0.339844 0.371094
vt 0.402344 0.371094
vt 0.339844 0.371094
vt 0.402344 0.371094
vt 0.339844 0.371094
vt 0.402344 0.371094
vt 0.339844 0.371094
vt 0.402344 0.371094
vt 0.339844 0.003906
vt 0.402344 0.003906
vt 0.339844 0.003906
vt 0.402344 0.003906
vt 0.339844 0.003906
vt 0.402344 0.003906
vt 0.339844 0.003906
vt 0.402344 0.003906
vt 0.339844 0.003906
vt 0.402344 0.003906
vt 0.339844 0.371094
vt 0.402344 0.371094
vt 0.339844 0.371094
vt 0.402344 0.371094
vt 0.339844 0.371094
vt 0.402344 0.371094
vt 0.339844 0.371094
vt 0.402344 0.371094
vt 0.402344 0.371094
vt 0.339844 0.371094
vt 0.339844 0.003906
vt 0.402344 0.003906
vt 0.339844 0.003906
vt 0.402344 0.003906
vt 0.339844 0.003906
vt 0.402344 0.003906
vt 0.339844 0.003906
vt 0.402344 0.003906
vt 0.339844 0.003906
vt 0.402344 0.003906
vt 0.141094 0.382266
vt 0.000000 0.210938
vt 0.000000 0.210938
vt 0.218750 0.210938
vt 0.000000 0.210938
vt 0.000000 0.210938
vt 0.218750 0.210938
vt 0.141094 0.382266
vt 0.339844 0.371094
vt 0.402344 0.371094
vt 0.339844 0.371094
vt 0.402344 0.371094
vt 0.339844 0.371094
vt 0.402344 0.371094
vt 0.402344 0.371094
vt 0.339844 0.371094
vt 0.402344 0.371094
vt 0.339844 0.371094
vt 0.339844 0.003906
vt 0.402344 0.003906
vt 0.339844 0.003906
vt 0.402344 0.003906
vt 0.339844 0.003906
vt 0.402344 0.003906
vt 0.339844 0.003906
vt 0.402344 0.003906
vt 0.339844 0.003906
vt 0.402344 0.003906
vt 0.402344 0.371094
vt 0.339844 0.371094
vt 0.402344 0.371094
vt 0.339844 0.371094
vt 0.339844 0.371094
vt 0.402344 0.371094
vt 0.402344 0.371094
vt 0.339844 0.371094
vt 0.339844 0.371094
vt 0.402344 0.371094
vt 0.339844 0.003906
vt 0.402344 0.003906
vt 0.339844 0.003906
vt 0.402344 0.003906
vt 0.339844 0.003906
vt 0.402344 0.003906
vt 0.339844 0.003906
vt 0.402344 0.003906
vt 0.339844 0.003906
vt 0.402344 0.003906
vt 0.402344 0.371094
vt 0.339844 0.371094
vt 0.339844 0.371094
vt 0.402344 0.371094
vt 0.339844 0.371094
vt 0.402344 0.371094
vt 0.402344 0.371094
vt 0.339844 0.371094
vt 0.339844 0.371094
vt 0.402344 0.371094
vt 0.339844 0.003906
vt 0.402344 0.003906
vt 0.339844 0.003906
vt 0.402344 0.003906
vt 0.339844 0.003906
vt 0.402344 0.003906
vt 0.339844 0.003906
vt 0.402344 0.003906
vt 0.339844 0.003906
vt 0.402344 0.003906
vt 0.402344 0.371094
vt 0.339844 0.371094
vt 0.339844 0.371094
vt 0.402344 0.371094
vt 0.339844 0.371094
vt 0.402344 0.371094
vt 0.402344 0.371094
vt 0.339844 0.371094
vt 0.339844 0.371094
vt 0.402344 0.371094
vt 0.339844 0.003906
vt 0.402344 0.003906
vt 0.339844 0.003906
vt 0.402344 0.003906
vt 0.339844 0.003906
vt 0.402344 0.003906
vt 0.339844 0.003906
vt 0.402344 0.003906
vt 0.339844 0.003906
vt 0.402344 0.003906
vt 0.339844 0.371094
vt 0.402344 0.371094
vt 0.339844 0.371094
vt 0.402344 0.371094
vt 0.402344 0.371094
vt 0.339844 0.371094
vt 0.402344 0.371094
vt 0.339844 0.371094
vt 0.339844 0.371094
vt 0.402344 0.371094
vt 0.339844 0.003906
vt 0.402344 0.003906
vt 0.339844 0.003906
vt 0.402344 0.003906
vt 0.339844 0.003906
vt 0.402344 0.003906
vt 0.339844 0.003906
vt 0.402344 0.003906
vt 0.339844 0.003906
vt 0.402344 0.003906
vt 0.339844 0.371094
vt 0.402344 0.371094
vt 0.339844 0.371094
vt 0.402344 0.371094
vt 0.339844 0.371094
vt 0.402344 0.371094
vt 0.339844 0.371094
vt 0.402344 0.371094
vt 0.402344 0.371094
vt 0.339844 0.371094
vt 0.339844 0.003906
vt 0.402344 0.003906
vt 0.339844 0.003906
vt 0.402344 0.003906
vt 0.339844 0.003906
vt 0.402344 0.003906
vt 0.339844 0.003906
vt 0.402344 0.003906
vt 0.339844 0.003906
vt 0.402344 0.003906
vt 0.339844 0.371094
vt 0.402344 0.371094
vt 0.402344 0.371094
vt 0.339844 0.371094
vt 0.339844 0.371094
vt 0.402344 0.371094
vt 0.402344 0.371094
vt 0.339844 0.371094
vt 0.402344 0.371094
vt 0.339844 0.371094
vt 0.339844 0.003906
vt 0.402344 0.003906
vt 0.339844 0.003906
vt 0.402344 0.003906
vt 0.339844 0.003906
vt 0.402344 0.003906
vt 0.339844 0.003906
vt 0.402344 0.003906
vt 0.339844 0.003906
vt 0.402344 0.003906
vt 0.339844 0.371094
vt 0.402344 0.371094
vt 0.402344 0.371094
vt 0.339844 0.371094
vt 0.339844 0.371094
vt 0.402344 0.371094
vt 0.402344 0.371094
vt 0.339844 0.371094
vt 0.402344 0.371094
vt 0.339844 0.371094
vt 0.339844 0.003906
vt 0.402344 0.003906
vt 0.339844 0.003906
vt 0.402344 0.003906
vt 0.339844 0.003906
vt 0.402344 0.003906
vt 0.339844 0.003906
vt 0.402344 0.003906
vt 0.339844 0.003906
vt 0.402344 0.003906
vt 0.339844 0.003906
vt 0.402344 0.003906
vt 0.339844 0.003906
vt 0.402344 0.003906
vt 0.339844 0.003906
vt 0.402344 0.003906
vt 0.339844 0.003906
vt 0.402344 0.003906
vt 0.339844 0.003906
vt 0.402344 0.003906
vt 0.402344 0.371094
vt 0.339844 0.371094
vt 0.339844 0.371094
vt 0.402344 0.371094
vt 0.402344 0.371094
vt 0.339844 0.371094
vt 0.339844 0.371094
vt 0.402344 0.371094
vt 0.402344 0.371094
vt 0.339844 0.371094
vt 0.339844 0.371094
vt 0.402344 0.371094
vt 0.339844 0.371094
vt 0.402344 0.371094
vt 0.402344 0.371094
vt 0.339844 0.371094
vt 0.339844 0.371094
vt 0.402344 0.371094
vt 0.402344 0.371094
vt 0.339844 0.371094
vt 0.402344 0.003906
vt 0.339844 0.003906
vt 0.339844 0.003906
vt 0.402344 0.003906
vt 0.339844 0.003906
vt 0.402344 0.003906
vt 0.339844 0.003906
vt 0.402344 0.003906
vt 0.339844 0.003906
vt 0.402344 0.003906
vt 0.339844 0.003906
vt 0.402344 0.003906
vt 0.339844 0.003906
vt 0.402344 0.003906
vt 0.339844 0.003906
vt 0.402344 0.003906
vt 0.339844 0.003906
vt 0.402344 0.003906
vt 0.339844 0.003906
vt 0.402344 0.003906
vt 0.402344 0.371094
vt 0.339844 0.371094
vt 0.339844 0.371094
vt 0.402344 0.371094
vt 0.339844 0.371094
vt 0.402344 0.371094
vt 0.402344 0.371094
vt 0.339844 0.371094
vt 0.402344 0.371094
vt 0.339844 0.371094
vt 0.339844 0.003906
vt 0.402344 0.003906
vt 0.339844 0.003906
vt 0.402344 0.003906
vt 0.339844 0.003906
vt 0.402344 0.003906
vt 0.339844 0.003906
vt 0.402344 0.003906
vt 0.339844 0.003906
vt 0.402344 0.003906
vt 0.402344 0.371094
vt 0.339844 0.371094
vt 0.339844 0.371094
vt 0.402344 0.371094
vt 0.402344 0.371094
vt 0.339844 0.371094
vt 0.339844 0.371094
vt 0.402344 0.371094
vt 0.402344 0.371094
vt 0.339844 0.371094
vt 0.339844 0.003906
vt 0.402344 0.003906
vt 0.339844 0.003906
vt 0.402344 0.003906
vt 0.339844 0.003906
vt 0.402344 0.003906
vt 0.339844 0.003906
vt 0.402344 0.003906
vt 0.402344 0.003906
vt 0.339844 0.003906
vt 0.402344 0.371094
vt 0.339844 0.371094
vt 0.339844 0.371094
vt 0.402344 0.371094
vt 0.402344 0.371094
vt 0.339844 0.371094
vt 0.339844 0.371094
vt 0.402344 0.371094
vt 0.339844 0.371094
vt 0.402344 0.371094
vt 0.339844 0.003906
vt 0.402344 0.003906
vt 0.339844 0.003906
vt 0.402344 0.003906
vt 0.339844 0.003906
vt 0.402344 0.003906
vt 0.339844 0.003906
vt 0.402344 0.003906
vt 0.339844 0.003906
vt 0.402344 0.003906
vt 0.402344 0.371094
vt 0.339844 0.371094
vt 0.339844 0.371094
vt 0.402344 0.371094
vt 0.402344 0.371094
vt 0.339844 0.371094
vt 0.339844 0.371094
vt 0.402344 0.371094
vt 0.402344 0.371094
vt 0.339844 0.371094
vt 0.402344 0.371094
vt 0.339844 0.371094
vt 0.339844 0.371094
vt 0.402344 0.371094
vt 0.402344 0.371094
vt 0.339844 0.371094
vt 0.339844 0.371094
vt 0.402344 0.371094
vt 0.402344 0.371094
vt 0.339844 0.371094
vt 0.339844 0.003906
vt 0.402344 0.003906
vt 0.339844 0.003906
vt 0.402344 0.003906
vt 0.339844 0.003906
vt 0.402344 0.003906
vt 0.339844 0.003906
vt 0.402344 0.003906
vt 0.339844 0.003906
vt 0.402344 0.003906
vt 0.339844 0.003906
vt 0.402344 0.003906
vt 0.339844 0.003906
vt 0.402344 0.003906
vt 0.339844 0.003906
vt 0.402344 0.003906
vt 0.339844 0.003906
vt 0.402344 0.003906
vt 0.402344 0.003906
vt 0.339844 0.003906
vt 0.402344 0.371094
vt 0.339844 0.371094
vt 0.339844 0.371094
vt 0.402344 0.371094
vt 0.339844 0.371094
vt 0.402344 0.371094
vt 0.402344 0.371094
vt 0.339844 0.371094
vt 0.339844 0.371094
vt 0.402344 0.371094
vt 0.339844 0.003906
vt 0.402344 0.003906
vt 0.339844 0.003906
vt 0.402344 0.003906
vt 0.339844 0.003906
vt 0.402344 0.003906
vt 0.339844 0.003906
vt 0.402344 0.003906
vt 0.402344 0.003906
vt 0.339844 0.003906
vt 0.402344 0.371094
vt 0.339844 0.371094
vt 0.339844 0.371094
vt 0.402344 0.371094
vt 0.402344 0.371094
vt 0.339844 0.371094
vt 0.339844 0.371094
vt 0.402344 0.371094
vt 0.339844 0.371094
vt 0.402344 0.371094
vt 0.339844 0.003906
vt 0.402344 0.003906
vt 0.339844 0.003906
vt 0.402344 0.003906
vt 0.339844 0.003906
vt 0.402344 0.003906
vt 0.339844 0.003906
vt 0.402344 0.003906
vt 0.339844 0.003906
vt 0.402344 0.003906
vt 0.402344 0.371094
vt 0.339844 0.371094
vt 0.339844 0.371094
vt 0.402344 0.371094
vt 0.402344 0.371094
vt 0.339844 0.371094
vt 0.339844 0.371094
vt 0.402344 0.371094
vt 0.402344 0.371094
vt 0.339844 0.371094
vt 0.339844 0.003906
vt 0.402344 0.003906
vt 0.339844 0.003906
vt 0.402344 0.003906
vt 0.339844 0.003906
vt 0.402344 0.003906
vt 0.339844 0.003906
vt 0.402344 0.003906
vt 0.339844 0.003906
vt 0.402344 0.003906
vt 0.402344 0.371094
vt 0.339844 0.371094
vt 0.339844 0.371094
vt 0.402344 0.371094
vt 0.402344 0.371094
vt 0.339844 0.371094
vt 0.339844 0.371094
vt 0.402344 0.371094
vt 0.402344 0.371094
vt 0.339844 0.371094
vt 0.402344 0.371094
vt 0.339844 0.371094
vt 0.339844 0.371094
vt 0.402344 0.371094
vt 0.402344 0.371094
vt 0.339844 0.371094
vt 0.339844 0.371094
vt 0.402344 0.371094
vt 0.402344 0.371094
vt 0.339844 0.371094
vt 0.339844 0.003906
vt 0.402344 0.003906
vt 0.339844 0.003906
vt 0.402344 0.003906
vt 0.339844 0.003906
vt 0.402344 0.003906
vt 0.339844 0.003906
vt 0.402344 0.003906
vt 0.339844 0.003906
vt 0.402344 0.003906
vt 0.339844 0.003906
vt 0.402344 0.003906
vt 0.339844 0.003906
vt 0.402344 0.003906
vt 0.339844 0.003906
vt 0.402344 0.003906
vt 0.339844 0.003906
vt 0.402344 0.003906
vt 0.339844 0.003906
vt 0.402344 0.003906
vt 0.402344 0.371094
vt 0.339844 0.371094
vt 0.339844 0.371094
vt 0.402344 0.371094
vt 0.339844 0.371094
vt 0.402344 0.371094
vt 0.402344 0.371094
vt 0.339844 0.371094
vt 0.402344 0.371094
vt 0.339844 0.371094
vt 0.339844 0.003906
vt 0.402344 0.003906
vt 0.339844 0.003906
vt 0.402344 0.003906
vt 0.339844 0.003906
vt 0.402344 0.003906
vt 0.339844 0.003906
vt 0.402344 0.003906
vt 0.339844 0.003906
vt 0.402344 0.003906
vt 0.402344 0.371094
vt 0.339844 0.371094
vt 0.339844 0.371094
vt 0.402344 0.371094
vt 0.402344 0.371094
vt 0.339844 0.371094
vt 0.339844 0.371094
vt 0.402344 0.371094
vt 0.402344 0.371094
vt 0.339844 0.371094
vt 0.339844 0.003906
vt 0.402344 0.003906
vt 0.339844 0.003906
vt 0.402344 0.003906
vt 0.339844 0.003906
vt 0.402344 0.003906
vt 0.339844 0.003906
vt 0.402344 0.003906
vt 0.339844 0.003906
vt 0.402344 0.003906
vt 0.402344 0.371094
vt 0.339844 0.371094
vt 0.339844 0.371094
vt 0.402344 0.371094
vt 0.402344 0.371094
vt 0.339844 0.371094
vt 0.339844 0.371094
vt 0.402344 0.371094
vt 0.402344 0.371094
vt 0.339844 0.371094
vt 0.339844 0.003906
vt 0.402344 0.003906
vt 0.339844 0.003906
vt 0.402344 0.003906
vt 0.339844 0.003906
vt 0.402344 0.003906
vt 0.339844 0.003906
vt 0.402344 0.003906
vt 0.339844 0.003906
vt 0.402344 0.003906
vt 0.402344 0.371094
vt 0.339844 0.371094
vt 0.339844 0.371094
vt 0.402344 0.371094
vt 0.402344 0.371094
vt 0.339844 0.371094
vt 0.339844 0.371094
vt 0.402344 0.371094
vt 0.402344 0.371094
vt 0.339844 0.371094
vt 0.402344 0.371094
vt 0.339844 0.371094
vt 0.339844 0.371094
vt 0.402344 0.371094
vt 0.402344 0.371094
vt 0.339844 0.371094
vt 0.339844 0.371094
vt 0.402344 0.371094
vt 0.402344 0.371094
vt 0.339844 0.371094
vt 0.339844 0.003906
vt 0.402344 0.003906
vt 0.339844 0.003906
vt 0.402344 0.003906
vt 0.339844 0.003906
vt 0.402344 0.003906
vt 0.339844 0.003906
vt 0.402344 0.003906
vt 0.339844 0.003906
vt 0.402344 0.003906
vt 0.339844 0.003906
vt 0.402344 0.003906
vt 0.339844 0.003906
vt 0.402344 0.003906
vt 0.339844 0.003906
vt 0.402344 0.003906
vt 0.339844 0.003906
vt 0.402344 0.003906
vt 0.339844 0.003906
vt 0.402344 0.003906
vt 0.402344 0.371094
vt 0.339844 0.371094
vt 0.339844 0.371094
vt 0.402344 0.371094
vt 0.339844 0.371094
vt 0.402344 0.371094
vt 0.402344 0.371094
vt 0.339844 0.371094
vt 0.402344 0.371094
vt 0.339844 0.371094
vt 0.339844 0.003906
vt 0.402344 0.003906
vt 0.339844 0.003906
vt 0.402344 0.003906
vt 0.339844 0.003906
vt 0.402344 0.003906
vt 0.339844 0.003906
vt 0.402344 0.003906
vt 0.339844 0.003906
vt 0.402344 0.003906
vt 0.402344 0.371094
vt 0.339844 0.371094
vt 0.339844 0.371094
vt 0.402344 0.371094
vt 0.402344 0.371094
vt 0.339844 0.371094
vt 0.339844 0.371094
vt 0.402344 0.371094
vt 0.402344 0.371094
vt 0.339844 0.371094
vt 0.339844 0.003906
vt 0.402344 0.003906
vt 0.339844 0.003906
vt 0.402344 0.003906
vt 0.339844 0.003906
vt 0.402344 0.003906
vt 0.339844 0.003906
vt 0.402344 0.003906
vt 0.339844 0.003906
vt 0.402344 0.003906
vt 0.402344 0.371094
vt 0.339844 0.371094
vt 0.339844 0.371094
vt 0.402344 0.371094
vt 0.402344 0.371094
vt 0.339844 0.371094
vt 0.339844 0.371094
vt 0.402344 0.371094
vt 0.402344 0.371094
vt 0.339844 0.371094
s 1
f 49/74 7/13 20/39
f 49/76 3/5 4/7
f 49/73 5/9 3/5
f 49/75 1/1 2/3
f 45/69 17/34 41/65
f 41/65 15/30 43/67
f 42/66 13/26 39/63
f 43/67 16/32 42/66
f 48/72 20/40 38/62
f 48/72 22/44 19/38
f 23/46 44/68 46/70
f 24/48 46/70 40/64
f 47/71 21/42 22/44
f 37/61 24/48 40/64
f 37/61 13/26 14/28
f 12/24 45/69 36/60
f 49/80 14/27 13/25
f 49/73 16/31 15/29
f 49/79 15/29 17/33
f 49/74 18/35 12/23
f 49/77 20/39 19/37
f 49/78 22/43 21/41
f 49/76 13/25 16/31
f 49/77 17/33 18/35
f 49/76 21/41 23/45
f 49/80 23/45 24/47
f 49/79 19/37 22/43
f 49/75 24/47 14/27
f 28/52 3/6 5/10
f 4/8 30/54 29/53
f 32/56 5/10 6/12
f 35/59 9/18 34/58
f 33/57 11/22 27/51
f 31/55 10/20 33/57
f 1/2 29/53 26/50
f 20/40 35/59 38/62
f 34/58 8/16 31/55
f 25/49 1/2 26/50
f 25/49 11/22 2/4
f 32/56 12/24 36/60
f 49/77 12/23 6/11
f 49/76 11/21 10/19
f 49/77 9/17 7/13
f 49/78 10/19 8/15
f 49/79 6/11 5/9
f 49/80 4/7 1/1
f 49/79 8/15 9/17
f 49/80 2/3 11/21
s 0
f 53/84 50/81 51/82
f 246/588 65/119 178/409
f 244/585 118/256 90/181
f 132/296 128/283 79/159
f 153/353 149/344 234/560
f 141/323 140/319 75/146
f 226/534 73/141 71/139
f 228/541 148/341 108/228
f 108/228 224/529 83/165
f 107/224 242/579 157/358
f 104/217 222/526 221/521
f 160/367 159/365 218/513
f 106/223 105/222 219/517
f 87/177 165/377 106/223
f 217/512 161/369 160/367
f 121/262 169/387 88/178
f 168/385 170/389 90/182
f 214/505 172/395 215/506
f 122/264 123/265 93/193
f 104/218 221/522 67/123
f 115/245 246/588 191/442
f 246/588 208/492 180/411
f 207/487 196/451 94/197
f 191/442 117/253 192/443
f 177/406 116/249 245/586
f 177/406 113/240 213/502
f 99/206 55/88 183/419
f 191/442 199/464 115/244
f 204/478 97/201 184/421
f 100/207 193/444 192/443
f 195/450 205/480 94/196
f 194/446 101/210 114/242
f 192/443 64/114 100/208
f 203/477 185/424 96/199
f 191/442 55/87 199/464
f 115/245 209/496 246/588
f 177/406 245/586 113/240
f 200/466 187/428 177/406
f 189/438 188/432 192/443
f 192/443 56/89 61/104
f 202/476 182/417 62/105
f 198/458 97/200 186/425
f 191/442 56/90 117/253
f 95/198 62/108 96/199
f 95/198 63/111 103/215
f 205/481 206/483 94/195
f 209/495 208/492 246/588
f 115/245 208/493 209/496
f 179/410 211/499 195/449
f 177/406 212/500 178/407
f 177/406 213/503 212/500
f 177/406 178/407 176/404
f 91/183 92/188 174/401
f 119/257 91/183 174/401
f 69/128 173/398 57/92
f 69/129 120/258 173/396
f 92/187 91/184 107/225
f 89/179 168/385 118/255
f 68/125 118/255 222/526
f 216/510 88/178 168/385
f 88/178 169/387 168/385
f 168/385 57/91 244/583
f 243/581 93/193 123/265
f 122/264 166/379 219/516
f 122/264 162/370 166/379
f 219/517 105/222 167/380
f 165/377 86/174 93/191
f 86/175 122/264 93/192
f 242/578 84/166 70/131
f 222/524 220/518 85/171
f 85/173 158/361 220/519
f 118/256 85/173 222/525
f 220/520 157/359 158/361
f 107/225 84/167 242/579
f 91/185 84/168 107/225
f 148/341 149/343 108/228
f 128/284 132/295 131/293
f 59/97 112/238 151/350
f 233/557 227/535 230/548
f 73/142 125/271 71/139
f 154/355 239/571 124/269
f 229/545 241/577 147/339
f 72/140 146/338 229/545
f 227/536 233/557 232/555
f 58/93 225/531 233/557
f 144/331 150/346 127/280
f 109/229 141/323 75/146
f 140/320 143/330 235/561
f 79/158 128/285 139/318
f 137/311 136/309 79/159
f 236/566 237/567 78/157
f 236/563 108/227 237/567
f 134/304 135/306 237/567
f 78/157 237/567 60/101
f 136/310 124/267 239/572
f 131/294 77/156 130/292
f 77/153 81/161 130/291
f 236/566 133/301 240/573
f 238/569 139/316 60/98
f 74/144 150/345 111/235
f 229/546 59/96 151/349
f 77/155 156/357 81/163
f 211/499 205/482 195/449
f 190/440 115/246 199/465
f 116/250 191/442 246/588
f 116/250 246/588 245/587
f 245/587 246/588 113/241
f 174/401 122/264 121/263
f 142/326 127/279 235/561
f 238/568 60/99 135/305
f 137/311 125/270 136/308
f 79/159 139/316 238/569
f 79/159 136/309 132/296
f 81/162 128/286 138/313
f 137/312 80/160 71/139
f 135/307 79/159 238/569
f 110/234 235/562 127/282
f 76/152 141/324 234/560
f 127/280 142/325 144/331
f 234/560 109/231 153/353
f 111/236 150/346 144/331
f 76/150 232/555 233/557
f 76/149 227/538 232/556
f 75/148 231/554 112/239
f 145/333 126/274 231/552
f 230/550 229/545 151/350
f 71/135 229/545 147/339
f 228/542 73/143 148/342
f 227/537 234/558 149/344
f 241/576 230/547 71/139
f 153/353 108/228 149/343
f 155/356 129/289 154/355
f 223/528 229/544 146/337
f 236/564 240/574 154/354
f 85/172 158/362 221/523
f 222/526 104/219 68/124
f 159/365 161/368 162/371
f 57/92 87/177 163/373
f 217/512 160/367 218/515
f 218/514 92/189 171/394
f 215/507 118/256 173/400
f 214/505 215/506 173/397
f 174/401 169/388 216/508
f 70/132 84/170 221/522
f 175/403 180/412 197/457
f 176/404 178/408 65/116
f 177/406 65/118 205/482
f 114/243 179/410 195/449
f 62/106 182/418 203/477
f 185/424 183/420 55/88
f 103/215 62/108 95/198
f 202/475 62/107 201/469
f 192/443 63/111 95/198
f 191/442 95/198 96/199
f 184/421 97/200 198/458
f 96/199 62/108 203/477
f 189/438 187/427 188/433
f 177/406 187/428 189/437
f 62/110 193/445 201/470
f 201/471 193/445 100/208
f 190/441 194/448 197/456
f 114/242 187/429 200/467
f 114/242 196/452 66/121
f 102/214 66/120 197/455
f 195/450 196/453 114/242
f 195/450 94/196 196/453
f 101/210 187/430 114/242
f 114/242 200/467 54/85
f 66/121 194/447 114/242
f 194/448 102/214 197/456
f 198/459 99/205 184/421
f 201/472 100/209 64/113
f 190/439 99/205 198/460
f 190/439 198/461 101/211
f 192/443 117/254 56/89
f 188/434 64/114 192/443
f 191/442 116/251 61/102
f 56/90 191/442 61/103
f 184/421 99/206 183/419
f 197/457 115/247 190/440
f 182/418 98/203 97/201
f 191/442 96/199 185/423
f 200/468 177/405 54/86
f 189/438 192/443 177/406
f 177/406 61/104 116/252
f 202/476 98/204 182/417
f 64/115 186/426 98/202
f 98/202 201/473 64/115
f 188/435 186/426 64/115
f 98/203 186/425 97/200
f 191/442 185/423 55/87
f 192/443 95/198 191/442
f 203/477 184/422 185/424
f 97/201 204/478 182/418
f 205/481 65/117 206/484
f 204/479 203/477 182/418
f 206/484 65/117 181/413
f 94/197 206/485 207/488
f 207/489 206/486 181/414
f 246/588 212/501 213/504
f 246/588 213/504 113/241
f 207/490 210/497 175/402
f 210/497 180/412 175/402
f 180/411 210/498 246/588
f 177/406 211/499 179/410
f 177/405 114/243 54/86
f 176/404 65/118 177/406
f 66/122 175/403 197/457
f 197/457 180/412 208/494
f 197/457 208/494 115/248
f 207/491 66/122 196/454
f 67/123 91/186 119/257
f 67/123 84/169 91/186
f 221/522 84/170 67/123
f 68/127 174/401 216/509
f 68/127 119/257 174/401
f 119/257 104/220 67/123
f 244/582 57/92 173/398
f 92/188 159/364 174/401
f 168/385 122/264 57/91
f 121/261 122/264 168/385
f 172/395 214/505 171/390
f 214/505 173/399 171/391
f 171/392 173/399 120/258
f 172/395 118/256 215/507
f 90/182 118/255 168/385
f 171/393 107/226 172/395
f 107/225 171/394 92/189
f 92/190 218/513 159/365
f 89/179 118/255 68/125
f 88/178 216/510 169/386
f 216/510 168/385 89/179
f 169/387 121/262 168/385
f 216/511 89/180 68/126
f 244/583 170/389 168/385
f 93/193 243/581 167/384
f 170/389 244/584 90/182
f 122/264 159/366 162/370
f 105/221 165/376 167/381
f 165/376 93/194 167/382
f 87/176 217/512 163/372
f 219/516 167/383 122/264
f 87/176 106/223 161/369
f 163/372 217/512 69/129
f 217/512 120/260 69/129
f 165/377 164/375 86/174
f 122/264 164/374 57/92
f 164/374 122/264 86/175
f 57/92 164/375 87/177
f 57/92 163/373 69/130
f 162/371 161/368 166/378
f 106/223 166/379 161/368
f 220/520 107/226 157/360
f 172/395 85/173 118/256
f 70/134 157/360 242/580
f 172/395 107/226 85/173
f 85/172 221/523 222/527
f 158/362 70/133 221/523
f 154/355 129/289 239/571
f 77/154 154/355 156/357
f 155/356 154/355 77/154
f 155/356 77/155 129/289
f 229/546 108/228 83/165
f 154/355 240/574 81/162
f 108/228 124/269 228/541
f 108/228 223/528 146/337
f 154/355 108/228 236/565
f 74/144 82/164 151/350
f 224/529 59/95 83/165
f 153/353 109/231 224/529
f 145/334 151/350 112/238
f 151/350 82/164 152/351
f 151/350 152/351 225/530
f 151/350 225/530 58/94
f 150/348 145/336 126/275
f 150/348 74/144 151/350
f 230/548 58/93 233/557
f 230/551 226/534 71/139
f 149/344 148/342 73/143
f 73/143 228/542 125/273
f 226/532 149/344 73/143
f 58/94 230/549 151/350
f 72/140 229/545 71/138
f 146/338 72/140 108/227
f 127/281 150/347 126/276
f 127/282 126/277 110/234
f 145/334 112/238 231/553
f 145/335 231/554 75/148
f 75/146 224/529 109/230
f 75/148 59/97 224/529
f 110/232 145/335 75/148
f 110/233 126/278 145/335
f 82/164 144/331 143/327
f 76/150 82/164 143/327
f 82/164 225/531 152/352
f 233/557 82/164 76/150
f 82/164 74/145 144/331
f 111/237 144/331 74/145
f 140/322 76/152 143/328
f 76/151 234/559 227/538
f 235/562 75/147 140/321
f 133/299 139/317 81/162
f 133/299 60/100 139/317
f 81/162 139/318 128/287
f 135/307 134/303 80/160
f 134/303 71/136 80/160
f 134/303 135/305 71/137
f 79/159 80/160 137/312
f 125/271 137/312 71/139
f 134/304 237/567 71/138
f 72/140 237/567 108/227
f 238/570 237/567 135/306
f 71/138 237/567 72/140
f 124/267 136/310 125/272
f 78/157 60/101 133/300
f 239/572 132/297 136/310
f 131/294 129/290 77/156
f 132/298 239/572 129/290
f 124/268 125/273 228/543
f 128/288 130/292 138/314
f 130/291 81/161 138/315
f 142/325 143/329 144/332
f 78/157 133/301 236/566
f 81/162 240/575 133/302
f 235/561 143/330 142/326
f 149/344 226/533 227/539
f 71/139 147/340 241/576
f 83/165 59/96 229/546
f 154/355 81/163 156/357
f 243/581 123/266 122/264
f 122/264 167/384 243/581
f 120/259 218/514 171/394
f 65/119 210/498 181/415
f 173/400 118/256 244/585
f 169/388 174/401 121/263
f 211/499 177/406 205/482
f 55/88 190/440 199/465
f 246/588 178/409 212/501
f 188/436 101/213 198/462
f 192/443 62/109 103/216
f 63/112 192/443 103/216
s 1
f 264/608 315/677 275/619
f 268/612 250/593 248/590
f 257/600 272/616 259/602
f 265/609 277/621 266/610
f 252/595 270/614 251/594
f 303/663 253/596 250/593
f 266/610 314/676 261/605
f 279/624 271/615 406/830
f 278/622 318/681 265/609
f 260/604 311/672 258/601
f 306/666 254/597 253/596
f 314/676 262/606 261/605
f 247/589 268/612 248/590
f 254/597 305/665 252/595
f 263/607 273/617 260/604
f 247/589 269/613 267/611
f 309/670 255/598 256/599
f 264/608 274/618 263/607
f 270/614 256/599 251/594
f 257/600 311/672 310/671
f 283/632 287/639 286/637
f 251/594 289/641 252/595
f 290/642 291/644 285/635
f 289/641 286/638 288/640
f 290/643 289/641 288/640
f 249/592 292/647 293/648
f 287/639 282/629 294/649
f 283/632 256/599 255/598
f 279/624 283/632 255/598
f 294/650 299/657 295/651
f 299/657 296/652 295/651
f 278/622 280/626 279/624
f 282/630 278/622 265/609
f 266/610 282/630 265/609
f 262/606 282/630 261/605
f 257/600 284/634 258/601
f 260/604 299/658 263/607
f 264/608 299/658 262/606
f 297/654 281/628 284/633
f 284/633 260/604 258/601
f 297/655 259/603 298/656
f 254/597 289/641 253/596
f 289/641 250/593 253/596
f 250/593 291/644 248/590
f 247/589 291/645 249/591
f 328/694 270/614 305/665
f 309/670 325/690 271/615
f 325/690 406/830 271/615
f 411/841 406/830 322/685
f 411/841 324/688 318/681
f 324/688 277/621 318/681
f 314/676 330/697 315/677
f 310/671 326/691 312/673
f 330/697 273/617 274/618
f 275/619 330/697 274/618
f 273/617 326/692 311/672
f 328/694 307/667 306/666
f 303/663 328/694 306/666
f 303/663 329/695 327/693
f 267/611 329/696 268/612
f 308/668 312/673 326/691
f 300/659 327/693 329/695
f 316/678 330/697 324/688
f 325/690 319/682 322/685
f 304/664 328/694 327/693
f 323/687 308/669 326/692
f 302/662 300/660 329/696
f 330/697 317/679 323/686
f 328/694 313/674 325/689
f 319/682 324/688 322/685
f 337/707 276/620 316/678
f 334/702 301/661 304/664
f 335/704 320/683 308/668
f 339/710 316/678 319/682
f 276/620 338/709 317/679
f 333/701 313/674 301/661
f 321/684 332/699 300/660
f 313/675 339/710 319/682
f 332/700 304/664 300/659
f 317/680 335/703 308/669
f 333/701 332/700 341/713
f 335/704 331/698 340/712
f 321/684 344/717 341/714
f 344/717 343/716 341/714
f 342/715 347/723 340/711
f 346/719 349/726 350/727
f 331/698 342/715 340/711
f 346/719 350/728 348/724
f 333/701 343/716 336/706
f 347/722 346/720 348/725
f 351/729 337/707 339/710
f 343/716 352/730 351/729
f 340/711 347/723 320/683
f 347/723 348/725 320/683
f 352/730 342/715 351/729
f 351/729 336/706 343/716
f 397/814 372/768 355/736
f 373/770 397/813 355/735
f 399/817 397/813 356/740
f 367/758 361/747 362/748
f 362/748 359/745 360/746
f 358/743 360/746 359/745
f 357/741 374/775 364/751
f 369/760 365/753 353/732
f 353/731 363/750 366/756
f 389/795 371/766 395/809
f 365/755 370/762 371/766
f 378/780 375/776 377/779
f 376/777 364/752 374/774
f 377/779 366/757 363/749
f 355/736 372/768 410/840
f 372/769 395/810 371/767
f 410/838 371/767 370/763
f 369/761 410/839 370/764
f 380/783 385/789 381/784
f 386/790 383/787 385/789
f 382/785 384/788 379/781
f 388/794 379/782 400/821
f 387/791 354/734 391/799
f 390/798 393/805 354/733
f 389/795 394/807 390/796
f 390/796 394/807 392/801
f 363/749 389/795 387/792
f 414/850 393/806 392/802
f 365/755 389/795 363/749
f 395/810 398/815 394/808
f 394/808 414/851 392/803
f 412/845 414/852 398/816
f 397/814 398/816 396/811
f 400/822 402/825 388/793
f 391/800 403/826 387/792
f 401/823 404/827 403/826
f 405/828 399/818 356/739
f 373/771 405/828 356/739
f 373/772 408/835 407/833
f 373/773 279/625 406/829
f 355/738 409/837 408/834
f 387/792 389/795 390/797
f 399/819 278/623 413/848
f 387/792 377/779 363/749
f 415/854 412/846 416/855
f 416/856 399/820 413/849
f 391/800 375/776 401/823
f 391/800 353/731 366/757
s 0
f 427/867 417/857 428/868
f 429/869 419/859 427/867
f 430/870 418/858 429/869
f 419/859 420/860 417/857
f 419/859 418/858 420/860
f 426/866 420/860 418/858
f 422/862 424/864 425/865
f 422/862 423/863 424/864
f 423/863 421/861 424/864
s 1
f 421/861 400/822 379/782
f 404/827 428/868 403/826
s 0
f 430/870 422/862 425/865
f 429/869 423/863 422/862
f 427/867 421/861 423/863
s 1
f 386/790 424/864 384/788
f 428/868 378/780 377/779
f 403/826 428/868 377/779
f 357/742 378/780 360/746
f 417/857 367/758 362/748
f 436/877 383/787 382/785
f 359/745 431/872 358/743
f 441/884 439/882 434/875
f 435/876 375/776 376/777
f 402/824 382/786 388/794
f 434/875 401/823 375/776
f 402/825 440/883 436/878
f 358/744 376/778 374/775
f 439/882 402/825 401/823
f 435/876 376/778 431/871
f 431/871 442/885 435/876
f 445/889 440/883 439/882
f 443/886 437/879 436/877
f 433/874 431/872 432/873
f 446/890 436/878 440/883
f 442/885 434/875 435/876
f 408/835 413/849 407/833
f 278/623 407/833 413/848
f 353/732 409/837 369/760
f 416/856 353/732 354/734
f 354/734 415/854 416/856
f 456/910 447/891 452/901
f 455/908 448/894 456/909
f 453/904 450/897 454/905
f 454/906 449/896 455/907
f 452/902 451/900 453/903
f 465/928 458/913 466/929
f 466/930 457/911 462/921
f 464/926 459/916 465/927
f 463/924 460/918 464/925
f 462/922 461/920 463/923
f 468/933 475/948 476/949
f 471/939 472/942 473/943
f 469/936 474/946 475/947
f 470/938 473/944 474/945
f 467/932 476/950 472/941
f 480/957 483/964 484/965
f 481/960 482/962 483/963
f 479/955 484/966 485/967
f 477/952 486/970 482/961
f 478/954 485/968 486/969
f 488/973 495/988 496/989
f 487/971 496/990 492/981
f 489/976 494/986 495/987
f 490/978 493/984 494/985
f 491/980 492/982 493/983
f 497/991 506/1010 502/1001
f 498/994 505/1008 506/1009
f 499/996 504/1006 505/1007
f 501/999 502/1002 503/1003
f 500/998 503/1004 504/1005
f 508/1013 515/1028 516/1029
f 511/1019 512/1022 513/1023
f 509/1016 514/1026 515/1027
f 510/1018 513/1024 514/1025
f 507/1012 516/1030 512/1021
f 521/1039 522/1042 523/1043
f 520/1037 523/1044 524/1045
f 518/1033 525/1048 526/1049
f 519/1036 524/1046 525/1047
f 517/1032 526/1050 522/1041
f 529/1055 534/1066 535/1067
f 528/1053 535/1068 536/1069
f 527/1051 536/1070 532/1061
f 530/1058 533/1064 534/1065
f 531/1060 532/1062 533/1063
f 538/1073 545/1088 546/1089
f 541/1079 542/1082 543/1083
f 539/1076 544/1086 545/1087
f 540/1078 543/1084 544/1085
f 537/1072 546/1090 542/1081
f 551/1099 552/1102 553/1103
f 548/1093 555/1108 556/1109
f 549/1096 554/1106 555/1107
f 550/1098 553/1104 554/1105
f 547/1092 556/1110 552/1101
f 558/1113 565/1128 566/1129
f 560/1117 563/1124 564/1125
f 559/1116 564/1126 565/1127
f 557/1111 566/1130 562/1121
f 561/1120 562/1122 563/1123
f 568/1133 575/1148 576/1149
f 567/1131 576/1150 572/1141
f 569/1136 574/1146 575/1147
f 570/1138 573/1144 574/1145
f 571/1140 572/1142 573/1143
f 582/1162 581/1159 583/1163
f 583/1164 580/1157 584/1165
f 586/1170 577/1152 582/1161
f 584/1166 579/1155 585/1167
f 585/1168 578/1154 586/1169
f 593/1184 590/1177 594/1185
f 592/1182 591/1180 593/1183
f 594/1186 589/1175 595/1187
f 595/1188 588/1173 596/1189
f 596/1190 587/1172 592/1181
f 606/1210 597/1191 602/1201
f 604/1206 599/1195 605/1207
f 605/1208 598/1194 606/1209
f 603/1204 600/1198 604/1205
f 602/1202 601/1200 603/1203
f 614/1226 609/1215 615/1227
f 616/1230 607/1211 612/1221
f 613/1224 610/1218 614/1225
f 615/1228 608/1214 616/1229
f 612/1222 611/1220 613/1223
f 623/1244 620/1237 624/1245
f 625/1248 618/1233 626/1249
f 626/1250 617/1231 622/1241
f 624/1246 619/1236 625/1247
f 622/1242 621/1240 623/1243
f 636/1270 627/1251 632/1261
f 635/1268 628/1254 636/1269
f 633/1264 630/1257 634/1265
f 634/1266 629/1256 635/1267
f 632/1262 631/1260 633/1263
f 644/1286 639/1275 645/1287
f 643/1284 640/1278 644/1285
f 645/1288 638/1273 646/1289
f 646/1290 637/1271 642/1281
f 642/1282 641/1280 643/1283
f 652/1302 651/1299 653/1303
f 655/1308 648/1293 656/1309
f 653/1304 650/1297 654/1305
f 654/1306 649/1296 655/1307
f 656/1310 647/1292 652/1301
f 662/1322 661/1319 663/1323
f 665/1328 658/1313 666/1329
f 663/1324 660/1317 664/1325
f 664/1326 659/1316 665/1327
f 666/1330 657/1312 662/1321
f 673/1343 670/1338 671/1339
f 669/1335 676/1349 668/1333
f 674/1346 669/1336 670/1337
f 676/1350 667/1332 668/1334
f 672/1342 671/1340 667/1331
f 677/1352 686/1369 678/1353
f 680/1358 683/1363 681/1359
f 681/1360 682/1362 677/1351
f 679/1355 684/1366 680/1357
f 686/1370 679/1356 678/1354
f 693/1379 690/1376 692/1378
f 687/1371 694/1382 691/1377
f 708/1404 701/1393 705/1399
f 707/1401 704/1398 703/1396
f 709/1405 705/1399 701/1393
f 711/1408 714/1413 710/1406
f 707/1402 702/1395 708/1403
f 695/1383 700/1391 696/1384
f 688/1373 693/1380 694/1381
f 700/1392 697/1386 696/1385
f 697/1387 692/1378 690/1376
f 714/1414 709/1405 710/1407
f 706/1400 711/1409 704/1398
f 691/1377 695/1383 687/1371
f 721/1423 718/1420 720/1422
f 715/1415 722/1426 719/1421
f 723/1427 728/1435 724/1428
f 716/1417 721/1424 722/1425
f 728/1436 725/1430 724/1429
f 725/1431 720/1422 718/1420
f 719/1421 723/1427 715/1415
f 735/1445 732/1442 731/1440
f 742/1457 737/1449 738/1450
f 737/1449 733/1443 729/1437
f 736/1448 729/1437 733/1443
f 734/1444 739/1452 732/1442
f 739/1453 742/1458 738/1451
f 735/1446 730/1439 736/1447
f 750/1470 743/1459 747/1465
f 749/1467 746/1464 745/1462
f 756/1479 751/1471 752/1472
f 748/1466 753/1474 746/1464
f 751/1471 747/1465 743/1459
f 749/1468 744/1461 750/1469
f 753/1475 756/1480 752/1473
f 757/1481 764/1492 761/1487
f 763/1489 760/1486 762/1488
f 765/1493 770/1501 766/1494
f 767/1496 762/1488 760/1486
f 761/1487 765/1493 757/1481
f 758/1483 763/1490 764/1491
f 770/1502 767/1497 766/1495
f 777/1511 820/1602 773/1507
f 773/1507 820/1602 776/1510
f 794/1534 820/1602 791/1529
f 804/1557 786/1523 784/1519
f 775/1509 820/1602 792/1531
f 776/1510 820/1602 772/1505
f 792/1531 820/1602 794/1534
f 811/1578 775/1509 792/1530
f 815/1590 782/1517 785/1521
f 779/1514 820/1602 778/1512
f 796/1538 774/1508 775/1509
f 778/1512 820/1602 777/1511
f 772/1505 820/1602 771/1504
f 781/1516 820/1602 780/1515
f 774/1508 820/1602 775/1509
f 780/1515 820/1602 779/1514
f 795/1536 771/1504 774/1508
f 782/1517 820/1602 785/1522
f 801/1550 785/1522 781/1516
f 783/1518 820/1602 782/1517
f 785/1522 820/1602 781/1516
f 819/1601 792/1531 794/1534
f 787/1524 820/1602 786/1523
f 786/1523 820/1602 784/1520
f 784/1520 820/1602 783/1518
f 806/1562 787/1524 786/1523
f 808/1567 791/1529 793/1532
f 790/1528 820/1602 789/1527
f 789/1527 820/1602 787/1524
f 802/1552 784/1520 783/1518
f 793/1533 820/1602 788/1525
f 807/1564 794/1534 791/1529
f 791/1529 820/1602 793/1533
f 788/1525 820/1602 790/1528
f 809/1569 797/1539 812/1580
f 809/1570 812/1580 810/1572
f 809/1570 796/1537 811/1576
f 809/1569 795/1535 796/1537
f 809/1571 810/1573 795/1535
f 809/1571 813/1582 797/1539
f 809/1569 799/1545 814/1586
f 809/1570 814/1586 813/1583
f 809/1571 798/1541 799/1545
f 809/1570 800/1547 798/1542
f 809/1571 815/1588 801/1549
f 809/1569 801/1549 800/1547
f 809/1569 802/1551 803/1553
f 809/1570 803/1553 815/1589
f 809/1571 804/1555 802/1551
f 809/1569 805/1559 806/1561
f 809/1570 806/1561 804/1556
f 809/1571 816/1592 805/1559
f 809/1569 817/1596 818/1598
f 809/1570 818/1598 816/1593
f 809/1571 808/1565 817/1596
f 809/1569 819/1600 807/1563
f 809/1570 807/1563 808/1566
f 809/1571 811/1577 819/1600
f 816/1594 790/1528 789/1526
f 810/1575 772/1505 771/1503
f 800/1548 781/1516 780/1515
f 798/1543 780/1515 779/1513
f 813/1584 777/1511 773/1506
f 812/1581 776/1510 772/1505
f 814/1587 778/1512 777/1511
f 803/1554 783/1518 782/1517
f 818/1599 788/1525 790/1528
f 805/1560 789/1527 787/1524
f 797/1540 773/1507 776/1510
f 817/1597 793/1533 788/1525
f 799/1546 779/1514 778/1512
f 771/1504 820/1602 774/1508
f 930/1922 928/1918 824/1613
f 838/1666 1127/2242 911/1886
f 963/1987 927/1916 823/1609
f 931/1923 936/1933 840/1672
f 926/1914 900/1862 825/1615
f 826/1620 1123/2237 933/1927
f 954/1972 935/1930 827/1623
f 1121/2234 831/1640 902/1866
f 830/1637 1120/2233 904/1870
f 939/1940 938/1938 846/1695
f 905/1873 903/1868 834/1650
f 941/1944 917/1898 849/1708
f 1116/2228 833/1646 977/2019
f 1115/2227 867/1774 990/2046
f 973/2010 985/2036 836/1658
f 1654/3507 1113/2225 1633/3451
f 837/1662 1112/2224 907/1877
f 1697/3611 1111/2223 1632/3449
f 841/1677 1110/2222 946/1957
f 1698/3613 1109/2221 958/1981
f 842/1681 1108/2220 913/1889
f 1107/2219 1132/2254 957/1979
f 1106/2218 843/1686 949/1963
f 844/1688 1105/2217 915/1894
f 847/1701 1104/2216 2003/4359
f 950/1965 1145/2298 1130/2245
f 961/1984 962/1985 821/1603
f 923/1910 920/1904 850/1712
f 921/1906 944/1953 853/1720
f 922/1908 919/1901 855/1728
f 942/1946 955/1974 822/1605
f 952/1968 979/2023 854/1724
f 828/1627 1094/2204 943/1948
f 829/1632 1093/2202 937/1935
f 1092/2201 832/1643 980/2025
f 861/1753 1091/2200 972/2008
f 982/2030 978/2021 835/1654
f 965/1991 970/2002 865/1767
f 914/1891 984/2034 845/1692
f 989/2044 994/2054 848/1704
f 995/2056 992/2050 868/1778
f 987/2040 991/2048 1655/3509
f 993/2052 951/1967 1131/2249
f 1045/2137 983/2032 864/1763
f 1003/2069 918/1899 852/1718
f 851/1714 1081/2190 953/1970
f 999/2063 924/1911 857/1735
f 873/1791 1079/2188 1004/2070
f 874/1793 1078/2187 1005/2071
f 1007/2074 1150/2308 1142/2288
f 878/1807 1076/2185 1009/2078
f 1149/2307 1014/2087 875/1795
f 876/1799 1074/2183 1011/2081
f 2134/4561 1012/2083 877/1803
f 1008/2076 1005/2071 1142/2288
f 1017/2092 1004/2070 874/1793
f 1030/2114 1021/2100 886/1831
f 1023/2103 1026/2108 887/1833
f 890/1840 1068/2177 1025/2107
f 888/1836 1067/2176 1024/2106
f 1028/2111 1027/2109 889/1838
f 1035/2122 1037/2126 891/1842
f 1038/2127 1036/2123 893/1846
f 892/1844 1063/2172 1034/2121
f 899/1859 1062/2171 1031/2116
f 882/1816 1061/2170 1041/2131
f 894/1849 1060/2169 1039/2128
f 869/1782 1059/2168 996/2058
f 1144/2297 1058/2167 1049/2143
f 1512/3198 1057/2163 897/1852
f 1512/3198 1054/2154 1506/3189
f 1002/2067 1512/3199 856/1732
f 898/1858 1505/3188 1056/2162
f 1511/3197 1053/2152 1505/3186
f 1054/2155 1511/3197 1506/3190
f 1503/3182 1499/3175 1052/2148
f 1497/3173 1499/3175 1510/3195
f 1053/2153 1510/3195 1505/3187
f 1507/3191 1502/3180 1509/3194
f 896/1851 1507/3191 1509/3194
f 1051/2147 1509/3194 1499/3176
f 1508/3193 1045/2138 1504/3184
f 1500/3177 869/1783 1508/3193
f 1050/2145 1508/3193 1507/3192
f 1507/3192 1504/3184 1055/2156
f 1052/2150 1509/3194 1502/3180
f 1510/3195 1056/2160 1505/3187
f 1057/2164 1511/3197 898/1856
f 856/1732 897/1853 974/2012
f 1148/2304 1012/2084 1058/2167
f 1058/2167 882/1817 1047/2141
f 1049/2143 1047/2141 895/1850
f 1044/2136 1034/2120 1059/2168
f 1059/2168 1143/2294 1643/3472
f 996/2058 1643/3472 1139/2278
f 1040/2129 1637/3460 1060/2169
f 1060/2169 1825/3968 1030/2115
f 1039/2128 1030/2115 886/1832
f 1013/2085 1018/2094 1061/2170
f 1061/2170 1647/3483 1040/2130
f 1041/2131 1040/2130 894/1848
f 1032/2118 1024/2105 1062/2171
f 1062/2171 1134/2262 1147/2302
f 1031/2116 1147/2302 1631/3445
f 1033/2119 1036/2124 1063/2172
f 1063/2172 883/1820 1642/3469
f 1034/2121 1642/3469 1143/2292
f 891/1843 1064/2173 1038/2127
f 1037/2125 1638/3461 1064/2173
f 1064/2173 883/1821 1036/2123
f 889/1839 1065/2174 1035/2122
f 1027/2110 1019/2096 1065/2174
f 1019/2096 1037/2126 1065/2174
f 899/1860 1066/2175 1028/2111
f 1031/2117 2078/4476 1066/2175
f 1066/2175 1648/3488 1027/2109
f 1022/2101 2097/4506 1067/2176
f 1067/2176 1135/2263 1639/3463
f 1024/2106 1639/3463 1134/2259
f 1657/3516 1068/2177 1029/2112
f 1020/2098 1022/2102 1068/2177
f 1025/2107 1022/2102 888/1835
f 885/1828 1069/2178 1023/2103
f 1640/3465 1029/2113 1069/2178
f 1069/2178 890/1841 1026/2108
f 1825/3969 1070/2179 1030/2114
f 1641/3467 1023/2104 1070/2179
f 1070/2179 887/1834 1021/2100
f 878/1808 1071/2180 1017/2092
f 1009/2079 1016/2091 1071/2180
f 1016/2091 1004/2070 1071/2180
f 1008/2076 1015/2089 1072/2181
f 1072/2181 878/1809 1017/2093
f 1072/2181 874/1794 1005/2071
f 1646/3479 1073/2182 2134/4561
f 1636/3458 1013/2086 1073/2182
f 1073/2182 882/1818 1012/2083
f 1644/3473 1049/2143 1074/2183
f 1074/2183 895/1850 1048/2142
f 1011/2081 1048/2142 881/1814
f 876/1800 1075/2184 1149/2307
f 1011/2082 1046/2140 1075/2184
f 1075/2184 880/1812 1014/2087
f 1015/2090 1014/2088 1076/2185
f 1076/2185 880/1813 1010/2080
f 1076/2185 879/1811 1009/2078
f 870/1785 1077/2186 1007/2074
f 997/2060 1043/2134 1077/2186
f 1077/2186 1656/3513 1150/2308
f 872/1789 1078/2187 1006/2072
f 1001/2066 1007/2075 1078/2187
f 1007/2075 1005/2071 1078/2187
f 1042/2132 1000/2065 1079/2188
f 1000/2065 1006/2073 1079/2188
f 1079/2188 874/1794 1004/2070
f 872/1789 1080/2189 999/2063
f 1000/2065 1002/2068 1080/2189
f 1080/2189 856/1733 924/1911
f 998/2061 1001/2066 1081/2190
f 1081/2190 872/1790 999/2064
f 953/1970 999/2064 857/1736
f 1003/2069 997/2060 1082/2191
f 997/2060 998/2062 1082/2191
f 1082/2191 851/1715 918/1899
f 869/1784 1083/2192 1045/2137
f 996/2059 2047/4427 1083/2192
f 1083/2192 1136/2266 983/2032
f 868/1779 1084/2193 993/2052
f 992/2051 1146/2301 1084/2193
f 1084/2193 1141/2286 951/1967
f 848/1705 1085/2194 987/2040
f 994/2055 993/2053 1085/2194
f 1085/2194 1131/2252 991/2048
f 836/1659 1086/2195 995/2056
f 985/2037 1635/3455 1086/2195
f 1086/2195 1138/2275 992/2050
f 867/1775 1087/2196 989/2044
f 986/2038 995/2057 1087/2196
f 1087/2196 868/1781 994/2054
f 844/1689 1088/2197 914/1891
f 915/1893 1996/4348 1088/2197
f 1088/2197 866/1772 984/2034
f 864/1764 1089/2198 965/1991
f 983/2033 1634/3453 1089/2198
f 1089/2198 1137/2272 970/2002
f 863/1760 1090/2199 982/2030
f 969/2001 965/1992 1090/2199
f 1090/2199 865/1768 978/2021
f 862/1755 1091/2200 968/1998
f 964/1989 982/2031 1091/2200
f 982/2031 972/2008 1091/2200
f 860/1748 1092/2201 980/2025
f 966/1993 968/1999 1092/2201
f 976/2017 968/1999 861/1751
f 981/2028 967/1996 1093/2202
f 1093/2202 860/1749 980/2026
f 937/1937 980/2027 832/1645
f 858/1740 1094/2204 975/2015
f 1094/2205 859/1744 981/2029
f 943/1949 981/2029 829/1631
f 3091/6484 932/1925 3090/6483
f 3089/6482 1095/2206 3091/6484
f 3089/6482 956/1977 3092/6485
f 3092/6485 1654/3508 3093/6487
f 857/1737 1097/2208 952/1968
f 924/1912 974/2013 1097/2208
f 1097/2208 858/1741 979/2023
f 854/1725 1098/2209 942/1946
f 979/2024 975/2016 1098/2209
f 1098/2209 828/1628 955/1974
f 922/1908 953/1971 1099/2210
f 1099/2210 857/1738 952/1969
f 1099/2210 854/1726 919/1901
f 855/1729 1100/2211 921/1906
f 919/1903 942/1947 1100/2212
f 1100/2212 822/1606 944/1952
f 852/1719 1101/2213 923/1910
f 918/1900 922/1909 1101/2213
f 1101/2213 855/1730 920/1904
f 961/1984 920/1905 1102/2214
f 920/1905 921/1907 1102/2214
f 1102/2214 853/1721 962/1985
f 950/1965 917/1897 1103/2215
f 848/1706 1103/2215 917/1897
f 1103/2215 1655/3511 1145/2298
f 916/1895 938/1939 1104/2216
f 1104/2216 849/1710 950/1966
f 2003/4359 950/1966 1130/2246
f 947/1959 940/1942 1105/2217
f 1105/2217 846/1697 916/1896
f 915/1894 916/1896 847/1699
f 933/1926 949/1963 826/1619
f 831/1642 1106/2218 933/1926
f 947/1960 948/1961 1106/2218
f 948/1962 957/1979 843/1684
f 844/1691 1107/2219 948/1962
f 914/1892 959/1982 1107/2219
f 945/1955 936/1934 1108/2220
f 826/1621 1108/2220 936/1934
f 913/1889 949/1964 843/1685
f 912/1887 913/1890 1109/2221
f 1109/2221 843/1687 957/1980
f 958/1981 957/1980 1132/2253
f 909/1881 911/1885 1110/2222
f 1110/2222 840/1675 945/1956
f 946/1957 945/1956 842/1680
f 908/1879 946/1958 1111/2223
f 1111/2223 842/1683 912/1888
f 1632/3449 912/1888 1698/3612
f 910/1883 906/1875 1112/2224
f 1112/2224 838/1668 909/1882
f 907/1877 909/1882 841/1676
f 956/1978 907/1878 1113/2225
f 1113/2225 841/1679 908/1880
f 1633/3451 908/1880 1697/3608
f 865/1769 1114/2226 973/2010
f 970/2003 2034/4407 1114/2226
f 1114/2226 1645/3478 985/2036
f 990/2046 978/2022 1115/2227
f 865/1770 1115/2227 978/2022
f 973/2011 986/2039 1115/2227
f 972/2009 977/2019 861/1752
f 1116/2228 835/1657 990/2047
f 990/2047 988/2042 1116/2228
f 833/1647 1117/2229 941/1944
f 867/1777 1117/2229 988/2043
f 989/2045 917/1898 1117/2229
f 905/1873 976/2018 1118/2230
f 861/1754 1118/2230 976/2018
f 1118/2230 833/1648 903/1868
f 834/1652 1119/2231 939/1940
f 903/1869 941/1945 1119/2231
f 1119/2231 849/1711 938/1938
f 934/1928 937/1936 1120/2233
f 1120/2232 832/1645 905/1872
f 904/1870 905/1874 834/1651
f 904/1871 902/1866 830/1635
f 834/1653 1121/2234 904/1871
f 939/1941 940/1943 1121/2234
f 954/1972 943/1950 1122/2235
f 1122/2236 829/1634 934/1929
f 935/1931 934/1929 830/1636
f 901/1864 935/1932 1123/2237
f 1123/2237 830/1638 902/1867
f 933/1927 902/1867 831/1639
f 822/1607 1124/2238 926/1914
f 955/1976 954/1973 1124/2239
f 1124/2239 827/1625 900/1861
f 825/1616 1125/2240 931/1923
f 900/1863 901/1865 1125/2240
f 1125/2240 826/1622 936/1933
f 853/1722 1126/2241 963/1987
f 944/1954 926/1915 1126/2241
f 1126/2241 825/1617 927/1916
f 929/1920 927/1917 1127/2242
f 1127/2242 825/1618 931/1924
f 911/1886 931/1924 840/1673
f 821/1604 1128/2243 930/1922
f 962/1986 963/1988 1128/2243
f 1128/2243 823/1611 928/1918
f 824/1614 1129/2244 925/1913
f 928/1919 929/1921 1129/2244
f 906/1876 929/1921 838/1665
f 925/1913 906/1876 839/1669
f 1157/2333 1174/2371 1164/2353
f 1165/2354 1159/2339 1154/2321
f 1156/2329 1172/2367 1163/2349
f 1171/2366 1178/2385 1182/2399
f 1192/2422 1160/2341 1176/2376
f 1169/2363 1175/2372 1181/2396
f 1175/2373 1273/2615 1284/2648
f 1157/2334 1273/2615 1161/2345
f 1176/2377 1169/2363 1181/2396
f 1156/2330 1169/2363 1160/2342
f 1169/2363 1157/2335 1161/2344
f 1168/2361 1192/2422 1178/2384
f 1168/2362 1166/2356 1170/2364
f 1166/2356 1160/2343 1170/2364
f 1171/2366 1154/2324 1168/2360
f 1159/2340 1166/2357 1154/2322
f 1159/2340 1167/2358 1172/2367
f 1167/2358 1163/2349 1172/2367
f 1173/2368 1155/2327 1159/2339
f 1267/2603 1164/2352 1275/2617
f 1164/2352 1340/2778 1275/2617
f 1162/2348 1163/2350 1174/2369
f 1163/2351 1247/2550 1174/2370
f 1164/2353 1247/2551 1152/2313
f 1180/2392 1199/2435 1189/2416
f 1190/2418 1183/2402 1177/2380
f 1179/2388 1197/2431 1188/2413
f 1196/2430 1203/2449 1184/2403
f 1220/2490 1185/2405 1201/2440
f 1194/2427 1200/2436 1209/2466
f 1200/2437 1297/2677 1311/2716
f 1180/2393 1297/2677 1186/2409
f 1201/2441 1194/2427 1209/2466
f 1179/2389 1194/2427 1185/2406
f 1194/2427 1180/2394 1186/2408
f 1193/2425 1220/2490 1203/2448
f 1193/2426 1191/2421 1195/2428
f 1191/2421 1185/2407 1195/2428
f 1196/2430 1177/2382 1193/2424
f 1177/2383 1197/2431 1191/2420
f 1197/2431 1178/2386 1192/2423
f 1192/2423 1188/2413 1197/2431
f 1182/2400 1183/2402 1198/2432
f 1291/2665 1189/2417 1299/2679
f 1299/2679 1175/2374 1284/2649
f 1187/2412 1188/2414 1199/2433
f 1199/2434 1176/2379 1181/2397
f 1199/2435 1175/2375 1189/2416
f 1215/2479 1217/2484 1207/2460
f 1218/2486 1210/2470 1202/2444
f 1205/2454 1226/2500 1216/2481
f 1211/2471 1221/2493 1204/2452
f 1224/2497 1206/2459 1213/2475
f 1223/2496 1208/2465 1222/2495
f 1214/2477 1313/2720 1208/2464
f 1207/2461 1327/2748 1214/2477
f 1212/2474 1222/2495 1206/2458
f 1212/2474 1215/2480 1223/2496
f 1223/2496 1207/2462 1214/2476
f 1204/2453 1224/2497 1213/2475
f 1202/2445 1224/2498 1221/2492
f 1224/2498 1205/2456 1212/2472
f 1225/2499 1202/2446 1221/2493
f 1202/2447 1226/2500 1219/2488
f 1210/2469 1220/2491 1226/2500
f 1220/2491 1216/2481 1226/2500
f 1184/2404 1210/2470 1227/2501
f 1320/2735 1217/2485 1329/2750
f 1329/2750 1200/2438 1311/2717
f 1205/2457 1228/2502 1215/2478
f 1228/2503 1201/2443 1209/2467
f 1228/2504 1200/2439 1217/2484
f 1234/2519 1253/2560 1242/2539
f 1243/2541 1237/2527 1231/2509
f 1233/2515 1251/2556 1241/2536
f 1250/2555 1155/2328 1158/2337
f 1167/2359 1238/2529 1153/2317
f 1248/2552 1152/2315 1247/2549
f 1152/2316 1352/2803 1340/2777
f 1239/2531 1346/2793 1352/2803
f 1153/2320 1248/2552 1247/2549
f 1233/2516 1248/2552 1238/2530
f 1240/2534 1239/2532 1248/2552
f 1246/2547 1167/2359 1155/2325
f 1246/2548 1244/2544 1249/2554
f 1249/2554 1233/2517 1238/2528
f 1250/2555 1231/2511 1246/2546
f 1231/2512 1251/2556 1244/2543
f 1251/2556 1232/2513 1245/2545
f 1245/2545 1241/2536 1251/2556
f 1236/2525 1237/2527 1252/2557
f 1346/2792 1242/2540 1354/2805
f 1354/2805 1229/2505 1338/2774
f 1240/2535 1241/2537 1253/2558
f 1253/2559 1230/2508 1235/2523
f 1253/2560 1229/2506 1242/2539
f 1259/2581 1276/2620 1266/2601
f 1267/2603 1261/2589 1256/2569
f 1258/2577 1274/2616 1265/2598
f 1273/2615 1280/2634 1284/2648
f 1272/2613 1278/2626 1293/2669
f 1271/2612 1277/2621 1283/2646
f 1277/2622 1395/2900 1405/2929
f 1259/2582 1395/2900 1263/2594
f 1262/2592 1283/2646 1278/2625
f 1262/2592 1264/2596 1271/2612
f 1271/2612 1259/2583 1263/2593
f 1270/2610 1293/2669 1280/2633
f 1270/2611 1268/2606 1272/2614
f 1272/2614 1258/2579 1262/2590
f 1273/2615 1256/2571 1270/2609
f 1256/2572 1274/2616 1268/2605
f 1274/2616 1257/2574 1269/2607
f 1269/2607 1265/2598 1274/2616
f 1340/2778 1261/2589 1275/2617
f 1389/2888 1266/2602 1397/2902
f 1397/2902 1254/2561 1384/2876
f 1264/2597 1265/2599 1276/2618
f 1276/2619 1255/2567 1260/2585
f 1276/2620 1254/2562 1266/2601
f 1288/2657 1290/2663 1282/2641
f 1299/2679 1279/2630 1291/2665
f 1281/2637 1298/2678 1289/2660
f 1297/2677 1304/2696 1311/2716
f 1296/2675 1302/2688 1322/2739
f 1295/2674 1301/2683 1310/2713
f 1301/2684 1416/2954 1429/2983
f 1282/2642 1416/2954 1287/2656
f 1286/2653 1310/2713 1302/2687
f 1281/2638 1295/2674 1286/2653
f 1295/2674 1282/2643 1287/2655
f 1294/2672 1322/2739 1304/2695
f 1279/2631 1296/2676 1294/2671
f 1292/2667 1286/2654 1296/2676
f 1291/2666 1294/2673 1297/2677
f 1285/2651 1292/2668 1279/2629
f 1298/2678 1280/2635 1293/2670
f 1298/2678 1278/2627 1289/2660
f 1299/2679 1280/2636 1285/2650
f 1410/2942 1290/2664 1418/2956
f 1418/2956 1277/2623 1405/2930
f 1288/2659 1289/2661 1300/2680
f 1300/2681 1278/2628 1283/2645
f 1300/2682 1277/2624 1290/2663
f 1317/2728 1319/2733 1308/2707
f 1320/2735 1312/2718 1303/2691
f 1321/2737 1318/2730 1306/2701
f 1327/2748 1305/2699 1313/2720
f 1315/2724 1314/2722 1307/2705
f 1324/2744 1316/2725 1309/2711
f 1316/2726 1431/2987 1309/2712
f 1308/2708 1443/3011 1316/2726
f 1307/2706 1325/2745 1324/2744
f 1314/2723 1317/2729 1325/2745
f 1325/2745 1308/2709 1316/2725
f 1305/2700 1326/2746 1315/2724
f 1323/2743 1321/2738 1326/2747
f 1326/2747 1306/2703 1314/2721
f 1327/2748 1303/2693 1323/2741
f 1303/2694 1328/2749 1321/2737
f 1312/2719 1322/2740 1328/2749
f 1328/2749 1302/2689 1318/2730
f 1329/2750 1304/2698 1312/2718
f 1437/2999 1319/2734 1445/3013
f 1445/3013 1301/2685 1429/2984
f 1306/2704 1330/2752 1317/2727
f 1318/2732 1310/2714 1330/2751
f 1330/2753 1301/2686 1319/2733
f 1343/2785 1345/2790 1336/2768
f 1346/2792 1339/2775 1333/2758
f 1347/2795 1344/2787 1335/2764
f 1352/2803 1257/2576 1340/2777
f 1351/2801 1255/2568 1269/2608
f 1350/2800 1254/2563 1260/2587
f 1254/2564 1376/2853 1384/2875
f 1342/2782 1369/2840 1376/2853
f 1341/2780 1260/2587 1255/2565
f 1335/2765 1350/2800 1341/2780
f 1343/2786 1342/2783 1350/2800
f 1349/2798 1269/2608 1257/2573
f 1333/2760 1351/2802 1349/2797
f 1347/2794 1341/2781 1351/2802
f 1346/2793 1349/2799 1352/2803
f 1339/2776 1347/2795 1333/2759
f 1339/2776 1348/2796 1353/2804
f 1348/2796 1344/2787 1353/2804
f 1354/2805 1334/2763 1339/2775
f 1369/2839 1345/2791 1378/2855
f 1378/2855 1331/2754 1363/2826
f 1335/2767 1355/2806 1343/2784
f 1355/2807 1332/2757 1337/2772
f 1355/2808 1331/2755 1345/2790
f 1361/2822 1379/2858 1368/2838
f 1378/2855 1358/2813 1369/2839
f 1370/2842 1367/2835 1360/2818
f 1376/2853 1382/2868 1384/2875
f 1375/2851 1380/2860 1391/2892
f 1373/2848 1486/3139 1488/3145
f 1365/2831 1373/2848 1380/2859
f 1365/2831 1366/2833 1374/2850
f 1374/2850 1361/2823 1486/3139
f 1372/2845 1391/2892 1382/2867
f 1358/2814 1375/2852 1372/2844
f 1375/2852 1360/2820 1365/2829
f 1369/2840 1372/2846 1376/2853
f 1364/2828 1370/2842 1358/2812
f 1377/2854 1359/2816 1371/2843
f 1371/2843 1367/2835 1377/2854
f 1378/2855 1359/2817 1364/2827
f 1366/2834 1367/2836 1379/2856
f 1379/2857 1357/2811 1362/2824
f 1379/2858 1356/2809 1368/2838
f 1387/2882 1490/3152 1487/3141
f 1389/2888 1385/2877 1381/2863
f 1383/2871 1396/2901 1388/2885
f 1395/2900 1401/2915 1405/2929
f 1394/2898 1399/2906 1412/2946
f 1393/2897 1492/3160 1404/2926
f 1399/2907 1393/2897 1404/2926
f 1386/2881 1387/2883 1393/2897
f 1393/2897 1487/3142 1489/3149
f 1392/2895 1412/2946 1401/2914
f 1392/2896 1390/2891 1394/2899
f 1394/2899 1383/2873 1386/2879
f 1395/2900 1381/2865 1392/2894
f 1381/2866 1396/2901 1390/2890
f 1385/2878 1391/2893 1396/2901
f 1391/2893 1388/2885 1396/2901
f 1397/2902 1382/2870 1385/2877
f 1387/2884 1388/2886 1398/2903
f 1398/2904 1380/2862 1373/2847
f 1398/2905 1488/3146 1490/3152
f 1408/2936 1494/3165 1491/3154
f 1410/2942 1406/2931 1400/2910
f 1403/2922 1417/2955 1409/2939
f 1416/2954 1402/2919 1429/2983
f 1415/2952 1421/2962 1439/3003
f 1428/2981 1493/3163 1495/3167
f 1407/2935 1428/2981 1421/2961
f 1407/2935 1408/2937 1414/2951
f 1408/2937 1493/3163 1414/2951
f 1413/2949 1439/3003 1402/2918
f 1413/2950 1411/2945 1415/2953
f 1415/2953 1403/2924 1407/2933
f 1416/2954 1400/2912 1413/2948
f 1400/2913 1417/2955 1411/2944
f 1406/2932 1412/2947 1417/2955
f 1412/2947 1409/2939 1417/2955
f 1418/2956 1401/2917 1406/2931
f 1408/2938 1409/2940 1419/2957
f 1409/2941 1404/2927 1419/2958
f 1494/3165 1404/2928 1492/3158
f 1426/2977 1446/3016 1496/3171
f 1437/2999 1430/2985 1422/2965
f 1424/2971 1444/3012 1436/2996
f 1431/2987 1440/3005 1423/2969
f 1442/3009 1425/2976 1433/2991
f 1441/3008 1427/2979 1420/2960
f 1432/2990 1420/2960 1425/2975
f 1432/2990 1435/2994 1441/3008
f 1441/3008 1426/2978 1434/2992
f 1440/3006 1433/2991 1423/2970
f 1440/3007 1438/3002 1442/3010
f 1442/3010 1424/2973 1432/2988
f 1443/3011 1422/2967 1440/3005
f 1422/2968 1444/3012 1438/3001
f 1444/3012 1402/2920 1439/3004
f 1439/3004 1436/2996 1444/3012
f 1445/3013 1402/2921 1430/2985
f 1435/2995 1436/2997 1446/3014
f 1446/3015 1421/2964 1428/2980
f 1446/3016 1495/3168 1496/3171
f 1459/3056 1535/3263 1450/3025
f 1447/3017 1536/3267 1449/3022
f 1450/3026 1537/3270 1447/3017
f 1455/3043 1457/3048 1452/3033
f 1458/3052 1456/3045 1451/3029
f 1474/3102 1453/3037 1465/3072
f 1460/3059 1464/3069 1468/3083
f 1453/3038 1468/3083 1465/3073
f 1453/3038 1455/3044 1460/3059
f 1460/3059 1452/3034 1454/3039
f 1461/3062 1451/3031 1453/3036
f 1462/3064 1450/3027 1456/3045
f 1451/3032 1463/3067 1455/3042
f 1456/3047 1447/3018 1463/3066
f 1463/3068 1449/3023 1457/3048
f 1471/3092 1524/3231 1467/3079
f 1466/3076 1477/3112 1472/3095
f 1483/3131 1469/3086 1480/3120
f 1481/3124 1470/3089 1479/3117
f 1480/3121 1475/3107 1481/3124
f 1469/3088 1471/3093 1475/3106
f 1475/3107 1467/3080 1470/3089
f 1476/3109 1466/3077 1469/3085
f 1474/3103 1472/3095 1477/3112
f 1466/3078 1478/3114 1471/3093
f 1478/3115 1465/3075 1468/3082
f 1478/3116 1464/3070 1524/3231
f 1484/3135 1480/3122 1482/3127
f 1482/3128 1481/3125 1485/3136
f 1485/3138 1479/3118 1545/3291
f 1488/3147 1448/3021 1459/3055
f 1487/3143 1462/3065 1458/3051
f 1489/3150 1474/3104 1492/3159
f 1489/3151 1458/3054 1461/3060
f 1488/3148 1462/3065 1490/3153
f 1491/3156 1477/3113 1473/3098
f 1495/3169 1476/3110 1483/3130
f 1491/3157 1476/3111 1493/3162
f 1492/3161 1477/3113 1494/3166
f 1496/3172 1483/3133 1484/3134
f 863/1762 1504/3185 969/2000
f 1504/3185 864/1766 969/2000
f 1502/3181 862/1757 1052/2149
f 964/1990 1055/2159 863/1759
f 860/1750 1503/3183 966/1994
f 1052/2151 966/1994 1503/3183
f 859/1745 898/1857 967/1995
f 967/1997 1056/2162 860/1747
f 974/2014 971/2007 858/1739
f 897/1855 859/1746 971/2004
f 1514/3203 1515/3206 1513/3200
f 1470/3090 1514/3204 1522/3225
f 1522/3226 1513/3201 1520/3220
f 1467/3081 1516/3209 1514/3204
f 1519/3217 1520/3220 1517/3211
f 1545/3289 1519/3218 1521/3222
f 1521/3223 1517/3212 1518/3214
f 1479/3119 1522/3227 1519/3218
f 1525/3234 1528/3243 1523/3228
f 1524/3233 1525/3235 1516/3208
f 1516/3210 1523/3229 1515/3206
f 1464/3071 1526/3239 1525/3235
f 1527/3240 1533/3258 1531/3251
f 1454/3041 1529/3247 1526/3237
f 1529/3246 1528/3243 1526/3238
f 1529/3247 1457/3049 1533/3256
f 1530/3248 1534/3260 1559/3334
f 1457/3050 1532/3254 1533/3257
f 1532/3255 1531/3251 1533/3258
f 1449/3024 1534/3261 1532/3254
f 2425/5121 1577/3381 2369/5004
f 2461/5191 1567/3356 2457/5185
f 1542/3282 1541/3279 1559/3334
f 1542/3282 1559/3334 1534/3260
f 3122/6534 3124/6536 3123/6535
f 1549/3302 1521/3223 1518/3214
f 1547/3296 1521/3224 1544/3285
f 1548/3298 1545/3291 1547/3294
f 1548/3299 1482/3129 1485/3137
f 1550/3307 1555/3323 1552/3312
f 1549/3303 1551/3310 1550/3305
f 1554/3321 1556/3326 1553/3315
f 1554/3318 1553/3316 1558/3331
f 1552/3313 1557/3329 1554/3319
f 2468/5202 1538/3273 2465/5198
f 3118/6528 1563/3344 3102/6502
f 1563/3345 1565/3350 1560/3337
f 3121/6533 3123/6535 1577/3381
f 2463/5194 1578/3382 2466/5200
f 1565/3351 1568/3359 1560/3338
f 1566/3354 1572/3372 1568/3358
f 2467/5201 3125/6538 2464/5196
f 1541/3280 3125/6539 3118/6527
f 1570/3365 1576/3379 1572/3371
f 1569/3362 1573/3374 1576/3378
f 2466/5200 3127/6541 2468/5202
f 2459/5189 1569/3363 1570/3366
f 2458/5187 1540/3277 1539/3275
f 1559/3335 1579/3384 1530/3250
f 1513/3202 1603/3413 1592/3400
f 1527/3242 1597/3405 1528/3244
f 2459/5188 1562/3343 1564/3348
f 1573/3375 1601/3411 1576/3380
f 1515/3207 1598/3406 1603/3413
f 1531/3252 1602/3412 1527/3242
f 1576/3380 1590/3398 1572/3373
f 1556/3327 1600/3410 1581/3386
f 1557/3330 1596/3404 1600/3410
f 1558/3332 1582/3387 1599/3407
f 1523/3230 1597/3405 1598/3406
f 1560/3339 1593/3401 1563/3346
f 1555/3325 1595/3403 1596/3404
f 1551/3311 1587/3392 1595/3403
f 1563/3346 1575/3377 3102/6503
f 1520/3221 1592/3400 1583/3388
f 1571/3369 1591/3399 1573/3375
f 1572/3373 1585/3390 1568/3360
f 2465/5199 3126/6540 2467/5201
f 1518/3216 1584/3389 1587/3392
f 1568/3360 1586/3391 1560/3339
f 1517/3213 1583/3388 1584/3389
f 1553/3317 1581/3386 1582/3387
f 1530/3250 1580/3385 1531/3252
f 1594/3402 1605/3416 1579/3384
f 1592/3400 1629/3440 1611/3422
f 1602/3412 1613/3424 1597/3405
f 1588/3393 1604/3414 1609/3420
f 1591/3399 1614/3425 1601/3411
f 1603/3413 1625/3436 1629/3440
f 1580/3385 1628/3439 1602/3412
f 1601/3411 1610/3421 1590/3398
f 1581/3386 1627/3438 1606/3417
f 1600/3410 1624/3435 1627/3438
f 1582/3387 1626/3437 1599/3407
f 1598/3406 1613/3424 1625/3436
f 1586/3391 1612/3423 1593/3401
f 1596/3404 1623/3434 1624/3435
f 1595/3403 1619/3430 1623/3434
f 1593/3401 1574/3376 1575/3377
f 1583/3388 1611/3422 1607/3418
f 1589/3397 1621/3432 1591/3399
f 1590/3398 1608/3419 1585/3390
f 1588/3393 1620/3431 1589/3397
f 1587/3392 1617/3428 1619/3430
f 1585/3390 1618/3429 1586/3391
f 1584/3389 1607/3418 1617/3428
f 1582/3387 1606/3417 1616/3427
f 1579/3384 1615/3426 1580/3385
f 2189/4648 1653/3503 2193/4654
f 2194/4655 1652/3501 2189/4647
f 2193/4654 1651/3496 2192/4652
s 0
f 1934/4244 1689/3600 1973/4315
f 1943/4264 1690/3601 1978/4321
f 1695/3606 2121/4541 1836/4002
f 1696/3607 2071/4465 1670/3549
f 1696/3607 2053/4437 1676/3566
f 1673/3558 1868/4097 2084/4485
f 1675/3564 1832/3992 1695/3606
f 1691/3602 2146/4580 1677/3569
f 1683/3585 1690/3601 1943/4264
f 1689/3600 2155/4595 1808/3909
f 1671/3552 1676/3566 2054/4439
f 1973/4315 1689/3600 1682/3583
f 1689/3600 2165/4610 1665/3536
f 1667/3542 1666/3539 1691/3602
f 1693/3604 2021/4387 1790/3856
f 1982/4326 1689/3600 1835/3999
f 1668/3545 1689/3600 1665/3536
f 1663/3532 1791/3859 1693/3604
s 1
f 1661/3527 2235/4742 2197/4661
f 2197/4661 2004/4361 1661/3527
f 1692/3603 1685/3591 1684/3588
s 0
f 1689/3600 1982/4326 1682/3583
f 1696/3607 2065/4456 1852/4061
f 1666/3539 1816/3935 1691/3602
f 1688/3598 2085/4487 1672/3555
f 1689/3600 1668/3545 1835/3999
f 1677/3569 1689/3600 1691/3602
f 1693/3604 1792/3862 1696/3607
f 1696/3607 1868/4097 1688/3598
f 1790/3856 1663/3532 1693/3604
f 2164/4608 1689/3600 1808/3909
f 2046/4425 1696/3607 1792/3862
f 1667/3542 1836/4002 2127/4550
s 1
f 1659/3522 2232/4738 2196/4659
s 0
f 1689/3600 1978/4321 1690/3601
f 1674/3561 1675/3564 1695/3606
s 1
f 1681/3580 1694/3605 1680/3577
s 0
f 1887/4147 1674/3561 1688/3598
f 1690/3601 1683/3585 1937/4252
f 1672/3555 1887/4147 1688/3598
f 2152/4590 1689/3600 1677/3569
f 1693/3604 2040/4416 1792/3862
f 1696/3607 2077/4474 1868/4097
f 1667/3542 3429/7183 1695/3606
f 1689/3600 1934/4244 1978/4321
f 1695/3606 1688/3598 1674/3561
s 1
f 1632/3450 1700/3618 1697/3609
f 2172/4622 1760/3786 2175/4625
f 1704/3628 1746/3765 1745/3763
f 1707/3637 1748/3768 1746/3764
f 2174/4624 1713/3657 1749/3769
f 2180/4633 1710/3646 1747/3766
f 2177/4629 1762/3789 2181/4634
f 1633/3452 1712/3653 1654/3505
f 2187/4644 1750/3771 2185/4641
f 3093/6486 1715/3666 1151/2310
f 2186/4642 1714/3660 1763/3791
f 2192/4653 1764/3793 2191/4651
f 2190/4650 1717/3670 2195/4657
f 2187/4643 1983/4329 1650/3493
f 1788/3851 1707/3638 1704/3626
f 2178/4630 1787/3847 1710/3645
f 2173/4623 1718/3671 1713/3658
f 1707/3638 1660/3524 1706/3633
f 2003/4360 1720/3677 847/1700
f 1999/4354 1765/3794 2001/4356
f 2007/4367 1766/3796 2009/4369
f 2005/4364 1130/2247 1145/2299
f 2006/4365 1751/3773 2008/4368
f 2000/4355 1724/3693 1752/3775
f 2006/4365 1659/3523 1725/3695
f 1997/4350 1789/3853 1724/3691
f 2011/4373 1655/3512 991/2049
f 2015/4378 1727/3701 1771/3806
f 1774/3812 1767/3798 1699/3615
f 1141/2287 1728/3705 1131/2250
f 1734/3725 1732/3718 1754/3777
f 2014/4377 1723/3690 1758/3784
f 1773/3810 1662/3530 1732/3719
f 2013/4376 1661/3528 1723/3688
f 2023/4392 1138/2276 1635/3456
f 2026/4395 1731/3716 1768/3800
f 2029/4401 1769/3802 2032/4404
f 2034/4408 1735/3728 1645/3475
f 2030/4402 1756/3780 2031/4403
f 2025/4394 1730/3714 1753/3776
f 2033/4406 1739/3741 2030/4402
f 2024/4393 1790/3857 1730/3712
f 1988/4336 1705/3631 1761/3788
f 984/2035 1703/3625 845/1693
f 1986/4334 1745/3762 1987/4335
f 1986/4334 1788/3852 1704/3627
f 1990/4340 1772/3808 1994/4345
f 1996/4349 1741/3749 866/1771
f 1992/4343 1757/3782 1993/4344
f 1995/4346 1742/3752 1992/4343
f 1990/4339 1757/3782 1743/3755
f 1985/4332 1745/3762 1705/3630
f 2022/4389 1753/3776 1731/3715
f 2029/4400 1756/3780 1740/3743
f 2012/4374 1758/3784 1727/3702
f 1734/3725 1733/3722 1774/3811
f 2000/4355 1719/3674 1999/4353
f 2008/4368 1726/3699 2007/4366
f 2185/4641 1714/3661 2183/4637
f 2180/4633 1709/3643 2177/4628
f 2174/4624 1711/3651 2172/4621
f 1746/3764 1701/3620 1708/3639
f 1705/3632 1746/3765 1708/3640
f 1991/4341 1772/3808 1741/3747
f 1984/4330 1761/3788 1703/3624
f 2028/4398 1769/3802 1735/3726
f 2026/4395 1729/3710 2023/4391
f 1775/3813 1767/3798 1728/3704
f 2011/4372 1771/3806 1722/3684
f 2005/4363 1766/3796 1721/3680
f 2001/4356 1720/3678 1998/4351
f 2190/4649 1764/3793 1716/3668
f 2184/4639 1763/3791 1715/3664
f 2181/4634 1712/3654 2179/4631
f 2171/4619 1760/3786 1700/3616
f 2018/4383 1775/3813 2020/4386
f 2019/4384 1774/3811 2016/4380
f 2021/4388 1773/3810 2017/4382
f 2017/4381 1734/3725 2019/4384
f 2020/4385 1141/2287 1146/2300
f 2016/4379 1699/3615 2018/4383
f 1634/3454 1736/3731 1137/2270
f 2036/4412 1770/3804 2039/4415
f 2044/4423 1781/3833 1783/3839
f 2043/4422 1136/2268 2047/4428
f 2042/4420 1786/3845 2045/4424
f 2038/4414 1755/3779 2037/4413
f 2046/4426 1780/3830 2042/4420
f 2038/4414 1791/3860 1737/3734
f 2044/4423 1777/3821 2043/4421
f 2035/4409 1770/3804 1736/3730
f 2037/4413 1738/3738 2036/4411
f 2045/4424 1781/3834 2041/4418
f 1796/3876 1668/3546 1800/3885
f 1888/4149 1795/3873 1873/4114
f 1898/4168 1794/3869 1896/4164
f 1800/3885 1665/3537 1794/3868
f 1798/3882 1133/2256 1801/3887
f 1133/2255 3094/6489 1043/2133
f 1897/4166 1800/3886 1898/4168
f 1150/2309 1802/3890 1142/2289
f 2169/4617 1805/3899 1889/4150
f 2170/4618 1807/3907 1900/4170
f 2160/4603 1899/4169 2163/4607
f 2159/4602 1890/4152 2162/4606
f 1008/2077 1806/3903 875/1796
f 2160/4603 1808/3910 1804/3895
f 2168/4616 1669/3548 1807/3906
f 2153/4593 876/1801 1149/2306
f 2156/4598 1891/4154 2157/4599
f 2154/4594 1902/4173 2158/4600
f 2144/4577 1811/3921 1901/4172
f 2143/4576 1810/3917 1892/4156
f 1148/2305 1813/3928 877/1804
f 2146/4581 1811/3919 2145/4578
f 2154/4594 1815/3934 1814/3932
f 2137/4567 1140/2285 1636/3457
f 2138/4569 1893/4158 2139/4570
f 2130/4556 1894/4160 2131/4557
f 2129/4554 1646/3480 2134/4562
f 2128/4552 1903/4175 2132/4558
f 2140/4571 1820/3951 1904/4177
f 2133/4560 1821/3953 2128/4552
f 2135/4564 1820/3950 2136/4565
f 2117/4536 1825/3970 1637/3459
f 2120/4540 1826/3971 1886/4145
f 2122/4544 1895/4162 2125/4548
f 2123/4546 1647/3484 1018/2095
f 2126/4549 1830/3985 1905/4178
f 2119/4539 1829/3984 1879/4133
f 2127/4551 1830/3986 2124/4547
f 2116/4534 1832/3993 1829/3982
f 2078/4477 1839/4012 1648/3486
f 1019/2097 1837/4006 1630/3441
f 2070/4464 1849/4051 1863/4087
f 2076/4473 1838/4010 1862/4085
f 2080/4481 1864/4089 2083/4484
f 2079/4479 1631/3448 1147/2303
f 2082/4483 1845/4035 1857/4076
f 2075/4472 1844/4034 1859/4080
f 2069/4463 1851/4058 1860/4081
f 2063/4454 1848/4047 1858/4078
f 2064/4455 1847/4043 1866/4093
f 1638/3462 1850/4055 883/1819
f 2059/4448 1834/3997 2056/4443
f 1642/3470 1823/3960 1143/2293
f 2057/4444 1824/3965 1833/3995
f 2059/4447 1676/3567 1906/4180
f 2084/4486 1845/4036 2081/4482
f 2061/4451 1671/3553 1848/4046
f 2068/4462 1852/4062 1851/4059
f 2077/4475 1844/4032 2072/4467
f 2087/4492 1865/4091 2090/4495
f 1639/3464 1841/4021 1134/2260
f 2088/4493 1856/4074 2089/4494
f 2088/4493 1673/3559 1842/4024
f 2087/4491 1856/4074 1843/4028
f 2058/4445 1834/3997 1824/3963
f 2060/4449 1858/4078 1847/4042
f 2067/4460 1860/4081 1849/4050
f 2074/4470 1859/4080 1838/4009
f 2080/4480 1857/4076 1846/4038
f 2090/4495 1841/4022 2086/4489
f 2055/4441 1833/3995 1823/3959
f 2062/4452 1866/4093 1850/4054
f 2083/4484 1840/4018 2079/4478
f 2076/4473 1839/4013 2073/4468
f 2066/4458 1863/4087 1837/4005
f 2106/4520 1657/3518 1640/3466
f 1020/2099 1869/4100 884/1823
f 2099/4510 1884/4141 2102/4513
f 2107/4522 1883/4139 2109/4524
f 2112/4528 1876/4123 1885/4143
f 2110/4526 885/1830 1641/3468
f 2114/4531 1880/4134 2111/4527
f 2105/4518 1881/4136 2108/4523
f 2100/4511 1882/4137 2101/4512
f 2094/4501 1861/4083 2093/4500
f 2091/4497 1867/4095 2095/4502
f 2092/4499 1135/2264 2097/4505
f 2115/4533 1875/4120 2114/4531
f 2096/4504 1854/4069 2094/4501
f 2100/4511 1887/4148 1878/4131
f 2104/4517 1874/4116 2105/4518
f 2091/4496 1861/4083 1855/4070
f 2101/4512 1877/4128 2099/4509
f 2107/4521 1881/4136 1870/4103
f 2113/4529 1880/4134 1876/4122
f 2092/4498 1867/4095 1853/4063
f 2112/4528 1872/4112 2110/4525
f 2109/4524 1871/4107 2106/4519
f 2102/4513 1869/4101 2098/4507
f 2125/4548 1828/3979 2123/4545
f 2117/4535 1886/4145 1827/3974
f 2131/4557 1819/3947 2129/4553
f 2139/4570 1818/3943 2137/4566
f 2142/4574 1892/4156 1813/3926
f 2157/4599 1809/3913 2153/4592
f 2161/4604 1890/4152 1806/3902
f 2166/4612 1889/4150 1802/3888
f 1888/4149 1793/3865 1798/3881
f 2118/4537 1879/4133 1826/3972
f 2126/4549 1831/3990 2122/4543
f 2140/4571 1817/3939 2138/4568
f 2130/4555 1903/4175 1822/3955
f 2141/4572 1901/4172 1810/3916
f 2156/4597 1902/4173 1812/3922
f 2163/4607 1803/3893 2159/4601
f 2170/4618 1805/3900 2167/4614
f 1897/4166 1799/3884 1797/3879
f 1799/3884 1896/4164 1795/3871
f 2049/4431 1778/3823 1785/3843
f 2051/4434 1139/2281 1643/3471
f 2050/4432 1779/3826 1784/3841
f 2052/4435 1782/3837 1778/3824
f 2049/4431 1779/3827 2048/4429
f 2051/4433 1784/3841 1776/3815
f 2148/4584 1911/4189 1907/4183
f 2149/4586 1910/4188 1909/4186
f 2147/4582 1677/3570 1908/4185
f 1644/3474 1909/4187 1144/2296
f 2150/4588 1907/4184 1910/4188
f 2147/4583 1911/4189 2151/4589
f 1967/4308 1955/4288 1970/4312
f 1965/4305 1913/4194 1954/4287
f 1966/4306 1678/3571 1913/4192
f 1967/4308 1916/4200 1915/4197
f 1913/4193 1956/4291 1954/4286
f 1919/4208 1957/4292 1956/4290
f 1913/4194 1679/3574 1919/4209
f 1919/4209 1925/4221 1918/4204
f 1918/4206 1958/4294 1957/4292
f 1958/4293 1922/4214 1950/4280
f 1925/4222 1923/4218 1918/4205
f 1923/4218 1680/3578 1922/4213
f 1938/4256 1930/4234 1939/4257
f 1975/4318 1940/4259 1977/4320
f 1972/4314 1941/4260 1974/4317
f 1979/4323 1897/4167 1981/4325
f 1927/4226 1943/4265 1930/4235
f 1979/4323 1835/4001 1796/3875
f 1972/4314 1682/3584 1933/4242
f 1975/4318 1934/4245 1929/4231
f 1935/4249 1938/4255 1942/4262
f 1937/4253 1927/4228 1935/4247
f 1936/4251 1938/4255 1928/4229
f 1981/4325 1797/3880 1980/4324
f 1971/4313 1941/4260 1932/4239
f 1977/4320 1926/4224 1976/4319
f 1938/4256 1931/4238 1928/4230
f 1922/4214 1951/4282 1950/4280
f 1946/4271 1952/4283 1951/4281
f 1945/4268 1953/4285 1952/4283
f 1949/4279 1942/4263 1953/4284
f 1922/4215 1686/3594 1946/4272
f 1685/3592 1935/4249 1949/4277
f 1945/4269 1685/3592 1949/4277
f 1946/4272 1684/3590 1945/4267
f 1948/4276 1942/4263 1936/4250
f 1944/4266 1953/4285 1948/4275
f 1947/4274 1952/4283 1944/4266
f 1921/4212 1951/4282 1947/4273
f 1958/4293 1921/4212 1924/4219
f 1957/4292 1924/4220 1917/4203
f 1956/4290 1917/4203 1920/4210
f 1954/4286 1920/4211 1912/4190
f 1963/4302 1954/4287 1912/4191
f 1969/4311 1955/4288 1914/4195
f 2247/4757 1961/4299 1959/4295
f 2246/4756 1687/3595 1960/4298
f 1962/4301 1960/4297 1961/4299
f 1961/4300 1963/4302 1959/4296
f 1960/4297 1964/4303 1966/4306
f 1961/4300 1966/4307 1965/4305
f 1651/3498 1970/4312 1969/4311
f 1649/3491 1967/4308 1652/3499
f 1652/3502 1970/4312 1653/3504
f 1940/4259 1971/4313 1926/4224
f 1929/4232 1973/4316 1972/4314
f 1929/4233 1974/4317 1940/4259
f 1939/4258 1976/4319 1931/4237
f 1930/4235 1978/4322 1975/4318
f 1930/4236 1977/4320 1939/4258
f 1932/4240 1981/4325 1980/4324
f 1933/4242 1982/4327 1979/4323
f 1941/4261 1979/4323 1981/4325
f 1772/3809 1984/4330 1741/3748
f 1757/3783 1985/4332 1743/3756
f 1742/3753 1989/4337 1986/4334
f 1742/3754 1987/4335 1757/3783
f 866/1773 1984/4331 984/2035
f 1743/3758 1988/4336 1772/3809
f 1765/3795 1991/4341 1720/3676
f 1752/3775 1990/4339 1719/3674
f 1789/3854 1992/4343 1724/3692
f 1724/3693 1993/4344 1752/3775
f 847/1703 1991/4342 1996/4349
f 1719/3675 1994/4345 1765/3795
f 1721/3682 2001/4356 1998/4351
f 1751/3774 1999/4353 1726/3697
f 1725/3695 2002/4357 1997/4350
f 1725/3696 2000/4355 1751/3774
f 1726/3700 2001/4356 1766/3797
f 1130/2248 1998/4352 2003/4360
f 1722/3686 2009/4369 2005/4363
f 1727/3702 2008/4368 2007/4366
f 1723/3689 2004/4362 2006/4365
f 1758/3784 2006/4365 2008/4368
f 1722/3687 1145/2299 1655/3510
f 1771/3807 2007/4367 2009/4369
f 1728/3706 2015/4378 2011/4372
f 1733/3723 2014/4377 2012/4374
f 1732/3719 2010/4370 2013/4376
f 1754/3778 2013/4376 2014/4377
f 1767/3799 2012/4375 2015/4378
f 1728/3707 991/2049 1131/2251
f 1731/3717 2018/4383 1768/3801
f 1138/2277 2020/4385 1146/2300
f 1753/3776 2017/4381 2019/4384
f 1790/3858 2017/4382 1730/3713
f 1753/3776 2016/4380 1731/3715
f 1768/3801 2020/4386 1729/3708
f 1769/3803 2023/4391 1735/3727
f 1740/3745 2025/4394 2022/4389
f 1739/3741 2027/4397 2024/4393
f 1756/3781 2024/4393 2025/4394
f 1740/3746 2026/4395 1769/3803
f 1735/3729 1635/3456 1645/3476
f 1736/3732 2032/4404 2028/4398
f 1738/3738 2031/4403 2029/4400
f 1791/3861 2030/4402 1737/3735
f 1755/3779 2030/4402 2031/4403
f 1736/3733 2034/4408 1137/2271
f 1770/3805 2029/4401 2032/4404
f 1786/3846 2036/4411 1781/3832
f 1783/3840 2035/4409 1777/3819
f 1780/3830 2040/4417 2038/4414
f 1780/3831 2037/4413 1786/3846
f 1781/3835 2039/4415 1783/3840
f 1136/2269 2035/4410 1634/3454
f 1785/3844 2041/4418 1779/3825
f 1784/3842 2043/4421 1776/3816
f 1782/3838 2042/4420 1778/3823
f 1778/3824 2045/4424 1785/3844
f 1776/3818 2047/4428 1139/2279
f 1779/3828 2044/4423 1784/3842
f 1823/3961 2050/4432 2051/4433
f 1834/3998 2048/4429 1824/3964
f 1906/4181 2053/4438 2052/4435
f 1833/3996 2048/4430 2050/4432
f 1143/2295 2051/4434 1643/3471
f 1906/4182 2049/4431 1834/3998
f 1850/4056 2057/4444 2055/4441
f 1847/4044 2056/4443 2058/4445
f 1848/4048 2054/4440 2059/4447
f 1866/4094 2058/4446 2057/4444
f 883/1822 2055/4442 1642/3470
f 1858/4079 2059/4448 2056/4443
f 1837/4007 2064/4455 2062/4452
f 1849/4052 2063/4454 2060/4449
f 1851/4059 2065/4457 2061/4451
f 1630/3444 2062/4453 1638/3462
f 1863/4088 2060/4450 2064/4455
f 1860/4082 2061/4451 2063/4454
f 1839/4014 2070/4464 2066/4458
f 1859/4080 2067/4460 1838/4009
f 1844/4033 2071/4466 2068/4462
f 1859/4080 2068/4462 2069/4463
f 1862/4086 2067/4461 2070/4464
f 1648/3489 2066/4459 1019/2097
f 1864/4090 2073/4468 1840/4016
f 1857/4077 2074/4470 1846/4039
f 1868/4098 2072/4467 1845/4036
f 1857/4077 2072/4467 2075/4472
f 1846/4041 2076/4473 1864/4090
f 1840/4019 2078/4477 1631/3446
f 1865/4092 2079/4478 1841/4020
f 1843/4030 2082/4483 2080/4480
f 1842/4026 2084/4486 2081/4482
f 1842/4027 2082/4483 1856/4075
f 1841/4023 1147/2303 1134/2261
f 1843/4031 2083/4484 1865/4092
f 1853/4065 2090/4495 2086/4489
f 1855/4072 2089/4494 2087/4491
f 1854/4068 2085/4488 2088/4493
f 1861/4084 2088/4493 2089/4494
f 1135/2265 2086/4490 1639/3464
f 1855/4073 2090/4495 1867/4096
f 1884/4142 2092/4498 1869/4099
f 1882/4138 2091/4496 1877/4126
f 1878/4131 2096/4504 2094/4501
f 884/1826 2092/4499 2097/4505
f 1877/4129 2095/4502 1884/4142
f 1878/4132 2093/4500 1882/4138
f 1871/4108 2102/4513 2098/4507
f 1881/4136 2099/4509 1870/4103
f 1874/4117 2103/4515 2100/4511
f 1874/4118 2101/4512 1881/4136
f 1883/4140 2099/4510 2102/4513
f 1657/3519 2098/4508 1020/2099
f 1885/4144 2106/4519 1872/4110
f 1876/4124 2108/4523 2107/4521
f 1675/3565 2105/4518 1875/4120
f 1875/4121 2108/4523 1880/4135
f 1885/4144 2107/4522 2109/4524
f 1872/4113 1640/3466 885/1827
f 1886/4146 2110/4525 1827/3975
f 1826/3972 2111/4527 2113/4529
f 1832/3994 2114/4531 1829/3983
f 1829/3984 2111/4527 1879/4133
f 1827/3977 1641/3468 1825/3967
f 1826/3973 2112/4528 1886/4146
f 1905/4179 2118/4537 1831/3988
f 1828/3980 2120/4540 2117/4535
f 1830/3986 2121/4542 2116/4534
f 1905/4179 2116/4534 2119/4539
f 1831/3991 2120/4540 1895/4163
f 1647/3485 2117/4536 1637/3459
f 1904/4177 2122/4543 1817/3939
f 1893/4159 2123/4545 1818/3941
f 1667/3544 2124/4547 1820/3949
f 1904/4177 2124/4547 2126/4549
f 1818/3944 1018/2095 1140/2282
f 1817/3940 2125/4548 1893/4159
f 1901/4172 2130/4555 1810/3916
f 1892/4157 2129/4553 1813/3927
f 1811/3920 2133/4560 2128/4552
f 1901/4172 2128/4552 2132/4558
f 1813/3929 2134/4562 877/1805
f 1810/3918 2131/4557 1892/4157
f 1903/4176 2138/4568 1822/3956
f 1894/4161 2137/4566 1819/3945
f 1821/3953 2135/4564 2136/4565
f 1903/4176 2136/4565 2140/4571
f 1822/3958 2139/4570 1894/4161
f 1646/3481 2137/4567 1636/3457
f 1907/4183 2144/4577 2141/4572
f 1910/4188 2142/4574 1909/4186
f 1677/3570 2145/4578 1908/4185
f 1909/4187 1148/2305 1144/2296
f 1910/4188 2141/4573 2143/4576
f 1908/4185 2144/4577 1911/4189
f 1814/3931 2151/4589 1902/4174
f 1891/4155 2148/4585 2150/4588
f 876/1802 2149/4587 1644/3474
f 1814/3932 2152/4591 2147/4582
f 1809/3915 2150/4588 2149/4586
f 1812/3925 2151/4589 2148/4584
f 1803/3893 2158/4600 2156/4597
f 1806/3904 2157/4599 2153/4592
f 1808/3911 2154/4594 1804/3896
f 1804/3897 2158/4600 1899/4169
f 1803/3894 2157/4599 1890/4153
f 875/1798 2153/4593 1149/2306
f 1900/4171 2159/4601 1805/3898
f 1889/4151 2161/4604 1802/3889
f 1669/3548 2160/4603 1807/3906
f 1802/3891 1008/2077 1142/2290
f 1889/4151 2159/4602 2162/4606
f 1807/3908 2163/4607 1900/4171
f 1896/4165 2167/4614 1795/3872
f 1793/3866 2169/4617 2166/4612
f 1665/3538 2168/4616 1794/3868
f 1794/3870 2170/4618 1896/4165
f 1795/3874 2169/4617 1873/4115
f 1656/3514 2166/4613 1150/2309
f 1702/3622 2175/4625 2171/4619
f 1748/3768 2172/4621 1701/3620
f 1660/3525 2173/4623 1706/3634
f 1748/3768 2173/4623 2174/4624
f 1759/3785 2172/4622 2175/4625
f 1698/3614 2171/4620 1632/3450
f 1760/3787 2179/4631 1700/3617
f 1749/3770 2177/4628 1711/3649
f 1713/3658 2182/4635 2178/4630
f 1700/3619 1633/3452 1697/3610
f 1711/3652 2181/4634 1760/3787
f 1749/3770 2178/4630 2180/4633
f 1712/3655 2186/4642 2184/4639
f 1747/3767 2183/4637 1709/3641
f 1710/3647 2188/4645 2187/4643
f 1762/3790 2183/4638 2186/4642
f 1712/3656 3093/6486 1654/3506
f 1747/3767 2187/4644 2185/4641
f 1763/3792 2190/4649 1715/3665
f 1151/2312 2190/4650 2195/4657
f 1714/3662 2191/4651 1763/3792
f 1714/3663 2193/4654 2192/4652
f 1983/4329 2189/4647 1650/3493
f 1650/3495 2193/4654 1750/3772
f 2213/4708 2200/4668 2212/4705
f 2215/4711 2202/4676 2213/4707
f 2216/4713 2238/4746 2239/4747
f 2214/4710 2241/4750 2242/4751
f 2200/4669 2252/4768 2251/4765
f 2203/4680 2254/4773 2241/4750
f 2238/4746 2205/4685 2240/4748
f 2202/4677 2253/4771 2252/4768
f 2217/4715 2233/4740 2234/4741
f 2218/4716 2229/4734 2230/4735
f 2233/4740 2196/4658 2232/4739
f 2229/4734 2223/4725 2231/4736
f 2219/4717 2222/4722 2210/4699
f 2237/4745 2206/4689 2236/4744
f 2222/4722 2198/4663 2199/4665
f 2236/4744 2197/4662 2235/4743
f 2212/4706 2224/4728 2225/4729
f 2200/4671 2250/4763 2224/4728
f 2227/4731 2211/4703 2226/4730
f 2211/4704 2228/4732 2226/4730
f 2224/4728 2249/4761 2211/4701
f 2220/4720 2224/4728 2211/4702
f 2226/4730 2223/4726 2207/4690
f 2227/4731 2207/4692 2218/4716
f 2208/4694 2231/4736 2196/4658
f 2230/4735 2208/4695 2217/4714
f 2206/4688 2232/4739 2197/4660
f 2234/4741 2206/4689 2221/4721
f 2209/4698 2235/4743 2198/4663
f 2219/4718 2236/4744 2209/4696
f 2201/4673 2240/4748 2253/4770
f 2239/4747 2201/4674 2215/4711
f 2204/4683 2254/4773 2205/4685
f 2242/4751 2204/4684 2216/4712
f 2302/4876 2255/4776 2203/4678
f 2243/4752 2203/4681 2214/4709
f 2308/4882 1916/4201 1968/4310
f 2307/4881 1968/4310 1649/3492
f 2245/4755 1649/3492 2194/4656
f 2256/4778 2194/4656 1983/4328
f 2188/4646 2256/4778 1983/4328
f 2255/4777 2188/4646 1787/3849
f 2254/4774 1787/3849 2182/4636
f 2205/4686 2182/4636 1718/3672
f 2240/4749 1718/3672 2176/4627
f 2253/4772 2176/4627 1660/3526
f 2252/4769 1660/3526 1658/3521
f 2251/4767 1658/3521 1788/3850
f 1989/4338 2251/4767 1788/3850
f 1744/3761 2250/4764 1989/4338
f 1914/4196 1962/4301 2247/4757
f 1915/4198 2248/4758 2246/4756
f 1955/4289 2246/4756 1962/4301
f 1995/4347 2249/4762 1744/3761
f 1789/3855 2228/4733 1995/4347
f 2231/4737 1789/3855 2002/4358
f 2196/4659 2002/4358 1659/3522
f 2010/4371 2198/4664 2235/4742
f 1664/3535 2198/4664 1662/3531
f 2516/5308 2265/4796 3095/6490
f 3096/6492 2264/4794 2516/5307
f 3098/6495 2265/4796 2263/4789
f 3098/6496 2272/4815 2492/5266
f 3097/6493 2272/4815 2269/4809
f 2288/4847 2276/4824 2291/4851
f 2288/4847 2275/4821 2274/4818
f 2290/4850 2276/4824 2273/4816
f 2281/4833 2279/4830 2277/4826
f 2280/4832 2266/4798 2278/4829
f 2283/4836 2278/4828 2279/4830
f 2274/4820 2283/4836 2276/4825
f 2275/4822 2280/4832 2274/4819
f 2273/4817 2283/4836 2281/4833
f 2277/4827 2286/4841 2284/4837
f 2278/4828 2285/4838 2287/4843
f 2279/4831 2287/4844 2286/4841
f 2263/4791 2291/4851 2290/4850
f 2261/4784 2288/4847 2264/4792
f 2264/4795 2291/4851 2265/4797
f 2268/4806 2295/4860 2294/4859
f 2267/4802 2295/4860 2271/4813
f 2267/4803 2297/4863 2296/4862
f 2292/4852 2293/4855 2262/4786
f 2262/4787 2297/4863 2270/4811
f 2300/4871 2302/4875 2243/4752
f 2302/4876 2301/4872 2244/4753
f 2244/4754 2303/4877 2256/4778
f 2303/4877 2245/4755 2256/4778
f 2245/4755 2305/4879 2307/4881
f 2305/4879 2308/4882 2307/4881
f 2312/4890 2309/4884 2310/4887
f 2314/4893 2310/4886 2311/4888
f 2286/4842 2312/4890 2314/4893
f 2287/4846 2313/4891 2312/4890
f 2310/4886 2315/4894 2317/4899
f 2311/4889 2317/4900 2316/4897
f 2321/4910 2318/4903 2319/4907
f 2323/4913 2319/4906 2320/4908
f 2316/4898 2321/4910 2323/4913
f 2317/4902 2322/4911 2321/4910
f 2319/4906 2324/4914 2326/4919
f 2320/4909 2326/4921 2325/4917
f 2324/4915 2299/4868 2326/4920
f 2325/4918 2299/4869 2300/4870
f 2332/4928 2331/4927 2257/4779
f 2334/4930 2746/5804 2745/5802
f 2335/4931 2329/4925 2336/4932
f 2337/4933 2763/5830 2757/5821
f 2306/4880 2336/4932 2329/4925
f 2339/4935 2258/4780 2257/4779
f 2335/4931 2330/4926 2257/4779
f 2331/4927 2339/4935 2257/4779
f 2776/5849 2635/5539 2259/4781
f 2330/4926 2332/4928 2257/4779
f 2517/5309 2259/4781 2327/4923
f 3096/6491 2340/4936 2517/5309
f 2313/4892 2330/4926 2309/4883
f 2298/4864 2292/4854 2340/4936
f 2285/4840 2266/4800 2331/4927
f 2266/4800 2339/4935 2331/4927
f 2315/4896 2335/4931 2322/4912
f 2282/4835 2327/4923 2339/4935
f 2318/4905 2306/4880 2324/4916
f 2289/4848 2261/4785 2327/4923
f 2322/4912 2336/4932 2318/4905
f 2275/4823 2289/4848 2327/4923
f 2285/4840 2332/4928 2313/4892
f 2315/4896 2309/4883 2330/4926
f 2301/4874 2306/4880 2303/4877
f 2306/4880 2304/4878 2303/4877
s 0
f 2876/6049 1690/3601 1937/4252
s 1
f 2360/4980 2344/4946 2361/4981
f 2360/4979 2342/4938 2343/4941
f 2357/4975 2348/4957 2359/4978
f 2358/4976 2346/4950 2357/4975
f 2351/4962 2345/4947 2349/4959
f 2351/4962 2350/4961 2353/4965
f 2346/4951 2353/4965 2348/4956
f 2346/4952 2352/4963 2351/4962
f 2349/4958 2354/4966 2356/4971
f 2349/4959 2355/4970 2350/4960
f 2343/4943 2358/4976 2357/4975
f 2343/4944 2359/4978 2344/4945
f 2222/4723 2362/4982 2360/4979
f 2210/4700 2360/4980 2361/4981
f 2364/4988 2367/4999 2366/4994
f 2363/4986 2368/5001 2367/4997
f 2365/4992 3112/6519 2368/5002
f 1678/3573 1694/3605 1679/3576
f 1687/3597 2308/4882 1694/3605
f 2369/5004 2370/5005 2371/5006
f 2375/5014 2372/5007 2373/5011
f 2375/5014 2374/5013 2377/5017
f 2356/4973 2377/5017 2355/4969
f 2356/4974 2376/5015 2375/5014
f 2373/5010 2378/5018 2380/5023
f 2373/5011 2379/5022 2374/5012
f 2384/5034 2381/5027 2382/5031
f 2384/5034 2383/5033 2386/5037
f 2380/5025 2386/5037 2379/5021
f 2380/5026 2385/5035 2384/5034
f 2382/5030 2387/5038 2389/5044
f 2382/5031 2388/5042 2383/5032
f 2389/5046 2365/4993 2363/4984
f 2389/5047 2364/4989 2388/5041
f 2393/5051 2392/5050 2390/5048
f 2395/5053 2394/5052 2390/5048
f 2397/5055 2396/5054 1693/3604
f 2399/5057 2398/5056 2390/5048
f 2396/5054 2400/5058 1693/3604
f 2399/5057 2391/5049 2401/5059
f 2402/5060 2397/5055 1693/3604
f 2398/5056 2393/5051 2390/5048
f 2403/5061 2402/5060 1693/3604
f 2403/5061 2390/5048 2394/5052
f 2404/5062 1664/3535 1693/3604
f 2392/5050 2395/5053 2390/5048
f 2400/5058 2404/5062 1693/3604
f 2362/4983 2400/5058 2342/4940
f 2376/5016 2392/5050 2372/5009
f 2199/4667 2404/5062 2362/4983
f 2345/4949 2394/5052 2354/4968
f 2345/4949 2402/5060 2403/5061
f 2378/5020 2398/5056 2385/5036
f 2352/4964 2397/5055 2402/5060
f 2381/5029 2401/5059 2387/5040
f 2342/4940 2396/5054 2358/4977
f 2385/5036 2399/5057 2381/5029
f 2347/4955 2396/5054 2397/5055
f 2354/4968 2395/5053 2376/5016
f 2372/5009 2393/5051 2378/5020
f 2387/5040 2369/5004 2365/4992
f 2306/4880 2329/4925 2308/4882
f 2401/5059 2370/5005 2369/5004
f 2469/5203 2415/5088 2430/5135
f 3104/6507 2435/5145 2523/5318
f 3104/6506 2409/5070 2414/5083
f 2405/5063 1536/3269 1537/3271
f 1536/3266 2412/5080 1534/3259
f 3115/6524 1565/3352 1561/3340
f 3119/6530 2432/5139 3116/6525
f 3120/6532 2437/5148 3117/6526
f 1539/3276 2436/5147 1543/3284
f 1562/3343 2420/5102 2433/5141
f 1569/3363 2423/5113 1571/3367
f 1539/3275 2425/5119 2421/5105
f 3114/6522 2424/5117 3120/6531
f 2451/5177 1588/3394 1589/3396
f 2455/5183 2427/5126 2434/5143
f 2452/5178 2438/5150 2456/5184
f 2453/5179 2428/5131 2452/5178
f 2455/5183 2426/5123 2451/5176
f 1564/3348 2433/5141 2423/5112
f 3116/6525 2419/5099 3115/6523
f 2405/5064 2430/5135 2412/5078
f 2456/5184 2427/5127 2454/5181
f 1543/3284 2420/5103 1567/3356
f 3117/6526 2422/5110 3119/6529
f 2406/5065 2435/5145 2415/5086
f 2446/5168 2444/5164 2439/5152
f 2447/5170 2443/5163 2441/5160
f 2450/5175 2440/5156 2445/5167
f 1604/3415 2441/5159 2442/5161
f 2448/5172 2439/5153 2443/5163
f 2445/5166 2444/5164 2449/5173
f 2428/5132 2449/5173 2438/5151
f 2434/5144 2446/5169 2448/5172
f 1588/3395 2447/5171 1604/3415
f 2429/5133 2445/5167 2428/5131
f 2426/5125 2448/5172 2447/5170
f 2427/5129 2449/5173 2446/5168
f 2436/5147 2454/5181 2420/5103
f 2423/5114 2455/5183 2451/5176
f 2421/5106 2453/5179 2452/5178
f 2421/5107 2456/5184 2436/5147
f 2433/5142 2454/5182 2455/5183
f 1571/3370 2451/5177 1589/3396
f 3100/6499 2457/5185 2418/5097
f 2407/5067 2460/5190 2459/5188
f 2413/5082 2462/5192 2458/5187
f 2407/5068 1570/3366 1566/3355
f 2408/5069 2457/5186 2460/5190
f 2413/5081 2461/5191 3100/6499
f 3111/6518 2465/5198 3106/6510
f 3110/6517 2464/5196 3109/6516
f 3108/6514 2466/5200 3107/6512
f 3107/6511 2468/5202 3111/6518
f 3106/6509 2467/5201 3110/6517
f 1542/3283 2464/5197 1541/3280
f 2509/5296 1599/3409 2514/5302
f 2510/5298 2486/5255 2512/5300
f 2511/5299 2490/5262 2513/5301
f 2506/5290 2478/5231 2489/5261
f 2505/5289 2477/5226 2487/5257
f 2504/5288 1554/3322 1558/3333
f 2503/5286 2482/5243 2478/5229
f 2511/5299 2472/5209 2481/5241
f 2496/5276 1550/3308 1552/3314
f 2500/5282 2483/5246 2494/5271
f 2501/5283 2484/5251 2491/5264
f 2497/5277 2495/5273 2484/5250
f 2496/5275 2494/5271 2493/5267
f 2504/5287 2487/5257 2480/5236
f 2512/5300 2476/5223 2509/5295
f 2501/5283 2483/5247 2499/5280
f 2502/5284 2489/5261 2477/5227
f 2513/5301 2479/5233 2510/5297
f 2483/5248 2270/4812 2267/4801
f 2493/5269 2271/4814 2268/4805
f 2495/5273 2262/4788 2484/5250
f 2493/5270 1549/3304 1550/3306
f 2494/5272 2267/4804 2271/4814
f 2484/5252 2270/4812 2491/5265
f 2477/5227 2501/5283 2499/5280
f 2480/5238 2500/5282 2496/5275
f 2482/5244 2497/5277 2478/5230
f 2489/5261 2497/5277 2501/5283
f 2487/5258 2499/5281 2500/5282
f 2480/5239 1552/3314 1554/3320
f 2479/5234 2506/5290 2502/5284
f 2476/5224 2505/5289 2504/5287
f 2481/5241 2507/5291 2503/5286
f 2476/5225 1558/3333 1599/3408
f 2486/5256 2502/5285 2505/5289
f 2490/5263 2503/5286 2506/5290
f 2488/5259 2510/5297 2475/5218
f 2485/5253 2509/5295 2473/5211
f 2474/5216 2508/5293 2511/5299
f 2474/5217 2513/5301 2488/5259
f 2475/5220 2512/5300 2485/5253
f 2473/5213 2514/5302 2470/5204
f 2292/4854 2498/5279 2340/4936
f 2482/5245 2340/4936 2498/5279
f 2340/4936 2472/5210 2508/5294
f 2259/4781 2508/5294 2471/5206
f 3113/6520 2368/5002 3112/6519
s 0
f 2369/5004 2411/5076 2450/5174
s 1
f 2429/5134 2425/5121 2369/5004
f 1540/3278 3121/6533 1577/3381
f 3123/6535 2463/5195 3105/6508
s 0
f 2450/5174 2429/5134 2369/5004
s 1
f 2518/5310 1547/3297 1544/3286
f 2268/4808 1544/3288 1549/3301
f 2518/5312 2294/4857 2515/5303
f 3099/6498 1546/3293 1548/3300
f 3099/6497 2269/4810 2519/5313
f 2431/5137 2521/5316 2524/5319
f 2417/5093 2524/5319 2522/5317
f 2366/4995 2522/5317 2520/5315
f 2416/5091 1535/3265 2521/5316
f 2520/5315 2364/4990 2366/4995
f 2443/5163 2540/5354 2559/5417
f 2444/5165 2539/5349 2565/5429
f 2411/5077 2539/5350 2440/5155
f 2537/5346 2442/5162 2441/5158
f 2530/5328 2537/5346 2532/5332
f 2616/5506 2541/5357 2538/5347
f 2614/5504 2544/5367 2560/5419
f 2613/5503 2567/5432 2615/5505
f 2605/5490 2566/5431 2608/5494
f 2607/5493 2542/5360 2561/5421
f 2528/5326 2545/5371 2525/5320
f 2609/5496 2543/5363 2605/5490
f 2610/5498 2546/5375 2613/5503
f 2603/5487 2548/5381 2526/5322
f 2601/5485 2551/5391 2562/5423
f 2598/5480 2569/5435 2602/5486
f 2587/5462 2550/5389 2568/5434
f 2586/5461 2549/5384 2563/5425
f 2590/5467 2552/5396 2527/5324
f 2588/5463 2555/5403 2550/5387
f 2598/5480 2554/5401 2553/5400
f 2580/5452 2558/5414 2564/5427
f 2578/5449 2531/5330 2583/5456
f 2577/5447 2570/5437 2581/5453
f 2582/5454 2557/5411 2577/5447
f 2580/5452 2556/5407 2578/5448
f 2585/5459 2563/5425 2552/5394
f 2601/5485 2548/5382 2597/5478
f 2606/5491 2561/5421 2545/5370
f 2611/5499 2560/5419 2541/5356
f 2441/5160 2559/5417 2537/5344
f 2579/5450 2570/5437 2558/5413
f 2584/5457 2568/5434 2549/5385
f 2600/5483 2569/5435 2551/5390
f 2608/5494 2542/5361 2604/5488
f 2615/5505 2544/5368 2612/5501
f 2439/5154 2565/5429 2540/5352
f 2592/5470 2576/5446 2571/5439
f 2594/5474 2573/5442 2593/5473
f 2596/5476 2572/5441 2591/5468
f 2529/5327 2573/5443 2574/5444
f 2594/5474 2571/5440 2575/5445
f 2591/5469 2576/5446 2595/5475
f 2549/5385 2581/5453 2579/5450
f 2563/5426 2578/5448 2552/5395
f 2555/5404 2577/5447 2550/5388
f 2550/5389 2581/5453 2568/5434
f 2552/5397 2583/5456 2527/5325
f 2563/5426 2579/5451 2580/5452
f 2571/5439 2587/5462 2584/5457
f 2575/5445 2585/5459 2573/5442
f 2572/5441 2589/5465 2588/5463
f 2574/5444 2585/5460 2590/5467
f 2575/5445 2584/5458 2586/5461
f 2576/5446 2588/5464 2587/5462
f 2553/5399 2595/5475 2569/5436
f 2562/5424 2592/5471 2594/5474
f 2526/5323 2593/5472 2529/5327
f 2553/5400 2596/5476 2591/5468
f 2562/5424 2593/5473 2548/5380
f 2551/5393 2595/5475 2592/5470
f 2566/5431 2600/5483 2542/5361
f 2545/5372 2601/5485 2597/5478
f 2543/5364 2599/5482 2598/5480
f 2543/5365 2602/5486 2566/5431
f 2561/5422 2600/5484 2601/5485
f 2525/5321 2597/5479 2603/5487
f 2567/5433 2604/5488 2544/5366
f 2541/5358 2607/5493 2606/5491
f 2535/5341 2605/5490 2546/5375
f 2538/5348 2606/5492 2528/5326
f 2560/5420 2604/5489 2607/5493
f 2546/5376 2608/5494 2567/5433
f 2565/5430 2612/5501 2540/5353
f 2537/5345 2614/5504 2611/5499
f 2533/5336 2613/5503 2539/5350
f 2565/5430 2613/5503 2615/5505
f 2559/5418 2612/5502 2614/5504
f 2532/5333 2611/5500 2616/5506
s 0
f 2411/5076 2371/5006 2533/5334
s 1
f 2609/5495 2610/5497 2371/5006
f 2536/5343 2596/5477 2370/5005
f 2534/5339 2555/5405 2370/5005
f 2338/4934 2885/6058 2260/4782
f 2371/5006 2370/5005 2547/5377
f 2370/5005 2554/5402 2599/5481
f 2547/5377 2370/5005 2599/5481
f 2547/5377 2609/5495 2371/5006
f 2609/5495 2535/5340 2610/5497
f 2610/5497 2533/5334 2371/5006
f 2621/5514 2640/5553 2715/5759
f 2718/5762 2642/5560 2714/5757
f 2724/5771 2649/5582 2721/5768
f 2726/5774 2644/5565 2720/5766
f 2652/5587 2722/5769 2723/5770
f 2717/5761 2641/5556 2716/5760
f 2722/5769 2633/5533 2725/5772
f 2716/5760 2671/5641 2719/5763
f 2714/5756 2650/5585 2717/5761
f 2721/5767 2652/5587 2723/5770
f 2720/5765 2654/5591 2724/5771
f 2715/5758 2653/5589 2718/5762
f 2711/5752 2639/5550 2709/5749
f 2707/5746 2643/5562 2710/5750
f 2656/5596 2712/5754 2708/5748
f 2643/5562 2708/5747 2710/5750
f 2659/5606 2711/5751 2713/5755
f 2709/5749 2657/5600 2707/5745
f 2620/5513 2645/5569 2727/5776
f 2731/5781 2647/5576 2728/5778
f 2736/5789 2665/5626 2733/5785
f 2739/5793 2661/5613 2735/5788
f 2670/5639 2734/5786 2737/5790
f 2651/5586 2730/5780 2729/5779
f 2734/5786 2673/5647 2738/5791
f 2730/5780 2672/5643 2732/5782
f 2735/5787 2667/5632 2736/5789
f 2727/5775 2655/5593 2731/5781
f 2728/5777 2651/5586 2729/5779
f 2665/5627 2737/5790 2733/5784
f 2770/5841 2681/5671 2765/5834
f 2622/5515 2679/5663 2758/5824
f 2762/5829 2691/5709 2759/5826
f 2768/5838 2680/5668 2766/5836
f 2775/5848 2688/5698 2772/5845
f 2777/5851 2682/5675 2771/5843
f 2696/5723 2773/5846 2774/5847
f 2698/5727 2764/5832 2767/5837
f 2761/5828 2693/5717 2760/5827
f 2755/5819 2690/5705 2753/5816
f 2756/5820 2689/5702 2752/5815
f 2623/5516 2692/5713 2754/5818
f 2678/5661 2751/5813 2748/5808
f 2624/5517 2675/5652 2747/5807
f 2749/5809 2676/5657 2750/5811
f 2751/5812 2638/5549 2746/5805
f 2773/5846 2705/5741 2776/5850
f 2690/5706 2757/5822 2753/5816
f 2760/5827 2694/5720 2763/5831
f 2686/5691 2769/5840 2764/5832
f 2485/5254 2685/5687 2475/5219
f 2470/5205 2683/5679 2473/5212
f 2488/5260 2684/5683 2474/5215
f 2684/5684 2471/5208 2474/5215
f 2475/5221 2695/5722 2488/5260
f 2676/5658 2748/5808 2750/5810
f 2752/5814 2697/5725 2755/5819
f 2759/5825 2699/5728 2761/5828
f 2766/5835 2698/5727 2767/5837
f 2772/5844 2696/5723 2774/5847
f 2473/5214 2703/5736 2485/5254
f 2747/5806 2677/5659 2749/5809
f 2754/5817 2704/5738 2756/5820
f 2771/5842 2702/5734 2775/5848
f 2765/5833 2700/5730 2768/5838
f 2758/5823 2701/5732 2762/5829
f 2669/5636 2744/5801 2741/5796
f 2632/5532 2743/5799 2625/5518
f 2742/5797 2663/5620 2740/5795
f 2662/5617 2745/5803 2744/5800
f 2663/5621 2741/5796 2740/5794
f 2743/5798 2668/5634 2742/5797
f 2653/5590 2707/5745 2642/5559
f 2631/5530 2711/5751 2640/5552
f 2650/5585 2708/5747 2641/5556
f 2641/5558 2712/5754 2671/5640
f 2642/5561 2710/5750 2650/5585
f 2640/5555 2709/5749 2653/5590
f 2715/5758 2654/5592 2644/5564
f 2649/5584 2717/5761 2652/5588
f 2648/5580 2719/5763 2633/5533
f 2652/5588 2716/5760 2648/5578
f 2654/5592 2714/5757 2649/5581
f 2621/5514 2644/5567 2626/5519
f 2645/5571 2724/5771 2655/5594
f 2647/5577 2723/5770 2651/5586
f 2722/5769 2672/5644 2646/5572
f 2723/5770 2646/5574 2651/5586
f 2630/5528 2720/5766 2645/5568
f 2655/5594 2721/5768 2647/5575
f 2665/5628 2729/5779 2670/5638
f 2661/5615 2731/5781 2667/5633
f 2664/5623 2732/5782 2673/5646
f 2729/5779 2664/5624 2670/5638
f 2667/5633 2728/5778 2665/5625
f 2629/5526 2727/5776 2661/5612
f 2733/5784 2669/5637 2663/5618
f 2660/5610 2736/5789 2668/5635
f 2734/5786 2666/5631 2662/5616
f 2737/5790 2662/5617 2669/5637
f 2739/5793 2660/5611 2632/5531
f 2668/5635 2733/5785 2663/5619
f 2675/5654 2742/5797 2677/5660
f 2740/5794 2678/5662 2676/5655
f 2706/5743 2745/5803 2638/5547
f 2677/5660 2740/5795 2676/5656
f 2674/5650 2743/5799 2675/5651
f 2741/5796 2706/5744 2678/5662
f 2692/5715 2749/5809 2704/5739
f 2750/5810 2697/5726 2689/5700
f 2690/5707 2746/5805 2636/5541
f 2704/5739 2750/5811 2689/5701
f 2619/5512 2747/5807 2692/5712
f 2697/5726 2751/5813 2690/5704
f 2679/5665 2756/5820 2701/5733
f 2691/5711 2755/5819 2699/5729
f 2753/5816 2694/5720 2693/5718
f 2623/5516 2679/5666 2617/5507
f 2701/5733 2752/5815 2691/5708
f 2699/5729 2753/5816 2693/5716
f 2681/5673 2762/5829 2700/5731
f 2680/5669 2761/5828 2698/5727
f 2686/5692 2763/5831 2635/5538
f 2698/5727 2760/5827 2686/5690
f 2700/5731 2759/5826 2680/5667
f 2627/5522 2758/5824 2681/5670
f 2682/5677 2768/5838 2702/5735
f 2766/5835 2696/5724 2688/5696
f 2764/5832 2705/5741 2687/5694
f 2767/5837 2687/5695 2696/5724
f 2702/5735 2766/5836 2688/5697
f 2618/5510 2765/5834 2682/5674
f 2683/5681 2775/5848 2703/5737
f 2685/5689 2774/5847 2695/5721
f 2773/5846 2637/5546 2684/5682
f 2774/5847 2684/5685 2695/5721
f 2628/5524 2771/5843 2683/5678
f 2703/5737 2772/5845 2685/5686
f 1599/3409 1626/3437 2514/5302
f 2779/5853 2791/5875 2839/5994
f 2842/5997 2793/5882 2838/5992
f 2848/6006 2800/5903 2845/6003
f 2850/6009 2795/5887 2844/6001
f 2803/5908 2846/6004 2847/6005
f 2841/5996 2792/5879 2840/5995
f 2846/6004 2787/5866 2849/6007
f 2840/5995 2822/5955 2843/5998
f 2793/5883 2841/5996 2838/5991
f 2845/6002 2803/5908 2847/6005
f 2844/6000 2805/5912 2848/6006
f 2839/5993 2804/5910 2842/5997
f 2835/5987 2790/5873 2833/5984
f 2831/5981 2794/5884 2834/5985
f 2832/5983 2788/5868 2836/5988
f 2794/5884 2832/5982 2834/5985
f 2837/5990 2809/5919 2835/5986
f 2833/5984 2808/5917 2831/5980
f 2778/5852 2796/5890 2851/6011
f 2855/6016 2798/5897 2852/6013
f 2860/6024 2816/5940 2857/6020
f 2783/5858 2859/6023 2863/6028
f 2821/5953 2858/6021 2861/6025
f 2853/6014 2797/5895 2854/6015
f 2858/6021 2824/5961 2862/6026
f 2854/6015 2823/5957 2856/6017
f 2859/6022 2818/5946 2860/6024
f 2851/6010 2806/5914 2855/6016
f 2852/6012 2802/5907 2853/6014
f 2816/5941 2861/6025 2857/6019
f 2872/6043 2830/5978 2875/6048
f 2780/5854 2826/5966 2871/6042
f 2873/6044 2827/5971 2874/6046
f 2875/6047 2789/5871 2870/6039
f 2874/6045 2829/5975 2872/6043
f 2871/6041 2828/5973 2873/6044
f 2820/5950 2868/6036 2865/6031
f 2786/5865 2867/6034 2781/5855
f 2866/6032 2814/5934 2864/6030
f 2868/6035 2817/5944 2869/6037
f 2814/5935 2865/6031 2864/6029
f 2867/6033 2819/5948 2866/6032
f 2804/5911 2831/5980 2793/5881
f 2785/5863 2835/5986 2791/5874
f 2834/5985 2792/5879 2801/5906
f 2792/5880 2836/5988 2822/5954
f 2793/5883 2834/5985 2801/5906
f 2791/5877 2833/5984 2804/5911
f 2839/5993 2805/5913 2795/5885
f 2800/5905 2841/5996 2803/5909
f 2799/5901 2843/5998 2787/5866
f 2803/5909 2840/5995 2799/5899
f 2805/5913 2838/5992 2800/5902
f 2782/5857 2839/5994 2795/5886
f 2796/5892 2848/6006 2806/5915
f 2798/5898 2847/6005 2802/5907
f 2846/6004 2823/5958 2797/5893
f 2847/6005 2797/5895 2802/5907
f 2784/5861 2844/6001 2796/5889
f 2806/5915 2845/6003 2798/5896
f 2816/5942 2853/6014 2821/5952
f 2812/5929 2855/6016 2818/5947
f 2815/5937 2856/6017 2824/5960
f 2853/6014 2815/5938 2821/5952
f 2818/5947 2852/6013 2816/5939
f 2783/5859 2851/6011 2812/5926
f 2857/6019 2820/5951 2814/5932
f 2811/5924 2860/6024 2819/5949
f 2813/5930 2862/6026 2817/5943
f 2861/6025 2813/5931 2820/5951
f 2863/6028 2811/5925 2786/5864
f 2819/5949 2857/6020 2814/5933
f 2826/5968 2866/6032 2828/5974
f 2864/6029 2829/5976 2827/5969
f 2830/5978 2869/6037 2789/5870
f 2828/5974 2864/6030 2827/5970
f 2825/5964 2867/6034 2826/5965
f 2865/6031 2830/5979 2829/5976
f 2658/5605 2873/6044 2639/5551
f 2657/5601 2872/6043 2643/5563
f 2656/5597 2870/6039 2634/5535
f 2639/5551 2874/6046 2657/5598
f 2659/5607 2871/6042 2658/5602
f 2643/5563 2875/6048 2656/5595
f 2738/5792 2333/4929 2334/4930
f 2333/4929 2725/5773 2719/5764
f 2634/5537 2671/5642 2712/5753
f 2341/4937 2870/6040 2869/6038
f 2328/4924 2862/6027 2824/5962
f 2327/4923 2337/4933 2258/4780
f 2856/6018 2843/5999 2878/6051
f 2879/6052 2822/5956 2836/5989
f 2334/4930 2258/4780 2337/4933
f 2881/6054 2333/4929 2341/4937
f 2328/4924 2881/6054 2341/4937
f 2883/6056 2328/4924 2877/6050
f 2878/6051 2883/6056 2877/6050
f 2879/6052 2884/6057 2878/6051
f 2333/4929 2257/4779 2334/4930
f 2308/4882 2886/6059 1694/3605
f 2257/4779 2886/6059 2329/4925
f 2881/6054 2886/6059 2880/6053
f 2882/6055 1694/3605 2886/6059
f 1694/3605 2884/6057 1692/3603
f 2876/6049 2884/6057 2885/6058
f 2260/4782 2879/6052 2788/5869
f 1696/3607 2989/6282 2988/6280
f 2898/6075 2958/6237 2892/6066
f 2961/6240 2907/6101 2957/6235
f 2967/6249 2914/6124 2964/6246
f 2969/6252 2909/6106 2963/6244
f 2917/6128 2965/6247 2966/6248
f 2960/6239 2906/6098 2959/6238
f 2913/6120 2968/6250 2965/6247
f 2906/6097 2962/6241 2959/6238
f 2907/6102 2960/6239 2957/6234
f 2914/6125 2966/6248 2964/6245
f 2963/6243 2919/6132 2967/6249
f 2905/6095 2961/6240 2958/6236
f 2923/6143 2952/6227 2954/6230
f 2950/6224 2908/6103 2953/6228
f 2921/6137 2955/6232 2951/6226
f 2908/6103 2951/6225 2953/6228
f 2924/6148 2954/6229 2956/6233
f 2952/6227 2922/6142 2950/6223
f 2891/6065 2910/6110 2970/6254
f 2974/6259 2912/6117 2971/6256
f 2979/6267 2930/6168 2976/6263
f 2982/6271 2926/6154 2978/6266
f 2935/6179 2977/6264 2980/6268
f 2916/6127 2973/6258 2972/6257
f 2977/6264 2938/6188 2981/6270
f 2911/6114 2975/6260 2973/6258
f 2978/6265 2932/6173 2979/6267
f 2970/6253 2920/6134 2974/6259
f 2912/6118 2972/6257 2971/6255
f 2930/6169 2980/6268 2976/6262
f 2943/6203 2994/6291 2991/6286
f 2893/6067 2940/6193 2990/6285
f 2992/6287 2941/6197 2993/6289
f 2949/6220 2989/6283 2994/6290
f 2993/6288 2943/6203 2991/6286
f 2990/6284 2942/6200 2992/6287
f 2934/6177 2987/6279 2984/6274
f 2899/6078 2986/6277 2894/6068
f 2985/6275 2928/6161 2983/6273
f 2987/6278 2931/6172 2988/6281
f 2928/6162 2984/6274 2983/6272
f 2986/6276 2933/6175 2985/6275
f 2918/6131 2950/6223 2907/6100
f 2898/6076 2954/6229 2905/6093
f 2953/6228 2906/6098 2915/6126
f 2906/6099 2955/6232 2936/6181
f 2950/6224 2915/6126 2907/6102
f 2905/6096 2952/6227 2918/6131
f 2958/6236 2919/6133 2909/6105
f 2957/6234 2917/6129 2914/6122
f 2959/6238 2900/6079 2913/6120
f 2960/6239 2913/6121 2917/6129
f 2919/6133 2957/6235 2914/6123
f 2892/6066 2909/6108 2895/6069
f 2910/6112 2967/6249 2920/6135
f 2964/6245 2916/6127 2912/6118
f 2965/6247 2937/6185 2911/6113
f 2966/6248 2911/6115 2916/6127
f 2897/6074 2963/6244 2910/6109
f 2920/6135 2964/6246 2912/6116
f 2971/6255 2935/6180 2930/6166
f 2926/6156 2974/6259 2932/6174
f 2929/6164 2975/6260 2938/6187
f 2972/6257 2929/6165 2935/6180
f 2932/6174 2971/6256 2930/6167
f 2896/6072 2970/6254 2926/6153
f 2976/6262 2934/6178 2928/6159
f 2925/6151 2979/6267 2933/6176
f 2927/6157 2981/6270 2931/6170
f 2980/6268 2927/6158 2934/6178
f 2982/6271 2925/6152 2899/6077
f 2933/6176 2976/6263 2928/6160
f 2940/6195 2985/6275 2942/6201
f 2941/6199 2984/6274 2943/6202
f 2949/6221 2988/6281 2903/6088
f 2942/6201 2983/6273 2941/6196
f 2939/6191 2986/6277 2940/6192
f 2984/6274 2949/6222 2943/6202
f 2946/6213 2992/6287 2948/6218
f 2944/6205 2991/6286 2947/6216
f 2994/6290 2902/6085 2945/6208
f 2948/6218 2993/6289 2944/6204
f 2890/6063 2990/6285 2946/6212
f 2991/6286 2945/6209 2947/6216
f 2996/6293 3006/6312 3049/6424
f 3052/6427 3008/6319 3048/6422
f 3058/6436 3014/6338 3055/6433
f 2999/6297 3054/6431 3060/6439
f 3017/6344 3056/6434 3057/6435
f 3051/6426 3007/6316 3050/6425
f 3013/6337 3059/6437 3056/6434
f 3007/6315 3053/6428 3050/6425
f 3048/6421 3015/6342 3051/6426
f 3055/6432 3017/6344 3057/6435
f 3054/6430 3019/6348 3058/6436
f 3006/6313 3052/6427 3049/6423
f 3045/6417 2564/5428 3043/6414
f 3041/6411 2570/5438 3044/6415
f 3042/6413 2534/5338 3046/6418
f 2570/5438 3042/6412 3044/6415
f 3047/6420 2556/5409 3045/6416
f 3043/6414 2558/5416 3041/6410
f 2995/6292 3010/6326 3061/6441
f 3065/6446 3012/6333 3062/6443
f 3070/6454 3026/6371 3067/6450
f 3000/6298 3069/6453 3073/6458
f 3031/6382 3068/6451 3071/6455
f 3016/6343 3064/6445 3063/6444
f 3068/6451 3034/6391 3072/6456
f 3011/6330 3066/6447 3064/6445
f 3069/6452 3028/6376 3070/6454
f 3061/6440 3020/6350 3065/6446
f 3062/6442 3016/6343 3063/6444
f 3026/6372 3071/6455 3067/6449
f 3039/6405 3085/6478 3082/6473
f 3035/6393 3081/6472 2997/6294
f 3083/6474 3037/6401 3084/6476
f 3040/6408 3080/6469 3085/6477
f 3037/6402 3082/6473 3084/6475
f 3081/6471 3038/6403 3083/6474
f 3030/6380 3078/6466 3075/6461
f 3003/6305 3077/6464 2998/6295
f 3076/6462 3024/6364 3074/6460
f 3078/6465 3027/6373 3079/6467
f 3024/6365 3075/6461 3074/6459
f 3077/6463 3029/6378 3076/6462
f 3018/6347 3041/6410 3008/6318
f 3002/6303 3045/6416 3006/6311
f 3044/6415 3007/6316 3015/6342
f 3007/6317 3046/6418 3032/6384
f 3008/6320 3044/6415 3015/6342
f 3006/6314 3043/6414 3018/6347
f 3049/6423 3019/6349 3009/6321
f 3014/6340 3051/6426 3017/6345
f 3050/6425 3004/6306 3013/6337
f 3017/6345 3050/6425 3013/6335
f 3052/6427 3014/6341 3019/6349
f 2996/6293 3009/6324 2999/6296
f 3010/6328 3058/6436 3020/6351
f 3012/6334 3057/6435 3016/6343
f 3056/6434 3033/6388 3011/6329
f 3057/6435 3011/6331 3016/6343
f 3001/6301 3054/6431 3010/6325
f 3020/6351 3055/6433 3012/6332
f 3062/6442 3031/6383 3026/6369
f 3022/6359 3065/6446 3028/6377
f 3025/6367 3066/6447 3034/6390
f 3063/6444 3025/6368 3031/6383
f 3028/6377 3062/6443 3026/6370
f 3000/6299 3061/6441 3022/6356
f 3067/6449 3030/6381 3024/6362
f 3021/6354 3070/6454 3029/6379
f 3068/6451 3027/6374 3023/6360
f 3071/6455 3023/6361 3030/6381
f 3073/6458 3021/6355 3003/6304
f 3029/6379 3067/6450 3024/6363
f 3036/6398 3076/6462 3038/6404
f 3074/6459 3039/6406 3037/6399
f 3078/6465 3005/6309 3040/6407
f 3038/6404 3074/6460 3037/6400
f 3035/6394 3077/6464 3036/6395
f 3075/6461 3040/6409 3039/6406
f 2923/6145 3083/6474 2904/6092
f 3084/6475 2908/6104 2922/6139
f 3085/6477 2901/6082 2921/6136
f 2904/6092 3084/6476 2922/6140
f 2997/6294 2923/6146 2924/6147
f 3082/6473 2921/6138 2908/6104
f 2938/6189 1696/3607 2981/6269
f 2888/6061 2968/6251 2962/6242
f 2901/6083 2936/6183 2955/6231
f 2889/6062 3080/6470 3079/6468
f 2887/6060 3072/6457 3034/6392
f 3066/6448 3053/6429 3087/6480
f 3088/6481 3032/6386 3046/6419
f 2889/6062 1696/3607 2888/6061
f 2887/6060 1696/3607 2889/6062
f 1693/3604 2887/6060 3086/6479
f 3087/6480 1693/3604 3086/6479
f 3088/6481 1693/3604 3087/6480
f 2391/5049 3088/6481 2534/5339
f 1096/2207 3093/6487 1151/2311
f 960/1983 3092/6485 1096/2207
f 837/1664 3091/6484 910/1884
f 910/1884 3090/6483 839/1670
f 1798/3882 3094/6488 1133/2256
f 3094/6489 1656/3515 1043/2133
s 0
f 1696/3607 1688/3598 2902/6084
f 1691/3602 1690/3601 2338/4934
s 1
f 2294/4858 3099/6497 2515/5304
f 2515/5306 1548/3300 1547/3295
f 2261/4785 2517/5309 2327/4923
f 2294/4859 2492/5266 3097/6493
f 2296/4861 2492/5266 2295/4860
f 2296/4862 3095/6490 3098/6495
f 2298/4865 2516/5307 2293/4855
f 2293/4856 3095/6490 2297/4863
f 1577/3381 3105/6508 2369/5004
f 2409/5071 3113/6520 3108/6513
f 2424/5118 3100/6499 2437/5149
f 2432/5140 2418/5096 2408/5069
f 2419/5100 1566/3355 1565/3349
f 2410/5073 2413/5082 2424/5117
f 2419/5101 2408/5069 2407/5067
f 2437/5149 2418/5097 2422/5108
f 2417/5094 2523/5318 2406/5065
f 2416/5092 2469/5203 2405/5064
f 2368/5003 3104/6506 2367/4998
f 2367/5000 2523/5318 2366/4996
f 2417/5095 2469/5203 2431/5138
f 2463/5195 3113/6520 3105/6508
f 3105/6508 3112/6519 2369/5004
f 1534/3262 3109/6515 1542/3283
f 2415/5089 3110/6517 2430/5136
f 2414/5085 3111/6518 2435/5146
f 2409/5072 3107/6512 2414/5083
f 2430/5136 3109/6516 2412/5079
f 2435/5146 3106/6510 2415/5087
f 2462/5193 3122/6534 3121/6533
f 2410/5074 3122/6534 3101/6501
f 3127/6541 3119/6529 1538/3273
f 3126/6540 3115/6523 3125/6538
f 3124/6537 3120/6531 1578/3382
f 1578/3383 3117/6526 3127/6541
f 1538/3274 3116/6525 3126/6540
f 3118/6527 3115/6524 1561/3340
f 2460/5190 1567/3357 1562/3343
f 2458/5187 1543/3284 2461/5191
f 1575/3377 1622/3433 1594/3402
f 3102/6503 1594/3402 1559/3335
f 1559/3336 3118/6528 3102/6502
f 3131/6547 3145/6575 3204/6735
f 3207/6738 3147/6582 3203/6733
f 3213/6747 3154/6605 3210/6744
f 3215/6750 3149/6587 3209/6742
f 3157/6609 3211/6745 3212/6746
f 3206/6737 3146/6579 3205/6736
f 3211/6745 3140/6562 3214/6749
f 3205/6736 3176/6664 3208/6740
f 3147/6583 3206/6737 3203/6732
f 3210/6743 3157/6609 3212/6746
f 3209/6741 3159/6613 3213/6747
f 3145/6576 3207/6738 3204/6734
f 3200/6728 3144/6572 3198/6725
f 3196/6722 3148/6584 3199/6726
f 3197/6724 3141/6565 3201/6730
f 3148/6584 3197/6723 3199/6726
f 3202/6731 3163/6626 3200/6727
f 3198/6725 3162/6622 3196/6721
f 3130/6546 3150/6591 3216/6752
f 3220/6757 3152/6598 3217/6754
f 3225/6765 3170/6648 3222/6761
f 3228/6769 3166/6635 3224/6764
f 3175/6660 3223/6762 3226/6766
f 3218/6755 3151/6596 3219/6756
f 3223/6762 3178/6669 3227/6767
f 3151/6595 3221/6759 3219/6756
f 3224/6763 3172/6654 3225/6765
f 3216/6751 3160/6615 3220/6757
f 3217/6753 3156/6608 3218/6755
f 3170/6649 3226/6766 3222/6760
f 2810/5921 3184/6685 2809/5919
f 2790/5873 3187/6698 2808/5917
f 2794/5884 3189/6706 2807/5916
f 3244/6795 3186/6694 3242/6792
f 3245/6796 3185/6690 3241/6791
f 3132/6548 3188/6702 3243/6794
f 3183/6683 3240/6789 3237/6784
f 3133/6549 3180/6674 3236/6783
f 3238/6785 3181/6679 3239/6787
f 3240/6788 3143/6570 3235/6780
f 3186/6695 3246/6797 3242/6792
f 3189/6707 2788/5868 2807/5916
f 3239/6786 3183/6683 3237/6784
f 3241/6790 3191/6710 3244/6795
f 2808/5918 3192/6712 2794/5884
f 3236/6782 3182/6681 3238/6785
f 3243/6793 3194/6716 3245/6796
f 2809/5920 3193/6714 2790/5873
f 3174/6659 3233/6777 3230/6772
f 3139/6560 3232/6775 3134/6550
f 3231/6773 3168/6641 3229/6771
f 3233/6776 3171/6651 3234/6778
f 3168/6642 3230/6772 3229/6770
f 3232/6774 3173/6656 3231/6773
f 3158/6612 3196/6721 3147/6581
f 3138/6558 3200/6727 3145/6574
f 3199/6726 3146/6579 3155/6607
f 3146/6580 3201/6730 3176/6662
f 3147/6583 3199/6726 3155/6607
f 3145/6577 3198/6725 3158/6612
f 3204/6734 3159/6614 3149/6586
f 3203/6732 3157/6610 3154/6603
f 3153/6602 3208/6740 3140/6562
f 3157/6610 3205/6736 3153/6600
f 3159/6614 3203/6733 3154/6604
f 3131/6547 3149/6589 3135/6551
f 3150/6593 3213/6747 3160/6616
f 3152/6599 3212/6746 3156/6608
f 3211/6745 3177/6667 3151/6594
f 3212/6746 3151/6596 3156/6608
f 3137/6556 3209/6742 3150/6590
f 3160/6616 3210/6744 3152/6597
f 3170/6650 3218/6755 3175/6661
f 3166/6637 3220/6757 3172/6655
f 3169/6646 3221/6759 3178/6668
f 3175/6661 3219/6756 3169/6644
f 3172/6655 3217/6754 3170/6647
f 3136/6554 3216/6752 3166/6634
f 3168/6643 3226/6766 3174/6658
f 3165/6632 3225/6765 3173/6657
f 3223/6762 3171/6652 3167/6638
f 3226/6766 3167/6639 3174/6658
f 3228/6769 3165/6633 3139/6559
f 3173/6657 3222/6761 3168/6640
f 3180/6676 3231/6773 3182/6682
f 3229/6770 3183/6684 3181/6677
f 3195/6719 3234/6778 3143/6569
f 3182/6682 3229/6771 3181/6678
f 3179/6672 3232/6775 3180/6673
f 3230/6772 3195/6720 3183/6684
f 3188/6704 3238/6785 3194/6717
f 3185/6692 3237/6784 3191/6711
f 3186/6696 3235/6780 3142/6566
f 3194/6717 3239/6787 3185/6689
f 3129/6545 3236/6783 3188/6701
f 3191/6711 3240/6789 3186/6693
f 3184/6687 3245/6796 3193/6715
f 3187/6700 3244/6795 3192/6713
f 3242/6792 3190/6708 3189/6707
f 3132/6548 3184/6688 3128/6542
f 3193/6715 3241/6791 3187/6697
f 3192/6713 3242/6792 3189/6705
f 3143/6571 3227/6768 2260/4782
f 3190/6709 3246/6798 2260/4782
f 3248/6800 3260/6824 3308/6951
f 3311/6954 3262/6831 3307/6949
f 3317/6963 3269/6853 3314/6960
f 3319/6966 3264/6836 3313/6958
f 3272/6859 3315/6961 3316/6962
f 3310/6953 3261/6827 3309/6952
f 3315/6961 3256/6814 3318/6965
f 3309/6952 3291/6913 3312/6956
f 3307/6948 3270/6856 3310/6953
f 3314/6959 3272/6859 3316/6962
f 3313/6957 3274/6862 3317/6963
f 3308/6950 3273/6860 3311/6954
f 3304/6944 3259/6821 3302/6941
f 3300/6938 3263/6833 3303/6942
f 3301/6940 3257/6816 3305/6946
f 3263/6833 3301/6939 3303/6942
f 3306/6947 3278/6875 3304/6943
f 3302/6941 3277/6872 3300/6937
f 3247/6799 3265/6840 3320/6968
f 3324/6973 3267/6847 3321/6970
f 3329/6981 3285/6897 3326/6977
f 3332/6985 3281/6884 3328/6980
f 3290/6910 3327/6978 3330/6982
f 3271/6857 3323/6972 3322/6971
f 3327/6978 3293/6919 3331/6984
f 3323/6972 3292/6915 3325/6975
f 3328/6979 3287/6903 3329/6981
f 3320/6967 3275/6864 3324/6973
f 3321/6969 3271/6857 3322/6971
f 3285/6898 3330/6982 3326/6976
f 3341/7000 3299/6935 3344/7005
f 3249/6801 3295/6923 3340/6999
f 3342/7001 3296/6928 3343/7003
f 3344/7004 3258/6820 3339/6997
f 3343/7002 3298/6932 3341/7000
f 3340/6998 3297/6930 3342/7001
f 3289/6907 3337/6993 3334/6988
f 3250/6802 3280/6879 3336/6991
f 3335/6989 3283/6891 3333/6987
f 3337/6992 3286/6902 3338/6995
f 3283/6892 3334/6988 3333/6986
f 3336/6990 3288/6905 3335/6989
f 3273/6861 3300/6937 3262/6830
f 3254/6810 3304/6943 3260/6823
f 3270/6856 3301/6939 3261/6827
f 3261/6829 3305/6946 3291/6911
f 3262/6832 3303/6942 3270/6856
f 3260/6826 3302/6941 3273/6861
f 3264/6838 3311/6954 3274/6863
f 3269/6855 3310/6953 3272/6858
f 3268/6850 3312/6956 3256/6814
f 3310/6953 3268/6851 3272/6858
f 3274/6863 3307/6949 3269/6852
f 3251/6804 3308/6951 3264/6835
f 3265/6842 3317/6963 3275/6865
f 3267/6848 3316/6962 3271/6857
f 3315/6961 3292/6916 3266/6843
f 3316/6962 3266/6845 3271/6857
f 3253/6808 3313/6958 3265/6839
f 3275/6865 3314/6960 3267/6846
f 3285/6899 3322/6971 3290/6909
f 3281/6886 3324/6973 3287/6904
f 3284/6894 3325/6975 3293/6917
f 3322/6971 3284/6895 3290/6909
f 3287/6904 3321/6970 3285/6896
f 3252/6806 3320/6968 3281/6883
f 3326/6976 3289/6908 3283/6889
f 3280/6881 3329/6981 3288/6906
f 3282/6887 3331/6984 3286/6900
f 3330/6982 3282/6888 3289/6908
f 3332/6985 3280/6882 3255/6811
f 3288/6906 3326/6977 3283/6890
f 3295/6925 3335/6989 3297/6931
f 3333/6986 3298/6933 3296/6926
f 3299/6935 3338/6995 3258/6818
f 3297/6931 3333/6987 3296/6927
f 3294/6921 3336/6991 3295/6922
f 3334/6988 3299/6936 3298/6933
f 3163/6627 3342/7001 3144/6573
f 3162/6623 3341/7000 3148/6585
f 3161/6619 3339/6997 3141/6563
f 3144/6573 3343/7003 3162/6620
f 3164/6629 3340/6999 3163/6624
f 3148/6585 3344/7005 3161/6617
f 3352/7017 3392/7128 3346/7007
f 3395/7131 3358/7033 3391/7126
f 3401/7140 3364/7054 3398/7137
f 3403/7143 3359/7036 3397/7135
f 3367/7058 3399/7138 3400/7139
f 3365/7056 3393/7129 3394/7130
f 3363/7050 3402/7141 3399/7138
f 3357/7030 3396/7132 3393/7129
f 3358/7034 3394/7130 3391/7125
f 3364/7055 3400/7139 3398/7136
f 3397/7134 3369/7062 3401/7140
f 3356/7027 3395/7131 3392/7127
f 3345/7006 3360/7040 3404/7145
f 3408/7150 3362/7047 3405/7147
f 3413/7158 3376/7085 3410/7154
f 3416/7162 3372/7071 3412/7157
f 3381/7096 3411/7155 3414/7159
f 3366/7057 3407/7149 3406/7148
f 3411/7155 3384/7106 3415/7161
f 3361/7044 3409/7151 3407/7149
f 3412/7156 3378/7090 3413/7158
f 3404/7144 3370/7064 3408/7150
f 3362/7048 3406/7148 3405/7146
f 3376/7086 3414/7159 3410/7153
f 3389/7121 3428/7182 3425/7177
f 3347/7008 3386/7111 3424/7176
f 3426/7178 3387/7115 3427/7180
f 3390/7122 3423/7174 3428/7181
f 3427/7179 3389/7121 3425/7177
f 3424/7175 3388/7118 3426/7178
f 3380/7094 3421/7170 3418/7165
f 3353/7019 3420/7168 3348/7009
f 3419/7166 3374/7078 3417/7164
f 3421/7169 3377/7089 3422/7172
f 3417/7163 3380/7094 3418/7165
f 3420/7167 3379/7092 3419/7166
f 3368/7061 2944/6206 3358/7032
f 2890/6064 3356/7028 3352/7016
f 2947/6217 3357/7031 3365/7056
f 2945/6211 3382/7099 3357/7029
f 2944/6207 3365/7056 3358/7034
f 2946/6215 3368/7061 3356/7025
f 3392/7127 3369/7063 3359/7035
f 3391/7125 3367/7059 3364/7052
f 3393/7129 3354/7020 3363/7050
f 3394/7130 3363/7051 3367/7059
f 3369/7063 3391/7126 3364/7053
f 3346/7007 3359/7038 3349/7010
f 3360/7042 3401/7140 3370/7065
f 3398/7136 3366/7057 3362/7048
f 3399/7138 3383/7102 3361/7043
f 3400/7139 3361/7045 3366/7057
f 3351/7015 3397/7135 3360/7039
f 3370/7065 3398/7137 3362/7046
f 3405/7146 3381/7097 3376/7083
f 3372/7073 3408/7150 3378/7091
f 3375/7081 3409/7151 3384/7104
f 3406/7148 3375/7082 3381/7097
f 3378/7091 3405/7147 3376/7084
f 3350/7013 3404/7145 3372/7070
f 3410/7153 3380/7095 3374/7076
f 3371/7068 3413/7158 3379/7093
f 3373/7074 3415/7161 3377/7087
f 3414/7159 3373/7075 3380/7095
f 3416/7162 3371/7069 3353/7018
f 3379/7093 3410/7154 3374/7077
f 3386/7113 3419/7166 3388/7119
f 3387/7117 3418/7165 3389/7120
f 3390/7123 3422/7172 3355/7022
f 3388/7119 3417/7164 3387/7114
f 3385/7109 3420/7168 3386/7110
f 3418/7165 3390/7124 3389/7120
f 3278/6876 3426/7178 3259/6822
f 3427/7179 3263/6834 3277/6869
f 3428/7181 3257/6817 3276/6866
f 3259/6822 3427/7180 3277/6870
f 3279/6878 3424/7176 3278/6873
f 3425/7177 3276/6868 3263/6834
s 0
f 3415/7160 3384/7105 1688/3598
f 1667/3542 1691/3602 3429/7183
s 1
f 1695/3606 3429/7183 3256/6813
s 0
f 3286/6901 3331/6983 1691/3602
s 1
f 3221/6758 3177/6665 2338/4934
f 3176/6663 3201/6729 2338/4934
s 0
f 2338/4934 3141/6564 1691/3602
s 1
f 3140/6561 2338/4934 3214/6748
f 2338/4934 2260/4782 3178/6670
f 3214/6748 2338/4934 3177/6665
f 3178/6670 3221/6758 2338/4934
f 3140/6561 3208/6739 2338/4934
f 3208/6739 3176/6663 2338/4934
s 0
f 2338/4934 3201/6729 3141/6564
f 3325/6974 3429/7183 3293/6918
f 3429/7183 1691/3602 3331/6983
f 3293/6918 3429/7183 3331/6983
f 1691/3602 3141/6564 3339/6996
f 3339/6996 3258/6819 1691/3602
f 3258/6819 3338/6994 1691/3602
f 3338/6994 3286/6901 1691/3602
s 1
f 3429/7183 3325/6974 3292/6914
f 3292/6914 3318/6964 3429/7183
f 3318/6964 3256/6813 3429/7183
f 3256/6813 3312/6955 1695/3606
f 3312/6955 3291/6912 1695/3606
f 3291/6912 3305/6945 1695/3606
s 0
f 1688/3598 1695/3606 3415/7160
f 1695/3606 3305/6945 3257/6815
f 3423/7173 1695/3606 3257/6815
f 3423/7173 3355/7023 1695/3606
f 3355/7023 3422/7171 1695/3606
f 3422/7171 3377/7088 1695/3606
f 3377/7088 3415/7160 1695/3606
f 3409/7152 3396/7133 2902/6087
s 1
f 3493/7279 3433/7188 3492/7278
f 3433/7188 3538/7340 3492/7278
f 3658/7503 3539/7341 3661/7506
f 3465/7243 3436/7194 3466/7245
f 3538/7340 3437/7196 3492/7278
f 3471/7252 3470/7251 3434/7191
f 3452/7218 3487/7272 3495/7283
f 3437/7196 3493/7279 3492/7278
f 3481/7266 3514/7304 3502/7292
f 3485/7270 3440/7199 3486/7271
f 3458/7228 3494/7280 3493/7279
f 3450/7216 3481/7266 3502/7292
f 3488/7273 3459/7230 3477/7260
f 3434/7191 3470/7251 3551/7358
f 3472/7253 3448/7214 3473/7254
f 3456/7226 3490/7276 3491/7277
f 3555/7362 3484/7269 3483/7268
f 3483/7268 3485/7270 3486/7271
f 3500/7289 3454/7222 3452/7219
f 3442/7203 3450/7216 3502/7292
f 3481/7266 3487/7272 3482/7267
f 3504/7294 3457/7227 3461/7235
f 3454/7222 3500/7289 3442/7205
f 3486/7271 3549/7355 3438/7197
f 3488/7273 3445/7209 3460/7233
f 3461/7234 3506/7296 3503/7293
f 3480/7265 3461/7235 3479/7264
f 3438/7197 3551/7358 3483/7268
f 3496/7285 3479/7263 3461/7234
f 3490/7276 3445/7210 3491/7277
f 3455/7224 3452/7219 3454/7222
f 3477/7261 3435/7193 3445/7210
f 3434/7192 3438/7197 3549/7355
f 3539/7341 3616/7446 3617/7447
f 3449/7215 3479/7264 3456/7226
f 3496/7285 3461/7234 3503/7293
f 3459/7230 3552/7359 3555/7362
f 3552/7359 3488/7273 3460/7233
f 3495/7283 3450/7216 3500/7289
f 3442/7204 3502/7292 3468/7248
f 3463/7239 3464/7241 3432/7187
f 3549/7355 3440/7200 3443/7206
f 3439/7198 3440/7200 3441/7202
f 3443/7206 3434/7192 3549/7355
f 3496/7284 3456/7225 3479/7263
f 3491/7277 3449/7215 3456/7226
f 3468/7248 3474/7256 3442/7204
f 3495/7283 3500/7289 3452/7218
f 3503/7293 3505/7295 3462/7237
f 3455/7223 3635/7471 3451/7217
f 3451/7217 3453/7220 3452/7219
f 3488/7273 3552/7359 3459/7230
f 3445/7210 3489/7275 3491/7277
f 3434/7190 3551/7358 3438/7197
f 3447/7212 3553/7360 3459/7231
f 3459/7231 3478/7262 3477/7261
f 3444/7208 3440/7200 3439/7198
f 3488/7274 3477/7260 3445/7209
f 3457/7227 3511/7301 3461/7235
f 3466/7245 3508/7298 3457/7227
f 3496/7285 3462/7237 3456/7225
f 3503/7293 3462/7237 3496/7285
f 3552/7359 3554/7361 3555/7362
f 3486/7271 3440/7199 3549/7355
f 3438/7197 3483/7268 3486/7271
f 3494/7280 3448/7213 3493/7279
f 3508/7298 3510/7300 3512/7302
f 3511/7301 3508/7298 3512/7302
f 3536/7338 3541/7343 3543/7345
f 3507/7297 3513/7303 3510/7300
f 3629/7463 3628/7461 3662/7507
f 3542/7344 3543/7345 3541/7343
f 3536/7338 3524/7317 3516/7306
f 3529/7323 3481/7266 3668/7515
s 0
f 3515/7305 3540/7342 3497/7286
f 3645/7486 3644/7485 3630/7465
s 1
f 3645/7486 3661/7506 3646/7487
f 3533/7332 3516/7306 3517/7308
s 0
f 3540/7342 3661/7506 3539/7341
s 1
f 3653/7497 3664/7511 3662/7507
f 3461/7235 3511/7301 3537/7339
f 3521/7314 3514/7304 3481/7266
f 3529/7323 3521/7314 3481/7266
f 3442/7204 3631/7466 3630/7464
f 3499/7288 3519/7311 3518/7309
f 3526/7320 3518/7310 3528/7322
f 3645/7486 3631/7466 3474/7256
f 3476/7258 3535/7337 3546/7349
f 3506/7296 3668/7515 3481/7266
f 3522/7315 3524/7317 3521/7314
f 3544/7347 3541/7343 3545/7348
f 3468/7248 3544/7347 3475/7257
f 3528/7322 3522/7315 3521/7314
f 3536/7338 3545/7348 3541/7343
f 3442/7203 3630/7464 3627/7459
f 3546/7349 3547/7351 3548/7352
f 3455/7224 3628/7461 3629/7463
f 3634/7470 3505/7295 3482/7267
f 3451/7217 3501/7290 3453/7220
f 3634/7470 3642/7483 3637/7476
f 3534/7334 3639/7479 3635/7471
s 0
f 3630/7465 3652/7496 3515/7305
s 1
f 3530/7326 3528/7322 3521/7314
f 3442/7205 3628/7461 3454/7222
f 3656/7500 3529/7325 3653/7497
f 3547/7351 3632/7467 3548/7352
f 3536/7338 3547/7351 3535/7337
f 3516/7306 3633/7469 3536/7338
f 3501/7291 3487/7272 3453/7221
f 3475/7257 3476/7258 3458/7229
f 3442/7204 3474/7256 3631/7466
f 3643/7484 3545/7348 3535/7337
f 3506/7296 3482/7267 3505/7295
f 3466/7245 3509/7299 3507/7297
f 3523/7316 3641/7482 3640/7481
f 3637/7476 3638/7478 3467/7247
f 3638/7477 3525/7318 3467/7246
f 3645/7486 3630/7465 3631/7466
f 3643/7484 3476/7258 3475/7257
f 3527/7321 3638/7478 3642/7483
f 3501/7291 3640/7481 3612/7442
f 3612/7442 3641/7482 3634/7470
f 3517/7308 3640/7481 3639/7480
f 3519/7311 3532/7330 3638/7477
f 3658/7503 3474/7256 3437/7195
f 3520/7313 3518/7310 3526/7319
f 3612/7442 3482/7267 3487/7272
f 3627/7459 3630/7465 3656/7500
f 3467/7246 3490/7276 3462/7236
f 3502/7292 3542/7344 3468/7248
f 3662/7507 3628/7461 3653/7497
f 3635/7471 3639/7479 3501/7290
f 3637/7476 3462/7237 3505/7295
f 3520/7313 3656/7500 3630/7465
f 3668/7515 3510/7300 3529/7323
f 3513/7303 3529/7325 3510/7300
f 3474/7256 3458/7229 3437/7195
f 3643/7484 3544/7346 3545/7348
f 3680/7529 3465/7242 3466/7245
f 3442/7205 3500/7289 3450/7216
f 3653/7497 3628/7461 3627/7459
f 3543/7345 3514/7304 3521/7314
f 3520/7313 3515/7305 3669/7516
s 0
f 3497/7286 3669/7516 3515/7305
s 1
f 3519/7312 3528/7322 3518/7310
f 3520/7313 3630/7465 3515/7305
f 3475/7257 3544/7346 3643/7484
f 3517/7308 3847/7941 3533/7332
f 3537/7339 3506/7296 3461/7235
s 0
f 3652/7496 3646/7487 3661/7506
s 1
f 3530/7327 3520/7313 3526/7319
f 3476/7258 3643/7484 3535/7337
f 3521/7314 3524/7317 3543/7345
f 3523/7316 3516/7306 3524/7317
f 3627/7459 3656/7500 3653/7497
f 3520/7313 3669/7516 3518/7310
f 3531/7328 3633/7469 3516/7306
f 3521/7314 3529/7324 3530/7326
f 3557/7364 3464/7241 3447/7212
f 3464/7241 3558/7365 3432/7187
f 3560/7367 3447/7212 3459/7231
f 3560/7367 3561/7368 3557/7364
f 3557/7364 3559/7366 3556/7363
f 3556/7363 3562/7369 3558/7365
f 3583/7402 3587/7406 3585/7404
f 3596/7420 3618/7448 3595/7418
f 3609/7439 3589/7409 3588/7407
f 3588/7408 3470/7251 3472/7253
s 0
f 3610/7440 3611/7441 3597/7422
s 1
f 3459/7231 3584/7403 3560/7367
f 3622/7454 3555/7362 3483/7268
f 3586/7405 3551/7358 3470/7251
f 3565/7372 3572/7382 3573/7383
f 3473/7254 3582/7401 3609/7439
f 3499/7288 3568/7377 3498/7287
f 3576/7387 3571/7381 3575/7386
f 3574/7384 3576/7387 3567/7376
f 3570/7380 3578/7391 3577/7388
f 3570/7380 3587/7406 3573/7383
f 3587/7406 3570/7380 3563/7370
f 3570/7380 3483/7268 3563/7370
f 3577/7389 3483/7268 3570/7380
f 3472/7253 3609/7439 3588/7407
f 3573/7383 3571/7381 3570/7380
f 3573/7383 3583/7402 3565/7372
f 3587/7406 3586/7405 3585/7404
f 3589/7409 3583/7402 3585/7404
f 3588/7408 3585/7404 3586/7405
f 3473/7254 3590/7410 3582/7401
f 3590/7410 3591/7412 3582/7401
f 3434/7190 3594/7416 3597/7421
f 3444/7208 3595/7418 3443/7206
f 3591/7412 3599/7424 3600/7426
f 3577/7390 3620/7452 3621/7453
f 3434/7191 3598/7423 3471/7252
f 3566/7374 3853/7961 3864/7985
f 3554/7361 3601/7427 3484/7269
f 3460/7233 3604/7433 3554/7361
f 3579/7393 3600/7426 3599/7424
f 3565/7372 3583/7402 3600/7426
f 3583/7402 3591/7412 3600/7426
f 3439/7198 3550/7356 3602/7428
f 3595/7418 3434/7192 3443/7206
f 3490/7276 3469/7249 3460/7232
f 3485/7270 3550/7357 3441/7201
f 3464/7241 3463/7238 3657/7501
f 3601/7427 3608/7438 3607/7437
f 3581/7398 3602/7428 3550/7356
f 3607/7437 3572/7382 3606/7436
f 3532/7330 3568/7377 3605/7434
f 3525/7318 3605/7434 3469/7249
f 3608/7438 3571/7381 3607/7437
f 3606/7436 3566/7374 3550/7357
f 3593/7415 3607/7437 3606/7436
f 3604/7433 3605/7435 3608/7438
f 3550/7357 3593/7415 3606/7436
f 3605/7435 3575/7386 3608/7438
f 3609/7439 3582/7401 3589/7409
f 3609/7439 3472/7253 3473/7254
f 3611/7441 3598/7423 3597/7422
f 3616/7446 3471/7252 3611/7441
f 3611/7441 3471/7252 3598/7423
f 3484/7269 3593/7415 3485/7270
f 3434/7191 3597/7421 3598/7423
s 0
f 3540/7342 3617/7447 3615/7445
s 1
f 3569/7379 3574/7385 3567/7376
f 3617/7447 3611/7441 3614/7444
s 0
f 3540/7342 3564/7371 3497/7286
s 1
f 3619/7451 3621/7453 3618/7448
f 3471/7252 3448/7214 3472/7253
s 0
f 3615/7445 3597/7422 3564/7371
s 1
f 3483/7268 3551/7358 3563/7370
f 3594/7416 3620/7452 3597/7422
f 3444/7207 3439/7198 3602/7428
f 3577/7390 3562/7369 3559/7366
f 3618/7448 3621/7453 3595/7418
f 3569/7379 3564/7371 3597/7422
f 3565/7372 3580/7397 3566/7374
f 3622/7454 3561/7368 3560/7367
f 3594/7416 3621/7453 3620/7452
f 3577/7389 3622/7454 3483/7268
f 3622/7454 3577/7389 3559/7366
f 3576/7387 3568/7378 3567/7376
f 3584/7403 3459/7231 3555/7362
f 3578/7391 3576/7387 3574/7384
f 3569/7379 3578/7392 3574/7385
f 3569/7379 3597/7422 3620/7452
s 0
f 3615/7445 3614/7444 3610/7440
s 1
f 3621/7453 3594/7416 3595/7418
s 0
f 3497/7286 3623/7455 3613/7443
s 1
f 3534/7334 3861/7978 3639/7479
s 0
f 3629/7462 3662/7508 3664/7510
f 3664/7510 3670/7517 3629/7462
s 1
f 3518/7310 3613/7443 3499/7288
f 3569/7379 3623/7455 3564/7371
f 3569/7379 3567/7376 3623/7455
f 3613/7443 3567/7376 3499/7288
s 0
f 3619/7450 3596/7419 3624/7456
s 1
f 3581/7398 3550/7356 3864/7984
s 0
f 3596/7419 3619/7450 3618/7449
s 1
f 3619/7450 3624/7456 3562/7369
f 3624/7456 3626/7458 3562/7369
f 3626/7458 3558/7365 3562/7369
f 3558/7365 3625/7457 3432/7187
f 3670/7517 3513/7303 3672/7519
f 3522/7315 3642/7483 3641/7482
f 3511/7301 3510/7300 3668/7515
f 3664/7510 3513/7303 3670/7517
f 3509/7299 3436/7194 3671/7518
f 3455/7223 3629/7463 3635/7471
f 3509/7299 3672/7519 3513/7303
f 3444/7207 3602/7428 3596/7420
s 0
f 3624/7456 3596/7420 3602/7428
f 3446/7211 3659/7504 3650/7491
f 3659/7504 3602/7429 3650/7491
f 3446/7211 3681/7531 3431/7186
f 3635/7472 3681/7531 3676/7523
f 3463/7240 3655/7499 3657/7502
f 3465/7244 3680/7530 3679/7528
f 3681/7531 3670/7517 3673/7520
f 3679/7528 3667/7514 3683/7533
f 3680/7530 3666/7513 3679/7528
f 3649/7490 3651/7492 3660/7505
f 3659/7504 3651/7492 3647/7488
f 3677/7524 3675/7522 3682/7532
f 3667/7514 3655/7499 3663/7509
f 3657/7502 3666/7513 3665/7512
s 1
f 3657/7502 3489/7275 3478/7262
f 3450/7216 3495/7283 3481/7266
s 0
f 3463/7240 3648/7489 3655/7499
f 3649/7490 3655/7499 3647/7488
f 3647/7488 3654/7498 3624/7456
f 3648/7489 3647/7488 3655/7499
s 1
f 3654/7498 3626/7458 3624/7456
s 0
f 3654/7498 3647/7488 3648/7489
s 1
f 3625/7457 3626/7458 3654/7498
f 3625/7457 3463/7239 3432/7187
f 3463/7240 3654/7498 3648/7489
s 0
f 3430/7184 3651/7492 3659/7504
f 3670/7517 3635/7471 3629/7463
s 1
f 3480/7265 3489/7275 3680/7530
s 0
f 3465/7244 3679/7528 3674/7521
f 3679/7528 3675/7522 3673/7520
f 3673/7520 3670/7517 3678/7527
f 3674/7521 3679/7528 3673/7520
s 1
f 3678/7527 3670/7517 3672/7519
s 0
f 3678/7527 3674/7521 3673/7520
s 1
f 3671/7518 3678/7527 3672/7519
f 3671/7518 3436/7194 3465/7243
f 3465/7244 3678/7527 3671/7518
s 0
f 3681/7531 3677/7524 3430/7184
f 3680/7530 3665/7512 3666/7513
f 3657/7502 3655/7499 3666/7513
s 1
f 3464/7241 3657/7501 3447/7212
f 3680/7529 3466/7245 3457/7227
s 0
f 3679/7528 3666/7513 3667/7514
f 3667/7514 3666/7513 3655/7499
f 3649/7490 3663/7509 3655/7499
f 3679/7528 3683/7533 3675/7522
f 3649/7490 3647/7488 3651/7492
f 3659/7504 3647/7488 3624/7456
f 3681/7531 3673/7520 3677/7524
f 3677/7524 3673/7520 3675/7522
f 3430/7184 3659/7504 3431/7186
f 3681/7531 3430/7184 3431/7186
s 1
f 3581/7398 3603/7432 3602/7428
f 3729/7683 3779/7800 3684/7534
f 3729/7684 3696/7574 3685/7540
f 3777/7797 3715/7637 3778/7798
f 3770/7785 3735/7698 3722/7664
f 3726/7674 3720/7658 3716/7639
f 3695/7570 3699/7583 3700/7585
f 3430/7185 3715/7637 3651/7493
f 3749/7733 3763/7774 3753/7741
f 3780/7802 3727/7676 3815/7869
f 3718/7652 3711/7623 3721/7660
f 3744/7723 3839/7914 3741/7716
f 3721/7662 3731/7687 3730/7686
f 3719/7654 3726/7674 3716/7640
f 3705/7603 3743/7720 3687/7543
f 3705/7604 3741/7717 3839/7913
f 3695/7570 3780/7804 3694/7569
f 3713/7628 3732/7688 3688/7547
f 3709/7617 3817/7875 3779/7799
f 3785/7812 3727/7677 3817/7873
f 3696/7575 3698/7579 3685/7539
f 3707/7609 3745/7724 3744/7723
f 3746/7727 3752/7740 3751/7737
f 3750/7736 3753/7742 3752/7739
f 3725/7671 3698/7580 3708/7612
f 3691/7557 3690/7553 3686/7541
f 3768/7782 3711/7625 3735/7698
f 3736/7699 3717/7647 3716/7641
f 3725/7672 3728/7680 3710/7619
f 3828/7895 3766/7779 3829/7896
f 3760/7768 3731/7687 3734/7695
f 3693/7566 3743/7721 3783/7807
f 3765/7777 3826/7891 3774/7792
f 3777/7797 3722/7664 3724/7667
f 3726/7675 3715/7638 3724/7667
f 3757/7758 3725/7673 3760/7766
f 3783/7807 3818/7878 3684/7535
f 3755/7745 3762/7771 3725/7668
f 3651/7494 3719/7655 3716/7642
f 3766/7780 3774/7793 3829/7897
f 3748/7732 3764/7775 3763/7773
f 3704/7600 3706/7607 3723/7665
f 3758/7760 3755/7746 3769/7783
f 3755/7747 3757/7757 3756/7753
f 3739/7708 3699/7581 3738/7704
f 3581/7399 3692/7561 3697/7577
f 3755/7748 3776/7795 3759/7764
f 3727/7678 3783/7808 3817/7874
f 3757/7759 3734/7696 3756/7754
f 3784/7809 3709/7618 3729/7681
f 3776/7795 3755/7749 3756/7755
f 3783/7808 3779/7801 3817/7874
f 3759/7765 3767/7781 3769/7784
f 3692/7562 3689/7550 3697/7577
f 3704/7601 3691/7558 3703/7593
f 3686/7542 3707/7608 3733/7693
f 3677/7525 3755/7750 3758/7761
f 3841/7918 3702/7591 3740/7713
f 3769/7784 3754/7743 3758/7762
f 3780/7803 3785/7813 3784/7809
f 3738/7703 3694/7567 3732/7688
f 3691/7556 3836/7908 3712/7627
f 3733/7694 3784/7810 3729/7682
f 3694/7569 3780/7804 3821/7883
f 3718/7653 3704/7602 3716/7643
f 3775/7794 3770/7785 3761/7770
f 3759/7765 3775/7794 3761/7770
f 3686/7541 3836/7908 3691/7557
f 3769/7783 3755/7751 3759/7764
f 3714/7633 3692/7561 3603/7430
f 3716/7644 3717/7648 3718/7651
f 3773/7791 3827/7892 3826/7890
f 3705/7605 3745/7726 3841/7917
f 3756/7756 3775/7794 3776/7796
f 3703/7596 3840/7916 3706/7606
f 3677/7526 3758/7763 3754/7744
f 3691/7558 3712/7627 3703/7594
f 3699/7582 3694/7568 3738/7704
f 3742/7719 3838/7912 3703/7594
f 3793/7829 3790/7822 3792/7826
f 3795/7833 3788/7818 3794/7830
f 3792/7827 3786/7814 3791/7824
f 3791/7825 3787/7817 3795/7832
f 3794/7831 3789/7821 3793/7828
f 3688/7549 3732/7689 3821/7883
f 3689/7550 3741/7718 3687/7546
f 3836/7908 3686/7542 3819/7881
f 3803/7849 3800/7842 3802/7846
f 3805/7853 3798/7838 3804/7850
f 3802/7847 3796/7834 3801/7844
f 3801/7845 3797/7837 3805/7852
f 3804/7851 3799/7841 3803/7848
f 3744/7722 3733/7694 3707/7608
f 3827/7893 3771/7787 3828/7894
f 3830/7898 3825/7888 3823/7886
f 3835/7906 3742/7719 3712/7627
f 3688/7549 3821/7883 3741/7718
f 3822/7884 3832/7901 3824/7887
f 3825/7888 3806/7854 3823/7886
f 3686/7542 3733/7693 3819/7881
f 3808/7857 3822/7884 3824/7887
f 3841/7919 3818/7879 3743/7720
f 3717/7650 3735/7698 3711/7625
f 3814/7867 3781/7805 3710/7620
f 3781/7805 3811/7862 3737/7702
f 3816/7872 3710/7622 3728/7679
f 3761/7770 3777/7797 3767/7781
f 3811/7863 3812/7864 3737/7701
f 3716/7645 3720/7658 3736/7699
f 3684/7538 3690/7554 3696/7571
f 3740/7715 3707/7610 3818/7876
f 3782/7806 3741/7718 3821/7883
f 3716/7646 3704/7597 3723/7666
f 3725/7669 3708/7613 3696/7572
f 3685/7540 3819/7881 3733/7693
f 3812/7865 3820/7882 3819/7881
f 3714/7632 3713/7629 3692/7559
f 3698/7578 3737/7702 3812/7864
f 3710/7620 3781/7805 3737/7702
f 3812/7864 3819/7881 3685/7540
f 3685/7539 3698/7579 3812/7864
f 3698/7580 3710/7620 3737/7702
f 3720/7659 3724/7667 3722/7664
f 3836/7908 3835/7907 3712/7626
f 3720/7659 3735/7698 3736/7700
f 3703/7594 3712/7627 3742/7719
f 3739/7709 3636/7473 3699/7584
f 3699/7584 3534/7335 3700/7585
f 3764/7776 3746/7728 3751/7738
f 3694/7569 3821/7883 3732/7689
f 3782/7806 3780/7804 3784/7809
f 3651/7495 3715/7637 3719/7656
f 3685/7540 3733/7693 3729/7682
f 3430/7185 3754/7744 3778/7798
f 3754/7744 3777/7797 3778/7798
f 3768/7782 3734/7697 3731/7687
f 3707/7611 3690/7555 3818/7877
f 3692/7560 3713/7629 3688/7548
s 0
f 3725/7670 3708/7614 3760/7767
s 1
f 3704/7598 3690/7551 3701/7586
f 3825/7889 3809/7859 3807/7855
f 3836/7909 3820/7882 3834/7904
s 0
f 3704/7599 3721/7661 3701/7587
s 1
f 3833/7903 3825/7889 3831/7899
s 0
f 3721/7661 3730/7685 3701/7587
f 3701/7587 3730/7685 3690/7552
f 3696/7573 3730/7685 3708/7614
f 3708/7614 3730/7685 3760/7767
s 1
f 3690/7554 3730/7685 3696/7573
s 0
f 3676/7523 3695/7570 3700/7585
f 3687/7546 3695/7570 3446/7211
f 3650/7491 3689/7550 3446/7211
f 3650/7491 3581/7400 3697/7576
s 1
f 3851/7952 3888/8029 3870/7997
f 3887/8028 3842/7921 3856/7967
f 3714/7636 3871/8001 3886/8027
f 3714/7635 3857/7970 3885/8026
f 3844/7928 3884/8025 3860/7977
f 3859/7974 3858/7972 3845/7931
f 3848/7942 3882/8023 3869/7994
f 3843/7924 3881/8022 3855/7964
f 3632/7468 3862/7980 3548/7353
f 3880/8019 3846/7936 3533/7331
f 3879/8017 3849/7947 3865/7987
f 3592/7414 3867/7990 3850/7950
f 3876/8013 3866/7989 3852/7956
f 3603/7432 3864/7985 3853/7961
f 3853/7960 3580/7395 3877/8015
f 3852/7957 3877/8015 3580/7395
f 3866/7988 3871/8000 3877/8015
f 3714/7634 3877/8015 3871/8000
f 3599/7425 3867/7991 3579/7394
f 3579/7394 3852/7958 3580/7396
f 3863/7982 3876/8013 3849/7946
f 3848/7943 3878/8016 3863/7982
f 3868/7992 3866/7989 3878/8016
f 3590/7411 3473/7255 3876/8014
f 3590/7411 3852/7959 3867/7990
f 3875/8012 3865/7987 3846/7935
f 3844/7929 3879/8018 3875/8010
f 3873/8007 3863/7983 3879/8017
f 3548/7354 3862/7981 3546/7350
f 3546/7350 3846/7937 3865/7986
f 3546/7350 3865/7986 3476/7259
f 3847/7939 3880/8019 3533/7331
f 3872/8002 3880/8019 3847/7940
f 3880/8020 3844/7929 3875/8010
f 3550/7356 3566/7373 3864/7984
f 3636/7475 3739/7709 3847/7941
f 3531/7329 3846/7938 3862/7980
f 3845/7932 3881/8022 3874/8008
f 3858/7971 3732/7690 3881/8021
f 3881/8021 3732/7691 3855/7965
f 3844/7930 3882/8023 3873/8005
f 3845/7933 3882/8023 3860/7976
f 3882/8023 3843/7925 3869/7994
f 3738/7705 3883/8024 3859/7974
f 3603/7430 3853/7961 3714/7633
f 3858/7972 3883/8024 3738/7707
f 3739/7710 3884/8025 3872/8003
f 3739/7712 3738/7706 3859/7975
f 3859/7975 3860/7977 3884/8025
f 3854/7963 3857/7970 3842/7920
f 3854/7963 3732/7690 3713/7631
f 3871/8001 3870/7999 3886/8027
f 3886/8027 3842/7922 3857/7969
f 3714/7634 3886/8027 3857/7969
f 3843/7926 3887/8028 3856/7967
f 3855/7966 3732/7690 3887/8028
f 3887/8028 3732/7691 3854/7962
f 3868/7993 3869/7995 3888/8029
f 3869/7996 3856/7968 3888/8030
f 3888/8030 3842/7923 3870/7998
f 3714/7635 3885/8026 3713/7630
f 3849/7948 3476/7259 3865/7986
f 3473/7255 3849/7949 3876/8014
f 3861/7979 3636/7475 3847/7941
f 3861/7978 3517/7307 3639/7479
f 3872/8002 3847/7940 3739/7711
f 3858/7972 3738/7707 3732/7692
f 3739/7712 3859/7975 3884/8025
f 3854/7963 3713/7631 3885/8026
f 3853/7960 3877/8015 3714/7636
f 3956/8165 3951/8156 3952/8157
f 3938/8129 3929/8112 3930/8113
f 3894/8041 3893/8040 3889/8031
f 3908/8069 3899/8052 3900/8053
f 3977/8207 3970/8193 3971/8195
f 3904/8062 3903/8060 3899/8051
f 3998/8249 3991/8235 3990/8233
f 3989/8232 3998/8250 3990/8234
f 3947/8147 3940/8133 3941/8135
f 3928/8109 3919/8092 3920/8093
f 3937/8127 3930/8114 3931/8115
f 3917/8087 3910/8074 3911/8075
f 3906/8065 3901/8056 3902/8057
f 3993/8239 3996/8246 3995/8243
f 3987/8227 3980/8214 3981/8215
f 3954/8161 3953/8160 3949/8151
f 3946/8145 3941/8136 3942/8137
f 3957/8168 3950/8153 3951/8155
f 3925/8103 3922/8098 3923/8099
f 3907/8068 3900/8054 3901/8055
f 3992/8238 3997/8248 3996/8245
f 4007/8267 4000/8254 4001/8255
f 4008/8270 3999/8252 4000/8253
f 3924/8102 3923/8100 3919/8091
f 3927/8107 3920/8094 3921/8095
f 3966/8185 3961/8175 3962/8177
f 3914/8081 3913/8080 3909/8071
f 3916/8085 3911/8076 3912/8077
f 3960/8174 3967/8188 3968/8189
f 3955/8164 3952/8158 3953/8159
f 3936/8125 3931/8116 3932/8117
f 3898/8049 3889/8032 3890/8033
f 3897/8047 3890/8034 3891/8035
f 3926/8106 3921/8096 3922/8097
f 3950/8154 3954/8162 3949/8152
f 3944/8141 3940/8134 3948/8149
f 3945/8143 3942/8138 3943/8139
f 3896/8045 3891/8036 3892/8037
f 3935/8123 3932/8118 3933/8119
f 3986/8225 3981/8216 3982/8217
f 3965/8183 3962/8178 3963/8179
f 3964/8181 3963/8180 3959/8171
f 3915/8084 3912/8078 3913/8079
f 3974/8201 3970/8194 3978/8209
f 3976/8205 3971/8196 3972/8197
f 3975/8203 3972/8198 3973/8199
f 3974/8202 3973/8200 3969/8191
f 3905/8064 3902/8058 3903/8059
f 3988/8230 3979/8212 3980/8213
f 3985/8223 3982/8218 3983/8219
f 3984/8222 3983/8220 3979/8211
f 3895/8044 3892/8038 3893/8039
f 3944/8142 3943/8140 3939/8131
f 3934/8122 3933/8120 3929/8111
f 4006/8265 4001/8256 4002/8257
f 4005/8263 4002/8258 4003/8259
f 4004/8262 4003/8260 3999/8251
f 3993/8240 3994/8242 3989/8231
f 3968/8190 3959/8172 3960/8173
f 3918/8090 3909/8072 3910/8073
s 0
f 4014/8276 4010/8272 4013/8275
f 4009/8271 4014/8276 4016/8278
f 4018/8280 4014/8276 4017/8279
f 4017/8279 4013/8275 4019/8281
f 4021/8283 4019/8281 4023/8285
f 4022/8284 4017/8279 4021/8283
f 4019/8281 4015/8277 4020/8282
f 4013/8275 4012/8274 4015/8277
f 4010/8272 4024/8286 4012/8274
f 4011/8273 4023/8285 4010/8272
f 4011/8273 4022/8284 4021/8283
f 4022/8284 4012/8274 4024/8286
f 4016/8278 4012/8274 4009/8271
f 4018/8280 4015/8277 4016/8278
f 4022/8284 4020/8282 4018/8280
s 1
f 4042/8322 4039/8315 4041/8319
f 4041/8320 4035/8307 4040/8317
f 4044/8326 4037/8311 4043/8323
f 4040/8318 4036/8310 4044/8325
f 4043/8324 4038/8314 4042/8321
f 4027/8292 4030/8297 4028/8293
f 4028/8294 4034/8305 4029/8295
f 4025/8288 4032/8301 4026/8289
f 4029/8296 4033/8304 4025/8287
f 4026/8290 4031/8300 4027/8291
f 4052/8342 4049/8335 4051/8339
f 4051/8340 4045/8327 4050/8337
f 4054/8346 4047/8331 4053/8343
f 4050/8338 4046/8330 4054/8345
f 4053/8344 4048/8334 4052/8341
f 4065/8368 4072/8381 4066/8369
f 4069/8376 4073/8384 4065/8367
f 4066/8370 4071/8379 4067/8371
f 4068/8374 4074/8386 4069/8375
f 4067/8372 4070/8378 4068/8373
f 4056/8350 4061/8359 4057/8351
f 4059/8356 4063/8363 4055/8347
f 4055/8348 4062/8362 4056/8349
f 4058/8354 4064/8366 4059/8355
f 4057/8352 4060/8358 4058/8353
f 4092/8422 4089/8415 4091/8419
f 4091/8420 4085/8407 4090/8417
f 4094/8426 4087/8411 4093/8423
f 4090/8418 4086/8410 4094/8425
f 4093/8424 4088/8414 4092/8421
f 4077/8392 4080/8397 4078/8393
f 4078/8394 4084/8405 4079/8395
f 4075/8388 4082/8401 4076/8389
f 4079/8396 4083/8404 4075/8387
f 4076/8390 4081/8400 4077/8391
f 4102/8442 4099/8435 4101/8439
f 4101/8440 4095/8427 4100/8437
f 4104/8446 4097/8431 4103/8443
f 4100/8438 4096/8430 4104/8445
f 4103/8444 4098/8434 4102/8441
f 4115/8468 4122/8481 4116/8469
f 4119/8476 4123/8484 4115/8467
f 4116/8470 4121/8479 4117/8471
f 4118/8474 4124/8486 4119/8475
f 4117/8472 4120/8478 4118/8473
f 4106/8450 4111/8459 4107/8451
f 4109/8455 4113/8463 4105/8447
f 4105/8448 4112/8462 4106/8449
f 4109/8456 4110/8458 4114/8465
f 4108/8454 4111/8460 4110/8457
f 4142/8522 4139/8515 4141/8519
f 4141/8520 4135/8507 4140/8517
f 4144/8526 4137/8511 4143/8523
f 4140/8518 4136/8510 4144/8525
f 4143/8524 4138/8514 4142/8521
f 4127/8492 4130/8497 4128/8493
f 4128/8494 4134/8505 4129/8495
f 4125/8488 4132/8501 4126/8489
f 4129/8496 4133/8504 4125/8487
f 4126/8490 4131/8500 4127/8491
f 4152/8542 4149/8535 4151/8539
f 4151/8540 4145/8527 4150/8537
f 4154/8546 4147/8531 4153/8543
f 4150/8538 4146/8530 4154/8545
f 4153/8544 4148/8534 4152/8541
f 4165/8568 4172/8581 4166/8569
f 4169/8576 4173/8584 4165/8567
f 4166/8570 4171/8579 4167/8571
f 4168/8574 4174/8586 4169/8575
f 4167/8572 4170/8578 4168/8573
f 4156/8550 4161/8559 4157/8551
f 4159/8555 4163/8563 4155/8547
f 4155/8548 4162/8562 4156/8549
f 4159/8556 4160/8557 4164/8565
f 4157/8552 4160/8558 4158/8553
f 4192/8622 4189/8615 4191/8619
f 4191/8620 4185/8607 4190/8617
f 4194/8626 4187/8611 4193/8623
f 4190/8618 4186/8610 4194/8625
f 4193/8624 4188/8614 4192/8621
f 4177/8592 4180/8597 4178/8593
f 4178/8594 4184/8605 4179/8595
f 4175/8588 4182/8601 4176/8589
f 4179/8596 4183/8604 4175/8587
f 4176/8590 4181/8600 4177/8591
f 4202/8642 4199/8635 4201/8639
f 4201/8640 4195/8627 4200/8637
f 4204/8646 4197/8631 4203/8643
f 4200/8638 4196/8630 4204/8645
f 4203/8644 4198/8634 4202/8641
f 4215/8668 4222/8681 4216/8669
f 4219/8676 4223/8684 4215/8667
f 4216/8670 4221/8679 4217/8671
f 4218/8674 4224/8686 4219/8675
f 4217/8672 4220/8678 4218/8673
f 4206/8650 4211/8659 4207/8651
f 4209/8656 4213/8663 4205/8647
f 4205/8648 4212/8662 4206/8649
f 4208/8654 4214/8666 4209/8655
f 4207/8652 4210/8658 4208/8653
f 4232/8702 4229/8695 4231/8699
f 4231/8700 4225/8687 4230/8697
f 4234/8706 4227/8691 4233/8703
f 4230/8698 4226/8690 4234/8705
f 4233/8704 4228/8694 4232/8701
f 4242/8722 4239/8715 4241/8719
f 4241/8720 4235/8707 4240/8717
f 4244/8725 4237/8711 4243/8723
f 4244/8726 4235/8708 4236/8709
f 4243/8724 4238/8714 4242/8721
f 4252/8741 4249/8735 4251/8739
f 4251/8740 4245/8727 4250/8737
f 4254/8746 4247/8731 4253/8743
f 4250/8738 4246/8730 4254/8745
f 4252/8742 4247/8732 4248/8733
f 4261/8759 4258/8753 4259/8755
f 4261/8760 4255/8747 4260/8757
f 4264/8766 4257/8751 4263/8763
f 4260/8758 4256/8750 4264/8765
f 4263/8764 4258/8754 4262/8761
f 4272/8782 4269/8775 4271/8779
f 4271/8780 4265/8767 4270/8777
f 4274/8786 4267/8771 4273/8783
f 4270/8778 4266/8770 4274/8785
f 4273/8784 4268/8774 4272/8781
f 4282/8802 4279/8795 4281/8799
f 4281/8800 4275/8787 4280/8797
f 4284/8806 4277/8791 4283/8803
f 4280/8798 4276/8790 4284/8805
f 4283/8804 4278/8794 4282/8801
f 4292/8822 4289/8815 4291/8819
f 4291/8820 4285/8807 4290/8817
f 4294/8826 4287/8811 4293/8823
f 4290/8818 4286/8810 4294/8825
f 4293/8824 4288/8814 4292/8821
f 4302/8842 4299/8835 4301/8839
f 4301/8840 4295/8827 4300/8837
f 4304/8846 4297/8831 4303/8843
f 4300/8838 4296/8830 4304/8845
f 4303/8844 4298/8834 4302/8841
s 0
f 4019/8281 4024/8286 4023/8285
f 4313/8855 4310/8852 4314/8856
f 4316/8858 4309/8851 4313/8855
f 4316/8858 4308/8850 4305/8847
f 4313/8855 4306/8848 4308/8850
f 4319/8861 4306/8848 4318/8860
f 4319/8861 4305/8847 4308/8850
f 4309/8851 4318/8860 4310/8852
f 4309/8851 4317/8859 4319/8861
f 4311/8853 4318/8860 4320/8862
f 4314/8856 4311/8853 4315/8857
f 4315/8857 4306/8848 4314/8856
f 4307/8849 4318/8860 4306/8848
f 4316/8858 4311/8853 4312/8854
f 4312/8854 4320/8862 4317/8859
f 4305/8847 4320/8862 4307/8849
f 4305/8847 4315/8857 4316/8858
s 1
f 4330/8882 4323/8867 4329/8879
f 4329/8880 4324/8869 4328/8877
f 4328/8878 4325/8871 4327/8875
f 4327/8876 4321/8863 4326/8873
f 4338/8898 4335/8891 4337/8895
f 4340/8902 4333/8887 4339/8899
f 4337/8896 4331/8883 4336/8893
f 4336/8894 4332/8886 4340/8901
f 4339/8900 4334/8890 4338/8897
f 4326/8874 4322/8866 4330/8881
f 4357/8936 4351/8923 4356/8933
f 4346/8914 4342/8905 4350/8921
f 4350/8922 4343/8907 4349/8919
f 4349/8920 4344/8909 4348/8917
f 4348/8918 4345/8911 4347/8915
f 4347/8916 4341/8904 4346/8913
f 4356/8934 4352/8925 4360/8941
f 4360/8942 4353/8927 4359/8939
f 4359/8940 4354/8929 4358/8937
f 4358/8938 4355/8932 4357/8935
f 4361/8943 4367/8949 4364/8946
f 4364/8946 4362/8944 4361/8943
f 4363/8945 4366/8948 4362/8944
f 4364/8946 4365/8947 4363/8945
f 4362/8944 4368/8950 4361/8943
f 4435/9084 4429/9071 4434/9081
f 4388/8990 4381/8975 4387/8987
f 4416/9046 4413/9039 4415/9043
f 4415/9044 4409/9031 4414/9041
f 4404/9022 4400/9013 4408/9029
f 4396/9006 4393/8999 4395/9003
f 4425/9064 4419/9051 4424/9061
f 4394/9002 4390/8993 4398/9009
f 4395/9004 4389/8992 4394/9001
f 4386/8986 4383/8979 4385/8983
f 4375/8964 4369/8951 4374/8961
f 4384/8982 4380/8974 4388/8989
f 4398/9010 4391/8995 4397/9007
f 4438/9090 4431/9075 4437/9087
f 4419/9052 4428/9069 4424/9062
f 4376/8966 4373/8960 4375/8963
f 4428/9070 4421/9055 4427/9067
f 4434/9082 4430/9074 4438/9089
f 4436/9086 4433/9080 4435/9083
f 4406/9026 4403/9019 4405/9023
f 4408/9030 4401/9015 4407/9027
f 4374/8962 4370/8953 4378/8969
f 4427/9068 4422/9057 4426/9065
f 4417/9048 4412/9038 4416/9045
f 4414/9042 4410/9033 4418/9049
f 4418/9050 4411/9036 4417/9047
f 4378/8970 4371/8955 4377/8967
f 4405/9024 4399/9012 4404/9021
f 4437/9088 4432/9078 4436/9085
f 4448/9110 4441/9095 4447/9107
f 4445/9104 4439/9091 4444/9101
f 4446/9106 4443/9100 4445/9103
f 4444/9102 4440/9094 4448/9109
f 4447/9108 4442/9098 4446/9105
f 4407/9028 4402/9018 4406/9025
f 4426/9066 4423/9060 4425/9063
f 4397/9008 4392/8998 4396/9005
f 4387/8988 4382/8978 4386/8985
f 4377/8968 4372/8958 4376/8965
f 4385/8984 4379/8972 4384/8981
f 4467/9148 4462/9137 4466/9145
f 4464/9141 4460/9133 4468/9149
f 4468/9150 4461/9136 4467/9147
f 4469/9152 4476/9165 4470/9153
f 4473/9160 4477/9168 4469/9151
f 4470/9154 4475/9163 4471/9155
f 4472/9158 4478/9170 4473/9159
f 4471/9156 4474/9162 4472/9157
f 4464/9142 4463/9139 4459/9131
f 4466/9146 4463/9140 4465/9143
f 4450/9114 4455/9123 4451/9115
f 4453/9120 4457/9127 4449/9111
f 4449/9112 4456/9126 4450/9113
f 4452/9118 4458/9130 4453/9119
f 4451/9116 4454/9122 4452/9117
f 4480/9174 4485/9183 4481/9175
f 4483/9180 4487/9187 4479/9171
f 4479/9172 4486/9186 4480/9173
f 4482/9178 4488/9190 4483/9179
f 4481/9176 4484/9182 4482/9177
f 4490/9194 4495/9203 4491/9195
f 4493/9199 4497/9207 4489/9191
f 4489/9192 4496/9206 4490/9193
f 4493/9200 4494/9201 4498/9209
f 4491/9196 4494/9202 4492/9197
f 4517/9248 4512/9237 4516/9245
f 4514/9242 4510/9233 4518/9249
f 4518/9250 4511/9236 4517/9247
f 4519/9252 4526/9265 4520/9253
f 4523/9259 4527/9268 4519/9251
f 4520/9254 4525/9263 4521/9255
f 4523/9260 4524/9261 4528/9269
f 4521/9256 4524/9262 4522/9257
f 4515/9244 4509/9232 4514/9241
f 4516/9246 4513/9240 4515/9243
f 4500/9214 4505/9223 4501/9215
f 4503/9220 4507/9227 4499/9211
f 4499/9212 4506/9226 4500/9213
f 4502/9218 4508/9230 4503/9219
f 4501/9216 4504/9222 4502/9217
f 4530/9274 4535/9283 4531/9275
f 4533/9279 4537/9287 4529/9271
f 4529/9272 4536/9286 4530/9273
f 4533/9280 4534/9281 4538/9289
f 4531/9276 4534/9282 4532/9277
f 4540/9294 4545/9303 4541/9295
f 4543/9300 4547/9307 4539/9291
f 4539/9292 4546/9306 4540/9293
f 4542/9298 4548/9310 4543/9299
f 4541/9296 4544/9302 4542/9297
f 4567/9348 4562/9337 4566/9345
f 4564/9342 4560/9333 4568/9349
f 4568/9350 4561/9336 4567/9347
f 4569/9352 4576/9365 4570/9353
f 4573/9360 4577/9368 4569/9351
f 4570/9354 4575/9363 4571/9355
f 4572/9358 4578/9370 4573/9359
f 4571/9356 4574/9362 4572/9357
f 4565/9344 4559/9332 4564/9341
f 4566/9346 4563/9340 4565/9343
f 4550/9314 4555/9323 4551/9315
f 4553/9320 4557/9327 4549/9311
f 4549/9312 4556/9326 4550/9313
f 4552/9318 4558/9330 4553/9319
f 4551/9316 4554/9322 4552/9317
f 4580/9374 4585/9383 4581/9375
f 4583/9380 4587/9387 4579/9371
f 4579/9372 4586/9386 4580/9373
f 4582/9378 4588/9390 4583/9379
f 4581/9376 4584/9382 4582/9377
f 4590/9394 4595/9403 4591/9395
f 4593/9400 4597/9407 4589/9391
f 4589/9392 4596/9406 4590/9393
f 4592/9398 4598/9410 4593/9399
f 4591/9396 4594/9402 4592/9397
f 4617/9448 4612/9437 4616/9445
f 4614/9442 4610/9433 4618/9449
f 4618/9450 4611/9436 4617/9447
f 4619/9452 4626/9465 4620/9453
f 4623/9460 4627/9468 4619/9451
f 4620/9454 4625/9463 4621/9455
f 4622/9458 4628/9470 4623/9459
f 4621/9456 4624/9462 4622/9457
f 4615/9444 4609/9432 4614/9441
f 4616/9446 4613/9440 4615/9443
f 4600/9414 4605/9423 4601/9415
f 4603/9420 4607/9427 4599/9411
f 4599/9412 4606/9426 4600/9413
f 4602/9418 4608/9430 4603/9419
f 4601/9416 4604/9422 4602/9417
f 4630/9474 4635/9483 4631/9475
f 4633/9480 4637/9487 4629/9471
f 4629/9472 4636/9486 4630/9473
f 4632/9478 4638/9490 4633/9479
f 4631/9476 4634/9482 4632/9477
f 4640/9494 4645/9503 4641/9495
f 4643/9500 4647/9507 4639/9491
f 4639/9492 4646/9506 4640/9493
f 4642/9498 4648/9510 4643/9499
f 4641/9496 4644/9502 4642/9497
f 45/69 18/36 17/34
f 41/65 17/34 15/30
f 42/66 16/32 13/26
f 43/67 15/30 16/32
f 48/72 19/38 20/40
f 48/72 47/71 22/44
f 23/46 21/42 44/68
f 24/48 23/46 46/70
f 47/71 44/68 21/42
f 37/61 14/28 24/48
f 37/61 39/63 13/26
f 12/24 18/36 45/69
f 28/52 30/54 3/6
f 4/8 3/6 30/54
f 32/56 28/52 5/10
f 35/59 7/14 9/18
f 33/57 10/20 11/22
f 31/55 8/16 10/20
f 1/2 4/8 29/53
f 20/40 7/14 35/59
f 34/58 9/18 8/16
f 25/49 2/4 1/2
f 25/49 27/51 11/22
f 32/56 6/12 12/24
s 0
f 53/84 52/83 50/81
f 160/367 161/369 159/365
f 106/223 165/376 105/222
f 99/206 190/440 55/88
f 110/234 75/147 235/562
f 234/560 141/323 109/231
f 230/550 241/577 229/545
f 153/353 224/529 108/228
f 114/243 177/405 179/410
f 185/424 184/422 183/420
f 62/110 192/443 193/445
f 190/441 101/212 194/448
f 194/448 66/121 102/214
f 177/406 192/443 61/104
f 202/476 201/474 98/204
f 188/435 198/463 186/426
f 203/477 204/479 184/422
f 207/490 181/416 210/497
f 207/491 175/403 66/122
f 68/127 104/220 119/257
f 122/264 174/401 159/366
f 87/176 161/369 217/512
f 217/512 218/515 120/260
f 165/377 87/177 164/375
f 106/223 219/517 166/379
f 220/520 85/173 107/226
f 70/134 158/363 157/360
f 229/546 223/528 108/228
f 108/228 154/355 124/269
f 150/348 151/350 145/336
f 230/551 227/540 226/534
f 75/148 112/239 59/97
f 82/164 233/557 225/531
f 140/322 141/324 76/152
f 79/159 135/307 80/160
f 238/570 60/101 237/567
f 131/294 132/298 129/290
f 128/288 131/294 130/292
f 65/119 246/588 210/498
f 188/436 187/431 101/213
s 1
f 264/608 262/606 315/677
f 268/612 303/663 250/593
f 257/600 310/671 272/616
f 265/609 318/681 277/621
f 252/595 305/665 270/614
f 303/663 306/666 253/596
f 266/610 277/621 314/676
f 279/624 255/598 271/615
f 278/622 411/841 318/681
f 260/604 273/617 311/672
f 306/666 307/667 254/597
f 314/676 315/677 262/606
f 247/589 267/611 268/612
f 254/597 307/667 305/665
f 263/607 274/618 273/617
f 247/589 249/591 269/613
f 309/670 271/615 255/598
f 264/608 275/619 274/618
f 270/614 309/670 256/599
f 257/600 258/601 311/672
f 283/632 280/626 287/639
f 251/594 283/631 289/641
f 290/642 292/646 291/644
f 289/641 283/631 286/638
f 290/643 285/636 289/641
f 249/592 291/645 292/647
f 287/639 280/626 282/629
f 283/632 251/594 256/599
f 279/624 280/626 283/632
f 294/650 282/630 299/657
f 299/657 281/627 296/652
f 282/630 280/626 278/622
f 266/610 261/605 282/630
f 262/606 299/658 282/630
f 257/600 259/603 284/634
f 260/604 281/627 299/658
f 264/608 263/607 299/658
f 297/654 296/653 281/628
f 284/633 281/628 260/604
f 297/655 284/634 259/603
f 254/597 252/595 289/641
f 289/641 285/636 250/593
f 250/593 285/636 291/644
f 247/589 248/590 291/645
f 328/694 325/689 270/614
f 309/670 270/614 325/690
f 325/690 322/685 406/830
f 411/841 322/685 324/688
f 324/688 314/676 277/621
f 314/676 324/688 330/697
f 310/671 311/672 326/691
f 330/697 323/686 273/617
f 275/619 315/677 330/697
f 273/617 323/687 326/692
f 328/694 305/665 307/667
f 303/663 327/693 328/694
f 303/663 268/612 329/695
f 267/611 302/662 329/696
f 308/668 320/683 312/673
f 300/659 304/664 327/693
f 316/678 276/620 330/697
f 325/690 313/675 319/682
f 304/664 301/661 328/694
f 323/687 317/680 308/669
f 302/662 321/684 300/660
f 330/697 276/620 317/679
f 328/694 301/661 313/674
f 319/682 316/678 324/688
f 337/707 331/698 276/620
f 334/702 333/701 301/661
f 335/704 340/712 320/683
f 339/710 337/707 316/678
f 276/620 331/698 338/709
f 333/701 336/706 313/674
f 321/684 341/713 332/699
f 313/675 336/705 339/710
f 332/700 334/702 304/664
f 317/680 338/708 335/703
f 333/701 334/702 332/700
f 335/704 338/709 331/698
f 344/717 345/718 343/716
f 342/715 346/721 347/723
f 331/698 337/707 342/715
f 333/701 341/714 343/716
f 351/729 342/715 337/707
f 343/716 345/718 352/730
f 352/730 346/721 342/715
f 351/729 339/710 336/706
f 397/814 396/811 372/768
f 373/770 356/740 397/813
f 399/817 412/844 397/813
f 367/758 368/759 361/747
f 362/748 361/747 359/745
f 358/743 357/742 360/746
f 357/741 358/744 374/775
f 369/760 370/765 365/753
f 353/731 365/754 363/750
f 389/795 365/755 371/766
f 378/780 376/777 375/776
f 376/777 378/780 364/752
f 377/779 375/776 366/757
f 372/769 396/812 395/810
f 410/838 372/769 371/767
f 369/761 409/836 410/839
f 380/783 386/790 385/789
f 386/790 384/788 383/787
f 382/785 383/787 384/788
f 388/794 382/786 379/782
f 387/791 390/797 354/734
f 390/798 392/804 393/805
f 389/795 395/809 394/807
f 414/850 415/853 393/806
f 395/810 396/812 398/815
f 394/808 398/815 414/851
f 397/814 412/845 398/816
f 400/822 404/827 402/825
f 391/800 401/823 403/826
f 401/823 402/825 404/827
f 405/828 411/842 399/818
f 373/771 406/831 405/828
f 373/772 355/737 408/835
f 373/773 407/832 279/625
f 355/738 410/840 409/837
f 399/819 411/843 278/623
f 387/792 403/826 377/779
f 415/854 414/852 412/846
f 416/856 412/847 399/820
f 391/800 366/757 375/776
f 391/800 354/734 353/731
s 0
f 427/867 419/859 417/857
f 429/869 418/858 419/859
f 430/870 426/866 418/858
s 1
f 379/782 384/788 421/861
f 421/861 404/827 400/822
f 404/827 421/861 428/868
s 0
f 430/870 429/869 422/862
f 429/869 427/867 423/863
f 427/867 428/868 421/861
s 1
f 386/790 380/783 424/864
f 424/864 421/861 384/788
f 428/868 417/857 378/780
f 357/742 364/752 378/780
f 378/780 417/857 360/746
f 362/748 360/746 417/857
f 417/857 420/860 367/758
f 436/877 437/879 383/787
f 359/745 432/873 431/872
f 441/884 445/889 439/882
f 435/876 434/875 375/776
f 402/824 436/878 382/786
f 434/875 439/882 401/823
f 358/744 431/871 376/778
f 439/882 440/883 402/825
f 431/871 438/880 442/885
f 445/889 446/890 440/883
f 443/886 444/888 437/879
f 433/874 438/881 431/872
f 446/890 443/887 436/878
f 442/885 441/884 434/875
f 408/835 416/856 413/849
f 278/623 279/625 407/833
f 353/732 408/834 409/837
f 416/856 408/835 353/732
f 354/734 393/806 415/854
f 456/910 448/893 447/891
f 455/908 449/895 448/894
f 453/904 451/899 450/897
f 454/906 450/898 449/896
f 452/902 447/892 451/900
f 465/928 459/915 458/913
f 466/930 458/914 457/911
f 464/926 460/917 459/916
f 463/924 461/919 460/918
f 462/922 457/912 461/920
f 468/933 469/935 475/948
f 471/939 467/931 472/942
f 469/936 470/937 474/946
f 470/938 471/940 473/944
f 467/932 468/934 476/950
f 480/957 481/959 483/964
f 481/960 477/951 482/962
f 479/955 480/958 484/966
f 477/952 478/953 486/970
f 478/954 479/956 485/968
f 488/973 489/975 495/988
f 487/971 488/974 496/990
f 489/976 490/977 494/986
f 490/978 491/979 493/984
f 491/980 487/972 492/982
f 497/991 498/993 506/1010
f 498/994 499/995 505/1008
f 499/996 500/997 504/1006
f 501/999 497/992 502/1002
f 500/998 501/1000 503/1004
f 508/1013 509/1015 515/1028
f 511/1019 507/1011 512/1022
f 509/1016 510/1017 514/1026
f 510/1018 511/1020 513/1024
f 507/1012 508/1014 516/1030
f 521/1039 517/1031 522/1042
f 520/1037 521/1040 523/1044
f 518/1033 519/1035 525/1048
f 519/1036 520/1038 524/1046
f 517/1032 518/1034 526/1050
f 529/1055 530/1057 534/1066
f 528/1053 529/1056 535/1068
f 527/1051 528/1054 536/1070
f 530/1058 531/1059 533/1064
f 531/1060 527/1052 532/1062
f 538/1073 539/1075 545/1088
f 541/1079 537/1071 542/1082
f 539/1076 540/1077 544/1086
f 540/1078 541/1080 543/1084
f 537/1072 538/1074 546/1090
f 551/1099 547/1091 552/1102
f 548/1093 549/1095 555/1108
f 549/1096 550/1097 554/1106
f 550/1098 551/1100 553/1104
f 547/1092 548/1094 556/1110
f 558/1113 559/1115 565/1128
f 560/1117 561/1119 563/1124
f 559/1116 560/1118 564/1126
f 557/1111 558/1114 566/1130
f 561/1120 557/1112 562/1122
f 568/1133 569/1135 575/1148
f 567/1131 568/1134 576/1150
f 569/1136 570/1137 574/1146
f 570/1138 571/1139 573/1144
f 571/1140 567/1132 572/1142
f 582/1162 577/1151 581/1159
f 583/1164 581/1160 580/1157
f 586/1170 578/1153 577/1152
f 584/1166 580/1158 579/1155
f 585/1168 579/1156 578/1154
f 593/1184 591/1179 590/1177
f 592/1182 587/1171 591/1180
f 594/1186 590/1178 589/1175
f 595/1188 589/1176 588/1173
f 596/1190 588/1174 587/1172
f 606/1210 598/1193 597/1191
f 604/1206 600/1197 599/1195
f 605/1208 599/1196 598/1194
f 603/1204 601/1199 600/1198
f 602/1202 597/1192 601/1200
f 614/1226 610/1217 609/1215
f 616/1230 608/1213 607/1211
f 613/1224 611/1219 610/1218
f 615/1228 609/1216 608/1214
f 612/1222 607/1212 611/1220
f 623/1244 621/1239 620/1237
f 625/1248 619/1235 618/1233
f 626/1250 618/1234 617/1231
f 624/1246 620/1238 619/1236
f 622/1242 617/1232 621/1240
f 636/1270 628/1253 627/1251
f 635/1268 629/1255 628/1254
f 633/1264 631/1259 630/1257
f 634/1266 630/1258 629/1256
f 632/1262 627/1252 631/1260
f 644/1286 640/1277 639/1275
f 643/1284 641/1279 640/1278
f 645/1288 639/1276 638/1273
f 646/1290 638/1274 637/1271
f 642/1282 637/1272 641/1280
f 652/1302 647/1291 651/1299
f 655/1308 649/1295 648/1293
f 653/1304 651/1300 650/1297
f 654/1306 650/1298 649/1296
f 656/1310 648/1294 647/1292
f 662/1322 657/1311 661/1319
f 665/1328 659/1315 658/1313
f 663/1324 661/1320 660/1317
f 664/1326 660/1318 659/1316
f 666/1330 658/1314 657/1312
f 673/1343 674/1345 670/1338
f 669/1335 675/1347 676/1349
f 674/1346 675/1348 669/1336
f 676/1350 672/1341 667/1332
f 672/1342 673/1344 671/1340
f 677/1352 682/1361 686/1369
f 680/1358 684/1365 683/1363
f 681/1360 683/1364 682/1362
f 679/1355 685/1367 684/1366
f 686/1370 685/1368 679/1356
f 693/1379 689/1374 690/1376
f 687/1371 688/1372 694/1382
f 708/1404 702/1394 701/1393
f 707/1401 706/1400 704/1398
f 709/1405 712/1410 705/1399
f 711/1408 713/1411 714/1413
f 707/1402 703/1397 702/1395
f 695/1383 698/1388 700/1391
f 688/1373 689/1375 693/1380
f 700/1392 699/1389 697/1386
f 697/1387 699/1390 692/1378
f 714/1414 712/1410 709/1405
f 706/1400 713/1412 711/1409
f 691/1377 698/1388 695/1383
f 721/1423 717/1418 718/1420
f 715/1415 716/1416 722/1426
f 723/1427 726/1432 728/1435
f 716/1417 717/1419 721/1424
f 728/1436 727/1433 725/1430
f 725/1431 727/1434 720/1422
f 719/1421 726/1432 723/1427
f 735/1445 734/1444 732/1442
f 742/1457 740/1454 737/1449
f 737/1449 740/1454 733/1443
f 736/1448 730/1438 729/1437
f 734/1444 741/1455 739/1452
f 739/1453 741/1456 742/1458
f 735/1446 731/1441 730/1439
f 750/1470 744/1460 743/1459
f 749/1467 748/1466 746/1464
f 756/1479 754/1476 751/1471
f 748/1466 755/1477 753/1474
f 751/1471 754/1476 747/1465
f 749/1468 745/1463 744/1461
f 753/1475 755/1478 756/1480
f 757/1481 758/1482 764/1492
f 763/1489 759/1484 760/1486
f 765/1493 768/1498 770/1501
f 767/1496 769/1499 762/1488
f 761/1487 768/1498 765/1493
f 758/1483 759/1485 763/1490
f 770/1502 769/1500 767/1497
f 804/1557 806/1562 786/1523
f 811/1578 796/1538 775/1509
f 815/1590 803/1554 782/1517
f 796/1538 795/1536 774/1508
f 795/1536 810/1574 771/1504
f 801/1550 815/1591 785/1522
f 819/1601 811/1579 792/1531
f 806/1562 805/1560 787/1524
f 808/1567 807/1564 791/1529
f 802/1552 804/1558 784/1520
f 807/1564 819/1601 794/1534
f 816/1594 818/1599 790/1528
f 810/1575 812/1581 772/1505
f 800/1548 801/1550 781/1516
f 798/1543 800/1548 780/1515
f 813/1584 814/1587 777/1511
f 812/1581 797/1540 776/1510
f 814/1587 799/1546 778/1512
f 803/1554 802/1552 783/1518
f 818/1599 817/1597 788/1525
f 805/1560 816/1595 789/1527
f 797/1540 813/1585 773/1507
f 817/1597 808/1568 793/1533
f 799/1546 798/1544 779/1514
f 930/1922 1128/2243 928/1918
f 838/1666 929/1920 1127/2242
f 963/1987 1126/2241 927/1916
f 931/1923 1125/2240 936/1933
f 926/1914 1124/2238 900/1862
f 826/1620 901/1864 1123/2237
f 954/1972 1122/2235 935/1930
f 1121/2234 940/1943 831/1640
f 830/1637 934/1928 1120/2233
f 939/1940 1119/2231 938/1938
f 905/1873 1118/2230 903/1868
f 941/1944 1117/2229 917/1898
f 1116/2228 988/2042 833/1646
f 1115/2227 986/2039 867/1774
f 973/2010 1114/2226 985/2036
f 1654/3507 956/1978 1113/2225
f 837/1662 910/1883 1112/2224
f 1697/3611 908/1879 1111/2223
f 841/1677 909/1881 1110/2222
f 1698/3613 912/1887 1109/2221
f 842/1681 945/1955 1108/2220
f 1107/2219 959/1982 1132/2254
f 1106/2218 948/1961 843/1686
f 844/1688 947/1959 1105/2217
f 847/1701 916/1895 1104/2216
f 950/1965 1103/2215 1145/2298
f 961/1984 1102/2214 962/1985
f 923/1910 1101/2213 920/1904
f 921/1906 1100/2211 944/1953
f 922/1908 1099/2210 919/1901
f 942/1946 1098/2209 955/1974
f 952/1968 1097/2208 979/2023
f 828/1627 975/2015 1094/2204
f 829/1632 981/2028 1093/2202
f 1092/2201 976/2017 832/1643
f 861/1753 968/1998 1091/2200
f 982/2030 1090/2199 978/2021
f 965/1991 1089/2198 970/2002
f 914/1891 1088/2197 984/2034
f 989/2044 1087/2196 994/2054
f 995/2056 1086/2195 992/2050
f 987/2040 1085/2194 991/2048
f 993/2052 1084/2193 951/1967
f 1045/2137 1083/2192 983/2032
f 1003/2069 1082/2191 918/1899
f 851/1714 998/2061 1081/2190
f 999/2063 1080/2189 924/1911
f 873/1791 1042/2132 1079/2188
f 874/1793 1006/2072 1078/2187
f 1007/2074 1077/2186 1150/2308
f 878/1807 1015/2090 1076/2185
f 1149/2307 1075/2184 1014/2087
f 876/1799 1644/3473 1074/2183
f 2134/4561 1073/2182 1012/2083
f 1008/2076 1072/2181 1005/2071
f 1017/2092 1071/2180 1004/2070
f 1030/2114 1070/2179 1021/2100
f 1023/2103 1069/2178 1026/2108
f 890/1840 1029/2112 1068/2177
f 888/1836 1022/2101 1067/2176
f 1028/2111 1066/2175 1027/2109
f 1035/2122 1065/2174 1037/2126
f 1038/2127 1064/2173 1036/2123
f 892/1844 1033/2119 1063/2172
f 899/1859 1032/2118 1062/2171
f 882/1816 1013/2085 1061/2170
f 894/1849 1040/2129 1060/2169
f 869/1782 1044/2136 1059/2168
f 1144/2297 1148/2304 1058/2167
f 1512/3198 1506/3189 1057/2163
f 1512/3198 1501/3178 1054/2154
f 1002/2067 1501/3179 1512/3199
f 898/1858 1511/3196 1505/3188
f 1511/3197 1498/3174 1053/2152
f 1054/2155 1498/3174 1511/3197
f 1503/3182 1510/3195 1499/3175
f 1497/3173 1051/2146 1499/3175
f 1053/2153 1497/3173 1510/3195
f 1507/3191 1055/2157 1502/3180
f 896/1851 1050/2144 1507/3191
f 1051/2147 896/1851 1509/3194
f 1508/3193 869/1783 1045/2138
f 1500/3177 1044/2135 869/1783
f 1050/2145 1500/3177 1508/3193
f 1507/3192 1508/3193 1504/3184
f 1052/2150 1499/3176 1509/3194
f 1510/3195 1503/3182 1056/2160
f 1057/2164 1506/3190 1511/3197
f 856/1732 1512/3199 897/1853
f 1148/2304 877/1806 1012/2084
f 1058/2167 1012/2084 882/1817
f 1049/2143 1058/2167 1047/2141
f 1044/2136 892/1845 1034/2120
f 1059/2168 1034/2120 1143/2294
f 996/2058 1059/2168 1643/3472
f 1040/2129 1647/3482 1637/3460
f 1060/2169 1637/3460 1825/3968
f 1039/2128 1060/2169 1030/2115
f 1013/2085 1140/2283 1018/2094
f 1061/2170 1018/2094 1647/3483
f 1041/2131 1061/2170 1040/2130
f 1032/2118 888/1837 1024/2105
f 1062/2171 1024/2105 1134/2262
f 1031/2116 1062/2171 1147/2302
f 1033/2119 893/1847 1036/2124
f 1063/2172 1036/2124 883/1820
f 1034/2121 1063/2172 1642/3469
f 891/1843 1037/2125 1064/2173
f 1037/2125 1630/3442 1638/3461
f 1064/2173 1638/3461 883/1821
f 889/1839 1027/2110 1065/2174
f 1027/2110 1648/3487 1019/2096
f 1019/2096 1630/3443 1037/2126
f 899/1860 1031/2117 1066/2175
f 1031/2117 1631/3447 2078/4476
f 1066/2175 2078/4476 1648/3488
f 1022/2101 884/1824 2097/4506
f 1067/2176 2097/4506 1135/2263
f 1024/2106 1067/2176 1639/3463
f 1657/3516 1020/2098 1068/2177
f 1020/2098 884/1825 1022/2102
f 1025/2107 1068/2177 1022/2102
f 885/1828 1640/3465 1069/2178
f 1640/3465 1657/3517 1029/2113
f 1069/2178 1029/2113 890/1841
f 1825/3969 1641/3467 1070/2179
f 1641/3467 885/1829 1023/2104
f 1070/2179 1023/2104 887/1834
f 878/1808 1009/2079 1071/2180
f 1009/2079 879/1810 1016/2091
f 1016/2091 873/1792 1004/2070
f 1008/2076 875/1797 1015/2089
f 1072/2181 1015/2089 878/1809
f 1072/2181 1017/2093 874/1794
f 1646/3479 1636/3458 1073/2182
f 1636/3458 1140/2284 1013/2086
f 1073/2182 1013/2086 882/1818
f 1644/3473 1144/2297 1049/2143
f 1074/2183 1049/2143 895/1850
f 1011/2081 1074/2183 1048/2142
f 876/1800 1011/2082 1075/2184
f 1011/2082 881/1815 1046/2140
f 1075/2184 1046/2140 880/1812
f 1015/2090 875/1797 1014/2088
f 1076/2185 1014/2088 880/1813
f 1076/2185 1010/2080 879/1811
f 870/1785 997/2060 1077/2186
f 997/2060 1133/2257 1043/2134
f 1077/2186 1043/2134 1656/3513
f 872/1789 1001/2066 1078/2187
f 1001/2066 870/1786 1007/2075
f 1007/2075 1142/2291 1005/2071
f 1042/2132 871/1787 1000/2065
f 1000/2065 872/1790 1006/2073
f 1079/2188 1006/2073 874/1794
f 872/1789 1000/2065 1080/2189
f 1000/2065 871/1788 1002/2068
f 1080/2189 1002/2068 856/1733
f 998/2061 870/1785 1001/2066
f 1081/2190 1001/2066 872/1790
f 953/1970 1081/2190 999/2064
f 1003/2069 1133/2258 997/2060
f 997/2060 870/1786 998/2062
f 1082/2191 998/2062 851/1715
f 869/1784 996/2059 1083/2192
f 996/2059 1139/2280 2047/4427
f 1083/2192 2047/4427 1136/2266
f 868/1779 992/2051 1084/2193
f 992/2051 1138/2274 1146/2301
f 1084/2193 1146/2301 1141/2286
f 848/1705 994/2055 1085/2194
f 994/2055 868/1780 993/2053
f 1085/2194 993/2053 1131/2252
f 836/1659 985/2037 1086/2195
f 985/2037 1645/3477 1635/3455
f 1086/2195 1635/3455 1138/2275
f 867/1775 986/2038 1087/2196
f 986/2038 836/1660 995/2057
f 1087/2196 995/2057 868/1781
f 844/1689 915/1893 1088/2197
f 915/1893 847/1702 1996/4348
f 1088/2197 1996/4348 866/1772
f 864/1764 983/2033 1089/2198
f 983/2033 1136/2267 1634/3453
f 1089/2198 1634/3453 1137/2272
f 863/1760 969/2001 1090/2199
f 969/2001 864/1765 965/1992
f 1090/2199 965/1992 865/1768
f 862/1755 964/1989 1091/2200
f 964/1989 863/1761 982/2031
f 982/2031 835/1655 972/2008
f 860/1748 966/1993 1092/2201
f 966/1993 862/1756 968/1999
f 976/2017 1092/2201 968/1999
f 981/2028 859/1743 967/1996
f 1093/2202 967/1996 860/1749
f 937/1937 1093/2203 980/2027
f 858/1740 971/2005 1094/2204
f 1094/2205 971/2006 859/1744
f 943/1949 1094/2205 981/2029
f 3091/6484 1095/2206 932/1925
f 3089/6482 960/1983 1095/2206
f 3089/6482 837/1664 956/1977
f 3092/6485 956/1977 1654/3508
f 857/1737 924/1912 1097/2208
f 924/1912 856/1734 974/2013
f 1097/2208 974/2013 858/1741
f 854/1725 979/2024 1098/2209
f 979/2024 858/1742 975/2016
f 1098/2209 975/2016 828/1628
f 922/1908 851/1716 953/1971
f 1099/2210 953/1971 857/1738
f 1099/2210 952/1969 854/1726
f 855/1729 919/1902 1100/2211
f 919/1903 854/1727 942/1947
f 1100/2212 942/1947 822/1606
f 852/1719 918/1900 1101/2213
f 918/1900 851/1717 922/1909
f 1101/2213 922/1909 855/1730
f 961/1984 850/1713 920/1905
f 920/1905 855/1731 921/1907
f 1102/2214 921/1907 853/1721
f 950/1965 849/1709 917/1897
f 848/1706 987/2041 1103/2215
f 1103/2215 987/2041 1655/3511
f 916/1895 846/1696 938/1939
f 1104/2216 938/1939 849/1710
f 2003/4359 1104/2216 950/1966
f 947/1959 831/1641 940/1942
f 1105/2217 940/1942 846/1697
f 915/1894 1105/2217 916/1896
f 933/1926 1106/2218 949/1963
f 831/1642 947/1960 1106/2218
f 947/1960 844/1690 948/1961
f 948/1962 1107/2219 957/1979
f 844/1691 914/1892 1107/2219
f 914/1892 845/1694 959/1982
f 945/1955 840/1674 936/1934
f 826/1621 949/1964 1108/2220
f 913/1889 1108/2220 949/1964
f 912/1887 842/1682 913/1890
f 1109/2221 913/1890 843/1687
f 958/1981 1109/2221 957/1980
f 909/1881 838/1667 911/1885
f 1110/2222 911/1885 840/1675
f 946/1957 1110/2222 945/1956
f 908/1879 841/1678 946/1958
f 1111/2223 946/1958 842/1683
f 1632/3449 1111/2223 912/1888
f 910/1883 839/1671 906/1875
f 1112/2224 906/1875 838/1668
f 907/1877 1112/2224 909/1882
f 956/1978 837/1663 907/1878
f 1113/2225 907/1878 841/1679
f 1633/3451 1113/2225 908/1880
f 865/1769 970/2003 1114/2226
f 970/2003 1137/2273 2034/4407
f 1114/2226 2034/4407 1645/3478
f 990/2046 835/1656 978/2022
f 865/1770 973/2011 1115/2227
f 973/2011 836/1661 986/2039
f 972/2009 1116/2228 977/2019
f 1116/2228 972/2009 835/1657
f 990/2047 867/1776 988/2042
f 833/1647 988/2043 1117/2229
f 867/1777 989/2045 1117/2229
f 989/2045 848/1707 917/1898
f 905/1873 832/1644 976/2018
f 861/1754 977/2020 1118/2230
f 1118/2230 977/2020 833/1648
f 834/1652 903/1869 1119/2231
f 903/1869 833/1649 941/1945
f 1119/2231 941/1945 849/1711
f 934/1928 829/1633 937/1936
f 1120/2232 937/1937 832/1645
f 904/1870 1120/2233 905/1874
f 904/1871 1121/2234 902/1866
f 834/1653 939/1941 1121/2234
f 939/1941 846/1698 940/1943
f 954/1972 828/1629 943/1950
f 1122/2236 943/1951 829/1634
f 935/1931 1122/2236 934/1929
f 901/1864 827/1624 935/1932
f 1123/2237 935/1932 830/1638
f 933/1927 1123/2237 902/1867
f 822/1607 955/1975 1124/2238
f 955/1976 828/1630 954/1973
f 1124/2239 954/1973 827/1625
f 825/1616 900/1863 1125/2240
f 900/1863 827/1626 901/1865
f 1125/2240 901/1865 826/1622
f 853/1722 944/1954 1126/2241
f 944/1954 822/1608 926/1915
f 1126/2241 926/1915 825/1617
f 929/1920 823/1610 927/1917
f 1127/2242 927/1917 825/1618
f 911/1886 1127/2242 931/1924
f 821/1604 962/1986 1128/2243
f 962/1986 853/1723 963/1988
f 1128/2243 963/1988 823/1611
f 824/1614 928/1919 1129/2244
f 928/1919 823/1612 929/1921
f 906/1876 1129/2244 929/1921
f 925/1913 1129/2244 906/1876
f 1157/2333 1162/2346 1174/2371
f 1165/2354 1173/2368 1159/2339
f 1156/2329 1166/2357 1172/2367
f 1171/2366 1168/2360 1178/2385
f 1192/2422 1170/2365 1160/2341
f 1169/2363 1161/2344 1175/2372
f 1175/2373 1161/2345 1273/2615
f 1157/2334 1267/2604 1273/2615
f 1176/2377 1160/2342 1169/2363
f 1156/2330 1162/2347 1169/2363
f 1169/2363 1162/2347 1157/2335
f 1168/2361 1170/2365 1192/2422
f 1168/2362 1154/2323 1166/2356
f 1166/2356 1156/2331 1160/2343
f 1171/2366 1165/2355 1154/2324
f 1159/2340 1172/2367 1166/2357
f 1159/2340 1155/2326 1167/2358
f 1167/2358 1153/2318 1163/2349
f 1173/2368 1158/2338 1155/2327
f 1267/2603 1157/2336 1164/2352
f 1164/2352 1152/2314 1340/2778
f 1162/2348 1156/2332 1163/2350
f 1163/2351 1153/2319 1247/2550
f 1164/2353 1174/2371 1247/2551
f 1180/2392 1187/2410 1199/2435
f 1190/2418 1198/2432 1183/2402
f 1179/2388 1191/2420 1197/2431
f 1196/2430 1193/2424 1203/2449
f 1220/2490 1195/2429 1185/2405
f 1194/2427 1186/2408 1200/2436
f 1200/2437 1186/2409 1297/2677
f 1180/2393 1291/2666 1297/2677
f 1201/2441 1185/2406 1194/2427
f 1179/2389 1187/2411 1194/2427
f 1194/2427 1187/2411 1180/2394
f 1193/2425 1195/2429 1220/2490
f 1193/2426 1177/2381 1191/2421
f 1191/2421 1179/2390 1185/2407
f 1196/2430 1190/2419 1177/2382
f 1177/2383 1183/2401 1197/2431
f 1197/2431 1183/2401 1178/2386
f 1192/2423 1176/2378 1188/2413
f 1182/2400 1178/2387 1183/2402
f 1291/2665 1180/2395 1189/2417
f 1299/2679 1189/2417 1175/2374
f 1187/2412 1179/2391 1188/2414
f 1199/2434 1188/2415 1176/2379
f 1199/2435 1181/2398 1175/2375
f 1215/2479 1228/2504 1217/2484
f 1218/2486 1227/2501 1210/2470
f 1205/2454 1219/2488 1226/2500
f 1211/2471 1225/2499 1221/2493
f 1224/2497 1212/2473 1206/2459
f 1223/2496 1214/2476 1208/2465
f 1214/2477 1327/2748 1313/2720
f 1207/2461 1320/2736 1327/2748
f 1212/2474 1223/2496 1222/2495
f 1212/2474 1205/2455 1215/2480
f 1223/2496 1215/2480 1207/2462
f 1204/2453 1221/2494 1224/2497
f 1202/2445 1219/2489 1224/2498
f 1224/2498 1219/2489 1205/2456
f 1225/2499 1218/2487 1202/2446
f 1202/2447 1210/2469 1226/2500
f 1210/2469 1203/2450 1220/2491
f 1220/2491 1201/2442 1216/2481
f 1184/2404 1203/2451 1210/2470
f 1320/2735 1207/2463 1217/2485
f 1329/2750 1217/2485 1200/2438
f 1205/2457 1216/2482 1228/2502
f 1228/2503 1216/2483 1201/2443
f 1228/2504 1209/2468 1200/2439
f 1234/2519 1240/2533 1253/2560
f 1243/2541 1252/2557 1237/2527
f 1233/2515 1244/2543 1251/2556
f 1250/2555 1246/2546 1155/2328
f 1167/2359 1249/2553 1238/2529
f 1248/2552 1239/2532 1152/2315
f 1152/2316 1239/2531 1352/2803
f 1239/2531 1234/2520 1346/2793
f 1153/2320 1238/2530 1248/2552
f 1233/2516 1240/2534 1248/2552
f 1240/2534 1234/2521 1239/2532
f 1246/2547 1249/2553 1167/2359
f 1246/2548 1231/2510 1244/2544
f 1249/2554 1244/2544 1233/2517
f 1250/2555 1243/2542 1231/2511
f 1231/2512 1237/2526 1251/2556
f 1251/2556 1237/2526 1232/2513
f 1245/2545 1230/2507 1241/2536
f 1236/2525 1232/2514 1237/2527
f 1346/2792 1234/2522 1242/2540
f 1354/2805 1242/2540 1229/2505
f 1240/2535 1233/2518 1241/2537
f 1253/2559 1241/2538 1230/2508
f 1253/2560 1235/2524 1229/2506
f 1259/2581 1264/2595 1276/2620
f 1267/2603 1275/2617 1261/2589
f 1258/2577 1268/2605 1274/2616
f 1273/2615 1270/2609 1280/2634
f 1272/2613 1262/2591 1278/2626
f 1271/2612 1263/2593 1277/2621
f 1277/2622 1263/2594 1395/2900
f 1259/2582 1389/2889 1395/2900
f 1262/2592 1271/2612 1283/2646
f 1262/2592 1258/2578 1264/2596
f 1271/2612 1264/2596 1259/2583
f 1270/2610 1272/2613 1293/2669
f 1270/2611 1256/2570 1268/2606
f 1272/2614 1268/2606 1258/2579
f 1273/2615 1267/2604 1256/2571
f 1256/2572 1261/2588 1274/2616
f 1274/2616 1261/2588 1257/2574
f 1269/2607 1255/2566 1265/2598
f 1340/2778 1257/2575 1261/2589
f 1389/2888 1259/2584 1266/2602
f 1397/2902 1266/2602 1254/2561
f 1264/2597 1258/2580 1265/2599
f 1276/2619 1265/2600 1255/2567
f 1276/2620 1260/2586 1254/2562
f 1288/2657 1300/2682 1290/2663
f 1299/2679 1285/2650 1279/2630
f 1281/2637 1292/2668 1298/2678
f 1297/2677 1294/2673 1304/2696
f 1296/2675 1286/2652 1302/2688
f 1295/2674 1287/2655 1301/2683
f 1301/2684 1287/2656 1416/2954
f 1282/2642 1410/2943 1416/2954
f 1286/2653 1295/2674 1310/2713
f 1281/2638 1288/2658 1295/2674
f 1295/2674 1288/2658 1282/2643
f 1294/2672 1296/2675 1322/2739
f 1279/2631 1292/2667 1296/2676
f 1292/2667 1281/2639 1286/2654
f 1291/2666 1279/2632 1294/2673
f 1285/2651 1298/2678 1292/2668
f 1298/2678 1285/2651 1280/2635
f 1298/2678 1293/2670 1278/2627
f 1299/2679 1284/2649 1280/2636
f 1410/2942 1282/2644 1290/2664
f 1418/2956 1290/2664 1277/2623
f 1288/2659 1281/2640 1289/2661
f 1300/2681 1289/2662 1278/2628
f 1300/2682 1283/2647 1277/2624
f 1317/2728 1330/2753 1319/2733
f 1320/2735 1329/2750 1312/2718
f 1321/2737 1328/2749 1318/2730
f 1327/2748 1323/2741 1305/2699
f 1315/2724 1326/2746 1314/2722
f 1324/2744 1325/2745 1316/2725
f 1316/2726 1443/3011 1431/2987
f 1308/2708 1437/3000 1443/3011
f 1307/2706 1314/2723 1325/2745
f 1314/2723 1306/2702 1317/2729
f 1325/2745 1317/2729 1308/2709
f 1305/2700 1323/2742 1326/2746
f 1323/2743 1303/2692 1321/2738
f 1326/2747 1321/2738 1306/2703
f 1327/2748 1320/2736 1303/2693
f 1303/2694 1312/2719 1328/2749
f 1312/2719 1304/2697 1322/2740
f 1328/2749 1322/2740 1302/2689
f 1329/2750 1311/2717 1304/2698
f 1437/2999 1308/2710 1319/2734
f 1445/3013 1319/2734 1301/2685
f 1306/2704 1318/2731 1330/2752
f 1318/2732 1302/2690 1310/2714
f 1330/2753 1310/2715 1301/2686
f 1343/2785 1355/2808 1345/2790
f 1346/2792 1354/2805 1339/2775
f 1347/2795 1353/2804 1344/2787
f 1352/2803 1349/2799 1257/2576
f 1351/2801 1341/2779 1255/2568
f 1350/2800 1342/2783 1254/2563
f 1254/2564 1342/2782 1376/2853
f 1342/2782 1336/2769 1369/2840
f 1341/2780 1350/2800 1260/2587
f 1335/2765 1343/2786 1350/2800
f 1343/2786 1336/2770 1342/2783
f 1349/2798 1351/2801 1269/2608
f 1333/2760 1347/2794 1351/2802
f 1347/2794 1335/2766 1341/2781
f 1346/2793 1333/2761 1349/2799
f 1339/2776 1353/2804 1347/2795
f 1339/2776 1334/2762 1348/2796
f 1348/2796 1332/2756 1344/2787
f 1354/2805 1338/2774 1334/2763
f 1369/2839 1336/2771 1345/2791
f 1378/2855 1345/2791 1331/2754
f 1335/2767 1344/2788 1355/2806
f 1355/2807 1344/2789 1332/2757
f 1355/2808 1337/2773 1331/2755
f 1361/2822 1366/2832 1379/2858
f 1378/2855 1364/2827 1358/2813
f 1370/2842 1377/2854 1367/2835
f 1376/2853 1372/2846 1382/2868
f 1375/2851 1365/2830 1380/2860
f 1373/2848 1374/2850 1486/3139
f 1365/2831 1374/2850 1373/2848
f 1365/2831 1360/2819 1366/2833
f 1374/2850 1366/2833 1361/2823
f 1372/2845 1375/2851 1391/2892
f 1358/2814 1370/2841 1375/2852
f 1375/2852 1370/2841 1360/2820
f 1369/2840 1358/2815 1372/2846
f 1364/2828 1377/2854 1370/2842
f 1377/2854 1364/2828 1359/2816
f 1371/2843 1357/2810 1367/2835
f 1378/2855 1363/2826 1359/2817
f 1366/2834 1360/2821 1367/2836
f 1379/2857 1367/2837 1357/2811
f 1379/2858 1362/2825 1356/2809
f 1387/2882 1398/2905 1490/3152
f 1389/2888 1397/2902 1385/2877
f 1383/2871 1390/2890 1396/2901
f 1395/2900 1392/2894 1401/2915
f 1394/2898 1386/2880 1399/2906
f 1393/2897 1489/3149 1492/3160
f 1399/2907 1386/2881 1393/2897
f 1386/2881 1383/2872 1387/2883
f 1393/2897 1387/2883 1487/3142
f 1392/2895 1394/2898 1412/2946
f 1392/2896 1381/2864 1390/2891
f 1394/2899 1390/2891 1383/2873
f 1395/2900 1389/2889 1381/2865
f 1381/2866 1385/2878 1396/2901
f 1385/2878 1382/2869 1391/2893
f 1391/2893 1380/2861 1388/2885
f 1397/2902 1384/2876 1382/2870
f 1387/2884 1383/2874 1388/2886
f 1398/2904 1388/2887 1380/2862
f 1398/2905 1373/2849 1488/3146
f 1408/2936 1419/2959 1494/3165
f 1410/2942 1418/2956 1406/2931
f 1403/2922 1411/2944 1417/2955
f 1416/2954 1413/2948 1402/2919
f 1415/2952 1407/2934 1421/2962
f 1428/2981 1414/2951 1493/3163
f 1407/2935 1414/2951 1428/2981
f 1407/2935 1403/2923 1408/2937
f 1408/2937 1491/3155 1493/3163
f 1413/2949 1415/2952 1439/3003
f 1413/2950 1400/2911 1411/2945
f 1415/2953 1411/2945 1403/2924
f 1416/2954 1410/2943 1400/2912
f 1400/2913 1406/2932 1417/2955
f 1406/2932 1401/2916 1412/2947
f 1412/2947 1399/2908 1409/2939
f 1418/2956 1405/2930 1401/2917
f 1408/2938 1403/2925 1409/2940
f 1409/2941 1399/2909 1404/2927
f 1494/3165 1419/2959 1404/2928
f 1426/2977 1435/2993 1446/3016
f 1437/2999 1445/3013 1430/2985
f 1424/2971 1438/3001 1444/3012
f 1431/2987 1443/3011 1440/3005
f 1442/3009 1432/2989 1425/2976
f 1441/3008 1434/2992 1427/2979
f 1432/2990 1441/3008 1420/2960
f 1432/2990 1424/2972 1435/2994
f 1441/3008 1435/2994 1426/2978
f 1440/3006 1442/3009 1433/2991
f 1440/3007 1422/2966 1438/3002
f 1442/3010 1438/3002 1424/2973
f 1443/3011 1437/3000 1422/2967
f 1422/2968 1430/2986 1444/3012
f 1444/3012 1430/2986 1402/2920
f 1439/3004 1421/2963 1436/2996
f 1445/3013 1429/2984 1402/2921
f 1435/2995 1424/2974 1436/2997
f 1446/3015 1436/2998 1421/2964
f 1446/3016 1428/2982 1495/3168
f 1459/3056 1448/3020 1535/3263
f 1447/3017 1537/3270 1536/3267
f 1450/3026 1535/3264 1537/3270
f 1455/3043 1463/3068 1457/3048
f 1458/3052 1462/3064 1456/3045
f 1474/3102 1461/3061 1453/3037
f 1460/3059 1454/3039 1464/3069
f 1453/3038 1460/3059 1468/3083
f 1453/3038 1451/3030 1455/3044
f 1460/3059 1455/3044 1452/3034
f 1461/3062 1458/3053 1451/3031
f 1462/3064 1459/3057 1450/3027
f 1451/3032 1456/3046 1463/3067
f 1456/3047 1450/3028 1447/3018
f 1463/3068 1447/3019 1449/3023
f 1471/3092 1478/3116 1524/3231
f 1466/3076 1473/3099 1477/3112
f 1483/3131 1476/3108 1469/3086
f 1481/3124 1475/3107 1470/3089
f 1480/3121 1469/3087 1475/3107
f 1469/3088 1466/3078 1471/3093
f 1475/3107 1471/3094 1467/3080
f 1476/3109 1473/3100 1466/3077
f 1474/3103 1465/3074 1472/3095
f 1466/3078 1472/3096 1478/3114
f 1478/3115 1472/3097 1465/3075
f 1478/3116 1468/3084 1464/3070
f 1484/3135 1483/3132 1480/3122
f 1482/3128 1480/3123 1481/3125
f 1485/3138 1481/3126 1479/3118
f 1488/3147 1486/3140 1448/3021
f 1487/3143 1490/3153 1462/3065
f 1489/3150 1461/3063 1474/3104
f 1489/3151 1487/3144 1458/3054
f 1488/3148 1459/3058 1462/3065
f 1491/3156 1494/3166 1477/3113
f 1495/3169 1493/3164 1476/3110
f 1491/3157 1473/3101 1476/3111
f 1492/3161 1474/3105 1477/3113
f 1496/3172 1495/3170 1483/3133
f 863/1762 1055/2158 1504/3185
f 1504/3185 1045/2139 864/1766
f 1502/3181 964/1990 862/1757
f 964/1990 1502/3181 1055/2159
f 860/1750 1056/2161 1503/3183
f 1052/2151 862/1758 966/1994
f 859/1745 1057/2165 898/1857
f 967/1997 898/1858 1056/2162
f 974/2014 897/1854 971/2007
f 897/1855 1057/2166 859/1746
f 1514/3203 1516/3210 1515/3206
f 1470/3090 1467/3081 1514/3204
f 1522/3226 1514/3205 1513/3201
f 1467/3081 1524/3232 1516/3209
f 1519/3217 1522/3226 1520/3220
f 1545/3289 1479/3119 1519/3218
f 1521/3223 1519/3219 1517/3212
f 1479/3119 1470/3091 1522/3227
f 1525/3234 1526/3238 1528/3243
f 1524/3233 1464/3071 1525/3235
f 1516/3210 1525/3236 1523/3229
f 1464/3071 1454/3040 1526/3239
f 1527/3240 1529/3245 1533/3258
f 1454/3041 1452/3035 1529/3247
f 1529/3246 1527/3241 1528/3243
f 1529/3247 1452/3035 1457/3049
f 1530/3248 1532/3253 1534/3260
f 1457/3050 1449/3024 1532/3254
f 1532/3255 1530/3249 1531/3251
f 1449/3024 1536/3268 1534/3261
f 2425/5121 1540/3278 1577/3381
f 2461/5191 1543/3284 1567/3356
f 3122/6534 3114/6521 3124/6536
f 1549/3302 1544/3287 1521/3223
f 1547/3296 1545/3290 1521/3224
f 1548/3298 1485/3138 1545/3291
f 1548/3299 1546/3292 1482/3129
f 1550/3307 1551/3309 1555/3323
f 1549/3303 1518/3215 1551/3310
f 1554/3321 1557/3328 1556/3326
f 1552/3313 1555/3324 1557/3329
f 2468/5202 3127/6541 1538/3273
f 3118/6528 1561/3341 1563/3344
f 1563/3345 1561/3342 1565/3350
f 3121/6533 3122/6534 3123/6535
f 2463/5194 3124/6537 1578/3382
f 1565/3351 1566/3353 1568/3359
f 1566/3354 1570/3364 1572/3372
f 2467/5201 3126/6540 3125/6538
f 1541/3280 2464/5197 3125/6539
f 1570/3365 1569/3361 1576/3379
f 1569/3362 1571/3368 1573/3374
f 2466/5200 1578/3383 3127/6541
f 2459/5189 1564/3347 1569/3363
f 2458/5187 2462/5192 1540/3277
f 1559/3335 1594/3402 1579/3384
f 1513/3202 1515/3207 1603/3413
f 1527/3242 1602/3412 1597/3405
f 2459/5188 2460/5190 1562/3343
f 1573/3375 1591/3399 1601/3411
f 1515/3207 1523/3230 1598/3406
f 1531/3252 1580/3385 1602/3412
f 1576/3380 1601/3411 1590/3398
f 1556/3327 1557/3330 1600/3410
f 1557/3330 1555/3325 1596/3404
f 1558/3332 1553/3317 1582/3387
f 1523/3230 1528/3244 1597/3405
f 1560/3339 1586/3391 1593/3401
f 1555/3325 1551/3311 1595/3403
f 1551/3311 1518/3216 1587/3392
f 1563/3346 1593/3401 1575/3377
f 1520/3221 1513/3202 1592/3400
f 1571/3369 1589/3397 1591/3399
f 1572/3373 1590/3398 1585/3390
f 2465/5199 1538/3274 3126/6540
f 1518/3216 1517/3213 1584/3389
f 1568/3360 1585/3390 1586/3391
f 1517/3213 1520/3221 1583/3388
f 1553/3317 1556/3327 1581/3386
f 1530/3250 1579/3384 1580/3385
f 1594/3402 1622/3433 1605/3416
f 1592/3400 1603/3413 1629/3440
f 1602/3412 1628/3439 1613/3424
f 1591/3399 1621/3432 1614/3425
f 1603/3413 1598/3406 1625/3436
f 1580/3385 1615/3426 1628/3439
f 1601/3411 1614/3425 1610/3421
f 1581/3386 1600/3410 1627/3438
f 1600/3410 1596/3404 1624/3435
f 1582/3387 1616/3427 1626/3437
f 1598/3406 1597/3405 1613/3424
f 1586/3391 1618/3429 1612/3423
f 1596/3404 1595/3403 1623/3434
f 1595/3403 1587/3392 1619/3430
f 1593/3401 1612/3423 1574/3376
f 1583/3388 1592/3400 1611/3422
f 1589/3397 1620/3431 1621/3432
f 1590/3398 1610/3421 1608/3419
f 1588/3393 1609/3420 1620/3431
f 1587/3392 1584/3389 1617/3428
f 1585/3390 1608/3419 1618/3429
f 1584/3389 1583/3388 1607/3418
f 1582/3387 1581/3386 1606/3417
f 1579/3384 1605/3416 1615/3426
f 2189/4648 1652/3500 1653/3503
f 2194/4655 1649/3490 1652/3501
f 2193/4654 1653/3503 1651/3496
s 0
f 1695/3606 1832/3992 2121/4541
f 1696/3607 1852/4061 2071/4465
f 1696/3607 1782/3836 2053/4437
f 1673/3558 1688/3598 1868/4097
f 1675/3564 2115/4532 1832/3992
f 1691/3602 1816/3935 2146/4580
f 1689/3600 1815/3933 2155/4595
f 1671/3552 1696/3607 1676/3566
f 1689/3600 1669/3547 2165/4610
f 1667/3542 2135/4563 1666/3539
f 1693/3604 1664/3535 2021/4387
f 1663/3532 2033/4405 1791/3859
s 1
f 1661/3527 2010/4371 2235/4742
f 2197/4661 2232/4738 2004/4361
f 1686/3593 1680/3577 1692/3603
f 1692/3603 2876/6049 1937/4252
f 1692/3603 1937/4252 1685/3591
f 1684/3588 1686/3593 1692/3603
s 0
f 1696/3607 1671/3552 2065/4456
f 1666/3539 2133/4559 1816/3935
f 1688/3598 1673/3558 2085/4487
f 1790/3856 2027/4396 1663/3532
f 2164/4608 1669/3547 1689/3600
f 2046/4425 1782/3836 1696/3607
f 1667/3542 1695/3606 1836/4002
s 1
f 1659/3522 2004/4361 2232/4738
s 0
f 1674/3561 2104/4516 1675/3564
s 1
f 1681/3580 1925/4223 1694/3605
f 1694/3605 1692/3603 1680/3577
s 0
f 1887/4147 2103/4514 1674/3561
f 1672/3555 2096/4503 1887/4147
f 2152/4590 1815/3933 1689/3600
f 1693/3604 1791/3859 2040/4416
f 1696/3607 1670/3549 2077/4474
s 1
f 1632/3450 2171/4620 1700/3618
f 2172/4622 1711/3650 1760/3786
f 1704/3628 1707/3636 1746/3765
f 1707/3637 1706/3635 1748/3768
f 2174/4624 2173/4623 1713/3657
f 2180/4633 2178/4630 1710/3646
f 2177/4629 1709/3642 1762/3789
f 1633/3452 2179/4632 1712/3653
f 2187/4644 1650/3494 1750/3771
f 3093/6486 2184/4640 1715/3666
f 2186/4642 2183/4638 1714/3660
f 2192/4653 1651/3497 1764/3793
f 2190/4650 1716/3669 1717/3670
f 2187/4643 2188/4645 1983/4329
f 1788/3851 1658/3520 1707/3638
f 2178/4630 2182/4635 1787/3847
f 2173/4623 2176/4626 1718/3671
f 1707/3638 1658/3520 1660/3524
f 2003/4360 1998/4352 1720/3677
f 1999/4354 1719/3673 1765/3794
f 2007/4367 1726/3698 1766/3796
f 2005/4364 1721/3681 1130/2247
f 2006/4365 1725/3694 1751/3773
f 2000/4355 1997/4350 1724/3693
f 2006/4365 2004/4362 1659/3523
f 1997/4350 2002/4357 1789/3853
f 2011/4373 1722/3685 1655/3512
f 2015/4378 2012/4375 1727/3701
f 1774/3812 1733/3721 1767/3798
f 1141/2287 1775/3814 1728/3705
f 1734/3725 1773/3810 1732/3718
f 2014/4377 2013/4376 1723/3690
f 1773/3810 1664/3534 1662/3530
f 2013/4376 2010/4370 1661/3528
f 2023/4392 1729/3709 1138/2276
f 2026/4395 2022/4390 1731/3716
f 2029/4401 1740/3744 1769/3802
f 2034/4408 2028/4399 1735/3728
f 2030/4402 1739/3740 1756/3780
f 2025/4394 2024/4393 1730/3714
f 2033/4406 1663/3533 1739/3741
f 2024/4393 2027/4397 1790/3857
f 1988/4336 1985/4333 1705/3631
f 984/2035 1984/4331 1703/3625
f 1986/4334 1704/3629 1745/3762
f 1986/4334 1989/4337 1788/3852
f 1990/4340 1743/3757 1772/3808
f 1996/4349 1991/4342 1741/3749
f 1992/4343 1742/3751 1757/3782
f 1995/4346 1744/3759 1742/3752
f 1990/4339 1993/4344 1757/3782
f 1985/4332 1987/4335 1745/3762
f 2022/4389 2025/4394 1753/3776
f 2029/4400 2031/4403 1756/3780
f 2012/4374 2014/4377 1758/3784
f 1734/3725 1754/3777 1733/3722
f 2000/4355 1752/3775 1719/3674
f 2008/4368 1751/3773 1726/3699
f 2185/4641 1750/3771 1714/3661
f 2180/4633 1747/3766 1709/3643
f 2174/4624 1749/3769 1711/3651
f 1746/3764 1748/3768 1701/3620
f 1705/3632 1745/3763 1746/3765
f 1991/4341 1994/4345 1772/3808
f 1984/4330 1988/4336 1761/3788
f 2028/4398 2032/4404 1769/3802
f 2026/4395 1768/3800 1729/3710
f 1775/3813 1699/3615 1767/3798
f 2011/4372 2015/4378 1771/3806
f 2005/4363 2009/4369 1766/3796
f 2001/4356 1765/3794 1720/3678
f 2190/4649 2191/4651 1764/3793
f 2184/4639 2186/4642 1763/3791
f 2181/4634 1762/3789 1712/3654
f 2171/4619 2175/4625 1760/3786
f 2018/4383 1699/3615 1775/3813
f 2019/4384 1734/3725 1774/3811
f 2021/4388 1664/3534 1773/3810
f 2017/4381 1773/3810 1734/3725
f 2020/4385 1775/3814 1141/2287
f 2016/4379 1774/3812 1699/3615
f 1634/3454 2035/4410 1736/3731
f 2036/4412 1738/3737 1770/3804
f 2044/4423 2041/4419 1781/3833
f 2043/4422 1777/3820 1136/2268
f 2042/4420 1780/3829 1786/3845
f 2038/4414 1737/3736 1755/3779
f 2046/4426 1792/3863 1780/3830
f 2038/4414 2040/4417 1791/3860
f 2044/4423 1783/3839 1777/3821
f 2035/4409 2039/4415 1770/3804
f 2037/4413 1755/3779 1738/3738
f 2045/4424 1786/3845 1781/3834
f 1796/3876 1835/4000 1668/3546
f 1888/4149 1799/3883 1795/3873
f 1898/4168 1800/3886 1794/3869
f 1800/3885 1668/3546 1665/3537
f 1897/4166 1796/3877 1800/3886
f 1150/2309 2166/4613 1802/3890
f 2169/4617 2167/4615 1805/3899
f 2170/4618 2168/4616 1807/3907
f 2160/4603 1804/3897 1899/4169
f 2159/4602 1803/3892 1890/4152
f 1008/2077 2161/4605 1806/3903
f 2160/4603 2164/4609 1808/3910
f 2168/4616 2165/4611 1669/3548
f 2153/4593 1809/3912 876/1801
f 2156/4598 1812/3923 1891/4154
f 2154/4594 1814/3930 1902/4173
f 2144/4577 2145/4579 1811/3921
f 2143/4576 2141/4573 1810/3917
f 1148/2305 2142/4575 1813/3928
f 2146/4581 1816/3936 1811/3919
f 2154/4594 2155/4596 1815/3934
f 2137/4567 1818/3942 1140/2285
f 2138/4569 1817/3938 1893/4158
f 2130/4556 1822/3957 1894/4160
f 2129/4554 1819/3946 1646/3480
f 2128/4552 1821/3952 1903/4175
f 2140/4571 2136/4565 1820/3951
f 2133/4560 1666/3540 1821/3953
f 2135/4564 1667/3543 1820/3950
f 2117/4536 1827/3976 1825/3970
f 2120/4540 2118/4538 1826/3971
f 2122/4544 1831/3989 1895/4162
f 2123/4546 1828/3978 1647/3484
f 2126/4549 2124/4547 1830/3985
f 2119/4539 2116/4534 1829/3984
f 2127/4551 1836/4003 1830/3986
f 2116/4534 2121/4542 1832/3993
f 2078/4477 2073/4469 1839/4012
f 1019/2097 2066/4459 1837/4006
f 2070/4464 2067/4461 1849/4051
f 2076/4473 2074/4471 1838/4010
f 2080/4481 1846/4040 1864/4089
f 2079/4479 1840/4017 1631/3448
f 2082/4483 2081/4482 1845/4035
f 2075/4472 2072/4467 1844/4034
f 2069/4463 2068/4462 1851/4058
f 2063/4454 2061/4451 1848/4047
f 2064/4455 2060/4450 1847/4043
f 1638/3462 2062/4453 1850/4055
f 2059/4448 1906/4181 1834/3997
f 1642/3470 2055/4442 1823/3960
f 2057/4444 2058/4446 1824/3965
f 2059/4447 2054/4440 1676/3567
f 2084/4486 1868/4098 1845/4036
f 2061/4451 2065/4457 1671/3553
f 2068/4462 2071/4466 1852/4062
f 2077/4475 1670/3550 1844/4032
f 2087/4492 1843/4029 1865/4091
f 1639/3464 2086/4490 1841/4021
f 2088/4493 1842/4025 1856/4074
f 2088/4493 2085/4488 1673/3559
f 2087/4491 2089/4494 1856/4074
f 2058/4445 2056/4443 1834/3997
f 2060/4449 2063/4454 1858/4078
f 2067/4460 2069/4463 1860/4081
f 2074/4470 2075/4472 1859/4080
f 2080/4480 2082/4483 1857/4076
f 2090/4495 1865/4091 1841/4022
f 2055/4441 2057/4444 1833/3995
f 2062/4452 2064/4455 1866/4093
f 2083/4484 1864/4089 1840/4018
f 2076/4473 1862/4085 1839/4013
f 2066/4458 2070/4464 1863/4087
f 2106/4520 1871/4106 1657/3518
f 1020/2099 2098/4508 1869/4100
f 2099/4510 1877/4127 1884/4141
f 2107/4522 1870/4104 1883/4139
f 2112/4528 2113/4530 1876/4123
f 2110/4526 1872/4111 885/1830
f 2114/4531 1875/4119 1880/4134
f 2105/4518 1874/4118 1881/4136
f 2100/4511 1878/4130 1882/4137
f 2094/4501 1854/4067 1861/4083
f 2091/4497 1855/4071 1867/4095
f 2092/4499 1853/4064 1135/2264
f 2115/4533 1675/3565 1875/4120
f 2096/4504 1672/3556 1854/4069
f 2100/4511 2103/4515 1887/4148
f 2104/4517 1674/3562 1874/4116
f 2091/4496 2093/4500 1861/4083
f 2101/4512 1882/4137 1877/4128
f 2107/4521 2108/4523 1881/4136
f 2113/4529 2111/4527 1880/4134
f 2092/4498 2095/4502 1867/4095
f 2112/4528 1885/4143 1872/4112
f 2109/4524 1883/4139 1871/4107
f 2102/4513 1884/4141 1869/4101
f 2125/4548 1895/4162 1828/3979
f 2117/4535 2120/4540 1886/4145
f 2131/4557 1894/4160 1819/3947
f 2139/4570 1893/4158 1818/3943
f 2142/4574 2143/4576 1892/4156
f 2157/4599 1891/4154 1809/3913
f 2161/4604 2162/4606 1890/4152
f 2166/4612 2169/4617 1889/4150
f 1888/4149 1873/4114 1793/3865
f 2118/4537 2119/4539 1879/4133
f 2126/4549 1905/4178 1831/3990
f 2140/4571 1904/4177 1817/3939
f 2130/4555 2132/4558 1903/4175
f 2141/4572 2144/4577 1901/4172
f 2156/4597 2158/4600 1902/4173
f 2163/4607 1899/4169 1803/3893
f 2170/4618 1900/4170 1805/3900
f 1897/4166 1898/4168 1799/3884
f 1799/3884 1898/4168 1896/4164
f 2049/4431 2052/4436 1778/3823
f 2051/4434 1776/3817 1139/2281
f 2050/4432 2048/4430 1779/3826
f 2052/4435 2053/4438 1782/3837
f 2049/4431 1785/3843 1779/3827
f 2051/4433 2050/4432 1784/3841
f 2148/4584 2151/4589 1911/4189
f 2149/4586 2150/4588 1910/4188
f 2147/4582 2152/4591 1677/3570
f 1644/3474 2149/4587 1909/4187
f 2150/4588 2148/4585 1907/4184
f 2147/4583 1908/4185 1911/4189
f 1967/4308 1915/4198 1955/4288
f 1965/4305 1966/4307 1913/4194
f 1966/4306 1964/4303 1678/3571
f 1967/4308 1968/4309 1916/4200
f 1913/4193 1919/4207 1956/4291
f 1919/4208 1918/4206 1957/4292
f 1913/4194 1678/3572 1679/3574
f 1919/4209 1679/3575 1925/4221
f 1918/4206 1923/4216 1958/4294
f 1958/4293 1923/4217 1922/4214
f 1925/4222 1681/3581 1923/4218
f 1923/4218 1681/3582 1680/3578
f 1938/4256 1927/4225 1930/4234
f 1975/4318 1929/4233 1940/4259
f 1972/4314 1933/4241 1941/4260
f 1979/4323 1796/3878 1897/4167
f 1927/4226 1683/3586 1943/4265
f 1979/4323 1982/4327 1835/4001
f 1972/4314 1973/4316 1682/3584
f 1975/4318 1978/4322 1934/4245
f 1935/4249 1927/4227 1938/4255
f 1937/4253 1683/3587 1927/4228
f 1936/4251 1942/4262 1938/4255
f 1981/4325 1897/4167 1797/3880
f 1971/4313 1974/4317 1941/4260
f 1977/4320 1940/4259 1926/4224
f 1938/4256 1939/4257 1931/4238
f 1922/4214 1946/4270 1951/4282
f 1946/4271 1945/4268 1952/4283
f 1945/4268 1949/4278 1953/4285
f 1949/4279 1935/4248 1942/4263
f 1922/4215 1680/3579 1686/3594
f 1685/3592 1937/4254 1935/4249
f 1945/4269 1684/3589 1685/3592
f 1946/4272 1686/3594 1684/3590
f 1948/4276 1953/4284 1942/4263
f 1944/4266 1952/4283 1953/4285
f 1947/4274 1951/4281 1952/4283
f 1921/4212 1950/4280 1951/4282
f 1958/4293 1950/4280 1921/4212
f 1957/4292 1958/4294 1924/4220
f 1956/4290 1957/4292 1917/4203
f 1954/4286 1956/4291 1920/4211
f 1963/4302 1965/4305 1954/4287
f 1969/4311 1970/4312 1955/4288
f 2247/4757 1962/4301 1961/4299
f 2246/4756 2248/4758 1687/3595
f 1962/4301 2246/4756 1960/4297
f 1961/4300 1965/4305 1963/4302
f 1960/4297 1687/3596 1964/4303
f 1961/4300 1960/4298 1966/4307
f 1651/3498 1653/3504 1970/4312
f 1649/3491 1968/4309 1967/4308
f 1652/3502 1967/4308 1970/4312
f 1940/4259 1974/4317 1971/4313
f 1929/4232 1934/4246 1973/4316
f 1929/4233 1972/4314 1974/4317
f 1939/4258 1977/4320 1976/4319
f 1930/4235 1943/4265 1978/4322
f 1930/4236 1975/4318 1977/4320
f 1932/4240 1941/4261 1981/4325
f 1933/4242 1682/3584 1982/4327
f 1941/4261 1933/4243 1979/4323
f 1772/3809 1988/4336 1984/4330
f 1757/3783 1987/4335 1985/4332
f 1742/3753 1744/3760 1989/4337
f 1742/3754 1986/4334 1987/4335
f 866/1773 1741/3750 1984/4331
f 1743/3758 1985/4333 1988/4336
f 1765/3795 1994/4345 1991/4341
f 1752/3775 1993/4344 1990/4339
f 1789/3854 1995/4346 1992/4343
f 1724/3693 1992/4343 1993/4344
f 847/1703 1720/3679 1991/4342
f 1719/3675 1990/4340 1994/4345
f 1721/3682 1766/3797 2001/4356
f 1751/3774 2000/4355 1999/4353
f 1725/3695 1659/3523 2002/4357
f 1725/3696 1997/4350 2000/4355
f 1726/3700 1999/4354 2001/4356
f 1130/2248 1721/3683 1998/4352
f 1722/3686 1771/3807 2009/4369
f 1727/3702 1758/3784 2008/4368
f 1723/3689 1661/3529 2004/4362
f 1758/3784 1723/3690 2006/4365
f 1722/3687 2005/4364 1145/2299
f 1771/3807 1727/3703 2007/4367
f 1728/3706 1767/3799 2015/4378
f 1733/3723 1754/3778 2014/4377
f 1732/3719 1662/3530 2010/4370
f 1754/3778 1732/3720 2013/4376
f 1767/3799 1733/3724 2012/4375
f 1728/3707 2011/4373 991/2049
f 1731/3717 2016/4379 2018/4383
f 1138/2277 1729/3711 2020/4385
f 1753/3776 1730/3714 2017/4381
f 1790/3858 2021/4388 2017/4382
f 1753/3776 2019/4384 2016/4380
f 1768/3801 2018/4383 2020/4386
f 1769/3803 2026/4395 2023/4391
f 1740/3745 1756/3781 2025/4394
f 1739/3741 1663/3533 2027/4397
f 1756/3781 1739/3742 2024/4393
f 1740/3746 2022/4390 2026/4395
f 1735/3729 2023/4392 1635/3456
f 1736/3732 1770/3805 2032/4404
f 1738/3738 1755/3779 2031/4403
f 1791/3861 2033/4406 2030/4402
f 1755/3779 1737/3736 2030/4402
f 1736/3733 2028/4399 2034/4408
f 1770/3805 1738/3739 2029/4401
f 1786/3846 2037/4413 2036/4411
f 1783/3840 2039/4415 2035/4409
f 1780/3830 1792/3864 2040/4417
f 1780/3831 2038/4414 2037/4413
f 1781/3835 2036/4412 2039/4415
f 1136/2269 1777/3822 2035/4410
f 1785/3844 2045/4424 2041/4418
f 1784/3842 2044/4423 2043/4421
f 1782/3838 2046/4426 2042/4420
f 1778/3824 2042/4420 2045/4424
f 1776/3818 2043/4422 2047/4428
f 1779/3828 2041/4419 2044/4423
f 1823/3961 1833/3996 2050/4432
f 1834/3998 2049/4431 2048/4429
f 1906/4181 1676/3568 2053/4438
f 1833/3996 1824/3966 2048/4430
f 1143/2295 1823/3962 2051/4434
f 1906/4182 2052/4436 2049/4431
f 1850/4056 1866/4094 2057/4444
f 1847/4044 1858/4079 2056/4443
f 1848/4048 1671/3554 2054/4440
f 1866/4094 1847/4045 2058/4446
f 883/1822 1850/4057 2055/4442
f 1858/4079 1848/4049 2059/4448
f 1837/4007 1863/4088 2064/4455
f 1849/4052 1860/4082 2063/4454
f 1851/4059 1852/4062 2065/4457
f 1630/3444 1837/4008 2062/4453
f 1863/4088 1849/4053 2060/4450
f 1860/4082 1851/4060 2061/4451
f 1839/4014 1862/4086 2070/4464
f 1859/4080 2069/4463 2067/4460
f 1844/4033 1670/3551 2071/4466
f 1859/4080 1844/4034 2068/4462
f 1862/4086 1838/4011 2067/4461
f 1648/3489 1839/4015 2066/4459
f 1864/4090 2076/4473 2073/4468
f 1857/4077 2075/4472 2074/4470
f 1868/4098 2077/4475 2072/4467
f 1857/4077 1845/4037 2072/4467
f 1846/4041 2074/4471 2076/4473
f 1840/4019 2073/4469 2078/4477
f 1865/4092 2083/4484 2079/4478
f 1843/4030 1856/4075 2082/4483
f 1842/4026 1673/3560 2084/4486
f 1842/4027 2081/4482 2082/4483
f 1841/4023 2079/4479 1147/2303
f 1843/4031 2080/4481 2083/4484
f 1853/4065 1867/4096 2090/4495
f 1855/4072 1861/4084 2089/4494
f 1854/4068 1672/3557 2085/4488
f 1861/4084 1854/4069 2088/4493
f 1135/2265 1853/4066 2086/4490
f 1855/4073 2087/4492 2090/4495
f 1884/4142 2095/4502 2092/4498
f 1882/4138 2093/4500 2091/4496
f 1878/4131 1887/4148 2096/4504
f 884/1826 1869/4102 2092/4499
f 1877/4129 2091/4497 2095/4502
f 1878/4132 2094/4501 2093/4500
f 1871/4108 1883/4140 2102/4513
f 1881/4136 2101/4512 2099/4509
f 1874/4117 1674/3563 2103/4515
f 1874/4118 2100/4511 2101/4512
f 1883/4140 1870/4105 2099/4510
f 1657/3519 1871/4109 2098/4508
f 1885/4144 2109/4524 2106/4519
f 1876/4124 1880/4135 2108/4523
f 1675/3565 2104/4517 2105/4518
f 1875/4121 2105/4518 2108/4523
f 1885/4144 1876/4125 2107/4522
f 1872/4113 2106/4520 1640/3466
f 1886/4146 2112/4528 2110/4525
f 1826/3972 1879/4133 2111/4527
f 1832/3994 2115/4533 2114/4531
f 1829/3984 2114/4531 2111/4527
f 1827/3977 2110/4526 1641/3468
f 1826/3973 2113/4530 2112/4528
f 1905/4179 2119/4539 2118/4537
f 1828/3980 1895/4163 2120/4540
f 1830/3986 1836/4004 2121/4542
f 1905/4179 1830/3987 2116/4534
f 1831/3991 2118/4538 2120/4540
f 1647/3485 1828/3981 2117/4536
f 1904/4177 2126/4549 2122/4543
f 1893/4159 2125/4548 2123/4545
f 1667/3544 2127/4551 2124/4547
f 1904/4177 1820/3951 2124/4547
f 1818/3944 2123/4546 1018/2095
f 1817/3940 2122/4544 2125/4548
f 1901/4172 2132/4558 2130/4555
f 1892/4157 2131/4557 2129/4553
f 1811/3920 1816/3937 2133/4560
f 1901/4172 1811/3921 2128/4552
f 1813/3929 2129/4554 2134/4562
f 1810/3918 2130/4556 2131/4557
f 1903/4176 2140/4571 2138/4568
f 1894/4161 2139/4570 2137/4566
f 1821/3953 1666/3541 2135/4564
f 1903/4176 1821/3954 2136/4565
f 1822/3958 2138/4569 2139/4570
f 1646/3481 1819/3948 2137/4567
f 1907/4183 1911/4189 2144/4577
f 1910/4188 2143/4576 2142/4574
f 1677/3570 2146/4581 2145/4578
f 1909/4187 2142/4575 1148/2305
f 1910/4188 1907/4184 2141/4573
f 1908/4185 2145/4579 2144/4577
f 1814/3931 2147/4583 2151/4589
f 1891/4155 1812/3924 2148/4585
f 876/1802 1809/3914 2149/4587
f 1814/3932 1815/3934 2152/4591
f 1809/3915 1891/4155 2150/4588
f 1812/3925 1902/4174 2151/4589
f 1803/3893 1899/4169 2158/4600
f 1806/3904 1890/4153 2157/4599
f 1808/3911 2155/4596 2154/4594
f 1804/3897 2154/4594 2158/4600
f 1803/3894 2156/4598 2157/4599
f 875/1798 1806/3905 2153/4593
f 1900/4171 2163/4607 2159/4601
f 1889/4151 2162/4606 2161/4604
f 1669/3548 2164/4609 2160/4603
f 1802/3891 2161/4605 1008/2077
f 1889/4151 1805/3901 2159/4602
f 1807/3908 2160/4603 2163/4607
f 1896/4165 2170/4618 2167/4614
f 1793/3866 1873/4115 2169/4617
f 1665/3538 2165/4611 2168/4616
f 1794/3870 2168/4616 2170/4618
f 1795/3874 2167/4615 2169/4617
f 1656/3514 1793/3867 2166/4613
f 1702/3622 1759/3785 2175/4625
f 1748/3768 2174/4624 2172/4621
f 1660/3525 2176/4626 2173/4623
f 1748/3768 1706/3635 2173/4623
f 1759/3785 1701/3621 2172/4622
f 1698/3614 1702/3623 2171/4620
f 1760/3787 2181/4634 2179/4631
f 1749/3770 2180/4633 2177/4628
f 1713/3658 1718/3671 2182/4635
f 1700/3619 2179/4632 1633/3452
f 1711/3652 2177/4629 2181/4634
f 1749/3770 1713/3659 2178/4630
f 1712/3655 1762/3790 2186/4642
f 1747/3767 2185/4641 2183/4637
f 1710/3647 1787/3848 2188/4645
f 1762/3790 1709/3644 2183/4638
f 1712/3656 2184/4640 3093/6486
f 1747/3767 1710/3648 2187/4644
f 1763/3792 2191/4651 2190/4649
f 1151/2312 1715/3667 2190/4650
f 1714/3662 2192/4653 2191/4651
f 1714/3663 1750/3772 2193/4654
f 1983/4329 2194/4655 2189/4647
f 1650/3495 2189/4648 2193/4654
f 2213/4708 2202/4675 2200/4668
f 2215/4711 2201/4674 2202/4676
f 2216/4713 2204/4682 2238/4746
f 2214/4710 2203/4679 2241/4750
f 2200/4669 2202/4677 2252/4768
f 2203/4680 2255/4775 2254/4773
f 2238/4746 2204/4683 2205/4685
f 2202/4677 2201/4672 2253/4771
f 2217/4715 2208/4693 2233/4740
f 2218/4716 2207/4692 2229/4734
f 2233/4740 2208/4694 2196/4658
f 2229/4734 2207/4691 2223/4725
f 2219/4717 2209/4697 2222/4722
f 2237/4745 2221/4721 2206/4689
f 2222/4722 2209/4698 2198/4663
f 2236/4744 2206/4687 2197/4662
f 2212/4706 2200/4670 2224/4728
f 2200/4671 2251/4766 2250/4763
f 2227/4731 2220/4719 2211/4703
f 2211/4704 2249/4760 2228/4732
f 2224/4728 2250/4763 2249/4761
f 2220/4720 2225/4729 2224/4728
f 2226/4730 2228/4732 2223/4726
f 2227/4731 2226/4730 2207/4692
f 2208/4694 2229/4734 2231/4736
f 2230/4735 2229/4734 2208/4695
f 2206/4688 2233/4740 2232/4739
f 2234/4741 2233/4740 2206/4689
f 2209/4698 2236/4744 2235/4743
f 2219/4718 2237/4745 2236/4744
f 2201/4673 2238/4746 2240/4748
f 2239/4747 2238/4746 2201/4674
f 2204/4683 2241/4750 2254/4773
f 2242/4751 2241/4750 2204/4684
f 2302/4876 2244/4753 2255/4776
f 2243/4752 2302/4875 2203/4681
f 2308/4882 2248/4759 1916/4201
f 2307/4881 2308/4882 1968/4310
f 2245/4755 2307/4881 1649/3492
f 2256/4778 2245/4755 2194/4656
f 2188/4646 2244/4754 2256/4778
f 2255/4777 2244/4754 2188/4646
f 2254/4774 2255/4777 1787/3849
f 2205/4686 2254/4774 2182/4636
f 2240/4749 2205/4686 1718/3672
f 2253/4772 2240/4749 2176/4627
f 2252/4769 2253/4772 1660/3526
f 2251/4767 2252/4769 1658/3521
f 1989/4338 2250/4764 2251/4767
f 1744/3761 2249/4762 2250/4764
f 1914/4196 1955/4289 1962/4301
f 1915/4198 1916/4202 2248/4758
f 1955/4289 1915/4199 2246/4756
f 1995/4347 2228/4733 2249/4762
f 1789/3855 2223/4727 2228/4733
f 2231/4737 2223/4727 1789/3855
f 2196/4659 2231/4737 2002/4358
f 2010/4371 1662/3531 2198/4664
f 1664/3535 2199/4667 2198/4664
f 2516/5308 2264/4793 2265/4796
f 3096/6492 2261/4783 2264/4794
f 3098/6495 3095/6490 2265/4796
f 3098/6496 2263/4790 2272/4815
f 3097/6493 2492/5266 2272/4815
f 2288/4847 2274/4819 2276/4824
f 2288/4847 2289/4849 2275/4821
f 2290/4850 2291/4851 2276/4824
f 2281/4833 2283/4836 2279/4830
f 2280/4832 2282/4834 2266/4798
f 2283/4836 2280/4832 2278/4828
f 2274/4820 2280/4832 2283/4836
f 2275/4822 2282/4834 2280/4832
f 2273/4817 2276/4825 2283/4836
f 2277/4827 2279/4831 2286/4841
f 2278/4828 2266/4799 2285/4838
f 2279/4831 2278/4829 2287/4844
f 2263/4791 2265/4797 2291/4851
f 2261/4784 2289/4849 2288/4847
f 2264/4795 2288/4847 2291/4851
f 2268/4806 2271/4813 2295/4860
f 2267/4802 2296/4861 2295/4860
f 2267/4803 2270/4811 2297/4863
f 2292/4852 2298/4865 2293/4855
f 2262/4787 2293/4856 2297/4863
f 2300/4871 2299/4866 2302/4875
f 2302/4876 2299/4867 2301/4872
f 2244/4754 2301/4874 2303/4877
f 2303/4877 2304/4878 2245/4755
f 2245/4755 2304/4878 2305/4879
f 2305/4879 2306/4880 2308/4882
f 2312/4890 2313/4891 2309/4884
f 2314/4893 2312/4890 2310/4886
f 2286/4842 2287/4845 2312/4890
f 2287/4846 2285/4839 2313/4891
f 2310/4886 2309/4885 2315/4894
f 2311/4889 2310/4887 2317/4900
f 2321/4910 2322/4911 2318/4903
f 2323/4913 2321/4910 2319/4906
f 2316/4898 2317/4901 2321/4910
f 2317/4902 2315/4895 2322/4911
f 2319/4906 2318/4904 2324/4914
f 2320/4909 2319/4907 2326/4921
f 2324/4915 2301/4873 2299/4868
f 2325/4918 2326/4922 2299/4869
f 2666/5629 2738/5792 2334/4930
f 2334/4930 2636/5542 2746/5804
f 2746/5804 2638/5548 2745/5802
f 2745/5802 2666/5629 2334/4930
f 2335/4931 2257/4779 2329/4925
f 2636/5542 2334/4930 2337/4933
f 2337/4933 2635/5539 2763/5830
f 2763/5830 2694/5719 2757/5821
f 2757/5821 2636/5542 2337/4933
f 2339/4935 2327/4923 2258/4780
f 2259/4781 2471/5206 2637/5544
f 2776/5849 2705/5740 2769/5839
f 2259/4781 2637/5544 2776/5849
f 2635/5539 2337/4933 2259/4781
f 2776/5849 2769/5839 2635/5539
f 2517/5309 2340/4936 2259/4781
f 3096/6491 2298/4864 2340/4936
f 2313/4892 2332/4928 2330/4926
f 2266/4800 2282/4835 2339/4935
f 2315/4896 2330/4926 2335/4931
f 2282/4835 2275/4823 2327/4923
f 2318/4905 2336/4932 2306/4880
f 2322/4912 2335/4931 2336/4932
f 2285/4840 2331/4927 2332/4928
f 2301/4874 2324/4916 2306/4880
f 2306/4880 2305/4879 2304/4878
s 0
f 2876/6049 2338/4934 1690/3601
s 1
f 2360/4980 2343/4942 2344/4946
f 2360/4979 2362/4982 2342/4938
f 2357/4975 2346/4952 2348/4957
f 2358/4976 2347/4953 2346/4950
f 2351/4962 2352/4963 2345/4947
f 2351/4962 2349/4958 2350/4961
f 2346/4951 2351/4962 2353/4965
f 2346/4952 2347/4954 2352/4963
f 2349/4958 2345/4948 2354/4966
f 2349/4959 2356/4972 2355/4970
f 2343/4943 2342/4939 2358/4976
f 2343/4944 2357/4975 2359/4978
f 2222/4723 2199/4666 2362/4982
f 2210/4700 2222/4724 2360/4980
f 2364/4988 2363/4985 2367/4999
f 2363/4986 2365/4991 2368/5001
f 2365/4992 2369/5004 3112/6519
f 1678/3573 1964/4304 1694/3605
f 1694/3605 1925/4223 1679/3576
f 1694/3605 1964/4304 1687/3597
f 1687/3597 2248/4759 2308/4882
f 2375/5014 2376/5015 2372/5007
f 2375/5014 2373/5010 2374/5013
f 2356/4973 2375/5014 2377/5017
f 2356/4974 2354/4967 2376/5015
f 2373/5010 2372/5008 2378/5018
f 2373/5011 2380/5024 2379/5022
f 2384/5034 2385/5035 2381/5027
f 2384/5034 2382/5030 2383/5033
f 2380/5025 2384/5034 2386/5037
f 2380/5026 2378/5019 2385/5035
f 2382/5030 2381/5028 2387/5038
f 2382/5031 2389/5045 2388/5042
f 2389/5046 2387/5039 2365/4993
f 2389/5047 2363/4987 2364/4989
f 2399/5057 2390/5048 2391/5049
f 2403/5061 1693/3604 2390/5048
f 2362/4983 2404/5062 2400/5058
f 2376/5016 2395/5053 2392/5050
f 2199/4667 1664/3535 2404/5062
f 2345/4949 2403/5061 2394/5052
f 2345/4949 2352/4964 2402/5060
f 2378/5020 2393/5051 2398/5056
f 2352/4964 2347/4955 2397/5055
f 2381/5029 2399/5057 2401/5059
f 2342/4940 2400/5058 2396/5054
f 2385/5036 2398/5056 2399/5057
f 2347/4955 2358/4977 2396/5054
f 2354/4968 2394/5052 2395/5053
f 2372/5009 2392/5050 2393/5051
f 2387/5040 2401/5059 2369/5004
f 2401/5059 2391/5049 2370/5005
f 2469/5203 2406/5066 2415/5088
f 3104/6507 2414/5084 2435/5145
f 3104/6506 3103/6505 2409/5070
f 1537/3271 2416/5090 2405/5063
f 2405/5063 2412/5080 1536/3269
f 3115/6524 2419/5098 1565/3352
f 3119/6530 2422/5109 2432/5139
f 3120/6532 2424/5116 2437/5148
f 1539/3276 2421/5107 2436/5147
f 1562/3343 1567/3357 2420/5102
f 1569/3363 1564/3347 2423/5113
f 1539/3275 1540/3277 2425/5119
f 3114/6522 2410/5073 2424/5117
f 2451/5177 2426/5122 1588/3394
f 2455/5183 2454/5182 2427/5126
f 2452/5178 2428/5130 2438/5150
f 2453/5179 2429/5133 2428/5131
f 2455/5183 2434/5143 2426/5123
f 1564/3348 1562/3343 2433/5141
f 3116/6525 2432/5139 2419/5099
f 2405/5064 2469/5203 2430/5135
f 2456/5184 2438/5150 2427/5127
f 1543/3284 2436/5147 2420/5103
f 3117/6526 2437/5148 2422/5110
f 2406/5065 2523/5318 2435/5145
f 2446/5168 2449/5173 2444/5164
f 2447/5170 2448/5172 2443/5163
f 2450/5175 2411/5075 2440/5156
f 1604/3415 2447/5171 2441/5159
f 2448/5172 2446/5169 2439/5153
f 2445/5166 2440/5156 2444/5164
f 2428/5132 2445/5166 2449/5173
f 2434/5144 2427/5128 2446/5169
f 1588/3395 2426/5124 2447/5171
f 2429/5133 2450/5175 2445/5167
f 2426/5125 2434/5144 2448/5172
f 2427/5129 2438/5151 2449/5173
f 2436/5147 2456/5184 2454/5181
f 2423/5114 2433/5142 2455/5183
f 2421/5106 2425/5120 2453/5179
f 2421/5107 2452/5178 2456/5184
f 2433/5142 2420/5104 2454/5182
f 1571/3370 2423/5115 2451/5177
f 3100/6499 2461/5191 2457/5185
f 2407/5067 2408/5069 2460/5190
f 2413/5082 3101/6500 2462/5192
f 2407/5068 2459/5189 1570/3366
f 2408/5069 2418/5096 2457/5186
f 2413/5081 2458/5187 2461/5191
f 3111/6518 2468/5202 2465/5198
f 3110/6517 2467/5201 2464/5196
f 3108/6514 2463/5194 2466/5200
f 3107/6511 2466/5200 2468/5202
f 3106/6509 2465/5199 2467/5201
f 1542/3283 3109/6515 2464/5197
f 2509/5296 2476/5222 1599/3409
f 2510/5298 2479/5232 2486/5255
f 2511/5299 2481/5240 2490/5262
f 2506/5290 2503/5286 2478/5231
f 2505/5289 2502/5285 2477/5226
f 2504/5288 2480/5237 1554/3322
f 2503/5286 2507/5291 2482/5243
f 2511/5299 2508/5293 2472/5209
f 2496/5276 2493/5268 1550/3308
f 2500/5282 2499/5281 2483/5246
f 2501/5283 2497/5277 2484/5251
f 2497/5277 2498/5278 2495/5273
f 2496/5275 2500/5282 2494/5271
f 2504/5287 2505/5289 2487/5257
f 2512/5300 2486/5255 2476/5223
f 2501/5283 2491/5264 2483/5247
f 2502/5284 2506/5290 2489/5261
f 2513/5301 2490/5262 2479/5233
f 2483/5248 2491/5265 2270/4812
f 2493/5269 2494/5272 2271/4814
f 2495/5273 2292/4853 2262/4788
f 2493/5270 2268/4807 1549/3304
f 2494/5272 2483/5249 2267/4804
f 2484/5252 2262/4788 2270/4812
f 2477/5227 2489/5261 2501/5283
f 2480/5238 2487/5258 2500/5282
f 2482/5244 2498/5278 2497/5277
f 2489/5261 2478/5231 2497/5277
f 2487/5258 2477/5228 2499/5281
f 2480/5239 2496/5276 1552/3314
f 2479/5234 2490/5263 2506/5290
f 2476/5224 2486/5256 2505/5289
f 2481/5241 2472/5209 2507/5291
f 2476/5225 2504/5288 1558/3333
f 2486/5256 2479/5235 2502/5285
f 2490/5263 2481/5242 2503/5286
f 2488/5259 2513/5301 2510/5297
f 2485/5253 2512/5300 2509/5295
f 2474/5216 2471/5207 2508/5293
f 2474/5217 2511/5299 2513/5301
f 2475/5220 2510/5298 2512/5300
f 2473/5213 2509/5296 2514/5302
f 2292/4854 2495/5274 2498/5279
f 2482/5245 2507/5292 2340/4936
f 2340/4936 2507/5292 2472/5210
f 2259/4781 2340/4936 2508/5294
f 3113/6520 3103/6504 2368/5002
s 0
f 2369/5004 2371/5006 2411/5076
s 1
f 2429/5134 2453/5180 2425/5121
f 1540/3278 2462/5193 3121/6533
f 3123/6535 3124/6536 2463/5195
f 2518/5310 2515/5305 1547/3297
f 2268/4808 2518/5311 1544/3288
f 2518/5312 2268/4808 2294/4857
f 3099/6498 2519/5314 1546/3293
f 3099/6497 3097/6494 2269/4810
f 2431/5137 2416/5091 2521/5316
f 2417/5093 2431/5137 2524/5319
f 2366/4995 2417/5093 2522/5317
f 2416/5091 1537/3272 1535/3265
f 2520/5315 2388/5043 2364/4990
f 2443/5163 2439/5153 2540/5354
f 2444/5165 2440/5157 2539/5349
f 2411/5077 2533/5335 2539/5350
f 2537/5346 2530/5329 2442/5162
f 2616/5506 2611/5500 2541/5357
f 2614/5504 2612/5502 2544/5367
f 2613/5503 2546/5374 2567/5432
f 2605/5490 2543/5365 2566/5431
f 2607/5493 2604/5489 2542/5360
f 2528/5326 2606/5492 2545/5371
f 2609/5496 2547/5378 2543/5363
f 2610/5498 2535/5341 2546/5375
f 2603/5487 2597/5479 2548/5381
f 2601/5485 2600/5484 2551/5391
f 2598/5480 2553/5398 2569/5435
f 2587/5462 2588/5464 2550/5389
f 2586/5461 2584/5458 2549/5384
f 2590/5467 2585/5460 2552/5396
f 2588/5463 2589/5465 2555/5403
f 2598/5480 2599/5482 2554/5401
f 2580/5452 2579/5451 2558/5414
f 2578/5449 2556/5406 2531/5330
f 2577/5447 2557/5410 2570/5437
f 2582/5454 2534/5337 2557/5411
f 2580/5452 2564/5427 2556/5407
f 2585/5459 2586/5461 2563/5425
f 2601/5485 2562/5423 2548/5382
f 2606/5491 2607/5493 2561/5421
f 2611/5499 2614/5504 2560/5419
f 2441/5160 2443/5163 2559/5417
f 2579/5450 2581/5453 2570/5437
f 2584/5457 2587/5462 2568/5434
f 2600/5483 2602/5486 2569/5435
f 2608/5494 2566/5431 2542/5361
f 2615/5505 2567/5432 2544/5368
f 2439/5154 2444/5165 2565/5429
f 2592/5470 2595/5475 2576/5446
f 2594/5474 2575/5445 2573/5442
f 2596/5476 2536/5342 2572/5441
f 2529/5327 2593/5472 2573/5443
f 2594/5474 2592/5471 2571/5440
f 2591/5469 2572/5441 2576/5446
f 2549/5385 2568/5434 2581/5453
f 2563/5426 2580/5452 2578/5448
f 2555/5404 2582/5454 2577/5447
f 2550/5389 2577/5447 2581/5453
f 2552/5397 2578/5449 2583/5456
f 2563/5426 2549/5386 2579/5451
f 2571/5439 2576/5446 2587/5462
f 2575/5445 2586/5461 2585/5459
f 2572/5441 2536/5342 2589/5465
f 2574/5444 2573/5443 2585/5460
f 2575/5445 2571/5440 2584/5458
f 2576/5446 2572/5441 2588/5464
f 2553/5399 2591/5469 2595/5475
f 2562/5424 2551/5392 2592/5471
f 2526/5323 2548/5383 2593/5472
f 2553/5400 2554/5401 2596/5476
f 2562/5424 2594/5474 2593/5473
f 2551/5393 2569/5436 2595/5475
f 2566/5431 2602/5486 2600/5483
f 2545/5372 2561/5422 2601/5485
f 2543/5364 2547/5379 2599/5482
f 2543/5365 2598/5480 2602/5486
f 2561/5422 2542/5362 2600/5484
f 2525/5321 2545/5373 2597/5479
f 2567/5433 2608/5494 2604/5488
f 2541/5358 2560/5420 2607/5493
f 2535/5341 2609/5496 2605/5490
f 2538/5348 2541/5359 2606/5492
f 2560/5420 2544/5369 2604/5489
f 2546/5376 2605/5490 2608/5494
f 2565/5430 2615/5505 2612/5501
f 2537/5345 2559/5418 2614/5504
f 2533/5336 2610/5498 2613/5503
f 2565/5430 2539/5351 2613/5503
f 2559/5418 2540/5355 2612/5502
f 2532/5333 2537/5346 2611/5500
f 2555/5405 2589/5466 2536/5343
f 2596/5477 2554/5402 2370/5005
f 2370/5005 2555/5405 2536/5343
f 2370/5005 2391/5049 2534/5339
f 2534/5339 2582/5455 2555/5405
f 2338/4934 2876/6049 2885/6058
f 2621/5514 2631/5529 2640/5553
f 2718/5762 2653/5589 2642/5560
f 2724/5771 2654/5591 2649/5582
f 2726/5774 2626/5520 2644/5565
f 2652/5587 2648/5579 2722/5769
f 2717/5761 2650/5585 2641/5556
f 2722/5769 2648/5580 2633/5533
f 2716/5760 2641/5557 2671/5641
f 2714/5756 2642/5561 2650/5585
f 2721/5767 2649/5583 2652/5587
f 2720/5765 2644/5566 2654/5591
f 2715/5758 2640/5554 2653/5589
f 2711/5752 2658/5603 2639/5550
f 2707/5746 2657/5599 2643/5562
f 2656/5596 2634/5536 2712/5754
f 2643/5562 2656/5596 2708/5747
f 2659/5606 2658/5604 2711/5751
f 2709/5749 2639/5550 2657/5600
f 2620/5513 2630/5527 2645/5569
f 2731/5781 2655/5593 2647/5576
f 2736/5789 2667/5632 2665/5626
f 2739/5793 2629/5525 2661/5613
f 2670/5639 2664/5622 2734/5786
f 2651/5586 2646/5574 2730/5780
f 2734/5786 2664/5623 2673/5647
f 2730/5780 2646/5573 2672/5643
f 2735/5787 2661/5614 2667/5632
f 2727/5775 2645/5570 2655/5593
f 2728/5777 2647/5577 2651/5586
f 2665/5627 2670/5639 2737/5790
f 2770/5841 2627/5521 2681/5671
f 2622/5515 2617/5508 2679/5663
f 2762/5829 2701/5732 2691/5709
f 2768/5838 2700/5730 2680/5668
f 2775/5848 2702/5734 2688/5698
f 2777/5851 2618/5509 2682/5675
f 2696/5723 2687/5693 2773/5846
f 2698/5727 2686/5690 2764/5832
f 2761/5828 2699/5728 2693/5717
f 2755/5819 2697/5725 2690/5705
f 2756/5820 2704/5738 2689/5702
f 2623/5516 2619/5511 2692/5713
f 2678/5661 2706/5743 2751/5813
f 2624/5517 2674/5649 2675/5652
f 2749/5809 2677/5659 2676/5657
f 2751/5812 2706/5742 2638/5549
f 2773/5846 2687/5694 2705/5741
f 2690/5706 2636/5543 2757/5822
f 2760/5827 2693/5718 2694/5720
f 2686/5691 2635/5540 2769/5840
f 2485/5254 2703/5736 2685/5687
f 2470/5205 2628/5523 2683/5679
f 2488/5260 2695/5722 2684/5683
f 2684/5684 2637/5545 2471/5208
f 2475/5221 2685/5688 2695/5722
f 2676/5658 2678/5661 2748/5808
f 2752/5814 2689/5703 2697/5725
f 2759/5825 2691/5710 2699/5728
f 2766/5835 2680/5669 2698/5727
f 2772/5844 2688/5699 2696/5723
f 2473/5214 2683/5680 2703/5736
f 2747/5806 2675/5653 2677/5659
f 2754/5817 2692/5714 2704/5738
f 2771/5842 2682/5676 2702/5734
f 2765/5833 2681/5672 2700/5730
f 2758/5823 2679/5664 2701/5732
f 2669/5636 2662/5616 2744/5801
f 2632/5532 2660/5608 2743/5799
f 2742/5797 2668/5634 2663/5620
f 2662/5617 2666/5630 2745/5803
f 2663/5621 2669/5636 2741/5796
f 2743/5798 2660/5609 2668/5634
f 2653/5590 2709/5749 2707/5745
f 2631/5530 2713/5755 2711/5751
f 2650/5585 2710/5750 2708/5747
f 2641/5558 2708/5748 2712/5754
f 2642/5561 2707/5746 2710/5750
f 2640/5555 2711/5752 2709/5749
f 2715/5758 2718/5762 2654/5592
f 2649/5584 2714/5756 2717/5761
f 2648/5580 2716/5760 2719/5763
f 2652/5588 2717/5761 2716/5760
f 2654/5592 2718/5762 2714/5757
f 2621/5514 2715/5759 2644/5567
f 2645/5571 2720/5765 2724/5771
f 2647/5577 2721/5767 2723/5770
f 2722/5769 2725/5772 2672/5644
f 2723/5770 2722/5769 2646/5574
f 2630/5528 2726/5774 2720/5766
f 2655/5594 2724/5771 2721/5768
f 2665/5628 2728/5777 2729/5779
f 2661/5615 2727/5775 2731/5781
f 2664/5623 2730/5780 2732/5782
f 2729/5779 2730/5780 2664/5624
f 2667/5633 2731/5781 2728/5778
f 2629/5526 2620/5513 2727/5776
f 2733/5784 2737/5790 2669/5637
f 2660/5610 2735/5787 2736/5789
f 2734/5786 2738/5791 2666/5631
f 2737/5790 2734/5786 2662/5617
f 2739/5793 2735/5788 2660/5611
f 2668/5635 2736/5789 2733/5785
f 2675/5654 2743/5798 2742/5797
f 2740/5794 2741/5796 2678/5662
f 2706/5743 2744/5800 2745/5803
f 2677/5660 2742/5797 2740/5795
f 2674/5650 2625/5518 2743/5799
f 2741/5796 2744/5801 2706/5744
f 2692/5715 2747/5806 2749/5809
f 2750/5810 2748/5808 2697/5726
f 2690/5707 2751/5812 2746/5805
f 2704/5739 2749/5809 2750/5811
f 2619/5512 2624/5517 2747/5807
f 2697/5726 2748/5808 2751/5813
f 2679/5665 2754/5817 2756/5820
f 2691/5711 2752/5814 2755/5819
f 2753/5816 2757/5822 2694/5720
f 2623/5516 2754/5818 2679/5666
f 2701/5733 2756/5820 2752/5815
f 2699/5729 2755/5819 2753/5816
f 2681/5673 2758/5823 2762/5829
f 2680/5669 2759/5825 2761/5828
f 2686/5692 2760/5827 2763/5831
f 2698/5727 2761/5828 2760/5827
f 2700/5731 2762/5829 2759/5826
f 2627/5522 2622/5515 2758/5824
f 2682/5677 2765/5833 2768/5838
f 2766/5835 2767/5837 2696/5724
f 2764/5832 2769/5840 2705/5741
f 2767/5837 2764/5832 2687/5695
f 2702/5735 2768/5838 2766/5836
f 2618/5510 2770/5841 2765/5834
f 2683/5681 2771/5842 2775/5848
f 2685/5689 2772/5844 2774/5847
f 2773/5846 2776/5850 2637/5546
f 2774/5847 2773/5846 2684/5685
f 2628/5524 2777/5851 2771/5843
f 2703/5737 2775/5848 2772/5845
f 2779/5853 2785/5862 2791/5875
f 2842/5997 2804/5910 2793/5882
f 2848/6006 2805/5912 2800/5903
f 2850/6009 2782/5856 2795/5887
f 2803/5908 2799/5900 2846/6004
f 2841/5996 2801/5906 2792/5879
f 2846/6004 2799/5901 2787/5866
f 2840/5995 2792/5878 2822/5955
f 2793/5883 2801/5906 2841/5996
f 2845/6002 2800/5904 2803/5908
f 2844/6000 2795/5888 2805/5912
f 2839/5993 2791/5876 2804/5910
f 2835/5987 2809/5920 2790/5873
f 2831/5981 2808/5918 2794/5884
f 2832/5983 2807/5916 2788/5868
f 2794/5884 2807/5916 2832/5982
f 2837/5990 2810/5921 2809/5919
f 2833/5984 2790/5873 2808/5917
f 2778/5852 2784/5860 2796/5890
f 2855/6016 2806/5914 2798/5897
f 2860/6024 2818/5946 2816/5940
f 2783/5858 2812/5927 2859/6023
f 2821/5953 2815/5936 2858/6021
f 2853/6014 2802/5907 2797/5895
f 2858/6021 2815/5937 2824/5961
f 2854/6015 2797/5894 2823/5957
f 2859/6022 2812/5928 2818/5946
f 2851/6010 2796/5891 2806/5914
f 2852/6012 2798/5898 2802/5907
f 2816/5941 2821/5953 2861/6025
f 2872/6043 2829/5975 2830/5978
f 2780/5854 2825/5963 2826/5966
f 2873/6044 2828/5973 2827/5971
f 2875/6047 2830/5977 2789/5871
f 2874/6045 2827/5972 2829/5975
f 2871/6041 2826/5967 2828/5973
f 2820/5950 2813/5930 2868/6036
f 2786/5865 2811/5922 2867/6034
f 2866/6032 2819/5948 2814/5934
f 2868/6035 2813/5931 2817/5944
f 2814/5935 2820/5950 2865/6031
f 2867/6033 2811/5923 2819/5948
f 2804/5911 2833/5984 2831/5980
f 2785/5863 2837/5990 2835/5986
f 2834/5985 2832/5982 2792/5879
f 2792/5880 2832/5983 2836/5988
f 2793/5883 2831/5981 2834/5985
f 2791/5877 2835/5987 2833/5984
f 2839/5993 2842/5997 2805/5913
f 2800/5905 2838/5991 2841/5996
f 2799/5901 2840/5995 2843/5998
f 2803/5909 2841/5996 2840/5995
f 2805/5913 2842/5997 2838/5992
f 2782/5857 2779/5853 2839/5994
f 2796/5892 2844/6000 2848/6006
f 2798/5898 2845/6002 2847/6005
f 2846/6004 2849/6007 2823/5958
f 2847/6005 2846/6004 2797/5895
f 2784/5861 2850/6009 2844/6001
f 2806/5915 2848/6006 2845/6003
f 2816/5942 2852/6012 2853/6014
f 2812/5929 2851/6010 2855/6016
f 2815/5937 2854/6015 2856/6017
f 2853/6014 2854/6015 2815/5938
f 2818/5947 2855/6016 2852/6013
f 2783/5859 2778/5852 2851/6011
f 2857/6019 2861/6025 2820/5951
f 2811/5924 2859/6022 2860/6024
f 2813/5930 2858/6021 2862/6026
f 2861/6025 2858/6021 2813/5931
f 2863/6028 2859/6023 2811/5925
f 2819/5949 2860/6024 2857/6020
f 2826/5968 2867/6033 2866/6032
f 2864/6029 2865/6031 2829/5976
f 2830/5978 2868/6035 2869/6037
f 2828/5974 2866/6032 2864/6030
f 2825/5964 2781/5855 2867/6034
f 2865/6031 2868/6036 2830/5979
f 2658/5605 2871/6041 2873/6044
f 2657/5601 2874/6045 2872/6043
f 2656/5597 2875/6047 2870/6039
f 2639/5551 2873/6044 2874/6046
f 2659/5607 2780/5854 2871/6042
f 2643/5563 2872/6043 2875/6048
f 2738/5792 2673/5648 2333/4929
f 2671/5642 2341/4937 2333/4929
f 2333/4929 2673/5648 2732/5783
f 2732/5783 2672/5645 2725/5773
f 2725/5773 2633/5534 2719/5764
f 2719/5764 2671/5642 2333/4929
f 2333/4929 2732/5783 2725/5773
f 2634/5537 2341/4937 2671/5642
f 2817/5945 2328/4924 2341/4937
f 2341/4937 2634/5537 2870/6040
f 2870/6040 2789/5872 2869/6038
f 2869/6038 2817/5945 2341/4937
f 2824/5962 2877/6050 2328/4924
f 2328/4924 2817/5945 2862/6027
f 2327/4923 2259/4781 2337/4933
f 2856/6018 2823/5959 2849/6008
f 2849/6008 2787/5867 2843/5999
f 2843/5999 2822/5956 2878/6051
f 2878/6051 2877/6050 2824/5962
f 2856/6018 2849/6008 2843/5999
f 2878/6051 2824/5962 2856/6018
f 2836/5989 2788/5869 2879/6052
f 2879/6052 2878/6051 2822/5956
f 2334/4930 2257/4779 2258/4780
f 2881/6054 2880/6053 2333/4929
f 2328/4924 2882/6055 2881/6054
f 2883/6056 2882/6055 2328/4924
f 2878/6051 2884/6057 2883/6056
f 2879/6052 2885/6058 2884/6057
f 2333/4929 2880/6053 2257/4779
f 2308/4882 2329/4925 2886/6059
f 2257/4779 2880/6053 2886/6059
f 2881/6054 2882/6055 2886/6059
f 2882/6055 2883/6056 1694/3605
f 1694/3605 2883/6056 2884/6057
f 2876/6049 1692/3603 2884/6057
f 2260/4782 2885/6058 2879/6052
f 2931/6171 2981/6269 1696/3607
f 1696/3607 2902/6084 2989/6282
f 2989/6282 2903/6089 2988/6280
f 2988/6280 2931/6171 1696/3607
f 2898/6075 2905/6094 2958/6237
f 2961/6240 2918/6130 2907/6101
f 2967/6249 2919/6132 2914/6124
f 2969/6252 2895/6070 2909/6106
f 2917/6128 2913/6119 2965/6247
f 2960/6239 2915/6126 2906/6098
f 2913/6120 2900/6079 2968/6250
f 2906/6097 2936/6182 2962/6241
f 2907/6102 2915/6126 2960/6239
f 2914/6125 2917/6128 2966/6248
f 2963/6243 2909/6107 2919/6132
f 2905/6095 2918/6130 2961/6240
f 2923/6143 2904/6091 2952/6227
f 2950/6224 2922/6141 2908/6103
f 2921/6137 2901/6081 2955/6232
f 2908/6103 2921/6137 2951/6225
f 2924/6148 2923/6144 2954/6229
f 2952/6227 2904/6091 2922/6142
f 2891/6065 2897/6073 2910/6110
f 2974/6259 2920/6134 2912/6117
f 2979/6267 2932/6173 2930/6168
f 2982/6271 2896/6071 2926/6154
f 2935/6179 2929/6163 2977/6264
f 2916/6127 2911/6115 2973/6258
f 2977/6264 2929/6164 2938/6188
f 2911/6114 2937/6184 2975/6260
f 2978/6265 2926/6155 2932/6173
f 2970/6253 2910/6111 2920/6134
f 2912/6118 2916/6127 2972/6257
f 2930/6169 2935/6179 2980/6268
f 2943/6203 2949/6221 2994/6291
f 2893/6067 2939/6190 2940/6193
f 2992/6287 2942/6200 2941/6197
f 2949/6220 2903/6090 2989/6283
f 2993/6288 2941/6198 2943/6203
f 2990/6284 2940/6194 2942/6200
f 2934/6177 2927/6157 2987/6279
f 2899/6078 2925/6149 2986/6277
f 2985/6275 2933/6175 2928/6161
f 2987/6278 2927/6158 2931/6172
f 2928/6162 2934/6177 2984/6274
f 2986/6276 2925/6150 2933/6175
f 2918/6131 2952/6227 2950/6223
f 2898/6076 2956/6233 2954/6229
f 2953/6228 2951/6225 2906/6098
f 2906/6099 2951/6226 2955/6232
f 2950/6224 2953/6228 2915/6126
f 2905/6096 2954/6230 2952/6227
f 2958/6236 2961/6240 2919/6133
f 2957/6234 2960/6239 2917/6129
f 2959/6238 2962/6241 2900/6079
f 2960/6239 2959/6238 2913/6121
f 2919/6133 2961/6240 2957/6235
f 2892/6066 2958/6237 2909/6108
f 2910/6112 2963/6243 2967/6249
f 2964/6245 2966/6248 2916/6127
f 2965/6247 2968/6250 2937/6185
f 2966/6248 2965/6247 2911/6115
f 2897/6074 2969/6252 2963/6244
f 2920/6135 2967/6249 2964/6246
f 2971/6255 2972/6257 2935/6180
f 2926/6156 2970/6253 2974/6259
f 2929/6164 2973/6258 2975/6260
f 2972/6257 2973/6258 2929/6165
f 2932/6174 2974/6259 2971/6256
f 2896/6072 2891/6065 2970/6254
f 2976/6262 2980/6268 2934/6178
f 2925/6151 2978/6265 2979/6267
f 2927/6157 2977/6264 2981/6270
f 2980/6268 2977/6264 2927/6158
f 2982/6271 2978/6266 2925/6152
f 2933/6176 2979/6267 2976/6263
f 2940/6195 2986/6276 2985/6275
f 2941/6199 2983/6272 2984/6274
f 2949/6221 2987/6278 2988/6281
f 2942/6201 2985/6275 2983/6273
f 2939/6191 2894/6068 2986/6277
f 2984/6274 2987/6279 2949/6222
f 2946/6213 2990/6284 2992/6287
f 2944/6205 2993/6288 2991/6286
f 2994/6290 2989/6283 2902/6085
f 2948/6218 2992/6287 2993/6289
f 2890/6063 2893/6067 2990/6285
f 2991/6286 2994/6291 2945/6209
f 2996/6293 3002/6302 3006/6312
f 3052/6427 3018/6346 3008/6319
f 3058/6436 3019/6348 3014/6338
f 2999/6297 3009/6322 3054/6431
f 3017/6344 3013/6336 3056/6434
f 3051/6426 3015/6342 3007/6316
f 3013/6337 3004/6306 3059/6437
f 3007/6315 3032/6385 3053/6428
f 3048/6421 3008/6320 3015/6342
f 3055/6432 3014/6339 3017/6344
f 3054/6430 3009/6323 3019/6348
f 3006/6313 3018/6346 3052/6427
f 3045/6417 2556/5408 2564/5428
f 3041/6411 2558/5415 2570/5438
f 3042/6413 2557/5412 2534/5338
f 2570/5438 2557/5412 3042/6412
f 3047/6420 2531/5331 2556/5409
f 3043/6414 2564/5428 2558/5416
f 2995/6292 3001/6300 3010/6326
f 3065/6446 3020/6350 3012/6333
f 3070/6454 3028/6376 3026/6371
f 3000/6298 3022/6357 3069/6453
f 3031/6382 3025/6366 3068/6451
f 3016/6343 3011/6331 3064/6445
f 3068/6451 3025/6367 3034/6391
f 3011/6330 3033/6387 3066/6447
f 3069/6452 3022/6358 3028/6376
f 3061/6440 3010/6327 3020/6350
f 3062/6442 3012/6334 3016/6343
f 3026/6372 3031/6382 3071/6455
f 3039/6405 3040/6407 3085/6478
f 3035/6393 3036/6396 3081/6472
f 3083/6474 3038/6403 3037/6401
f 3040/6408 3005/6308 3080/6469
f 3037/6402 3039/6405 3082/6473
f 3081/6471 3036/6397 3038/6403
f 3030/6380 3023/6360 3078/6466
f 3003/6305 3021/6352 3077/6464
f 3076/6462 3029/6378 3024/6364
f 3078/6465 3023/6361 3027/6373
f 3024/6365 3030/6380 3075/6461
f 3077/6463 3021/6353 3029/6378
f 3018/6347 3043/6414 3041/6410
f 3002/6303 3047/6420 3045/6416
f 3044/6415 3042/6412 3007/6316
f 3007/6317 3042/6413 3046/6418
f 3008/6320 3041/6411 3044/6415
f 3006/6314 3045/6417 3043/6414
f 3049/6423 3052/6427 3019/6349
f 3014/6340 3048/6421 3051/6426
f 3050/6425 3053/6428 3004/6306
f 3017/6345 3051/6426 3050/6425
f 3052/6427 3048/6422 3014/6341
f 2996/6293 3049/6424 3009/6324
f 3010/6328 3054/6430 3058/6436
f 3012/6334 3055/6432 3057/6435
f 3056/6434 3059/6437 3033/6388
f 3057/6435 3056/6434 3011/6331
f 3001/6301 3060/6439 3054/6431
f 3020/6351 3058/6436 3055/6433
f 3062/6442 3063/6444 3031/6383
f 3022/6359 3061/6440 3065/6446
f 3025/6367 3064/6445 3066/6447
f 3063/6444 3064/6445 3025/6368
f 3028/6377 3065/6446 3062/6443
f 3000/6299 2995/6292 3061/6441
f 3067/6449 3071/6455 3030/6381
f 3021/6354 3069/6452 3070/6454
f 3068/6451 3072/6456 3027/6374
f 3071/6455 3068/6451 3023/6361
f 3073/6458 3069/6453 3021/6355
f 3029/6379 3070/6454 3067/6450
f 3036/6398 3077/6463 3076/6462
f 3074/6459 3075/6461 3039/6406
f 3078/6465 3079/6467 3005/6309
f 3038/6404 3076/6462 3074/6460
f 3035/6394 2998/6295 3077/6464
f 3075/6461 3078/6466 3040/6409
f 2923/6145 3081/6471 3083/6474
f 3084/6475 3082/6473 2908/6104
f 3085/6477 3080/6469 2901/6082
f 2904/6092 3083/6474 3084/6476
f 2997/6294 3081/6472 2923/6146
f 3082/6473 3085/6478 2921/6138
f 2938/6189 2888/6061 1696/3607
f 2936/6183 2889/6062 2888/6061
f 2888/6061 2938/6189 2975/6261
f 2975/6261 2937/6186 2968/6251
f 2968/6251 2900/6080 2962/6242
f 2962/6242 2936/6183 2888/6061
f 2888/6061 2975/6261 2968/6251
f 2901/6083 2889/6062 2936/6183
f 3027/6375 2887/6060 2889/6062
f 2889/6062 2901/6083 3080/6470
f 3080/6470 3005/6310 3079/6468
f 3079/6468 3027/6375 2889/6062
f 3034/6392 3086/6479 2887/6060
f 2887/6060 3027/6375 3072/6457
f 3066/6448 3033/6389 3059/6438
f 3059/6438 3004/6307 3053/6429
f 3053/6429 3032/6386 3087/6480
f 3087/6480 3086/6479 3034/6392
f 3066/6448 3059/6438 3053/6429
f 3087/6480 3034/6392 3066/6448
f 3046/6419 2534/5339 3088/6481
f 3088/6481 3087/6480 3032/6386
f 1693/3604 1696/3607 2887/6060
f 3088/6481 2390/5048 1693/3604
f 2391/5049 2390/5048 3088/6481
f 1096/2207 3092/6485 3093/6487
f 960/1983 3089/6482 3092/6485
f 837/1664 3089/6482 3091/6484
f 910/1884 3091/6484 3090/6483
f 1798/3882 1793/3867 3094/6488
f 3094/6489 1793/3867 1656/3515
s 0
f 1691/3602 1689/3600 1690/3601
s 1
f 2294/4858 3097/6494 3099/6497
f 2515/5306 3099/6498 1548/3300
f 2261/4785 3096/6491 2517/5309
f 2294/4859 2295/4860 2492/5266
f 2296/4861 3098/6496 2492/5266
f 2296/4862 2297/4863 3095/6490
f 2298/4865 3096/6492 2516/5307
f 2293/4856 2516/5308 3095/6490
f 1577/3381 3123/6535 3105/6508
f 2409/5071 3103/6504 3113/6520
f 2424/5118 2413/5081 3100/6499
f 2432/5140 2422/5111 2418/5096
f 2419/5100 2407/5068 1566/3355
f 2410/5073 3101/6500 2413/5082
f 2419/5101 2432/5140 2408/5069
f 2437/5149 3100/6499 2418/5097
f 2417/5094 2366/4996 2523/5318
f 2416/5092 2431/5138 2469/5203
f 2368/5003 3103/6505 3104/6506
f 2367/5000 3104/6507 2523/5318
f 2417/5095 2406/5066 2469/5203
f 2463/5195 3108/6513 3113/6520
f 3105/6508 3113/6520 3112/6519
f 1534/3262 2412/5080 3109/6515
f 2415/5089 3106/6509 3110/6517
f 2414/5085 3107/6511 3111/6518
f 2409/5072 3108/6514 3107/6512
f 2430/5136 3110/6517 3109/6516
f 2435/5146 3111/6518 3106/6510
f 2462/5193 3101/6501 3122/6534
f 2410/5074 3114/6521 3122/6534
f 3127/6541 3117/6526 3119/6529
f 3126/6540 3116/6525 3115/6523
f 3124/6537 3114/6522 3120/6531
f 1578/3383 3120/6532 3117/6526
f 1538/3274 3119/6530 3116/6525
f 3118/6527 3125/6539 3115/6524
f 2460/5190 2457/5186 1567/3357
f 2458/5187 1539/3276 1543/3284
f 1575/3377 1574/3376 1622/3433
f 3102/6503 1575/3377 1594/3402
f 1559/3336 1541/3281 3118/6528
f 3131/6547 3138/6557 3145/6575
f 3207/6738 3158/6611 3147/6582
f 3213/6747 3159/6613 3154/6605
f 3215/6750 3135/6552 3149/6587
f 3157/6609 3153/6601 3211/6745
f 3206/6737 3155/6607 3146/6579
f 3211/6745 3153/6602 3140/6562
f 3205/6736 3146/6578 3176/6664
f 3147/6583 3155/6607 3206/6737
f 3210/6743 3154/6606 3157/6609
f 3209/6741 3149/6588 3159/6613
f 3145/6576 3158/6611 3207/6738
f 3200/6728 3163/6625 3144/6572
f 3196/6722 3162/6621 3148/6584
f 3197/6724 3161/6618 3141/6565
f 3148/6584 3161/6618 3197/6723
f 3202/6731 3164/6628 3163/6626
f 3198/6725 3144/6572 3162/6622
f 3130/6546 3137/6555 3150/6591
f 3220/6757 3160/6615 3152/6598
f 3225/6765 3172/6654 3170/6648
f 3228/6769 3136/6553 3166/6635
f 3175/6660 3169/6645 3223/6762
f 3218/6755 3156/6608 3151/6596
f 3223/6762 3169/6646 3178/6669
f 3151/6595 3177/6666 3221/6759
f 3224/6763 3166/6636 3172/6654
f 3216/6751 3150/6592 3160/6615
f 3217/6753 3152/6599 3156/6608
f 3170/6649 3175/6660 3226/6766
f 2810/5921 3128/6543 3184/6685
f 2790/5873 3193/6714 3187/6698
f 2794/5884 3192/6712 3189/6706
f 3244/6795 3191/6710 3186/6694
f 3245/6796 3194/6716 3185/6690
f 3132/6548 3129/6544 3188/6702
f 3183/6683 3195/6719 3240/6789
f 3133/6549 3179/6671 3180/6674
f 3238/6785 3182/6681 3181/6679
f 3240/6788 3195/6718 3143/6570
f 3186/6695 3142/6567 3246/6797
f 3189/6707 3190/6708 2788/5868
f 3239/6786 3181/6680 3183/6683
f 3241/6790 3185/6691 3191/6710
f 2808/5918 3187/6699 3192/6712
f 3236/6782 3180/6675 3182/6681
f 3243/6793 3188/6703 3194/6716
f 2809/5920 3184/6686 3193/6714
f 3174/6659 3167/6638 3233/6777
f 3139/6560 3165/6630 3232/6775
f 3231/6773 3173/6656 3168/6641
f 3233/6776 3167/6639 3171/6651
f 3168/6642 3174/6659 3230/6772
f 3232/6774 3165/6631 3173/6656
f 3158/6612 3198/6725 3196/6721
f 3138/6558 3202/6731 3200/6727
f 3199/6726 3197/6723 3146/6579
f 3146/6580 3197/6724 3201/6730
f 3147/6583 3196/6722 3199/6726
f 3145/6577 3200/6728 3198/6725
f 3204/6734 3207/6738 3159/6614
f 3203/6732 3206/6737 3157/6610
f 3153/6602 3205/6736 3208/6740
f 3157/6610 3206/6737 3205/6736
f 3159/6614 3207/6738 3203/6733
f 3131/6547 3204/6735 3149/6589
f 3150/6593 3209/6741 3213/6747
f 3152/6599 3210/6743 3212/6746
f 3211/6745 3214/6749 3177/6667
f 3212/6746 3211/6745 3151/6596
f 3137/6556 3215/6750 3209/6742
f 3160/6616 3213/6747 3210/6744
f 3170/6650 3217/6753 3218/6755
f 3166/6637 3216/6751 3220/6757
f 3169/6646 3219/6756 3221/6759
f 3175/6661 3218/6755 3219/6756
f 3172/6655 3220/6757 3217/6754
f 3136/6554 3130/6546 3216/6752
f 3168/6643 3222/6760 3226/6766
f 3165/6632 3224/6763 3225/6765
f 3223/6762 3227/6767 3171/6652
f 3226/6766 3223/6762 3167/6639
f 3228/6769 3224/6764 3165/6633
f 3173/6657 3225/6765 3222/6761
f 3180/6676 3232/6774 3231/6773
f 3229/6770 3230/6772 3183/6684
f 3195/6719 3233/6776 3234/6778
f 3182/6682 3231/6773 3229/6771
f 3179/6672 3134/6550 3232/6775
f 3230/6772 3233/6777 3195/6720
f 3188/6704 3236/6782 3238/6785
f 3185/6692 3239/6786 3237/6784
f 3186/6696 3240/6788 3235/6780
f 3194/6717 3238/6785 3239/6787
f 3129/6545 3133/6549 3236/6783
f 3191/6711 3237/6784 3240/6789
f 3184/6687 3243/6793 3245/6796
f 3187/6700 3241/6790 3244/6795
f 3242/6792 3246/6797 3190/6708
f 3132/6548 3243/6794 3184/6688
f 3193/6715 3245/6796 3241/6791
f 3192/6713 3244/6795 3242/6792
f 3142/6568 3235/6781 3143/6571
f 3143/6571 3234/6779 3171/6653
f 3227/6768 3178/6670 2260/4782
f 3143/6571 3171/6653 3227/6768
f 2260/4782 3142/6568 3143/6571
f 2260/4782 2788/5869 3190/6709
f 3246/6798 3142/6568 2260/4782
f 3248/6800 3254/6809 3260/6824
f 3311/6954 3273/6860 3262/6831
f 3317/6963 3274/6862 3269/6853
f 3319/6966 3251/6803 3264/6836
f 3272/6859 3268/6849 3315/6961
f 3310/6953 3270/6856 3261/6827
f 3315/6961 3268/6850 3256/6814
f 3309/6952 3261/6828 3291/6913
f 3307/6948 3262/6832 3270/6856
f 3314/6959 3269/6854 3272/6859
f 3313/6957 3264/6837 3274/6862
f 3308/6950 3260/6825 3273/6860
f 3304/6944 3278/6874 3259/6821
f 3300/6938 3277/6871 3263/6833
f 3301/6940 3276/6867 3257/6816
f 3263/6833 3276/6867 3301/6939
f 3306/6947 3279/6877 3278/6875
f 3302/6941 3259/6821 3277/6872
f 3247/6799 3253/6807 3265/6840
f 3324/6973 3275/6864 3267/6847
f 3329/6981 3287/6903 3285/6897
f 3332/6985 3252/6805 3281/6884
f 3290/6910 3284/6893 3327/6978
f 3271/6857 3266/6845 3323/6972
f 3327/6978 3284/6894 3293/6919
f 3323/6972 3266/6844 3292/6915
f 3328/6979 3281/6885 3287/6903
f 3320/6967 3265/6841 3275/6864
f 3321/6969 3267/6848 3271/6857
f 3285/6898 3290/6910 3330/6982
f 3341/7000 3298/6932 3299/6935
f 3249/6801 3294/6920 3295/6923
f 3342/7001 3297/6930 3296/6928
f 3344/7004 3299/6934 3258/6820
f 3343/7002 3296/6929 3298/6932
f 3340/6998 3295/6924 3297/6930
f 3289/6907 3282/6887 3337/6993
f 3250/6802 3255/6812 3280/6879
f 3335/6989 3288/6905 3283/6891
f 3337/6992 3282/6888 3286/6902
f 3283/6892 3289/6907 3334/6988
f 3336/6990 3280/6880 3288/6905
f 3273/6861 3302/6941 3300/6937
f 3254/6810 3306/6947 3304/6943
f 3270/6856 3303/6942 3301/6939
f 3261/6829 3301/6940 3305/6946
f 3262/6832 3300/6938 3303/6942
f 3260/6826 3304/6944 3302/6941
f 3264/6838 3308/6950 3311/6954
f 3269/6855 3307/6948 3310/6953
f 3268/6850 3309/6952 3312/6956
f 3310/6953 3309/6952 3268/6851
f 3274/6863 3311/6954 3307/6949
f 3251/6804 3248/6800 3308/6951
f 3265/6842 3313/6957 3317/6963
f 3267/6848 3314/6959 3316/6962
f 3315/6961 3318/6965 3292/6916
f 3316/6962 3315/6961 3266/6845
f 3253/6808 3319/6966 3313/6958
f 3275/6865 3317/6963 3314/6960
f 3285/6899 3321/6969 3322/6971
f 3281/6886 3320/6967 3324/6973
f 3284/6894 3323/6972 3325/6975
f 3322/6971 3323/6972 3284/6895
f 3287/6904 3324/6973 3321/6970
f 3252/6806 3247/6799 3320/6968
f 3326/6976 3330/6982 3289/6908
f 3280/6881 3328/6979 3329/6981
f 3282/6887 3327/6978 3331/6984
f 3330/6982 3327/6978 3282/6888
f 3332/6985 3328/6980 3280/6882
f 3288/6906 3329/6981 3326/6977
f 3295/6925 3336/6990 3335/6989
f 3333/6986 3334/6988 3298/6933
f 3299/6935 3337/6992 3338/6995
f 3297/6931 3335/6989 3333/6987
f 3294/6921 3250/6802 3336/6991
f 3334/6988 3337/6993 3299/6936
f 3163/6627 3340/6998 3342/7001
f 3162/6623 3343/7002 3341/7000
f 3161/6619 3344/7004 3339/6997
f 3144/6573 3342/7001 3343/7003
f 3164/6629 3249/6801 3340/6999
f 3148/6585 3341/7000 3344/7005
f 3352/7017 3356/7026 3392/7128
f 3395/7131 3368/7060 3358/7033
f 3401/7140 3369/7062 3364/7054
f 3403/7143 3349/7011 3359/7036
f 3367/7058 3363/7049 3399/7138
f 3365/7056 3357/7031 3393/7129
f 3363/7050 3354/7020 3402/7141
f 3357/7030 3382/7098 3396/7132
f 3358/7034 3365/7056 3394/7130
f 3364/7055 3367/7058 3400/7139
f 3397/7134 3359/7037 3369/7062
f 3356/7027 3368/7060 3395/7131
f 3345/7006 3351/7014 3360/7040
f 3408/7150 3370/7064 3362/7047
f 3413/7158 3378/7090 3376/7085
f 3416/7162 3350/7012 3372/7071
f 3381/7096 3375/7080 3411/7155
f 3366/7057 3361/7045 3407/7149
f 3411/7155 3375/7081 3384/7106
f 3361/7044 3383/7101 3409/7151
f 3412/7156 3372/7072 3378/7090
f 3404/7144 3360/7041 3370/7064
f 3362/7048 3366/7057 3406/7148
f 3376/7086 3381/7096 3414/7159
f 3389/7121 3390/7123 3428/7182
f 3347/7008 3385/7108 3386/7111
f 3426/7178 3388/7118 3387/7115
f 3390/7122 3355/7024 3423/7174
f 3427/7179 3387/7116 3389/7121
f 3424/7175 3386/7112 3388/7118
f 3380/7094 3373/7074 3421/7170
f 3353/7019 3371/7066 3420/7168
f 3419/7166 3379/7092 3374/7078
f 3421/7169 3373/7075 3377/7089
f 3417/7163 3374/7079 3380/7094
f 3420/7167 3371/7067 3379/7092
f 3368/7061 2948/6219 2944/6206
f 2890/6064 2946/6214 3356/7028
f 2947/6217 2945/6210 3357/7031
f 2945/6211 2902/6086 3382/7099
f 2944/6207 2947/6217 3365/7056
f 2946/6215 2948/6219 3368/7061
f 3392/7127 3395/7131 3369/7063
f 3391/7125 3394/7130 3367/7059
f 3393/7129 3396/7132 3354/7020
f 3394/7130 3393/7129 3363/7051
f 3369/7063 3395/7131 3391/7126
f 3346/7007 3392/7128 3359/7038
f 3360/7042 3397/7134 3401/7140
f 3398/7136 3400/7139 3366/7057
f 3399/7138 3402/7141 3383/7102
f 3400/7139 3399/7138 3361/7045
f 3351/7015 3403/7143 3397/7135
f 3370/7065 3401/7140 3398/7137
f 3405/7146 3406/7148 3381/7097
f 3372/7073 3404/7144 3408/7150
f 3375/7081 3407/7149 3409/7151
f 3406/7148 3407/7149 3375/7082
f 3378/7091 3408/7150 3405/7147
f 3350/7013 3345/7006 3404/7145
f 3410/7153 3414/7159 3380/7095
f 3371/7068 3412/7156 3413/7158
f 3373/7074 3411/7155 3415/7161
f 3414/7159 3411/7155 3373/7075
f 3416/7162 3412/7157 3371/7069
f 3379/7093 3413/7158 3410/7154
f 3386/7113 3420/7167 3419/7166
f 3387/7117 3417/7163 3418/7165
f 3390/7123 3421/7169 3422/7172
f 3388/7119 3419/7166 3417/7164
f 3385/7109 3348/7009 3420/7168
f 3418/7165 3421/7170 3390/7124
f 3278/6876 3424/7175 3426/7178
f 3427/7179 3425/7177 3263/6834
f 3428/7181 3423/7174 3257/6817
f 3259/6822 3426/7178 3427/7180
f 3279/6878 3347/7008 3424/7176
f 3425/7177 3428/7182 3276/6868
s 0
f 1688/3599 3384/7107 3409/7152
f 3409/7152 3383/7103 3402/7142
f 3402/7142 3354/7021 3396/7133
f 3396/7133 3382/7100 2902/6087
f 2902/6087 1688/3599 3409/7152
f 3409/7152 3402/7142 3396/7133
s 1
f 3493/7279 3448/7213 3433/7188
f 3433/7188 3616/7446 3538/7340
f 3658/7503 3538/7340 3539/7341
f 3538/7340 3658/7503 3437/7196
f 3471/7252 3472/7253 3470/7251
f 3452/7218 3453/7221 3487/7272
f 3437/7196 3458/7228 3493/7279
f 3485/7270 3441/7201 3440/7199
f 3458/7228 3476/7258 3494/7280
f 3456/7226 3462/7236 3490/7276
f 3555/7362 3554/7361 3484/7269
f 3483/7268 3484/7269 3485/7270
f 3481/7266 3495/7283 3487/7272
f 3504/7294 3680/7529 3457/7227
f 3480/7265 3504/7294 3461/7235
f 3490/7276 3460/7232 3445/7210
f 3455/7224 3451/7217 3452/7219
f 3477/7261 3478/7262 3435/7193
f 3539/7341 3538/7340 3616/7446
f 3449/7215 3480/7265 3479/7264
f 3491/7277 3489/7275 3449/7215
f 3468/7248 3475/7257 3474/7256
f 3503/7293 3506/7296 3505/7295
f 3445/7210 3435/7193 3489/7275
f 3447/7212 3657/7501 3553/7360
f 3459/7231 3553/7360 3478/7262
f 3444/7208 3443/7206 3440/7200
f 3457/7227 3508/7298 3511/7301
f 3466/7245 3507/7297 3508/7298
f 3552/7359 3460/7233 3554/7361
f 3494/7280 3473/7254 3448/7213
f 3508/7298 3507/7297 3510/7300
f 3507/7297 3509/7299 3513/7303
f 3542/7344 3514/7304 3543/7345
f 3536/7338 3543/7345 3524/7317
s 0
f 3515/7305 3652/7496 3540/7342
f 3645/7486 3646/7487 3644/7485
s 1
f 3645/7486 3658/7503 3661/7506
f 3533/7332 3531/7328 3516/7306
s 0
f 3540/7342 3652/7496 3661/7506
s 1
f 3653/7497 3529/7325 3664/7511
f 3499/7288 3498/7287 3519/7311
f 3506/7296 3537/7339 3668/7515
f 3522/7315 3523/7316 3524/7317
f 3544/7347 3542/7344 3541/7343
f 3468/7248 3542/7344 3544/7347
f 3528/7322 3527/7321 3522/7315
f 3536/7338 3535/7337 3545/7348
f 3546/7349 3535/7337 3547/7351
f 3455/7224 3454/7222 3628/7461
f 3634/7470 3637/7476 3505/7295
f 3451/7217 3635/7471 3501/7290
f 3634/7470 3641/7482 3642/7483
s 0
f 3630/7465 3644/7485 3652/7496
s 1
f 3530/7326 3526/7320 3528/7322
f 3442/7205 3627/7460 3628/7461
f 3656/7500 3530/7327 3529/7325
f 3547/7351 3633/7469 3632/7467
f 3536/7338 3633/7469 3547/7351
f 3501/7291 3612/7442 3487/7272
f 3506/7296 3481/7266 3482/7267
f 3466/7245 3436/7194 3509/7299
f 3523/7316 3522/7315 3641/7482
f 3637/7476 3642/7483 3638/7478
f 3638/7477 3532/7330 3525/7318
f 3527/7321 3519/7312 3638/7478
f 3501/7291 3639/7480 3640/7481
f 3612/7442 3640/7481 3641/7482
f 3517/7308 3523/7316 3640/7481
f 3519/7311 3498/7287 3532/7330
f 3658/7503 3645/7486 3474/7256
f 3612/7442 3634/7470 3482/7267
f 3467/7246 3525/7318 3490/7276
f 3502/7292 3514/7304 3542/7344
f 3637/7476 3467/7247 3462/7237
f 3513/7303 3664/7511 3529/7325
f 3474/7256 3475/7257 3458/7229
s 0
f 3497/7286 3613/7443 3669/7516
s 1
f 3519/7312 3527/7321 3528/7322
f 3517/7308 3861/7979 3847/7941
s 0
f 3652/7496 3644/7485 3646/7487
s 1
f 3530/7327 3656/7500 3520/7313
f 3523/7316 3517/7308 3516/7306
f 3531/7328 3632/7467 3633/7469
f 3557/7364 3556/7363 3464/7241
f 3464/7241 3556/7363 3558/7365
f 3560/7367 3557/7364 3447/7212
f 3557/7364 3561/7368 3559/7366
f 3556/7363 3559/7366 3562/7369
f 3588/7408 3586/7405 3470/7251
s 0
f 3610/7440 3614/7444 3611/7441
s 1
f 3622/7454 3584/7403 3555/7362
f 3586/7405 3563/7370 3551/7358
f 3565/7372 3566/7374 3572/7382
f 3499/7288 3567/7375 3568/7377
f 3576/7387 3570/7380 3571/7381
f 3573/7383 3572/7382 3571/7381
f 3573/7383 3587/7406 3583/7402
f 3587/7406 3563/7370 3586/7405
f 3589/7409 3582/7401 3583/7402
f 3588/7408 3589/7409 3585/7404
f 3590/7410 3592/7413 3591/7412
f 3444/7208 3596/7420 3595/7418
f 3591/7412 3592/7413 3599/7424
f 3577/7390 3578/7392 3620/7452
f 3566/7374 3580/7397 3853/7961
f 3554/7361 3604/7433 3601/7427
f 3460/7233 3469/7250 3604/7433
f 3579/7393 3565/7372 3600/7426
f 3583/7402 3582/7401 3591/7412
f 3439/7198 3441/7202 3550/7356
f 3595/7418 3594/7417 3434/7192
f 3490/7276 3525/7318 3469/7249
f 3485/7270 3593/7415 3550/7357
f 3601/7427 3604/7433 3608/7438
f 3607/7437 3571/7381 3572/7382
f 3532/7330 3498/7287 3568/7377
f 3525/7318 3532/7330 3605/7434
f 3608/7438 3575/7386 3571/7381
f 3606/7436 3572/7382 3566/7374
f 3593/7415 3601/7427 3607/7437
f 3604/7433 3469/7250 3605/7435
f 3605/7435 3568/7378 3575/7386
f 3616/7446 3433/7189 3471/7252
f 3484/7269 3601/7427 3593/7415
s 0
f 3540/7342 3539/7341 3617/7447
s 1
f 3617/7447 3616/7446 3611/7441
s 0
f 3540/7342 3615/7445 3564/7371
s 1
f 3619/7451 3577/7390 3621/7453
f 3471/7252 3433/7189 3448/7214
s 0
f 3615/7445 3610/7440 3597/7422
s 1
f 3577/7390 3619/7451 3562/7369
f 3565/7372 3579/7393 3580/7397
f 3560/7367 3584/7403 3622/7454
f 3622/7454 3559/7366 3561/7368
f 3576/7387 3575/7386 3568/7378
f 3578/7391 3570/7380 3576/7387
f 3569/7379 3620/7452 3578/7392
s 0
f 3615/7445 3617/7447 3614/7444
f 3497/7286 3564/7371 3623/7455
s 1
f 3518/7310 3669/7516 3613/7443
f 3613/7443 3623/7455 3567/7376
f 3626/7458 3625/7457 3558/7365
f 3522/7315 3527/7321 3642/7483
f 3668/7515 3537/7339 3511/7301
f 3511/7301 3512/7302 3510/7300
f 3509/7299 3671/7518 3672/7519
s 0
f 3446/7211 3431/7186 3659/7504
f 3659/7504 3624/7456 3602/7429
f 3446/7211 3676/7523 3681/7531
f 3635/7472 3670/7517 3681/7531
s 1
f 3478/7262 3553/7360 3657/7502
f 3657/7502 3665/7512 3489/7275
f 3489/7275 3435/7193 3478/7262
f 3463/7240 3625/7457 3654/7498
f 3680/7530 3504/7294 3480/7265
f 3480/7265 3449/7215 3489/7275
f 3489/7275 3665/7512 3680/7530
f 3465/7244 3674/7521 3678/7527
f 3729/7683 3709/7616 3779/7800
f 3729/7684 3684/7536 3696/7574
f 3777/7797 3724/7667 3715/7637
f 3770/7785 3768/7782 3735/7698
f 3695/7570 3694/7569 3699/7583
f 3430/7185 3778/7798 3715/7637
f 3749/7733 3748/7731 3763/7774
f 3780/7802 3693/7563 3727/7676
f 3718/7652 3717/7649 3711/7623
f 3744/7723 3745/7724 3839/7914
f 3721/7662 3711/7624 3731/7687
f 3705/7603 3841/7919 3743/7720
f 3705/7604 3687/7544 3741/7717
f 3695/7570 3693/7564 3780/7804
f 3709/7617 3785/7811 3817/7875
f 3785/7812 3815/7870 3727/7677
f 3696/7575 3708/7615 3698/7579
f 3707/7609 3702/7590 3745/7724
f 3746/7727 3750/7735 3752/7740
f 3750/7736 3749/7734 3753/7742
f 3725/7671 3710/7621 3698/7580
f 3691/7557 3701/7588 3690/7553
f 3768/7782 3731/7687 3711/7625
f 3725/7672 3762/7772 3728/7680
f 3828/7895 3771/7786 3766/7779
f 3760/7768 3730/7686 3731/7687
f 3693/7566 3687/7545 3743/7721
f 3765/7777 3773/7790 3826/7891
f 3777/7797 3770/7785 3722/7664
f 3726/7675 3719/7657 3715/7638
f 3757/7758 3755/7752 3725/7673
f 3783/7807 3743/7721 3818/7878
f 3766/7780 3765/7778 3774/7793
f 3748/7732 3747/7729 3764/7775
f 3704/7600 3703/7595 3706/7607
f 3581/7399 3603/7431 3692/7561
f 3727/7678 3693/7565 3783/7808
f 3757/7759 3760/7769 3734/7696
f 3784/7809 3785/7813 3709/7618
f 3783/7808 3684/7537 3779/7801
f 3759/7765 3761/7770 3767/7781
f 3692/7562 3688/7549 3689/7550
f 3704/7601 3701/7589 3691/7558
f 3841/7918 3745/7725 3702/7591
f 3769/7784 3767/7781 3754/7743
f 3780/7803 3815/7871 3785/7813
f 3733/7694 3782/7806 3784/7810
f 3718/7653 3721/7663 3704/7602
f 3775/7794 3768/7782 3770/7785
f 3759/7765 3776/7796 3775/7794
f 3773/7791 3772/7788 3827/7892
f 3705/7605 3839/7915 3745/7726
f 3756/7756 3734/7697 3775/7794
f 3703/7596 3838/7911 3840/7916
f 3742/7719 3837/7910 3838/7912
f 3793/7829 3789/7820 3790/7822
f 3795/7833 3787/7816 3788/7818
f 3792/7827 3790/7823 3786/7814
f 3791/7825 3786/7815 3787/7817
f 3794/7831 3788/7819 3789/7821
f 3689/7550 3688/7549 3741/7718
f 3803/7849 3799/7840 3800/7842
f 3805/7853 3797/7836 3798/7838
f 3802/7847 3800/7843 3796/7834
f 3801/7845 3796/7835 3797/7837
f 3804/7851 3798/7839 3799/7841
f 3744/7722 3782/7806 3733/7694
f 3827/7893 3772/7789 3771/7787
f 3830/7898 3831/7900 3825/7888
f 3835/7906 3837/7910 3742/7719
f 3822/7884 3833/7902 3832/7901
f 3825/7888 3807/7856 3806/7854
f 3808/7857 3809/7858 3822/7884
f 3841/7919 3740/7714 3818/7879
f 3717/7650 3736/7700 3735/7698
f 3814/7867 3813/7866 3781/7805
f 3781/7805 3813/7866 3811/7862
f 3816/7872 3814/7868 3710/7622
f 3761/7770 3770/7785 3777/7797
f 3811/7863 3810/7860 3812/7864
f 3684/7538 3818/7880 3690/7554
f 3740/7715 3702/7592 3707/7610
f 3782/7806 3744/7723 3741/7718
f 3812/7865 3810/7861 3820/7882
f 3720/7659 3726/7675 3724/7667
f 3836/7908 3834/7905 3835/7907
f 3720/7659 3722/7664 3735/7698
f 3699/7584 3636/7474 3534/7335
f 3764/7776 3747/7730 3746/7728
f 3782/7806 3821/7883 3780/7804
f 3430/7185 3677/7526 3754/7744
f 3754/7744 3767/7781 3777/7797
f 3768/7782 3775/7794 3734/7697
f 3707/7611 3686/7542 3690/7555
f 3825/7889 3822/7885 3809/7859
f 3836/7909 3819/7881 3820/7882
f 3833/7903 3822/7885 3825/7889
s 0
f 3676/7523 3446/7211 3695/7570
f 3446/7211 3689/7550 3687/7546
f 3687/7546 3693/7566 3695/7570
f 3650/7491 3697/7577 3689/7550
f 3650/7491 3602/7429 3581/7400
s 1
f 3851/7952 3868/7993 3888/8029
f 3887/8028 3854/7962 3842/7921
f 3844/7928 3872/8003 3884/8025
f 3859/7974 3883/8024 3858/7972
f 3848/7942 3873/8005 3882/8023
f 3843/7924 3874/8008 3881/8022
f 3632/7468 3531/7329 3862/7980
f 3880/8019 3875/8011 3846/7936
f 3879/8017 3863/7983 3849/7947
f 3592/7414 3590/7411 3867/7990
f 3876/8013 3878/8016 3866/7989
f 3603/7432 3581/7400 3864/7985
f 3852/7957 3866/7988 3877/8015
f 3866/7988 3851/7953 3871/8000
f 3599/7425 3850/7951 3867/7991
f 3579/7394 3867/7991 3852/7958
f 3863/7982 3878/8016 3876/8013
f 3848/7943 3868/7992 3878/8016
f 3868/7992 3851/7954 3866/7989
f 3590/7411 3876/8014 3852/7959
f 3875/8012 3879/8017 3865/7987
f 3844/7929 3873/8006 3879/8018
f 3873/8007 3848/7944 3863/7983
f 3546/7350 3862/7981 3846/7937
f 3880/8020 3872/8004 3844/7929
f 3531/7329 3533/7333 3846/7938
f 3845/7932 3858/7973 3881/8022
f 3844/7930 3860/7976 3882/8023
f 3845/7933 3874/8009 3882/8023
f 3882/8023 3874/8009 3843/7925
f 3859/7975 3845/7934 3860/7977
f 3854/7963 3885/8026 3857/7970
f 3871/8001 3851/7955 3870/7999
f 3886/8027 3870/7999 3842/7922
f 3843/7926 3855/7966 3887/8028
f 3868/7993 3848/7945 3869/7995
f 3869/7996 3843/7927 3856/7968
f 3888/8030 3856/7968 3842/7923
f 3849/7948 3494/7281 3476/7259
f 3473/7255 3494/7282 3849/7949
f 3861/7979 3534/7336 3636/7475
f 3956/8165 3957/8167 3951/8156
f 3938/8129 3934/8121 3929/8112
f 3894/8041 3895/8043 3893/8040
f 3908/8069 3904/8061 3899/8052
f 3977/8207 3978/8210 3970/8193
f 3904/8062 3905/8063 3903/8060
f 3998/8249 3997/8247 3991/8235
f 3989/8232 3994/8241 3998/8250
f 3947/8147 3948/8150 3940/8133
f 3928/8109 3924/8101 3919/8092
f 3937/8127 3938/8130 3930/8114
f 3917/8087 3918/8089 3910/8074
f 3906/8065 3907/8067 3901/8056
f 3993/8239 3992/8237 3996/8246
f 3987/8227 3988/8229 3980/8214
f 3954/8161 3955/8163 3953/8160
f 3946/8145 3947/8148 3941/8136
f 3957/8168 3958/8169 3950/8153
f 3925/8103 3926/8105 3922/8098
f 3907/8068 3908/8070 3900/8054
f 3992/8238 3991/8236 3997/8248
f 4007/8267 4008/8269 4000/8254
f 4008/8270 4004/8261 3999/8252
f 3924/8102 3925/8104 3923/8100
f 3927/8107 3928/8110 3920/8094
f 3966/8185 3967/8187 3961/8175
f 3914/8081 3915/8083 3913/8080
f 3916/8085 3917/8088 3911/8076
f 3960/8174 3961/8176 3967/8188
f 3955/8164 3956/8166 3952/8158
f 3936/8125 3937/8128 3931/8116
f 3898/8049 3894/8042 3889/8032
f 3897/8047 3898/8050 3890/8034
f 3926/8106 3927/8108 3921/8096
f 3950/8154 3958/8170 3954/8162
f 3944/8141 3939/8132 3940/8134
f 3945/8143 3946/8146 3942/8138
f 3896/8045 3897/8048 3891/8036
f 3935/8123 3936/8126 3932/8118
f 3986/8225 3987/8228 3981/8216
f 3965/8183 3966/8186 3962/8178
f 3964/8181 3965/8184 3963/8180
f 3915/8084 3916/8086 3912/8078
f 3974/8201 3969/8192 3970/8194
f 3976/8205 3977/8208 3971/8196
f 3975/8203 3976/8206 3972/8198
f 3974/8202 3975/8204 3973/8200
f 3905/8064 3906/8066 3902/8058
f 3988/8230 3984/8221 3979/8212
f 3985/8223 3986/8226 3982/8218
f 3984/8222 3985/8224 3983/8220
f 3895/8044 3896/8046 3892/8038
f 3944/8142 3945/8144 3943/8140
f 3934/8122 3935/8124 3933/8120
f 4006/8265 4007/8268 4001/8256
f 4005/8263 4006/8266 4002/8258
f 4004/8262 4005/8264 4003/8260
f 3993/8240 3995/8244 3994/8242
f 3968/8190 3964/8182 3959/8172
f 3918/8090 3914/8082 3909/8072
s 0
f 4014/8276 4011/8273 4010/8272
f 4009/8271 4011/8273 4014/8276
f 4018/8280 4016/8278 4014/8276
f 4017/8279 4014/8276 4013/8275
f 4021/8283 4017/8279 4019/8281
f 4022/8284 4018/8280 4017/8279
f 4019/8281 4013/8275 4015/8277
f 4013/8275 4010/8272 4012/8274
f 4010/8272 4023/8285 4024/8286
f 4011/8273 4021/8283 4023/8285
f 4011/8273 4009/8271 4022/8284
f 4022/8284 4009/8271 4012/8274
f 4016/8278 4015/8277 4012/8274
f 4018/8280 4020/8282 4015/8277
f 4022/8284 4024/8286 4020/8282
s 1
f 4042/8322 4038/8313 4039/8315
f 4041/8320 4039/8316 4035/8307
f 4044/8326 4036/8309 4037/8311
f 4040/8318 4035/8308 4036/8310
f 4043/8324 4037/8312 4038/8314
f 4027/8292 4031/8299 4030/8297
f 4028/8294 4030/8298 4034/8305
f 4025/8288 4033/8303 4032/8301
f 4029/8296 4034/8306 4033/8304
f 4026/8290 4032/8302 4031/8300
f 4052/8342 4048/8333 4049/8335
f 4051/8340 4049/8336 4045/8327
f 4054/8346 4046/8329 4047/8331
f 4050/8338 4045/8328 4046/8330
f 4053/8344 4047/8332 4048/8334
f 4065/8368 4073/8383 4072/8381
f 4069/8376 4074/8385 4073/8384
f 4066/8370 4072/8382 4071/8379
f 4068/8374 4070/8377 4074/8386
f 4067/8372 4071/8380 4070/8378
f 4056/8350 4062/8361 4061/8359
f 4059/8356 4064/8365 4063/8363
f 4055/8348 4063/8364 4062/8362
f 4058/8354 4060/8357 4064/8366
f 4057/8352 4061/8360 4060/8358
f 4092/8422 4088/8413 4089/8415
f 4091/8420 4089/8416 4085/8407
f 4094/8426 4086/8409 4087/8411
f 4090/8418 4085/8408 4086/8410
f 4093/8424 4087/8412 4088/8414
f 4077/8392 4081/8399 4080/8397
f 4078/8394 4080/8398 4084/8405
f 4075/8388 4083/8403 4082/8401
f 4079/8396 4084/8406 4083/8404
f 4076/8390 4082/8402 4081/8400
f 4102/8442 4098/8433 4099/8435
f 4101/8440 4099/8436 4095/8427
f 4104/8446 4096/8429 4097/8431
f 4100/8438 4095/8428 4096/8430
f 4103/8444 4097/8432 4098/8434
f 4115/8468 4123/8483 4122/8481
f 4119/8476 4124/8485 4123/8484
f 4116/8470 4122/8482 4121/8479
f 4118/8474 4120/8477 4124/8486
f 4117/8472 4121/8480 4120/8478
f 4106/8450 4112/8461 4111/8459
f 4109/8455 4114/8466 4113/8463
f 4105/8448 4113/8464 4112/8462
f 4109/8456 4108/8453 4110/8458
f 4108/8454 4107/8452 4111/8460
f 4142/8522 4138/8513 4139/8515
f 4141/8520 4139/8516 4135/8507
f 4144/8526 4136/8509 4137/8511
f 4140/8518 4135/8508 4136/8510
f 4143/8524 4137/8512 4138/8514
f 4127/8492 4131/8499 4130/8497
f 4128/8494 4130/8498 4134/8505
f 4125/8488 4133/8503 4132/8501
f 4129/8496 4134/8506 4133/8504
f 4126/8490 4132/8502 4131/8500
f 4152/8542 4148/8533 4149/8535
f 4151/8540 4149/8536 4145/8527
f 4154/8546 4146/8529 4147/8531
f 4150/8538 4145/8528 4146/8530
f 4153/8544 4147/8532 4148/8534
f 4165/8568 4173/8583 4172/8581
f 4169/8576 4174/8585 4173/8584
f 4166/8570 4172/8582 4171/8579
f 4168/8574 4170/8577 4174/8586
f 4167/8572 4171/8580 4170/8578
f 4156/8550 4162/8561 4161/8559
f 4159/8555 4164/8566 4163/8563
f 4155/8548 4163/8564 4162/8562
f 4159/8556 4158/8554 4160/8557
f 4157/8552 4161/8560 4160/8558
f 4192/8622 4188/8613 4189/8615
f 4191/8620 4189/8616 4185/8607
f 4194/8626 4186/8609 4187/8611
f 4190/8618 4185/8608 4186/8610
f 4193/8624 4187/8612 4188/8614
f 4177/8592 4181/8599 4180/8597
f 4178/8594 4180/8598 4184/8605
f 4175/8588 4183/8603 4182/8601
f 4179/8596 4184/8606 4183/8604
f 4176/8590 4182/8602 4181/8600
f 4202/8642 4198/8633 4199/8635
f 4201/8640 4199/8636 4195/8627
f 4204/8646 4196/8629 4197/8631
f 4200/8638 4195/8628 4196/8630
f 4203/8644 4197/8632 4198/8634
f 4215/8668 4223/8683 4222/8681
f 4219/8676 4224/8685 4223/8684
f 4216/8670 4222/8682 4221/8679
f 4218/8674 4220/8677 4224/8686
f 4217/8672 4221/8680 4220/8678
f 4206/8650 4212/8661 4211/8659
f 4209/8656 4214/8665 4213/8663
f 4205/8648 4213/8664 4212/8662
f 4208/8654 4210/8657 4214/8666
f 4207/8652 4211/8660 4210/8658
f 4232/8702 4228/8693 4229/8695
f 4231/8700 4229/8696 4225/8687
f 4234/8706 4226/8689 4227/8691
f 4230/8698 4225/8688 4226/8690
f 4233/8704 4227/8692 4228/8694
f 4242/8722 4238/8713 4239/8715
f 4241/8720 4239/8716 4235/8707
f 4244/8725 4236/8710 4237/8711
f 4244/8726 4240/8718 4235/8708
f 4243/8724 4237/8712 4238/8714
f 4252/8741 4248/8734 4249/8735
f 4251/8740 4249/8736 4245/8727
f 4254/8746 4246/8729 4247/8731
f 4250/8738 4245/8728 4246/8730
f 4252/8742 4253/8744 4247/8732
f 4261/8759 4262/8762 4258/8753
f 4261/8760 4259/8756 4255/8747
f 4264/8766 4256/8749 4257/8751
f 4260/8758 4255/8748 4256/8750
f 4263/8764 4257/8752 4258/8754
f 4272/8782 4268/8773 4269/8775
f 4271/8780 4269/8776 4265/8767
f 4274/8786 4266/8769 4267/8771
f 4270/8778 4265/8768 4266/8770
f 4273/8784 4267/8772 4268/8774
f 4282/8802 4278/8793 4279/8795
f 4281/8800 4279/8796 4275/8787
f 4284/8806 4276/8789 4277/8791
f 4280/8798 4275/8788 4276/8790
f 4283/8804 4277/8792 4278/8794
f 4292/8822 4288/8813 4289/8815
f 4291/8820 4289/8816 4285/8807
f 4294/8826 4286/8809 4287/8811
f 4290/8818 4285/8808 4286/8810
f 4293/8824 4287/8812 4288/8814
f 4302/8842 4298/8833 4299/8835
f 4301/8840 4299/8836 4295/8827
f 4304/8846 4296/8829 4297/8831
f 4300/8838 4295/8828 4296/8830
f 4303/8844 4297/8832 4298/8834
s 0
f 4019/8281 4020/8282 4024/8286
f 4313/8855 4309/8851 4310/8852
f 4316/8858 4312/8854 4309/8851
f 4316/8858 4313/8855 4308/8850
f 4313/8855 4314/8856 4306/8848
f 4319/8861 4308/8850 4306/8848
f 4319/8861 4317/8859 4305/8847
f 4309/8851 4319/8861 4318/8860
f 4309/8851 4312/8854 4317/8859
f 4311/8853 4310/8852 4318/8860
f 4314/8856 4310/8852 4311/8853
f 4315/8857 4307/8849 4306/8848
f 4307/8849 4320/8862 4318/8860
f 4316/8858 4315/8857 4311/8853
f 4312/8854 4311/8853 4320/8862
f 4305/8847 4317/8859 4320/8862
f 4305/8847 4307/8849 4315/8857
s 1
f 4330/8882 4322/8865 4323/8867
f 4329/8880 4323/8868 4324/8869
f 4328/8878 4324/8870 4325/8871
f 4327/8876 4325/8872 4321/8863
f 4338/8898 4334/8889 4335/8891
f 4340/8902 4332/8885 4333/8887
f 4337/8896 4335/8892 4331/8883
f 4336/8894 4331/8884 4332/8886
f 4339/8900 4333/8888 4334/8890
f 4326/8874 4321/8864 4322/8866
f 4357/8936 4355/8931 4351/8923
f 4346/8914 4341/8903 4342/8905
f 4350/8922 4342/8906 4343/8907
f 4349/8920 4343/8908 4344/8909
f 4348/8918 4344/8910 4345/8911
f 4347/8916 4345/8912 4341/8904
f 4356/8934 4351/8924 4352/8925
f 4360/8942 4352/8926 4353/8927
f 4359/8940 4353/8928 4354/8929
f 4358/8938 4354/8930 4355/8932
f 4361/8943 4368/8950 4367/8949
f 4364/8946 4363/8945 4362/8944
f 4363/8945 4365/8947 4366/8948
f 4364/8946 4367/8949 4365/8947
f 4362/8944 4366/8948 4368/8950
f 4435/9084 4433/9079 4429/9071
f 4388/8990 4380/8973 4381/8975
f 4416/9046 4412/9037 4413/9039
f 4415/9044 4413/9040 4409/9031
f 4404/9022 4399/9011 4400/9013
f 4396/9006 4392/8997 4393/8999
f 4425/9064 4423/9059 4419/9051
f 4394/9002 4389/8991 4390/8993
f 4395/9004 4393/9000 4389/8992
f 4386/8986 4382/8977 4383/8979
f 4375/8964 4373/8959 4369/8951
f 4384/8982 4379/8971 4380/8974
f 4398/9010 4390/8994 4391/8995
f 4438/9090 4430/9073 4431/9075
f 4419/9052 4420/9053 4428/9069
f 4376/8966 4372/8957 4373/8960
f 4428/9070 4420/9054 4421/9055
f 4434/9082 4429/9072 4430/9074
f 4436/9086 4432/9077 4433/9080
f 4406/9026 4402/9017 4403/9019
f 4408/9030 4400/9014 4401/9015
f 4374/8962 4369/8952 4370/8953
f 4427/9068 4421/9056 4422/9057
f 4417/9048 4411/9035 4412/9038
f 4414/9042 4409/9032 4410/9033
f 4418/9050 4410/9034 4411/9036
f 4378/8970 4370/8954 4371/8955
f 4405/9024 4403/9020 4399/9012
f 4437/9088 4431/9076 4432/9078
f 4448/9110 4440/9093 4441/9095
f 4445/9104 4443/9099 4439/9091
f 4446/9106 4442/9097 4443/9100
f 4444/9102 4439/9092 4440/9094
f 4447/9108 4441/9096 4442/9098
f 4407/9028 4401/9016 4402/9018
f 4426/9066 4422/9058 4423/9060
f 4397/9008 4391/8996 4392/8998
f 4387/8988 4381/8976 4382/8978
f 4377/8968 4371/8956 4372/8958
f 4385/8984 4383/8980 4379/8972
f 4467/9148 4461/9135 4462/9137
f 4464/9141 4459/9132 4460/9133
f 4468/9150 4460/9134 4461/9136
f 4469/9152 4477/9167 4476/9165
f 4473/9160 4478/9169 4477/9168
f 4470/9154 4476/9166 4475/9163
f 4472/9158 4474/9161 4478/9170
f 4471/9156 4475/9164 4474/9162
f 4464/9142 4465/9144 4463/9139
f 4466/9146 4462/9138 4463/9140
f 4450/9114 4456/9125 4455/9123
f 4453/9120 4458/9129 4457/9127
f 4449/9112 4457/9128 4456/9126
f 4452/9118 4454/9121 4458/9130
f 4451/9116 4455/9124 4454/9122
f 4480/9174 4486/9185 4485/9183
f 4483/9180 4488/9189 4487/9187
f 4479/9172 4487/9188 4486/9186
f 4482/9178 4484/9181 4488/9190
f 4481/9176 4485/9184 4484/9182
f 4490/9194 4496/9205 4495/9203
f 4493/9199 4498/9210 4497/9207
f 4489/9192 4497/9208 4496/9206
f 4493/9200 4492/9198 4494/9201
f 4491/9196 4495/9204 4494/9202
f 4517/9248 4511/9235 4512/9237
f 4514/9242 4509/9231 4510/9233
f 4518/9250 4510/9234 4511/9236
f 4519/9252 4527/9267 4526/9265
f 4523/9259 4528/9270 4527/9268
f 4520/9254 4526/9266 4525/9263
f 4523/9260 4522/9258 4524/9261
f 4521/9256 4525/9264 4524/9262
f 4515/9244 4513/9239 4509/9232
f 4516/9246 4512/9238 4513/9240
f 4500/9214 4506/9225 4505/9223
f 4503/9220 4508/9229 4507/9227
f 4499/9212 4507/9228 4506/9226
f 4502/9218 4504/9221 4508/9230
f 4501/9216 4505/9224 4504/9222
f 4530/9274 4536/9285 4535/9283
f 4533/9279 4538/9290 4537/9287
f 4529/9272 4537/9288 4536/9286
f 4533/9280 4532/9278 4534/9281
f 4531/9276 4535/9284 4534/9282
f 4540/9294 4546/9305 4545/9303
f 4543/9300 4548/9309 4547/9307
f 4539/9292 4547/9308 4546/9306
f 4542/9298 4544/9301 4548/9310
f 4541/9296 4545/9304 4544/9302
f 4567/9348 4561/9335 4562/9337
f 4564/9342 4559/9331 4560/9333
f 4568/9350 4560/9334 4561/9336
f 4569/9352 4577/9367 4576/9365
f 4573/9360 4578/9369 4577/9368
f 4570/9354 4576/9366 4575/9363
f 4572/9358 4574/9361 4578/9370
f 4571/9356 4575/9364 4574/9362
f 4565/9344 4563/9339 4559/9332
f 4566/9346 4562/9338 4563/9340
f 4550/9314 4556/9325 4555/9323
f 4553/9320 4558/9329 4557/9327
f 4549/9312 4557/9328 4556/9326
f 4552/9318 4554/9321 4558/9330
f 4551/9316 4555/9324 4554/9322
f 4580/9374 4586/9385 4585/9383
f 4583/9380 4588/9389 4587/9387
f 4579/9372 4587/9388 4586/9386
f 4582/9378 4584/9381 4588/9390
f 4581/9376 4585/9384 4584/9382
f 4590/9394 4596/9405 4595/9403
f 4593/9400 4598/9409 4597/9407
f 4589/9392 4597/9408 4596/9406
f 4592/9398 4594/9401 4598/9410
f 4591/9396 4595/9404 4594/9402
f 4617/9448 4611/9435 4612/9437
f 4614/9442 4609/9431 4610/9433
f 4618/9450 4610/9434 4611/9436
f 4619/9452 4627/9467 4626/9465
f 4623/9460 4628/9469 4627/9468
f 4620/9454 4626/9466 4625/9463
f 4622/9458 4624/9461 4628/9470
f 4621/9456 4625/9464 4624/9462
f 4615/9444 4613/9439 4609/9432
f 4616/9446 4612/9438 4613/9440
f 4600/9414 4606/9425 4605/9423
f 4603/9420 4608/9429 4607/9427
f 4599/9412 4607/9428 4606/9426
f 4602/9418 4604/9421 4608/9430
f 4601/9416 4605/9424 4604/9422
f 4630/9474 4636/9485 4635/9483
f 4633/9480 4638/9489 4637/9487
f 4629/9472 4637/9488 4636/9486
f 4632/9478 4634/9481 4638/9490
f 4631/9476 4635/9484 4634/9482
f 4640/9494 4646/9505 4645/9503
f 4643/9500 4648/9509 4647/9507
f 4639/9492 4647/9508 4646/9506
f 4642/9498 4644/9501 4648/9510
f 4641/9496 4645/9504 4644/9502
