# Blender 3.4.0
# www.blender.org
o vines
v -47.670937 36.547245 -18.413944
v -47.670937 36.547245 -8.413944
v -46.470978 36.962036 1.586056
v -46.229477 27.910185 -18.413944
v -46.403572 27.910185 1.586056
v -47.670937 36.547245 -3.413944
v -47.670937 36.547245 -13.413944
v -47.551620 27.910185 -3.413944
v -47.432308 27.910185 -8.413944
v -46.830894 27.910185 -13.413944
v -59.255936 14.721871 10.000005
v -59.255936 14.721871 20.000004
v -58.055977 15.136660 30.000004
v -57.988571 6.084808 30.000004
v -59.255936 14.721871 25.000004
v -59.255936 14.721871 15.000005
v -59.136623 6.084808 25.000004
v -58.415890 6.084808 15.000005
v -59.017311 6.084808 20.000004
v -57.814476 6.084808 10.000005
v -59.255939 14.721871 -29.999996
v -59.255939 14.721871 -19.999996
v -58.055984 15.136660 -9.999995
v -59.017315 6.084808 -19.999996
v -57.988579 6.084808 -9.999995
v -59.255939 14.721871 -14.999995
v -59.255939 14.721871 -24.999996
v -59.136623 6.084808 -14.999995
v -58.415894 6.084808 -24.999996
v -57.814480 6.084808 -29.999996
v -91.650833 14.721871 -40.231342
v -90.779266 14.721871 -50.193291
v -91.103104 15.136660 -60.259819
v -93.086792 6.084808 -40.356976
v -91.016991 6.084808 -50.214088
v -91.170258 6.084808 -60.265694
v -90.343491 14.721871 -55.174263
v -91.215050 14.721871 -45.212318
v -90.462349 6.084808 -55.184666
v -90.904022 6.084808 -45.285530
v -96.583252 15.186859 -37.748852
v -94.329681 15.186859 -47.710800
v -95.441681 15.601646 -57.777328
v -97.425385 6.549796 -37.874485
v -94.567398 6.549796 -47.731598
v -95.508835 6.549796 -57.783203
v -94.682068 15.186859 -52.691772
v -95.553627 15.186859 -42.729828
v -94.800934 6.549796 -52.702175
v -95.242607 6.549796 -42.803040
v -49.255936 36.721874 10.000002
v -49.255936 36.721874 20.000002
v -48.055977 37.136658 30.000002
v -47.988571 28.084808 30.000002
v -49.255936 36.721874 25.000002
v -49.255936 36.721874 15.000002
v -49.136620 28.084808 25.000002
v -48.415890 28.084808 15.000002
v -49.017311 28.084808 20.000002
v -47.814476 28.084808 10.000002
v -49.255939 36.721874 -31.999998
v -49.255939 36.721874 -21.999998
v -48.055984 37.136658 -11.999998
v -47.814480 28.084808 -31.999998
v -47.988579 28.084808 -11.999998
v -49.255939 36.721874 -16.999998
v -49.255939 36.721874 -26.999998
v -49.017315 28.084808 -21.999998
v -49.136627 28.084808 -16.999998
v -48.415901 28.084808 -26.999998
v -115.312080 14.721871 -15.161792
v -106.510971 14.721871 -14.164816
v -96.690414 15.136660 -16.400112
v -115.462265 6.084808 -16.228664
v -106.535835 6.084808 -14.402143
v -101.538177 14.721871 -14.685751
v -111.483765 14.721871 -14.586613
v -96.697449 6.084808 -16.467154
v -101.550613 6.084808 -14.804416
v -111.352654 6.084808 -14.295230
v -121.030502 15.186859 -59.018433
v -110.821686 15.186859 -58.703590
v -101.151260 15.601646 -61.712627
v -105.999031 15.186859 -59.998264
v -115.944595 15.186859 -58.956394
v -106.011459 6.549796 -60.116928
v -115.813484 6.549796 -58.665012
v -110.846558 6.549796 -58.940918
v -121.067581 6.549796 -62.235268
v -101.158279 6.549796 -61.779667
v -147.887741 14.721871 -18.333975
v -138.059967 14.721871 -11.753025
v -128.010437 15.136660 -11.084456
v -147.621384 6.084808 -19.750612
v -138.015869 6.084808 -11.987542
v -133.146072 14.721871 -10.829094
v -143.927917 15.208684 -13.995724
v -133.124023 6.084808 -10.946352
v -143.885666 6.571621 -13.679007
v -129.350220 6.084808 -11.892394
v -99.750290 14.721871 -32.616707
v -104.579163 14.721870 -23.746876
v -109.894089 15.136660 -16.463024
v -109.835144 6.084808 -16.430325
v -107.519440 14.721871 -21.117878
v -102.868027 14.721871 -26.533281
v -107.415100 6.084808 -21.059999
v -104.370499 6.084807 -23.631117
v -97.093948 6.084808 -30.801973
v -103.181915 6.084808 -26.593010
vt 1.003906 0.746094
vt 0.761719 0.746094
vt 0.511719 0.746094
vt 1.003906 0.503906
vt 0.511719 0.503906
vt 0.636719 0.746094
vt 0.878906 0.746094
vt 0.636719 0.503906
vt 0.761719 0.503906
vt 0.878906 0.503906
vt 0.511719 0.746094
vt 0.753906 0.746094
vt 1.003906 0.746094
vt 1.003906 0.503906
vt 0.878906 0.746094
vt 0.632812 0.746094
vt 0.878906 0.503906
vt 0.632812 0.503906
vt 0.753906 0.503906
vt 0.511719 0.503906
vt 0.511719 0.746094
vt 0.753906 0.746094
vt 1.003906 0.746094
vt 0.753906 0.503906
vt 1.003906 0.503906
vt 0.878906 0.746094
vt 0.632812 0.746094
vt 0.878906 0.503906
vt 0.632812 0.503906
vt 0.511719 0.503906
vt 0.511719 0.746094
vt 0.753906 0.746094
vt 1.003906 0.746094
vt 0.511719 0.503906
vt 0.753906 0.503906
vt 1.003906 0.503906
vt 0.878906 0.746094
vt 0.632812 0.746094
vt 0.878906 0.503906
vt 0.632812 0.503906
vt 1.003906 0.746094
vt 0.761719 0.746094
vt 0.511719 0.746094
vt 1.003906 0.503906
vt 0.761719 0.503906
vt 0.511719 0.503906
vt 0.636719 0.746094
vt 0.878906 0.746094
vt 0.636719 0.503906
vt 0.878906 0.503906
vt 0.511719 0.746094
vt 0.753906 0.746094
vt 1.003906 0.746094
vt 1.003906 0.503906
vt 0.878906 0.746094
vt 0.632812 0.746094
vt 0.878906 0.503906
vt 0.632812 0.503906
vt 0.753906 0.503906
vt 0.511719 0.503906
vt 0.511719 0.746094
vt 0.753906 0.746094
vt 1.003906 0.746094
vt 0.511719 0.503906
vt 1.003906 0.503906
vt 0.878906 0.746094
vt 0.632812 0.746094
vt 0.753906 0.503906
vt 0.878906 0.503906
vt 0.632812 0.503906
vt 0.511719 0.746094
vt 0.753906 0.746094
vt 1.003906 0.746094
vt 0.511719 0.503906
vt 0.753906 0.503906
vt 0.878906 0.746094
vt 0.632812 0.746094
vt 1.003906 0.503906
vt 0.878906 0.503906
vt 0.632812 0.503906
vt 1.003906 0.746094
vt 0.761719 0.746094
vt 0.511719 0.746094
vt 0.636719 0.746094
vt 0.878906 0.746094
vt 0.636719 0.503906
vt 0.878906 0.503906
vt 0.761719 0.503906
vt 1.003906 0.503906
vt 0.511719 0.503906
vt 0.511719 0.746094
vt 0.753906 0.746094
vt 1.003906 0.746094
vt 0.511719 0.503906
vt 0.753906 0.503906
vt 0.878906 0.746094
vt 0.632812 0.746094
vt 0.878906 0.503906
vt 0.632812 0.503906
vt 1.003906 0.503906
vt 1.003906 0.746094
vt 0.761719 0.746094
vt 0.511719 0.746094
vt 0.511719 0.503906
vt 0.636719 0.746094
vt 0.878906 0.746094
vt 0.636719 0.503906
vt 0.761719 0.503906
vt 1.003906 0.503906
vt 0.878906 0.503906
s 0
f 2/2 8/8 6/6
f 6/6 5/5 3/3
f 1/1 10/10 7/7
f 7/7 9/9 2/2
f 12/12 17/17 15/15
f 15/15 14/14 13/13
f 11/11 18/18 16/16
f 16/16 19/19 12/12
f 22/22 28/28 26/26
f 26/26 25/25 23/23
f 21/21 29/29 27/27
f 27/27 24/24 22/22
f 32/32 39/39 37/37
f 37/37 36/36 33/33
f 31/31 40/40 38/38
f 40/40 32/32 38/38
f 45/45 47/47 42/42
f 47/47 46/46 43/43
f 44/44 48/48 41/41
f 50/50 42/42 48/48
f 52/52 57/57 55/55
f 55/55 54/54 53/53
f 51/51 58/58 56/56
f 56/56 59/59 52/52
f 62/62 69/69 66/66
f 66/66 65/65 63/63
f 61/61 70/70 67/67
f 67/67 68/68 62/62
f 72/72 79/79 76/76
f 76/76 78/78 73/73
f 71/71 80/80 77/77
f 80/80 72/72 77/77
f 88/88 84/84 82/82
f 84/84 90/90 83/83
f 81/81 87/87 85/85
f 87/87 82/82 85/85
f 92/92 98/98 96/96
f 96/96 100/100 93/93
f 91/91 99/99 97/97
f 99/99 92/92 97/97
f 102/102 107/107 105/105
f 105/105 104/104 103/103
f 101/101 110/110 106/106
f 110/110 102/102 106/106
f 2/2 9/9 8/8
f 6/6 8/8 5/5
f 1/1 4/4 10/10
f 7/7 10/10 9/9
f 12/12 19/19 17/17
f 15/15 17/17 14/14
f 11/11 20/20 18/18
f 16/16 18/18 19/19
f 22/22 24/24 28/28
f 26/26 28/28 25/25
f 21/21 30/30 29/29
f 27/27 29/29 24/24
f 32/32 35/35 39/39
f 37/37 39/39 36/36
f 31/31 34/34 40/40
f 40/40 35/35 32/32
f 45/45 49/49 47/47
f 47/47 49/49 46/46
f 44/44 50/50 48/48
f 50/50 45/45 42/42
f 52/52 59/59 57/57
f 55/55 57/57 54/54
f 51/51 60/60 58/58
f 56/56 58/58 59/59
f 62/62 68/68 69/69
f 66/66 69/69 65/65
f 61/61 64/64 70/70
f 67/67 70/70 68/68
f 72/72 75/75 79/79
f 76/76 79/79 78/78
f 71/71 74/74 80/80
f 80/80 75/75 72/72
f 88/88 86/86 84/84
f 84/84 86/86 90/90
f 81/81 89/89 87/87
f 87/87 88/88 82/82
f 92/92 95/95 98/98
f 96/96 98/98 100/100
f 91/91 94/94 99/99
f 99/99 95/95 92/92
f 102/102 108/108 107/107
f 105/105 107/107 104/104
f 101/101 109/109 110/110
f 110/110 108/108 102/102
o 2D_Trees
v -37.091129 35.162537 -83.668106
v -24.064514 35.162537 -64.662064
v -37.091129 66.480644 -83.668106
v -24.064514 66.480644 -64.662064
v -53.763008 36.585297 -97.443008
v -38.206642 36.585300 -78.872749
v -53.867035 70.982590 -95.689682
v -38.207272 70.585869 -78.870804
v -66.697449 34.009464 -106.947250
v -53.763008 34.009468 -92.202415
v -66.697449 63.322227 -106.947250
v -53.763008 63.322227 -92.202415
v -48.714527 36.585297 -84.175201
v -48.714672 70.585594 -84.174118
v -62.959915 34.009468 -95.592163
v -62.959915 63.322227 -95.592163
v -33.307522 35.162537 -70.182419
v -33.307522 66.480644 -70.182419
v -59.334915 70.525696 -77.823555
v -80.235100 56.260078 -120.033226
v -79.647339 70.471786 -115.800415
v -75.500244 69.637115 -96.090439
v -71.586243 59.389915 -122.640778
v -58.336533 61.644978 -81.930237
v -70.101555 61.623264 -96.304939
v -68.672508 76.063957 -123.927612
v -67.622383 79.329407 -92.136238
v -74.606140 51.577106 -98.908859
v -59.408222 56.774704 -79.585510
v -55.457275 75.545609 -82.553177
v -25.571880 82.713562 -67.272781
v -47.279964 77.560455 -68.367760
v -59.792076 74.114868 -85.322075
v -47.078625 66.329277 -75.646317
v -26.816860 67.305420 -66.045769
v -61.878273 67.439804 -94.989960
v -9.930231 59.175484 -62.176582
v -37.673557 54.324512 -65.381172
v -40.676212 77.948486 -62.012924
v -64.914818 75.672005 -79.001686
v -62.918999 57.936325 -80.234207
v -10.768270 76.911163 -59.786282
v -100.719788 32.959091 67.604080
v -120.000000 33.340946 65.000008
v -100.703979 64.286591 67.573044
v -119.251831 64.959213 64.024513
v -80.000000 35.000004 71.000000
v -99.280182 34.381851 68.395935
v -78.686630 70.247299 65.709091
v -98.632355 68.714958 67.066277
v -69.000000 32.343620 73.000008
v -85.000000 32.343624 69.999992
v -68.975685 61.721313 72.793114
v -84.341660 62.346451 67.876259
v -89.315735 34.759296 68.008263
v -86.056000 70.567688 59.184643
v -75.709900 32.183464 68.997910
v -75.692284 61.524895 68.911224
v -109.822586 33.336536 64.452583
v -107.973251 65.544327 61.581520
v -57.821560 71.032707 55.067993
v -12.519178 56.586990 53.973461
v -13.636432 68.848549 47.601227
v -37.343018 70.164581 47.388664
v -47.079834 57.588158 81.997894
v -84.811447 60.279137 61.441303
v -66.739151 59.811420 64.461472
v -49.787350 67.023193 70.020729
v -65.603905 69.158592 54.650303
v -34.364666 54.678173 58.330673
v -54.294235 60.567440 68.891670
v -82.402107 66.684875 53.307327
v -109.502090 72.563103 62.898792
v -91.568642 76.008690 56.365791
v -70.732712 72.563103 59.506908
v -97.114395 64.831284 65.096680
v -118.378792 65.624969 73.167503
v -72.773949 66.057198 67.661736
v -128.451187 56.132156 75.141388
v -111.539505 52.498512 65.563324
v -103.776749 68.602814 49.727512
v -80.814125 66.708839 49.468140
v -85.269890 56.132156 63.141388
v -128.075500 74.187935 71.033051
v -177.110672 32.209141 22.232002
v -181.904144 32.209141 -9.254999
v -177.110672 69.790871 22.232002
v -181.904144 69.790871 -9.254999
v -157.979263 34.111153 44.486652
v -175.969315 34.111153 21.046024
v -157.964493 74.913292 44.477802
v -175.969315 74.911156 21.046024
v -131.000015 31.412342 64.999992
v -145.133347 31.020157 50.028595
v -131.000015 66.587662 64.999992
v -145.133347 66.195480 50.028595
v -163.560150 34.111153 28.198162
v -163.021729 74.984856 27.976528
v -133.827042 31.020157 51.953148
v -133.827042 66.195480 51.953148
v -174.985168 32.209141 5.022979
v -174.985168 69.790871 5.022979
v -146.701324 69.524185 24.738804
v -123.340118 54.566059 61.400265
v -114.536591 70.444038 52.140450
v -128.948868 70.759506 39.475933
v -130.500778 61.476700 64.321320
v -158.843903 67.337624 33.422123
v -121.677399 77.441750 56.231705
v -132.684753 79.371422 39.322201
v -137.207123 51.902885 47.124172
v -152.216461 54.754059 30.048615
v -147.381271 79.466362 27.882656
v -182.804428 56.648987 -22.427612
v -175.053711 55.398216 4.098029
v -167.779709 83.389450 2.359939
v -158.355988 81.421692 25.773415
v -166.334290 59.732391 27.845989
v -174.303558 81.444786 -23.926830
v -143.011536 30.196894 58.005348
v -162.710892 30.196894 42.782501
v -143.011536 70.005630 58.005348
v -162.710892 70.005630 42.782501
v -149.861206 30.196894 44.120964
v -149.861206 70.005630 44.120964
v -145.960464 64.156715 43.329319
v -162.861938 82.166519 7.793851
v -141.806915 83.951431 19.449238
v -154.493271 67.163483 22.378441
v -177.367172 68.461014 9.816775
v -88.296906 28.442467 -139.629761
v -68.683777 34.229847 -124.747833
v -88.296906 66.024200 -139.629761
v -68.683777 71.811577 -124.747833
v -119.537392 28.323776 -126.308205
v -95.666290 28.323776 -131.347839
v -119.161942 69.248016 -125.621681
v -95.666290 69.123772 -131.347839
v -155.090149 25.232775 -116.469345
v -136.525223 25.232780 -126.072678
v -155.090149 60.408096 -116.469345
v -136.525223 60.408096 -126.072678
v -107.397926 28.323776 -122.075745
v -107.142548 69.229340 -121.514648
v -144.803238 25.232780 -114.673004
v -144.721161 60.435593 -114.578018
v -80.627731 28.442467 -126.192398
v -80.627731 66.024200 -126.192398
v -115.163651 64.016586 -112.147141
v -158.083603 50.122013 -108.843979
v -157.596329 64.490334 -108.141212
v -132.462021 68.260506 -101.649506
v -155.769562 55.689316 -120.570602
v -113.880775 61.550247 -122.421036
v -129.722504 58.381920 -118.877655
v -155.945801 80.864021 -123.252296
v -122.818314 74.453232 -106.238342
v -138.256104 47.663429 -110.037155
v -115.650932 49.389412 -112.849899
v -104.608345 74.548172 -110.143295
v -56.646275 58.474995 -110.468887
v -80.189972 74.156677 -101.793655
v -102.828514 78.966766 -117.049011
v -105.744873 57.041378 -130.167267
v -56.497997 74.302704 -93.976860
v -140.299194 24.409515 -123.158569
v -119.644081 24.409515 -135.390961
v -139.413620 64.489983 -121.985229
v -119.644081 64.218246 -135.390961
v -128.606445 24.409515 -121.889565
v -127.532150 64.602997 -120.247688
v -79.268684 77.248322 -109.089355
v -101.731102 79.033241 -100.452209
v -108.217354 61.376106 -111.989525
v -83.891525 62.673641 -121.437469
v -82.111473 58.497871 -121.227219
v -135.351379 51.553268 -114.390503
v -123.276207 66.721077 -98.658234
v -101.384125 72.647079 -93.442848
v -106.797745 50.857613 -110.375862
v -178.676987 24.797142 -85.563652
v -167.148972 24.797142 -113.085327
v -178.676987 62.378864 -85.563652
v -167.148972 62.378864 -113.085327
v -188.629456 25.440004 -53.158375
v -176.682312 25.440004 -99.239159
v -184.185669 82.789413 -51.853176
v -170.361557 82.919350 -94.726944
v -181.603424 29.971083 5.821805
v -185.171280 29.212282 -42.203796
v -163.086975 81.244400 0.932794
v -166.118958 80.599564 -39.879997
v -176.848358 25.440004 -71.986916
v -167.752350 83.076401 -67.599960
v -178.222427 29.556101 -19.924122
v -160.213745 80.891739 -20.946442
v -168.960266 24.797142 -95.800011
v -168.960266 62.378864 -95.800011
v -149.655258 97.526085 -42.508720
v -166.470154 85.879814 6.686330
v -148.657806 97.982285 -1.938639
v -144.718201 100.156967 -20.832993
v -174.741486 56.096428 -8.786922
v -184.049957 62.386436 -69.199142
v -180.137909 59.655876 -44.464661
v -169.810654 80.950920 -9.342575
v -164.305298 85.001976 -40.770943
v -165.038910 83.223557 -18.503551
v -170.458069 86.645699 -47.996605
v -154.748383 79.801346 -65.250786
v -150.679596 47.810143 -119.129578
v -163.510712 48.895195 -94.654160
v -158.873657 70.321739 -92.117599
v -171.495941 73.439499 -69.418327
v -173.716507 52.125683 -71.506042
v -147.766998 67.668648 -119.073952
v -184.605179 22.590191 -30.931393
v -185.825729 22.590191 -63.406754
v -184.605179 62.398918 -30.931393
v -185.825729 62.398918 -63.406754
v -179.984711 22.590191 -46.654152
v -179.984711 62.398918 -46.654152
v -183.208237 65.696182 -89.613907
v -167.639008 80.980194 -78.712700
v -133.402130 74.627380 -115.438118
v -148.512909 78.721924 -89.948433
v -163.070053 60.938549 -100.299515
v -145.986038 59.666870 -128.441711
v -186.136139 63.491211 -110.391884
v -153.683945 78.409500 -92.443787
v -183.103775 63.944099 -50.207382
v -169.651794 85.310440 -44.493107
v -148.510345 79.220596 -64.347122
v -177.129898 63.248444 -78.416245
v -15.800366 36.863884 66.645386
v -36.855721 35.831207 73.302849
v -17.709951 74.396431 66.427864
v -39.954216 73.927887 69.398972
v 9.278727 37.914513 61.368423
v -10.286350 37.914513 81.948715
v 8.773041 78.793091 60.800091
v -10.286350 78.714516 81.948715
v 36.589897 34.823509 36.676594
v 23.176041 34.823509 57.721333
v 33.307705 70.662918 34.896378
v 16.676693 71.248032 51.946884
v -2.825580 37.914513 65.809967
v -8.835320 78.926781 57.113148
v 26.900387 34.823509 42.027451
v 26.840887 70.012222 41.987816
v -28.352047 36.207203 63.527008
v -30.311970 73.750397 63.240314
v -1.031256 73.608902 53.386539
v 35.497360 57.466736 30.609241
v 24.289780 74.773422 25.154587
v 8.275347 76.815147 32.917152
v 38.870842 65.280052 42.076088
v 2.187443 71.260193 62.581879
v 14.929857 67.992134 52.547516
v 27.530947 80.673889 36.250378
v 8.646832 82.603561 43.355537
v 18.471180 54.527481 40.839725
v -0.268307 56.992989 53.791050
v 0.600691 92.515266 63.583561
v -57.110516 60.452347 74.458649
v -34.132843 78.309929 54.964748
v -12.059937 76.014908 54.235062
v -4.468970 63.535744 69.208214
v -58.736931 75.983078 56.485897
v 26.705513 34.000248 49.189392
v 12.272215 34.000248 73.975746
v 21.293694 74.229004 45.120911
v 12.272215 73.808983 73.975746
v 15.936842 34.000248 55.956646
v 13.583536 73.721153 53.718563
v -28.643370 85.398651 66.030190
v -12.724919 87.183571 47.981258
v -7.262731 70.969017 56.458717
v -24.451977 72.264374 76.097023
v -29.537884 59.201565 72.605682
v 14.480133 58.047630 41.524605
v 2.631347 72.240074 32.583736
v -19.189964 78.166077 38.087772
v -12.691503 57.351971 51.174961
v 54.055576 28.600494 20.205017
v 45.108227 28.600494 49.699539
v 54.055576 66.182220 20.205017
v 45.108227 66.182220 49.699539
v 60.029839 29.243357 -13.296285
v 52.339828 29.243357 34.676613
v 42.204796 77.327690 -13.549666
v 35.669716 77.327690 27.218319
v 19.945755 36.870811 -83.104164
v 48.935005 36.112019 -56.739864
v 8.920822 87.107880 -71.522987
v 33.556282 86.463043 -49.118252
v 50.048134 29.243357 7.629156
v 33.722198 77.327690 4.233046
v 29.389606 36.455830 -60.803165
v 16.946316 86.755219 -52.571304
v 45.345833 28.600494 32.216774
v 45.338333 66.183884 32.213367
v 8.151903 93.256058 -31.470423
v 0.480814 79.413834 -91.727669
v -26.077272 93.803787 -66.920868
v -12.037985 96.443878 -48.670944
v 9.436054 60.280495 -70.525970
v 52.462177 63.683472 -22.681793
v 32.786171 60.952911 -38.195061
v 4.118176 87.599876 -65.889381
v 20.710625 87.921440 -39.886036
v 25.756870 73.829254 -63.701614
v 56.730469 78.513710 -33.471104
v 42.845291 85.664825 -22.324528
v 30.218960 52.845642 57.628445
v 39.720020 51.594868 31.678223
v 20.755367 71.845642 23.051582
v 39.371941 77.805649 4.650874
v 46.793118 55.929035 7.389040
v 14.752297 69.518806 47.307487
v 52.912666 26.393545 -34.386189
v 57.049644 26.393545 -2.427049
v 52.912666 66.202278 -34.386189
v 57.049644 66.202278 -2.427049
v 49.749413 26.393545 -17.913452
v 49.749413 66.202278 -17.913452
v 66.494980 69.499535 29.621510
v 50.849045 84.212334 22.814583
v 21.739006 82.777710 63.723370
v 33.366554 86.872253 36.467899
v 47.936897 70.529282 42.862591
v 34.702053 69.257607 73.007004
v 52.337532 67.294571 39.863152
v 31.477894 81.357811 30.007233
v 41.417004 67.747452 -19.399906
v 25.621284 77.812813 -18.130732
v 21.791878 78.718536 4.045811
v 39.204567 67.051788 9.349561
v 32.030544 41.191998 -58.346596
v 48.691681 41.191998 -36.738785
v 31.866770 81.015663 -58.268280
v 48.364723 81.025917 -36.672516
v 36.426620 41.191998 -42.487442
v 36.426620 81.000732 -42.487442
v -12.900920 34.864193 -67.465958
v 9.335194 34.864193 -65.168350
v -12.900920 74.672920 -67.465958
v 9.335194 74.672920 -65.168350
v -2.787659 34.864193 -58.809853
v -2.787659 74.672920 -58.809853
v 23.575678 67.585571 -70.673332
v 9.969592 85.434761 -57.996910
v -34.542049 68.038467 -54.745373
v -37.494740 80.730400 -48.061951
v -15.072614 86.656410 -46.135109
v -5.708604 67.342804 -54.989410
v 10.377517 67.585571 -69.567940
v -3.399546 85.434761 -58.445530
v -46.994926 66.768097 -88.000832
v -48.575191 79.650818 -76.072968
v -30.853157 85.576828 -62.202374
v -22.717583 66.072433 -72.443253
v -26.164688 35.780109 -71.122520
v -7.747083 35.780109 -70.508339
v -26.164688 67.098221 -71.122520
v -7.747083 67.098221 -70.508339
v -17.044104 35.780109 -65.184555
v -17.044104 67.098221 -65.184555
v -166.963226 76.508194 8.613172
v -148.877625 91.225464 3.642273
v -129.623932 71.750717 47.188972
v -121.388641 82.236618 36.090912
v -129.944580 89.719467 15.783658
v -143.297028 73.074562 21.827503
v -148.253967 85.627785 -27.419895
v -168.417267 76.123413 12.492223
v -151.326996 83.179916 7.487240
v -146.278580 83.863693 -10.087328
v -165.613220 73.189148 -6.541395
v -166.494522 76.018394 -28.638000
v -163.267181 69.269897 -50.425751
v -172.205429 53.722858 -14.880514
v -166.452301 66.694916 -14.210644
v -161.214783 67.430077 -32.443928
v -169.389679 51.195343 -31.748711
v -170.170929 53.703407 -51.229595
v -145.896408 88.887268 -59.912239
v -163.710785 81.651688 -32.178898
v -148.603165 86.699028 -29.136169
v -144.152267 87.323769 -44.631050
v -162.532135 79.005447 -49.315052
v -154.763519 81.252831 -64.399780
v -161.789581 72.048958 -75.979935
v -171.704727 57.561321 -36.883301
v -165.369797 71.845200 -36.145691
v -159.602676 72.654694 -56.222870
v -168.604248 54.778206 -55.457352
v -169.464493 54.896088 -76.908264
v -96.521835 48.938339 -133.700256
v -98.678276 67.729485 -127.479111
v -59.212410 64.840767 -118.408173
v -81.445419 65.936752 -115.968796
v -81.844902 45.843742 -123.743591
v -61.295895 47.118866 -124.743423
v -69.253891 48.938339 -120.443268
v -74.276268 67.729485 -116.185524
v -44.920040 64.840767 -88.291992
v -65.272751 65.918968 -97.583405
v -61.687027 45.843742 -104.403015
v -43.489372 47.118866 -94.805794
v 49.028568 58.823128 -29.694386
v 41.298634 78.105011 -28.182034
v 48.093033 73.185959 10.830421
v 38.771816 75.440071 -8.306046
v 45.320076 55.139198 -12.466521
v 54.179096 55.165108 6.145434
v 44.335999 72.707512 -27.724758
v 25.641045 82.316734 -26.345943
v 30.573956 80.766205 7.764912
v 21.895412 82.131378 -9.124565
v 40.185089 71.018021 -10.297065
v 47.439621 72.183426 8.068504
v -44.926178 29.798649 74.137009
v -65.679718 29.798653 70.245689
v -45.276371 68.199554 71.863876
v -65.217201 69.232635 64.633316
v -53.629562 29.590914 68.945892
v -53.645611 67.560226 68.677856
v -90.082092 68.716095 71.512314
v -86.973373 82.056702 55.462440
v -38.227951 70.561745 69.047829
v -42.245865 82.025368 56.008068
v -66.115547 83.187012 49.489761
v -65.233849 68.467674 62.799946
vt 0.496094 0.753906
vt 0.253906 0.753906
vt 0.496094 0.996094
vt 0.253906 0.996094
vt 0.253906 0.753906
vt 0.496094 0.753906
vt 0.253906 0.996094
vt 0.496094 0.996094
vt 0.496094 0.753906
vt 0.253906 0.753906
vt 0.496094 0.996094
vt 0.253906 0.996094
vt 0.371094 0.753906
vt 0.371094 0.996094
vt 0.371094 0.753906
vt 0.371094 0.996094
vt 0.371094 0.753906
vt 0.371094 0.996094
vt 0.503906 0.503906
vt 0.996094 0.378906
vt 0.996094 0.503906
vt 0.746094 0.503906
vt 0.503906 0.378906
vt 0.996094 0.378906
vt 0.750000 0.378906
vt 0.503906 0.503906
vt 0.750000 0.503906
vt 0.753906 0.378906
vt 0.503906 0.378906
vt 0.996094 0.503906
vt 0.996094 0.503906
vt 0.750000 0.503906
vt 0.503906 0.503906
vt 0.750000 0.378906
vt 0.996094 0.378906
vt 0.503906 0.378906
vt 0.996094 0.378906
vt 0.750000 0.378906
vt 0.750000 0.503906
vt 0.503906 0.503906
vt 0.503906 0.378906
vt 0.996094 0.503906
vt 0.496094 0.753906
vt 0.253906 0.753906
vt 0.496094 0.996094
vt 0.253906 0.996094
vt 0.253906 0.753906
vt 0.496094 0.753906
vt 0.253906 0.996094
vt 0.496094 0.996094
vt 0.496094 0.753906
vt 0.253906 0.753906
vt 0.496094 0.996094
vt 0.253906 0.996094
vt 0.371094 0.753906
vt 0.371094 0.996094
vt 0.371094 0.753906
vt 0.371094 0.996094
vt 0.371094 0.753906
vt 0.371094 0.996094
vt 0.996094 0.503906
vt 0.503906 0.378906
vt 0.503906 0.503906
vt 0.750000 0.503906
vt 0.503906 0.378906
vt 0.996094 0.378906
vt 0.750000 0.378906
vt 0.503906 0.503906
vt 0.750000 0.503906
vt 0.750000 0.378906
vt 0.996094 0.378906
vt 0.996094 0.503906
vt 0.996094 0.503906
vt 0.750000 0.503906
vt 0.503906 0.503906
vt 0.750000 0.378906
vt 0.996094 0.378906
vt 0.503906 0.378906
vt 0.996094 0.378906
vt 0.750000 0.378906
vt 0.750000 0.503906
vt 0.503906 0.503906
vt 0.503906 0.378906
vt 0.996094 0.503906
vt 0.496094 0.753906
vt 0.253906 0.753906
vt 0.496094 0.996094
vt 0.253906 0.996094
vt 0.253906 0.753906
vt 0.496094 0.753906
vt 0.253906 0.996094
vt 0.496094 0.996094
vt 0.496094 0.753906
vt 0.253906 0.753906
vt 0.496094 0.996094
vt 0.253906 0.996094
vt 0.371094 0.753906
vt 0.371094 0.996094
vt 0.371094 0.753906
vt 0.371094 0.996094
vt 0.371094 0.753906
vt 0.371094 0.996094
vt 0.996094 0.503906
vt 0.503906 0.378906
vt 0.503906 0.503906
vt 0.750000 0.503906
vt 0.503906 0.378906
vt 0.996094 0.378906
vt 0.503906 0.503906
vt 0.750000 0.503906
vt 0.503906 0.503906
vt 0.750000 0.378906
vt 0.996094 0.378906
vt 0.996094 0.503906
vt 0.996094 0.378906
vt 0.750000 0.378906
vt 0.750000 0.503906
vt 0.503906 0.503906
vt 0.503906 0.378906
vt 0.996094 0.503906
vt 0.496094 0.753906
vt 0.253906 0.753906
vt 0.496094 0.996094
vt 0.253906 0.996094
vt 0.371094 0.753906
vt 0.371094 0.996094
vt 0.503906 0.378906
vt 0.750000 0.378906
vt 0.996094 0.503906
vt 0.750000 0.503906
vt 0.750000 0.378906
vt 0.996094 0.378906
vt 0.496094 0.753906
vt 0.253906 0.753906
vt 0.496094 0.996094
vt 0.253906 0.996094
vt 0.253906 0.753906
vt 0.496094 0.753906
vt 0.253906 0.996094
vt 0.496094 0.996094
vt 0.496094 0.753906
vt 0.253906 0.753906
vt 0.496094 0.996094
vt 0.253906 0.996094
vt 0.371094 0.753906
vt 0.371094 0.996094
vt 0.371094 0.753906
vt 0.371094 0.996094
vt 0.371094 0.753906
vt 0.371094 0.996094
vt 0.996094 0.503906
vt 0.503906 0.378906
vt 0.503906 0.503906
vt 0.750000 0.503906
vt 0.503906 0.378906
vt 0.996094 0.378906
vt 0.503906 0.378906
vt 0.750000 0.378906
vt 0.503906 0.503906
vt 0.750000 0.503906
vt 0.503906 0.503906
vt 0.750000 0.378906
vt 0.996094 0.378906
vt 0.996094 0.503906
vt 0.996094 0.378906
vt 0.750000 0.503906
vt 0.996094 0.503906
vt 0.503906 0.503906
vt 0.503906 0.378906
vt 0.996094 0.503906
vt 0.496094 0.753906
vt 0.253906 0.753906
vt 0.496094 0.996094
vt 0.253906 0.996094
vt 0.371094 0.753906
vt 0.371094 0.996094
vt 0.996094 0.503906
vt 0.750000 0.503906
vt 0.750000 0.378906
vt 0.996094 0.378906
vt 0.750000 0.378906
vt 0.996094 0.378906
vt 0.503906 0.378906
vt 0.503906 0.503906
vt 0.750000 0.503906
vt 0.750000 0.378906
vt 0.496094 0.753906
vt 0.253906 0.753906
vt 0.496094 0.996094
vt 0.253906 0.996094
vt 0.253906 0.753906
vt 0.496094 0.753906
vt 0.253906 0.996094
vt 0.496094 0.996094
vt 0.496094 0.753906
vt 0.253906 0.753906
vt 0.496094 0.996094
vt 0.253906 0.996094
vt 0.371094 0.753906
vt 0.371094 0.996094
vt 0.371094 0.753906
vt 0.371094 0.996094
vt 0.371094 0.753906
vt 0.371094 0.996094
vt 0.503906 0.503906
vt 0.996094 0.378906
vt 0.996094 0.503906
vt 0.746094 0.503906
vt 0.503906 0.378906
vt 0.996094 0.378906
vt 0.750000 0.378906
vt 0.503906 0.503906
vt 0.750000 0.503906
vt 0.753906 0.378906
vt 0.503906 0.378906
vt 0.996094 0.503906
vt 0.996094 0.378906
vt 0.750000 0.378906
vt 0.750000 0.503906
vt 0.503906 0.503906
vt 0.503906 0.378906
vt 0.996094 0.503906
vt 0.496094 0.753906
vt 0.253906 0.753906
vt 0.496094 0.996094
vt 0.253906 0.996094
vt 0.371094 0.753906
vt 0.371094 0.996094
vt 0.503906 0.378906
vt 0.503906 0.503906
vt 0.996094 0.503906
vt 0.750000 0.503906
vt 0.750000 0.378906
vt 0.996094 0.378906
vt 0.996094 0.378906
vt 0.996094 0.503906
vt 0.503906 0.378906
vt 0.503906 0.503906
vt 0.750000 0.503906
vt 0.750000 0.378906
vt 0.496094 0.753906
vt 0.253906 0.753906
vt 0.496094 0.996094
vt 0.253906 0.996094
vt 0.253906 0.753906
vt 0.496094 0.753906
vt 0.253906 0.996094
vt 0.496094 0.996094
vt 0.496094 0.753906
vt 0.253906 0.753906
vt 0.496094 0.996094
vt 0.253906 0.996094
vt 0.371094 0.753906
vt 0.371094 0.996094
vt 0.371094 0.753906
vt 0.371094 0.996094
vt 0.371094 0.753906
vt 0.371094 0.996094
vt 0.996094 0.503906
vt 0.503906 0.378906
vt 0.503906 0.503906
vt 0.750000 0.503906
vt 0.503906 0.378906
vt 0.996094 0.378906
vt 0.503906 0.378906
vt 0.750000 0.378906
vt 0.503906 0.503906
vt 0.750000 0.503906
vt 0.503906 0.503906
vt 0.750000 0.378906
vt 0.996094 0.378906
vt 0.996094 0.503906
vt 0.996094 0.378906
vt 0.750000 0.503906
vt 0.996094 0.503906
vt 0.503906 0.503906
vt 0.503906 0.378906
vt 0.996094 0.503906
vt 0.496094 0.753906
vt 0.253906 0.753906
vt 0.496094 0.996094
vt 0.253906 0.996094
vt 0.371094 0.753906
vt 0.371094 0.996094
vt 0.996094 0.503906
vt 0.750000 0.503906
vt 0.750000 0.378906
vt 0.996094 0.378906
vt 0.750000 0.378906
vt 0.996094 0.378906
vt 0.503906 0.378906
vt 0.503906 0.503906
vt 0.750000 0.503906
vt 0.750000 0.378906
vt 0.496094 0.753906
vt 0.253906 0.753906
vt 0.496094 0.996094
vt 0.253906 0.996094
vt 0.253906 0.753906
vt 0.496094 0.753906
vt 0.253906 0.996094
vt 0.496094 0.996094
vt 0.496094 0.753906
vt 0.253906 0.753906
vt 0.496094 0.996094
vt 0.253906 0.996094
vt 0.371094 0.753906
vt 0.371094 0.996094
vt 0.371094 0.753906
vt 0.371094 0.996094
vt 0.371094 0.753906
vt 0.371094 0.996094
vt 0.996094 0.503906
vt 0.503906 0.378906
vt 0.503906 0.503906
vt 0.750000 0.503906
vt 0.503906 0.378906
vt 0.996094 0.378906
vt 0.750000 0.378906
vt 0.503906 0.503906
vt 0.750000 0.503906
vt 0.750000 0.378906
vt 0.996094 0.378906
vt 0.996094 0.503906
vt 0.996094 0.378906
vt 0.750000 0.378906
vt 0.750000 0.503906
vt 0.503906 0.503906
vt 0.503906 0.378906
vt 0.996094 0.503906
vt 0.496094 0.753906
vt 0.253906 0.753906
vt 0.496094 0.996094
vt 0.253906 0.996094
vt 0.371094 0.753906
vt 0.371094 0.996094
vt 0.503906 0.378906
vt 0.503906 0.503906
vt 0.996094 0.503906
vt 0.750000 0.503906
vt 0.750000 0.378906
vt 0.996094 0.378906
vt 0.996094 0.378906
vt 0.996094 0.503906
vt 0.503906 0.378906
vt 0.503906 0.503906
vt 0.750000 0.503906
vt 0.750000 0.378906
vt 0.496094 0.753906
vt 0.253906 0.753906
vt 0.496094 0.996094
vt 0.253906 0.996094
vt 0.371094 0.753906
vt 0.371094 0.996094
vt 0.496094 0.753906
vt 0.253906 0.753906
vt 0.496094 0.996094
vt 0.253906 0.996094
vt 0.371094 0.753906
vt 0.371094 0.996094
vt 0.996094 0.378906
vt 0.996094 0.503906
vt 0.503906 0.378906
vt 0.503906 0.503906
vt 0.750000 0.503906
vt 0.750000 0.378906
vt 0.996094 0.378906
vt 0.996094 0.503906
vt 0.503906 0.378906
vt 0.503906 0.503906
vt 0.750000 0.503906
vt 0.750000 0.378906
vt 0.496094 0.753906
vt 0.253906 0.753906
vt 0.496094 0.996094
vt 0.253906 0.996094
vt 0.371094 0.753906
vt 0.371094 0.996094
vt 0.503906 0.378906
vt 0.503906 0.503906
vt 0.996094 0.378906
vt 0.996094 0.503906
vt 0.746094 0.503906
vt 0.753906 0.378906
vt 0.503906 0.503906
vt 0.996094 0.378906
vt 0.996094 0.503906
vt 0.746094 0.503906
vt 0.753906 0.378906
vt 0.503906 0.378906
vt 0.503906 0.503906
vt 0.996094 0.378906
vt 0.996094 0.503906
vt 0.746094 0.503906
vt 0.753906 0.378906
vt 0.503906 0.378906
vt 0.503906 0.503906
vt 0.996094 0.378906
vt 0.996094 0.503906
vt 0.746094 0.503906
vt 0.753906 0.378906
vt 0.503906 0.378906
vt 0.503906 0.503906
vt 0.996094 0.378906
vt 0.996094 0.503906
vt 0.746094 0.503906
vt 0.753906 0.378906
vt 0.503906 0.378906
vt 0.503906 0.378906
vt 0.503906 0.503906
vt 0.996094 0.503906
vt 0.750000 0.503906
vt 0.750000 0.378906
vt 0.996094 0.378906
vt 0.503906 0.378906
vt 0.503906 0.503906
vt 0.996094 0.503906
vt 0.750000 0.503906
vt 0.750000 0.378906
vt 0.996094 0.378906
vt 0.503906 0.378906
vt 0.503906 0.503906
vt 0.996094 0.503906
vt 0.750000 0.503906
vt 0.750000 0.378906
vt 0.996094 0.378906
vt 0.996094 0.378906
vt 0.996094 0.503906
vt 0.503906 0.503906
vt 0.746094 0.503906
vt 0.753906 0.378906
vt 0.503906 0.378906
vt 0.253906 0.753906
vt 0.496094 0.753906
vt 0.253906 0.996094
vt 0.496094 0.996094
vt 0.378906 0.753906
vt 0.378906 0.996094
vt 0.503906 0.378906
vt 0.503906 0.503906
vt 0.996094 0.378906
vt 0.996094 0.503906
vt 0.746094 0.503906
vt 0.753906 0.378906
s 0
f 112/112 128/128 127/127
f 116/116 124/124 123/123
f 120/120 126/126 125/125
f 123/123 117/117 115/115
f 125/125 121/121 119/119
f 127/127 113/113 111/111
f 139/139 132/132 138/138
f 135/135 136/136 133/133
f 138/138 131/131 130/130
f 135/135 140/140 137/137
f 144/144 141/141 142/142
f 144/144 143/143 146/146
f 151/151 149/149 150/150
f 148/148 152/152 149/149
f 154/154 170/170 169/169
f 158/158 166/166 165/165
f 162/162 168/168 167/167
f 165/165 159/159 157/157
f 167/167 163/163 161/161
f 169/169 155/155 153/153
f 180/180 171/171 174/174
f 177/177 178/178 175/175
f 180/180 173/173 172/172
f 177/177 182/182 179/179
f 186/186 183/183 184/184
f 186/186 185/185 188/188
f 193/193 191/191 192/192
f 190/190 194/194 191/191
f 196/196 212/212 211/211
f 200/200 208/208 207/207
f 204/204 210/210 209/209
f 207/207 201/201 199/199
f 209/209 205/205 203/203
f 211/211 197/197 195/195
f 222/223 216/216 221/222
f 217/217 220/220 219/219
f 221/222 215/215 214/214
f 218/218 220/220 236/238
f 228/229 226/227 227/228
f 225/226 229/230 226/227
f 231/232 235/236 234/235
f 234/235 232/233 230/231
f 240/242 238/240 239/241
f 239/241 220/221 236/237
f 242/244 258/260 257/259
f 246/248 254/256 253/255
f 250/252 256/258 255/257
f 253/255 247/249 245/247
f 255/257 251/253 249/251
f 257/259 243/245 241/243
f 268/272 259/261 262/264
f 263/265 267/270 266/269
f 268/272 261/263 260/262
f 264/266 267/270 265/268
f 286/291 273/278 274/279
f 271/275 272/276 286/291
f 277/282 281/286 280/285
f 280/285 278/283 276/281
f 285/290 283/288 284/289
f 284/289 267/271 265/267
f 286/292 289/295 290/296
f 290/296 288/294 287/293
s 1
f 292/298 308/314 307/313
f 296/302 304/310 303/309
f 300/306 306/312 305/311
f 303/309 297/303 295/301
f 305/311 301/307 299/305
f 307/313 293/299 291/297
f 319/325 312/318 318/324
f 315/321 316/322 313/319
f 318/324 311/317 310/316
f 314/320 317/323 315/321
f 325/331 323/329 324/330
f 322/328 326/332 323/329
f 328/334 332/338 331/337
f 331/337 329/335 327/333
f 338/344 336/342 337/343
f 333/339 336/342 334/340
f 344/350 340/346 343/349
f 341/347 343/349 342/348
s 0
f 346/352 362/368 361/367
f 350/356 358/364 357/363
f 354/360 360/366 359/365
f 357/363 351/357 349/355
f 359/365 355/361 353/359
f 361/367 347/353 345/351
f 373/381 366/372 372/380
f 367/373 371/378 370/377
f 372/380 365/371 364/370
f 368/374 371/378 369/376
f 378/387 376/384 377/386
f 390/399 379/388 376/384
f 381/390 385/394 384/393
f 384/393 382/391 380/389
f 389/398 387/396 388/397
f 388/397 371/379 369/375
f 394/404 376/385 393/403
f 394/404 392/402 391/401
s 1
f 396/406 412/422 411/421
f 400/410 408/418 407/417
f 404/414 410/420 409/419
f 407/417 401/411 399/409
f 409/419 405/415 403/413
f 411/421 397/407 395/405
f 423/433 416/426 422/432
f 417/427 421/431 420/430
f 422/432 415/425 414/424
f 418/428 421/431 419/429
f 429/439 427/437 428/438
f 426/436 430/440 427/437
f 432/442 436/446 435/445
f 435/445 433/443 431/441
f 442/452 440/450 441/451
f 441/451 438/448 437/447
f 448/458 444/454 447/457
f 445/455 447/457 446/456
f 450/460 454/464 453/463
f 453/463 451/461 449/459
f 456/466 460/470 459/469
f 459/469 457/467 455/465
f 466/476 462/472 465/475
f 466/476 464/474 463/473
f 472/482 468/478 471/481
f 472/482 470/480 469/479
s 0
f 474/484 478/488 477/487
f 477/487 475/485 473/483
f 484/494 480/490 483/493
f 484/494 482/492 481/491
s 1
f 490/500 488/498 489/499
f 489/499 487/497 486/496
f 496/506 494/504 495/505
f 495/505 493/503 492/502
f 502/512 500/510 501/511
f 501/511 499/509 498/508
f 507/517 503/513 506/516
f 507/517 505/515 504/514
s 0
f 112/112 114/114 128/128
f 116/116 118/118 124/124
f 120/120 122/122 126/126
f 123/123 124/124 117/117
f 125/125 126/126 121/121
f 127/127 128/128 113/113
f 139/139 129/129 132/132
f 135/135 137/137 136/136
f 138/138 132/132 131/131
f 135/135 134/134 140/140
f 144/144 145/145 141/141
f 144/144 142/142 143/143
f 151/151 148/148 149/149
f 148/148 147/147 152/152
f 154/154 156/156 170/170
f 158/158 160/160 166/166
f 162/162 164/164 168/168
f 165/165 166/166 159/159
f 167/167 168/168 163/163
f 169/169 170/170 155/155
f 180/180 181/181 171/171
f 177/177 179/179 178/178
f 180/180 174/174 173/173
f 177/177 176/176 182/182
f 186/186 187/187 183/183
f 186/186 184/184 185/185
f 193/193 190/190 191/191
f 190/190 189/189 194/194
f 196/196 198/198 212/212
f 200/200 202/202 208/208
f 204/204 206/206 210/210
f 207/207 208/208 201/201
f 209/209 210/210 205/205
f 211/211 212/212 197/197
f 222/223 213/213 216/216
f 217/217 236/238 220/220
f 221/222 216/216 215/215
f 218/218 223/224 220/220
f 228/229 225/226 226/227
f 225/226 224/225 229/230
f 231/232 233/234 235/236
f 234/235 235/236 232/233
f 240/242 237/239 238/240
f 239/241 238/240 220/221
f 242/244 244/246 258/260
f 246/248 248/250 254/256
f 250/252 252/254 256/258
f 253/255 254/256 247/249
f 255/257 256/258 251/253
f 257/259 258/260 243/245
f 268/272 269/273 259/261
f 263/265 265/268 267/270
f 268/272 262/264 261/263
f 264/266 270/274 267/270
f 286/291 272/276 273/278
f 271/275 275/280 272/276
f 277/282 279/284 281/286
f 280/285 281/286 278/283
f 285/290 282/287 283/288
f 284/289 283/288 267/271
f 286/292 272/277 289/295
f 290/296 289/295 288/294
s 1
f 292/298 294/300 308/314
f 296/302 298/304 304/310
f 300/306 302/308 306/312
f 303/309 304/310 297/303
f 305/311 306/312 301/307
f 307/313 308/314 293/299
f 319/325 309/315 312/318
f 315/321 317/323 316/322
f 318/324 312/318 311/317
f 314/320 320/326 317/323
f 325/331 322/328 323/329
f 322/328 321/327 326/332
f 328/334 330/336 332/338
f 331/337 332/338 329/335
f 338/344 335/341 336/342
f 333/339 337/343 336/342
f 344/350 339/345 340/346
f 341/347 344/350 343/349
s 0
f 346/352 348/354 362/368
f 350/356 352/358 358/364
f 354/360 356/362 360/366
f 357/363 358/364 351/357
f 359/365 360/366 355/361
f 361/367 362/368 347/353
f 373/381 363/369 366/372
f 367/373 369/376 371/378
f 372/380 366/372 365/371
f 368/374 374/382 371/378
f 378/387 390/399 376/384
f 390/399 375/383 379/388
f 381/390 383/392 385/394
f 384/393 385/394 382/391
f 389/398 386/395 387/396
f 388/397 387/396 371/379
f 394/404 390/400 376/385
f 394/404 393/403 392/402
s 1
f 396/406 398/408 412/422
f 400/410 402/412 408/418
f 404/414 406/416 410/420
f 407/417 408/418 401/411
f 409/419 410/420 405/415
f 411/421 412/422 397/407
f 423/433 413/423 416/426
f 417/427 419/429 421/431
f 422/432 416/426 415/425
f 418/428 424/434 421/431
f 429/439 426/436 427/437
f 426/436 425/435 430/440
f 432/442 434/444 436/446
f 435/445 436/446 433/443
f 442/452 439/449 440/450
f 441/451 440/450 438/448
f 448/458 443/453 444/454
f 445/455 448/458 447/457
f 450/460 452/462 454/464
f 453/463 454/464 451/461
f 456/466 458/468 460/470
f 459/469 460/470 457/467
f 466/476 461/471 462/472
f 466/476 465/475 464/474
f 472/482 467/477 468/478
f 472/482 471/481 470/480
s 0
f 474/484 476/486 478/488
f 477/487 478/488 475/485
f 484/494 479/489 480/490
f 484/494 483/493 482/492
s 1
f 490/500 485/495 488/498
f 489/499 488/498 487/497
f 496/506 491/501 494/504
f 495/505 494/504 493/503
f 502/512 497/507 500/510
f 501/511 500/510 499/509
f 507/517 508/518 503/513
f 507/517 506/516 505/515
s 0
f 514/524 512/522 513/523
f 513/523 510/520 509/519
f 514/524 511/521 512/522
f 513/523 512/522 510/520
f 520/530 518/528 519/529
f 519/529 516/526 515/525
f 520/530 517/527 518/528
f 519/529 518/528 516/526
f 526/536 524/534 525/535
f 525/535 522/532 521/531
f 526/536 523/533 524/534
f 525/535 524/534 522/532
f 532/542 530/540 531/541
f 531/541 528/538 527/537
f 532/542 529/539 530/540
f 531/541 530/540 528/538
f 534/544 538/548 537/547
f 537/547 535/545 533/543
f 534/544 536/546 538/548
f 537/547 538/548 535/545
f 544/554 540/550 543/553
f 544/554 542/552 541/551
f 544/554 539/549 540/550
f 544/554 543/553 542/552
o Ground.003
v -80.199997 0.000000 -0.400004
v -90.000000 2.000000 19.999987
v -90.499985 0.000000 -0.800009
v -120.000000 0.000000 9.999992
v -139.000000 0.000000 9.999990
v -59.999992 2.548418 24.999998
v -69.999992 1.267718 18.199995
v -79.999992 4.325222 28.999994
v -110.000000 0.999999 19.999989
v -119.999992 0.000000 19.999990
v -69.999992 -0.032738 -20.000017
v -69.999992 0.000000 -0.000005
v -80.031067 -0.026297 -10.500010
v -20.000002 0.516907 9.999992
v -9.999999 0.516907 10.000001
v -20.000000 0.516907 19.999992
v -9.999997 0.516907 20.000000
v -20.000004 0.516907 -10.000008
v -10.000001 0.516907 -9.999999
v -20.000002 0.516907 -19.999998
v 19.999989 0.516907 -19.999994
v 19.999990 0.516907 -9.999994
v 10.000002 0.516907 19.999998
v -120.000000 0.000000 -0.000010
v -120.000000 0.837509 -11.000009
v -129.999985 0.837509 -11.000009
v -139.999985 0.837509 -11.000009
v -105.285690 3.905560 34.467445
v -142.999985 2.703208 24.999989
v -144.999985 1.368868 19.999990
v -141.999985 0.999452 -21.000008
v -90.996140 0.837509 -28.111269
v -90.996140 -0.000548 -35.111282
v -90.996140 0.581320 -61.111279
v -152.884766 -0.367039 -30.664230
v -154.022705 -0.965703 -51.250072
v -147.743011 1.384178 -78.555397
v -109.999985 0.873282 -79.000023
v -139.999985 1.999452 -78.000015
v -100.083321 0.361269 -69.000015
v -130.000000 0.361269 -69.000023
v -119.999985 0.361269 -69.000023
v -139.999985 0.400002 -30.000015
v -139.999985 0.400002 -40.000000
v -129.999985 0.400002 -40.000000
v -119.999992 0.400002 -20.000011
v -139.999985 0.400002 -20.000015
v -129.999985 0.400002 -20.000010
v -139.999985 0.400002 -50.000019
v -129.999985 0.400002 -50.000000
v -99.999985 0.400002 -49.999996
v -109.999985 0.400002 -59.999992
v -100.000000 0.400002 -40.000008
v -119.999985 0.400002 -40.000015
v -109.999985 0.400002 -40.000008
v -109.999985 0.400002 -29.999998
v -99.999992 0.400002 -20.000015
v -100.000000 -0.000000 9.999989
v -59.999996 1.025569 17.299994
v -69.999992 2.251968 26.999992
v -99.999992 3.000000 26.999998
v -60.030739 0.013699 -19.874996
v -59.999992 0.554305 -9.999996
v -59.999992 0.554305 9.999992
v -54.999992 0.512785 17.299994
v -109.999992 -0.000000 9.999990
v -99.999992 3.000000 19.999989
v -75.099991 0.000000 -0.200007
v -79.999985 2.000000 19.999992
v -79.999992 5.000000 36.834148
v -49.999985 0.999999 24.999996
v -59.999996 0.554305 0.000000
v -10.000010 0.516907 -19.999996
v 19.999989 0.516907 -0.000005
v 10.000002 0.516907 10.000004
v 19.999992 0.516907 10.000005
v 19.999989 0.516907 19.999990
v -0.000001 0.516907 9.999996
v -0.000011 0.516907 19.999996
v -91.026901 0.851208 -19.875000
v -129.999985 0.000000 -0.000010
v -148.196411 0.122065 -0.000005
v -129.999985 0.000000 9.999990
v -121.999985 4.000000 30.712004
v -145.999985 -0.000000 9.999986
v -130.000000 0.000000 19.999985
v -79.722939 -0.000105 -29.111288
v -59.999985 0.752399 -30.111275
v -80.999985 1.612207 -36.111282
v -62.804661 2.000000 -35.794899
v -82.999992 0.780191 -85.111282
v -90.996132 0.477356 -50.111275
v -90.996132 0.592806 -42.111275
v -82.999992 1.721613 -41.111279
v -153.927246 0.510896 -61.415138
v -152.200577 1.960410 -71.266342
v -130.277512 1.841058 -88.783455
v -120.519196 1.841058 -86.591858
v -140.426620 0.242395 -89.360580
v -141.999985 0.999452 -61.111275
v -142.000000 0.999452 -69.000015
v -141.999985 0.999452 -41.111294
v -141.999985 0.999452 -51.111267
v -99.999985 0.873282 -79.000015
v -98.999985 1.000000 -88.000015
v -109.999985 0.361269 -69.000015
v -90.996155 0.361270 -69.000015
v -134.999985 0.400002 -20.000004
v -129.999985 0.400002 -60.000004
v -139.999985 0.400002 -60.000004
v -99.999985 0.400002 -59.999996
v -109.999985 0.400002 -50.000000
v -104.999985 0.400002 -20.000008
v -99.999985 0.400002 -29.999998
v -119.999985 0.400002 -30.000017
v -119.999985 0.400002 -60.000000
v -109.999985 0.400002 -20.000004
v -104.999985 0.400002 -30.000000
v -104.999985 0.400002 -40.000008
v -104.999985 0.400002 -50.000000
v -104.999992 0.400002 -59.999992
v -134.999985 0.400002 -50.000008
v -119.999992 0.400002 -50.000000
v -134.999985 0.400002 -60.000004
v -134.999985 0.400002 -30.000010
v -134.999985 0.400002 -40.000004
v -129.999985 0.873282 -79.000008
v -119.999985 0.873282 -79.000008
v -89.999985 1.000000 -79.000008
v -141.999985 0.999452 -31.111288
v -69.999992 -0.032738 -30.111294
v -138.000000 -0.000000 19.999998
v -79.599983 -0.012598 -19.875002
v -89.999992 4.325222 28.999992
v -138.999985 -0.000000 -0.000014
v -69.999992 0.000000 9.983377
v -50.000000 0.000000 17.299994
v -69.999992 3.401337 35.007187
v -152.884766 -0.367039 -20.552950
v -147.786041 2.327628 -85.983040
v -90.000000 0.000000 9.999989
v -99.999992 0.000000 -0.200007
v -109.999985 0.000000 -0.000014
v -20.000000 0.516907 0.000002
v -0.000010 0.516907 -9.999996
v 10.000001 0.516907 0.000001
v -90.996155 0.837509 -11.000002
v -100.000000 0.837509 -11.000011
v -109.999992 0.837509 -11.000013
v -114.999985 0.400002 -50.000008
v -80.172897 0.000000 9.999994
v -69.999985 -0.002849 -10.000005
v -94.999992 0.000000 9.999990
v -95.250000 0.000000 -0.500004
v -10.000009 0.516907 0.000004
v 9.999990 0.516907 -19.999992
v 10.000000 0.516907 -9.999996
v -0.000002 0.516907 -0.000004
v 0.000000 0.516907 -19.999996
v -0.000000 0.516907 -5.000000
v -95.498062 0.837509 -11.000002
v -129.999985 0.400002 -35.000008
v -114.999985 0.400002 -40.000008
v -124.999985 0.400002 -40.000008
v -129.999985 0.400002 -30.000004
v -119.999985 0.400002 -35.000015
v -124.999985 0.400002 -35.000015
v 4.999999 0.516907 -10.000000
v -5.000000 0.516907 0.000000
v -75.015526 -0.014573 -10.250010
v -104.999992 0.000000 -0.100007
v -85.349991 0.000000 -0.600004
v -85.218216 0.000000 4.699991
v -15.000002 0.516907 -10.000002
v 5.000000 0.516907 -0.000002
v -5.000000 0.516907 9.999998
v -109.999992 -0.000000 4.999990
v -110.999992 4.000000 31.706768
v -89.999992 5.000000 36.999992
v -59.999992 4.000000 29.999992
v -71.999985 3.023935 -38.111290
v -82.006485 3.267952 -60.937614
v -89.999985 0.339162 -88.052895
v -110.002899 1.006023 -85.111275
v -79.967590 1.209347 -70.591873
v -36.871376 35.972378 34.234692
v -49.999996 33.000000 34.999996
v -162.999969 29.000004 -20.000010
v -79.946831 33.000000 46.299992
v -59.999992 33.000000 42.001945
v -97.000000 33.000000 46.151947
v -133.250000 32.750000 38.749989
v -155.000000 32.000004 22.999981
v -151.243744 32.266018 34.537361
v -166.999969 30.000002 -7.000012
v -58.166927 33.119041 -47.036972
v -70.499992 33.500000 -52.111286
v -72.210754 33.408298 -80.961548
v -76.999985 29.000004 -94.111282
v -110.420906 28.530434 -93.044243
v -66.499985 32.500004 -46.611282
v -163.224411 28.510897 -53.020645
v -163.232605 28.510897 -63.151527
v -162.781006 28.510897 -42.751877
v -159.865005 28.510897 -79.869537
v -128.102036 28.060865 -97.996094
v -138.221924 28.060865 -98.468018
v -118.401680 28.060865 -95.339233
v -163.666656 29.000004 -33.000008
v -73.105370 33.204151 -71.636574
v 24.105083 40.066891 41.596561
v 38.462540 39.499908 23.807335
v 37.956856 39.387291 9.787717
v -23.707886 33.955650 -49.417107
v -5.921120 33.955650 -49.425297
v 36.206879 38.387047 -39.097019
v 11.024250 33.955650 -47.231140
v 39.381172 38.529541 -14.294729
v 39.211670 38.568996 -24.414606
v -8.955156 38.546825 38.936340
v 10.304373 39.357895 40.992908
v 2.551566 33.955650 -48.328209
v -149.999985 0.000000 -10.000010
v -97.999992 5.000000 35.338326
v -144.055069 19.992737 25.536098
v -136.941666 1.660878 27.062366
v -69.999985 10.000000 37.999992
v -80.034454 19.970947 41.999992
v -79.999985 12.376461 40.999989
v -90.000000 12.402172 41.131241
v -97.699997 10.763017 39.131237
v -96.488358 30.000002 38.437355
v -79.999992 30.000002 40.655899
v -89.999992 30.000002 40.999992
v -89.999985 19.999998 40.999989
v -59.999992 30.000002 36.670013
v -59.999992 10.000000 33.999992
v -69.999992 30.000002 39.049068
v -49.999996 19.999998 30.999994
v -49.999992 30.000002 31.000000
v -49.999992 10.000000 30.825970
v -49.999996 4.000000 29.999992
v -39.999992 19.999998 25.121031
v -39.999992 30.000002 27.326250
v -39.999992 10.000000 25.121031
v -49.999996 4.000000 21.181562
v -69.999992 33.000000 44.377678
v -89.999992 33.000000 45.999992
v -39.999992 33.000000 28.325558
v -112.000000 11.999999 36.838005
v -121.999985 11.999999 34.131241
v -130.000000 11.000000 33.131233
v -130.021713 30.269974 32.509594
v -111.521698 29.769972 33.521606
v -121.521713 29.769974 33.809597
v -124.250000 32.000004 40.105991
v -137.766815 11.322289 30.822733
v -149.517853 10.376462 23.345528
v -146.488358 29.000004 19.437351
v -138.888275 30.190088 29.908602
v -138.121750 19.920116 28.931339
v -149.017838 10.000000 14.131239
v -150.214264 10.598663 0.000000
v -150.976440 29.598665 -1.562657
v -150.330185 20.000002 -1.562648
v -149.488358 30.000002 11.437349
v -149.256210 19.000002 11.137342
v -105.999992 11.000000 40.131233
v -105.488358 30.000002 38.437351
v -106.488350 20.000002 39.437347
v -109.999992 32.300003 46.049995
v -96.488358 20.000002 39.437351
v -122.488342 19.500000 33.149368
v -112.522820 19.470947 34.149364
v -148.756226 18.970947 20.651642
v -69.999985 19.969755 37.999992
v -59.999992 19.999998 36.121029
v -130.488358 19.000002 32.437347
v -129.999985 3.468868 28.999987
v -144.921646 30.007265 27.338596
v -144.762039 10.921707 28.499613
v -151.564911 7.208024 -17.604881
v -158.385223 7.969047 -8.390813
v -153.180634 28.000002 -17.727398
v -158.646072 28.000002 -6.698084
v -158.988083 18.000000 -7.637768
v -154.999985 15.728378 -18.351570
v -79.999992 38.395027 47.699989
v -69.999992 38.395027 44.999996
v -59.999992 38.395027 42.000000
v -89.999992 38.395027 46.999992
v -96.999985 38.395027 46.999992
v -49.999996 38.395027 34.999996
v -39.999992 38.395027 27.999992
v -114.026573 38.145027 41.699989
v -124.999985 37.895027 41.393990
v -113.973404 32.250004 40.299992
v -134.250000 38.145023 39.749989
v -144.000000 38.395027 35.999989
v -144.000000 33.000000 34.999992
v -156.000000 39.395027 22.999990
v -160.749985 38.395027 12.999983
v -161.999985 38.395027 3.999987
v -159.250000 33.000000 12.999983
v -161.000000 33.000000 2.999983
v -110.999992 38.395027 46.999992
v -152.756226 38.129013 35.462616
v -166.999969 36.395027 -7.000012
v -164.000000 34.395027 -20.000010
v -78.527649 37.055023 45.779640
v -68.527649 37.055023 43.079639
v -60.999985 36.895023 40.499504
v -88.527649 37.055023 45.079636
v -95.527649 37.055023 45.079643
v -50.999989 36.895023 33.499508
v -38.527645 37.055023 26.079638
v -68.527649 31.660000 42.457321
v -78.474487 31.660000 44.379635
v -88.527664 31.660000 44.079636
v -60.999989 31.500000 40.501457
v -95.527649 31.660000 44.231590
v -38.527653 31.660000 26.405203
v -50.999989 31.500000 33.499508
v -112.554230 36.805023 39.779636
v -123.999977 36.395027 38.999996
v -112.501068 30.910000 38.379635
v -123.135117 30.619980 37.566563
v -130.607468 31.709980 38.019638
v -131.607452 37.105003 39.019638
v -141.649185 37.131527 34.644608
v -141.570862 31.338287 34.280910
v -151.878128 31.366995 23.483974
v -152.878128 36.762020 23.483984
v -157.750000 37.395027 12.888708
v -158.647842 37.296368 1.446071
v -156.250000 31.436497 12.888708
v -157.558472 31.428123 1.888714
v -109.527649 37.055023 45.079636
v -108.999985 31.000002 43.999992
v -149.117401 36.762016 29.903240
v -148.865616 31.115021 29.698906
v -162.994324 34.919670 -8.434110
v -159.999969 32.578587 -30.000000
v -163.212555 28.933949 -7.392106
v -160.675568 26.527519 -30.000010
v -60.786163 11.180449 -36.616974
v -58.981483 29.180452 -38.749996
v -58.981483 19.180452 -40.000004
v -39.999985 30.653206 -39.965115
v -49.999992 12.204309 -30.999987
v -50.000000 20.093462 -34.628899
v -49.999992 30.446890 -39.049820
v -49.999992 -0.123801 -30.111275
v -70.999985 10.000000 -40.216080
v -76.992401 30.000002 -48.936958
v -77.000000 10.000006 -49.111282
v -79.999992 3.000000 -49.111282
v -69.999985 30.000002 -42.111279
v -79.683617 10.244018 -61.123192
v -77.999985 26.408300 -79.961548
v -77.557953 20.213778 -61.194992
v -75.878479 7.784495 -79.485161
v -77.928696 -0.849259 -79.038475
v -78.999992 30.244019 -61.204014
v -73.999985 33.000000 -61.103951
v -89.999985 16.000000 -91.111290
v -89.999985 8.086867 -90.111275
v -79.944420 8.137220 -88.062210
v -89.999985 26.000002 -90.511284
v -81.999985 26.000002 -89.111282
v -79.999985 16.000000 -90.111275
v -156.212494 5.692416 -31.150307
v -158.295319 15.692415 -31.551090
v -110.666771 15.260986 -88.272514
v -110.167122 6.871290 -84.617691
v -99.266205 7.969047 -89.860886
v -110.999985 25.000002 -87.111282
v -100.999985 26.000002 -90.111282
v -100.999985 16.000000 -90.111282
v -89.999985 29.000004 -97.111275
v -58.166927 38.890095 -48.036961
v -39.999985 39.048229 -52.835205
v -39.999996 33.653206 -51.229969
v -49.999992 33.448135 -48.770008
v -49.999981 38.844406 -50.572823
v -65.499985 38.271057 -47.611282
v -69.499985 38.895027 -52.111286
v -72.999985 38.639042 -61.103939
v -71.210754 38.803326 -80.961540
v -89.999985 34.395027 -98.111305
v -75.999992 34.395027 -95.111282
v -164.666656 34.395027 -33.000015
v -110.681458 33.925461 -94.387741
v -104.412956 34.226856 -97.199661
v -104.019585 28.831829 -95.841263
v -61.131592 38.227760 -47.457207
v -61.131592 32.403542 -46.457218
v -42.131577 38.554619 -51.159370
v -42.131584 32.730404 -49.554138
v -52.288395 32.779648 -45.843285
v -52.288391 39.210667 -47.646122
v -67.631584 37.401421 -46.457211
v -71.631577 37.671017 -50.957214
v -68.631592 31.822109 -45.457207
v -72.631592 32.091705 -50.957214
v -74.131584 37.415031 -59.949875
v -73.499992 37.987171 -80.038467
v -76.131584 31.591705 -59.949894
v -74.499985 30.379839 -80.038483
v -87.886124 33.645023 -96.802185
v -78.499977 32.987171 -92.611252
v -79.499985 27.407860 -91.611267
v -111.233940 32.533485 -92.446938
v -102.299088 33.359077 -95.890549
v -110.973389 27.046318 -91.103401
v -101.905731 27.779768 -94.532150
v -87.886116 27.371773 -94.802200
v -158.265259 5.510895 -51.815575
v -159.321686 7.887356 -62.202286
v -154.164551 7.913067 -71.644249
v -150.745636 6.273912 -78.827637
v -154.617172 25.510899 -78.859756
v -157.680145 25.510899 -62.137280
v -156.772598 25.510899 -72.146088
v -157.545120 25.510899 -41.744392
v -156.226837 5.510895 -41.239899
v -150.995239 -0.367039 -40.484093
v -157.991776 25.510899 -52.013794
v -150.382874 5.060867 -90.734467
v -151.414658 25.086229 -91.037964
v -152.904343 27.935883 -95.563919
v -157.432159 15.510894 -72.022148
v -158.309662 15.510894 -41.640671
v -160.297165 15.481842 -62.425098
v -151.407669 15.085880 -90.451897
v -158.265259 15.480651 -51.815575
v -156.109497 15.458823 -78.896057
v -164.597351 33.905922 -63.468269
v -163.835526 33.905922 -53.138241
v -163.999969 33.905922 -42.751511
v -162.020432 33.905922 -73.155869
v -160.697769 33.905922 -80.029770
v -161.038452 28.510897 -72.966927
v -153.276550 33.680908 -96.143738
v -162.989807 32.565918 -61.659599
v -162.227951 32.565918 -51.329571
v -161.999969 32.405922 -43.449974
v -160.412888 32.565918 -71.347198
v -159.090210 32.565918 -78.221107
v -161.616852 27.170895 -51.211971
v -161.625061 27.170895 -61.342854
v -159.430878 27.170895 -71.158249
v -161.118591 27.010897 -43.450336
v -158.257462 27.170895 -78.060867
v -152.163315 32.260902 -94.392548
v -151.791138 26.515882 -93.812782
v -139.722473 5.060867 -92.269371
v -129.028580 15.031814 -93.796188
v -129.297348 7.437328 -92.832382
v -120.048637 7.463039 -88.535706
v -129.378326 25.060867 -92.497940
v -119.999985 25.000002 -89.111282
v -139.722473 15.030622 -92.269371
v -139.475647 25.060867 -93.288971
v -119.578087 15.060864 -90.479584
v -127.721008 33.455891 -99.344292
v -138.075531 33.455891 -99.072861
v -118.166420 33.455891 -96.311172
v -129.603821 32.115891 -97.824249
v -139.958359 32.115891 -97.552841
v -120.049240 32.115891 -94.791115
v -140.104767 26.720865 -96.947998
v -129.984879 26.720865 -96.476074
v -120.284515 26.720865 -93.819183
v -69.999992 19.969761 -42.093208
v -75.999985 16.000000 -80.038467
v -39.999985 26.524448 -40.204948
v -75.000008 20.000004 -49.111267
v -157.999969 26.000002 -32.000023
v -78.499992 28.326159 -71.186615
v -77.781052 9.014257 -70.908005
v -72.105370 38.721184 -71.636566
v -76.778976 18.106888 -71.220566
v -36.742775 31.969206 35.643806
v -36.917072 35.444756 33.651421
v -33.742756 38.944756 40.143822
v 24.321312 28.181707 37.807335
v 23.620754 33.206371 35.807320
v -17.230951 35.688774 32.937416
v -19.867540 38.444752 37.483429
v 31.868429 35.224018 23.807325
v 30.023548 35.715763 31.807323
v 34.848515 39.570690 36.807339
v 30.529247 28.137999 3.140540
v 29.368019 33.770718 2.807332
v 32.092976 35.400749 12.807325
v 32.103104 29.228245 12.807323
v 35.300972 39.001850 3.386408
v -33.742756 44.339775 41.143833
v -19.876122 44.083794 38.481979
v 24.105072 45.139832 42.596550
v 39.450691 45.148880 23.807325
v 35.820374 45.148880 37.807331
v 36.644463 44.679306 3.125863
v 39.319565 44.980705 9.394367
v -34.896835 40.720745 39.012226
v -34.896832 37.536461 38.012215
v -21.852497 40.464760 37.191113
v -12.972143 36.353127 33.817177
v -21.055925 37.036457 35.333080
v -28.458801 36.911198 36.786545
v 38.025581 44.398872 25.921188
v 33.391693 43.741016 35.307327
v 32.427681 37.849930 34.307331
v 34.703655 43.127113 2.573366
v 37.943512 44.112930 11.508224
v 33.360130 37.052364 2.833925
v 36.578888 38.219704 11.901580
v 36.043091 37.649094 25.921196
v -5.761991 27.451046 -46.489845
v 19.376871 31.606548 -40.809864
v 19.552700 27.428028 -42.302162
v -7.541441 30.955648 -43.872833
v 9.917660 30.955648 -42.965294
v -25.039150 30.955648 -44.184460
v 31.712973 34.346806 -37.607353
v 31.126911 27.991468 -37.600357
v 10.538659 27.480099 -43.624847
v -24.651472 27.449854 -44.457939
v -5.940557 20.826164 -45.511116
v -23.952286 19.637339 -45.737194
v 10.285780 20.853542 -42.348251
v 19.079729 19.889439 -38.543583
v -38.711021 19.652458 -32.438145
v 32.440205 19.279510 -36.326035
v -5.239601 39.350670 -50.790054
v -23.457727 39.350670 -50.028206
v 11.319622 39.350670 -48.213127
v 20.628660 40.148350 -46.890450
v 20.449196 34.740585 -46.057682
v 36.818748 44.434757 -39.469242
v -8.695449 38.010670 -49.182480
v -26.501221 38.010670 -48.420643
v 8.429708 38.010670 -46.605572
v 18.506851 38.482929 -45.282898
v -26.675510 32.615646 -47.809544
v -9.288595 32.615646 -47.817745
v 8.122976 32.615646 -45.623569
v 18.305367 33.016678 -44.450134
v 35.067566 42.846512 -38.355988
v 34.487789 36.534790 -37.983818
v 33.990242 33.991570 -15.571007
v 31.133591 33.818481 -6.192661
v 32.503586 28.009911 -5.770767
v 34.203041 34.247612 -25.668325
v 39.531166 38.529541 -14.294727
v 35.250259 27.999146 -15.221251
v 33.152958 27.870823 -25.915157
v 34.257084 20.557655 -15.473289
v 34.403606 19.273674 -25.608644
v 31.197071 20.562550 -6.076626
v 28.540668 19.930450 3.807327
v 40.887253 44.209740 -13.913684
v 40.034431 44.209740 -24.268211
v 38.397453 44.209740 -4.359094
v 39.426300 38.568996 -24.414608
v 37.414803 38.553341 -4.594364
v 39.280266 42.660831 -15.796508
v 38.443180 42.662102 -26.151043
v 36.817478 42.663002 -6.241916
v 37.827709 36.796543 -26.297455
v 37.911125 36.686859 -16.177561
v 35.818817 36.749031 -6.477196
v -36.742767 24.141569 34.643806
v -17.023006 24.370462 33.405144
v 23.938690 21.033812 37.868092
v 32.338730 21.490593 23.807331
v 30.953983 21.789036 33.835125
v 32.945541 21.501486 13.674217
v -16.962139 32.182983 34.473099
v 30.944324 29.606544 33.807327
v 32.459663 29.154367 23.807331
v 3.100655 33.770908 35.144604
v 1.957226 38.648903 40.389252
v 1.955720 44.165936 41.389084
v 3.738761 22.702137 36.466427
v 4.098076 30.076092 36.980927
v -7.065149 34.729839 34.041012
v -8.960199 44.124866 39.935528
v -6.642120 23.536301 34.935783
v -6.432032 31.129536 35.727013
v 11.482920 29.128899 37.394127
v 11.111948 21.867973 37.167255
v 10.633926 33.488640 35.475960
v 10.303619 44.652882 41.992813
v -27.074013 35.566765 33.294418
v -26.805149 38.694756 38.813629
v -26.852457 32.076096 35.058456
v -26.809441 44.211788 39.812908
v -26.882887 24.256018 34.024475
v -15.206738 27.450449 -45.473892
v -16.290295 30.955648 -44.028645
v -14.814503 33.955650 -49.421200
v -14.946419 20.231747 -45.624165
v -14.348660 39.350670 -50.409130
v 1.188105 30.955648 -43.419060
v 2.388330 27.465572 -45.057343
v 2.172612 20.839853 -43.929688
v 3.040009 39.350670 -49.501591
v -32.519569 30.804426 -42.074783
v -31.331652 19.644896 -39.087677
v -32.325726 26.987152 -42.331444
v -31.728857 39.199451 -51.431702
v -31.853939 33.804428 -50.323532
v 36.107426 38.163658 38.408005
v -28.458807 40.259613 37.902695
v -12.981715 39.973904 34.931698
v 36.107414 41.152588 39.524124
v 11.387338 35.832760 37.060478
v 11.385653 39.317360 38.176426
v -0.798031 40.019741 36.554066
v -0.792398 36.467056 35.438828
v 20.703915 36.624100 37.734245
v 20.703075 39.860859 38.850273
v -20.715469 36.632164 35.301861
v -20.720257 40.116760 36.417194
v -85.541756 33.202053 46.140450
v -75.371506 33.202053 45.331936
v -62.978054 32.783344 43.031235
v -93.797943 32.824524 47.037338
v -55.159374 33.174553 39.879906
v -40.078770 33.202053 30.657764
v -75.264343 30.083506 44.189091
v -85.580017 30.083506 45.021397
v -94.089966 29.809580 45.904812
v -62.306770 29.664795 41.795853
v -40.704651 30.083506 29.849625
v -54.400444 29.868553 39.164314
v -190.000000 28.000000 -130.000015
v -29.999989 38.000000 -80.000008
v 50.000015 38.000000 -70.000000
v -39.999992 38.000000 -120.000015
v 70.000015 38.000000 -9.999998
v -190.000000 38.000000 59.999992
v 60.000008 38.000000 70.000000
v -29.999998 38.000000 90.000000
v -120.000000 28.000000 -140.000031
v -209.787476 28.777763 -40.500912
v -120.000015 38.000000 90.000000
v -179.715271 61.178162 -121.178818
v -33.221420 70.334023 -75.399467
v 40.025486 70.334023 -66.243607
v -42.377285 70.334023 -112.022926
v 58.337215 70.334023 -11.308418
v -179.715271 70.334023 52.782631
v 49.181358 70.334023 61.938492
v -33.221428 70.334023 80.250237
v -115.624222 61.178162 -130.334686
v -197.832413 61.890266 -39.234634
v -115.624229 70.334023 80.250229
vt 0.003906 0.628906
vt 0.746094 0.753906
vt 0.503906 0.996094
vt 0.746094 0.996094
vt 0.503906 0.753906
vt 0.503906 0.996094
vt 0.746094 0.996094
vt 0.746094 0.753906
vt 0.746094 0.996094
vt 0.746094 0.753906
vt 0.503906 0.996094
vt 0.503906 0.753906
vt 0.746094 0.996094
vt 0.746094 0.753906
vt 0.503906 0.753906
vt 0.503906 0.996094
vt 0.746094 0.753906
vt 0.503906 0.753906
vt 0.503906 0.996094
vt 0.746094 0.996094
vt 0.503906 0.996094
vt 0.746094 0.753906
vt 0.503906 0.753906
vt 0.746094 0.996094
vt 0.503906 0.753906
vt 0.503906 0.996094
vt 0.746094 0.753906
vt 0.746094 0.996094
vt 0.746094 0.753906
vt 0.503906 0.753906
vt 0.503906 0.996094
vt 0.746094 0.753906
vt 0.503906 0.996094
vt 0.503906 0.753906
vt 0.746094 0.996094
vt 0.746094 0.753906
vt 0.503906 0.753906
vt 0.503906 0.996094
vt 0.746094 0.996094
vt 0.503906 0.753906
vt 0.746094 0.753906
vt 0.746094 0.996094
vt 0.503906 0.996094
vt 0.496094 0.628906
vt 0.503906 0.753906
vt 0.746094 0.996094
vt 0.503906 0.996094
vt 0.746094 0.753906
vt 0.746094 0.996094
vt 0.503906 0.753906
vt 0.503906 0.996094
vt 0.503906 0.996094
vt 0.746094 0.996094
vt 0.503906 0.996094
vt 0.746094 0.753906
vt 0.503906 0.753906
vt 0.496094 0.746094
vt 0.746094 0.996094
vt 0.746094 0.753906
vt 0.746094 0.996094
vt 0.746094 0.996094
vt 0.503906 0.996094
vt 0.003906 0.628906
vt 0.746094 0.753906
vt 0.503906 0.996094
vt 0.746094 0.996094
vt 0.503906 0.996094
vt 0.503906 0.753906
vt 0.746094 0.753906
vt 0.503906 0.753906
vt 0.746094 0.996094
vt 0.746094 0.753906
vt 0.746094 0.753906
vt 0.746094 0.996094
vt 0.503906 0.753906
vt 0.503906 0.996094
vt 0.503906 0.753906
vt 0.503906 0.996094
vt 0.503906 0.753906
vt 0.503906 0.996094
vt 0.746094 0.753906
vt 0.503906 0.753906
vt 0.503906 0.996094
vt 0.746094 0.996094
vt 0.753906 0.753906
vt 0.753906 0.996094
vt 0.746094 0.996094
vt 0.753906 0.875000
vt 0.503906 0.996094
vt 0.746094 0.996094
vt 0.753906 0.753906
vt 0.753906 0.996094
vt 0.746094 0.753906
vt 0.503906 0.753906
vt 0.503906 0.753906
vt 0.503906 0.996094
vt 0.746094 0.996094
vt 0.746094 0.753906
vt 0.746094 0.996094
vt 0.503906 0.996094
vt 0.746094 0.996094
vt 0.503906 0.996094
vt 0.753906 0.996094
vt 0.753906 0.753906
vt 0.503906 0.996094
vt 0.746094 0.996094
vt 0.753906 0.996094
vt 0.753906 0.753906
vt 0.746094 0.996094
vt 0.503906 0.996094
vt 0.753906 0.753906
vt 0.753906 0.996094
vt 0.746094 0.996094
vt 0.746094 0.753906
vt 0.503906 0.753906
vt 0.503906 0.996094
vt 0.503906 0.996094
vt 0.503906 0.753906
vt 0.746094 0.753906
vt 0.746094 0.996094
vt 0.746094 0.996094
vt 0.746094 0.753906
vt 0.746094 0.753906
vt 0.746094 0.996094
vt 0.746094 0.753906
vt 0.746094 0.996094
vt 0.503906 0.996094
vt 0.746094 0.996094
vt 0.746094 0.996094
vt 0.503906 0.996094
vt 0.746094 0.753906
vt 0.746094 0.996094
vt 0.503906 0.753906
vt 0.042969 0.746094
vt 0.746094 0.996094
vt 0.746094 0.753906
vt 0.746094 0.996094
vt 0.746094 0.996094
vt 0.746094 0.753906
vt 0.503906 0.996094
vt 0.746094 0.996094
vt 0.746094 0.753906
vt 0.503906 0.996094
vt 0.503906 0.753906
vt 0.746094 0.996094
vt 0.746094 0.753906
vt 0.503906 0.753906
vt 0.503906 0.753906
vt 0.503906 0.996094
vt 0.746094 0.753906
vt 0.503906 0.753906
vt 0.503906 0.996094
vt 0.746094 0.753906
vt 0.746094 0.996094
vt 0.339844 0.628906
vt 0.496094 0.628906
vt 0.503906 0.753906
vt 0.503906 0.996094
vt 0.746094 0.996094
vt 0.746094 0.753906
vt 0.503906 0.753906
vt 0.503906 0.996094
vt 0.746094 0.996094
vt 0.746094 0.753906
vt 0.496094 0.746094
vt 0.746094 0.753906
vt 0.503906 0.753906
vt 0.503906 0.996094
vt 0.746094 0.996094
vt 0.503906 0.753906
vt 0.746094 0.753906
vt 0.746094 0.996094
vt 0.746094 0.753906
vt 0.504921 0.757036
vt 0.503906 0.996094
vt 0.746094 0.753906
vt 0.503906 0.753906
vt 0.746094 0.996094
vt 0.503906 0.996094
vt 0.746094 0.753906
vt 0.503906 0.753906
vt 0.746094 0.753906
vt 0.503906 0.753906
vt 0.746094 0.753906
vt 0.503906 0.753906
vt 0.746094 0.878906
vt 0.746094 0.753906
vt 0.746094 0.996094
vt 0.503906 0.753906
vt 0.503906 0.996094
vt 0.746094 0.753906
vt 0.746094 0.996094
vt 0.503906 0.753906
vt 0.503906 0.996094
vt 0.746094 0.878906
vt 0.503906 0.875000
vt 0.496094 0.746094
vt 0.746094 0.753906
vt 0.746094 0.996094
vt 0.503906 0.753906
vt 0.503906 0.996094
vt 0.746094 0.996094
vt 0.746094 0.753906
vt 0.753906 0.996094
vt 0.753906 0.753906
vt 0.503906 0.753906
vt 0.746094 0.753906
vt 0.746094 0.753906
vt 0.503906 0.753906
vt 0.503906 0.753906
vt 0.503906 0.996094
vt 0.503906 0.753906
vt 0.746094 0.753906
vt 0.503906 0.753906
vt 0.746094 0.753906
vt 0.503906 0.996094
vt 0.746094 0.996094
vt 0.746094 0.753906
vt 0.503906 0.753906
vt 0.746094 0.753906
vt 0.503906 0.753906
vt 0.746094 0.996094
vt 0.503906 0.996094
vt 0.746094 0.753906
vt 0.746094 0.753906
vt 0.746094 0.996094
vt 0.746094 0.996094
vt 0.503906 0.996094
vt 0.746094 0.753906
vt 0.503906 0.753906
vt 0.746094 0.996094
vt 0.503906 0.996094
vt 0.746094 0.996094
vt 0.503906 0.996094
vt 0.753906 0.753906
vt 0.753906 0.996094
vt 0.503906 0.753906
vt 0.746094 0.753906
vt 0.746094 0.996094
vt 0.503906 0.996094
vt 0.746094 0.753906
vt 0.746094 0.996094
vt 0.753906 0.753906
vt 0.753906 0.996094
vt 0.503906 0.996094
vt 0.746094 0.996094
vt 0.753906 0.753906
vt 0.753906 0.996094
vt 0.746094 0.753906
vt 0.503906 0.753906
vt 0.503906 0.996094
vt 0.746094 0.996094
vt 0.503906 0.753906
vt 0.503906 0.996094
vt 0.503906 0.996094
vt 0.503906 0.753906
vt 0.753906 0.996094
vt 0.996094 0.996094
vt 0.746094 0.753906
vt 0.746094 0.996094
vt 0.746094 0.996094
vt 0.996094 0.996094
vt 0.753906 0.753906
vt 0.503906 0.753906
vt 0.753906 0.753906
vt 0.753906 0.996094
vt 0.746094 0.996094
vt 0.503906 0.996094
vt 0.503906 0.996094
vt 0.746094 0.996094
vt 0.503906 0.753906
vt 0.503906 0.996094
vt 0.746094 0.753906
vt 0.503906 0.996094
vt 0.746094 0.996094
vt 0.753906 0.996094
vt 0.753906 0.753906
vt 0.746094 0.996094
vt 0.503906 0.996094
vt 0.753906 0.753906
vt 0.753906 0.996094
vt 0.503906 0.753906
vt 0.503906 0.996094
vt 0.753906 0.996094
vt 0.753906 0.753906
vt 0.503906 0.753906
vt 0.503906 0.996094
vt 0.753906 0.753906
vt 0.753906 0.996094
vt 0.503906 0.753906
vt 0.503906 0.996094
vt 0.753906 0.996094
vt 0.753906 0.753906
vt 0.746094 0.753906
vt 0.503906 0.753906
vt 0.746094 0.996094
vt 0.746094 0.753906
vt 0.503906 0.753906
vt 0.746094 0.753906
vt 0.503906 0.753906
vt 0.746094 0.753906
vt 0.503906 0.753906
vt 0.746094 0.996094
vt 0.503906 0.753906
vt 0.503906 0.996094
vt 0.746094 0.753906
vt 0.503906 0.753906
vt 0.503906 0.996094
vt 0.753906 0.753906
vt 0.753906 0.996094
vt 0.746094 0.996094
vt 0.746094 0.753906
vt 0.746094 0.753906
vt 0.628906 0.996094
vt 0.746094 0.878906
vt 0.503906 0.753906
vt 0.503906 0.996094
vt 0.503906 0.996094
vt 0.503906 0.753906
vt 0.746094 0.753906
vt 0.503906 0.996094
vt 0.746094 0.996094
vt 0.253906 0.628906
vt 0.746094 0.878906
vt 0.746094 0.753906
vt 0.503906 0.753906
vt 0.746094 0.996094
vt 0.503906 0.996094
vt 0.503906 0.753906
vt 0.746094 0.753906
vt 0.503906 0.996094
vt 0.503906 0.753906
vt 0.746094 0.753906
vt 0.746094 0.996094
vt 0.746094 0.878906
vt 0.503906 0.878906
vt 0.503906 0.878906
vt 0.746094 0.878906
vt 0.746094 0.878906
vt 0.503906 0.878906
vt 0.503906 0.878906
vt 0.746094 0.878906
vt 0.503906 0.878906
vt 0.746094 0.996094
vt 0.746094 0.753906
vt 0.503906 0.753906
vt 0.503906 0.996094
vt 0.503906 0.878906
vt 0.746094 0.878906
vt 0.503906 0.878906
vt 0.746094 0.878906
vt 0.503906 0.878906
vt 0.746094 0.753906
vt 0.503906 0.753906
vt 0.503906 0.996094
vt 0.746094 0.996094
vt 0.746094 0.753906
vt 0.503906 0.753906
vt 0.503906 0.996094
vt 0.746094 0.996094
vt 0.503906 0.753906
vt 0.503906 0.996094
vt 0.746094 0.753906
vt 0.746094 0.996094
vt 0.503906 0.753906
vt 0.746094 0.753906
vt 0.503906 0.753906
vt 0.503906 0.996094
vt 0.746094 0.753906
vt 0.503906 0.753906
vt 0.503906 0.996094
vt 0.746094 0.996094
vt 0.746094 0.996094
vt 0.503906 0.996094
vt 0.746094 0.753906
vt 0.503906 0.753906
vt 0.746094 0.753906
vt 0.746094 0.996094
vt 0.503906 0.753906
vt 0.503906 0.996094
vt 0.746094 0.753906
vt 0.746094 0.996094
vt 0.503906 0.753906
vt 0.503906 0.996094
vt 0.746094 0.753906
vt 0.503906 0.753906
vt 0.746094 0.996094
vt 0.503906 0.996094
vt 0.746094 0.753906
vt 0.503906 0.753906
vt 0.746094 0.996094
vt 0.746094 0.753906
vt 0.753906 0.996094
vt 0.753906 0.753906
vt 0.746094 0.996094
vt 0.503906 0.996094
vt 0.753906 0.753906
vt 0.753906 0.996094
vt 0.503906 0.996094
vt 0.753906 0.753906
vt 0.753906 0.996094
vt 0.746094 0.753906
vt 0.746094 0.996094
vt 0.503906 0.996094
vt 0.503906 0.753906
vt 0.503906 0.753906
vt 0.746094 0.753906
vt 0.246094 0.746094
vt 0.253906 0.746094
vt 0.371094 0.746094
vt 0.503906 0.753906
vt 0.746094 0.753906
vt 0.746094 0.996094
vt 0.503906 0.996094
vt 0.746094 0.753906
vt 0.371094 0.746094
vt 0.503906 0.753906
vt 0.746094 0.996094
vt 0.746094 0.753906
vt 0.503906 0.753906
vt 0.503906 0.996094
vt 0.503906 0.996094
vt 0.746094 0.996094
vt 0.503906 0.753906
vt 0.503906 0.753906
vt 0.003906 0.746094
vt 0.136063 0.746094
vt 0.503906 0.996094
vt 0.503906 0.753906
vt 0.746094 0.875000
vt 0.253906 0.746094
vt 0.503906 0.878906
vt 0.246094 0.628906
vt 0.744818 0.763311
vt 0.746094 0.996094
vt 0.503906 0.753906
vt 0.503906 0.996094
vt 0.746094 0.753906
vt 0.746094 0.996094
vt 0.503906 0.996094
vt 0.253906 0.628906
vt 0.746094 0.878906
vt 0.496094 0.628906
vt 0.503906 0.875000
vt 0.503906 0.878906
vt 0.746094 0.878906
vt 0.246094 0.628906
vt 0.253906 0.628906
vt 0.750000 0.996094
vt 0.246094 0.628906
vt 0.746094 0.761719
vt 0.503906 0.753906
vt 0.253906 0.746094
vt 0.503906 0.753906
vt 0.503906 0.996094
vt 0.746094 0.753906
vt 0.503906 0.996094
vt 0.746094 0.996094
vt 0.503906 0.753906
vt 0.746094 0.996094
vt 0.503906 0.996094
vt 0.750000 0.753906
vt 0.503906 0.753906
vt 0.136719 0.746094
vt 0.503906 1.003906
vt 0.503906 0.753906
vt 0.496094 0.746094
vt 0.628906 0.996094
vt 0.503906 0.878906
vt 0.003906 0.628906
vt 0.167969 0.746094
vt 0.628906 0.996094
vt 0.625000 0.753906
vt 0.746094 0.878906
vt 0.503906 0.875000
vt 0.496094 0.746094
vt 0.746094 0.875000
vt 0.339844 0.746094
vt 0.042969 0.628906
vt 0.746094 0.753906
vt 0.503906 0.753906
vt 0.746094 0.996094
vt 0.503906 0.996094
vt 0.625000 0.996094
vt 0.628906 0.753906
vt 0.464844 0.628906
vt 0.464844 0.746094
vt 0.628906 0.878906
vt 0.167969 0.628906
vt 0.371094 0.628906
vt 0.746094 0.878906
vt 0.503906 0.878906
vt 0.750000 0.875000
vt 0.503906 0.878906
vt 0.253906 0.628906
vt 0.746094 0.875000
vt 0.253906 0.746094
vt 0.503906 0.878906
vt 0.371094 0.628906
vt 0.746094 0.878906
vt 0.503906 0.878906
vt 0.003906 0.746094
vt 0.503906 0.878906
vt 0.746094 0.875000
vt 0.128906 0.746094
vt 0.628906 0.878906
vt 0.003906 0.746094
vt 0.746094 0.875000
vt 0.503906 0.878906
vt 0.503906 0.875000
vt 0.746094 0.878906
vt 0.746094 0.878906
vt 0.496094 0.628906
vt 0.503906 0.875000
vt 0.496094 0.746094
vt 0.628906 0.996094
vt 0.625000 0.753906
vt 0.746094 0.996094
vt 0.503906 0.996094
vt 0.746094 0.753906
vt 0.753906 0.996094
vt 0.753906 0.753906
vt 0.746094 0.753906
vt 0.746094 0.996094
vt 0.753906 0.753906
vt 0.753906 0.996094
vt 0.746094 0.996094
vt 0.746094 0.753906
vt 0.753906 0.996094
vt 0.753906 0.753906
vt 0.746094 0.753906
vt 0.746094 0.996094
vt 0.753906 0.996094
vt 0.753906 0.753906
vt 0.746094 0.753906
vt 0.503906 0.753906
vt 0.753906 0.996094
vt 0.753906 0.753906
vt 0.503906 0.753906
vt 0.503906 0.996094
vt 0.753906 0.996094
vt 0.753906 0.753906
vt 0.503906 0.996094
vt 0.503906 0.753906
vt 0.753906 0.996094
vt 0.753906 0.753906
vt 0.628906 0.753906
vt 0.753906 0.875000
vt 0.746094 0.375000
vt 0.996094 0.375000
vt 0.503906 0.378906
vt 0.996094 0.371094
vt 0.746094 0.375000
vt 0.503906 0.375000
vt 0.996094 0.375000
vt 0.996094 0.375000
vt 0.503906 0.375000
vt 0.503906 0.378906
vt 0.996094 0.375000
vt 0.503906 0.375000
vt 0.996094 0.375000
vt 0.503906 0.375000
vt 0.996094 0.375000
vt 0.871094 0.375000
vt 0.746094 0.371094
vt 0.746094 0.375000
vt 0.503906 0.378906
vt 0.996094 0.371094
vt 0.996094 0.375000
vt 0.503906 0.375000
vt 0.996094 0.375000
vt 0.996094 0.371094
vt 0.503906 0.375000
vt 0.996094 0.375000
vt 0.746094 0.371094
vt 0.746094 0.375000
vt 0.503906 0.375000
vt 0.996094 0.375000
vt 0.746094 0.375000
vt 0.746094 0.375000
vt 0.503906 0.375000
vt 0.996094 0.375000
vt 0.996094 0.375000
vt 0.503906 0.375000
vt 0.996094 0.375000
vt 0.503906 0.378906
vt 0.503906 0.375000
vt 0.996094 0.375000
vt 0.746094 0.375000
vt 0.746094 0.375000
vt 0.746094 0.375000
vt 0.503906 0.378906
vt 0.996094 0.375000
vt 0.625000 0.375000
vt 0.996094 0.371094
vt 0.503906 0.375000
vt 0.996094 0.375000
vt 0.996094 0.375000
vt 0.503906 0.375000
vt 0.996094 0.371094
vt 0.746094 0.371094
vt 0.746094 0.375000
vt 0.746094 0.375000
vt 0.503906 0.375000
vt 0.996094 0.375000
vt 0.753906 0.378906
vt 0.996094 0.378906
vt 0.503906 0.375000
vt 0.746094 0.375000
vt 0.738281 0.378906
vt 0.769531 0.378906
vt 0.753906 0.378906
vt 0.625000 0.375000
vt 0.746094 0.996094
vt 0.503906 0.996094
vt 0.753906 0.753906
vt 0.753906 0.996094
vt 0.746094 0.753906
vt 0.746094 0.996094
vt 0.753906 0.753906
vt 0.753906 0.996094
vt 0.996094 0.875000
vt 0.871094 0.003906
vt 0.746094 0.753906
vt 0.746094 0.996094
vt 0.753906 0.753906
vt 0.753906 0.996094
vt 0.753906 0.996094
vt 0.996094 0.996094
vt 0.996094 0.753906
vt 0.753906 0.753906
vt 0.743652 0.004640
vt 0.996094 0.996094
vt 0.996094 0.753906
vt 0.996094 0.996094
vt 0.996094 0.753906
vt 0.753906 0.996094
vt 0.753906 0.753906
vt 0.753906 0.753906
vt 0.996094 0.753906
vt 0.996094 0.996094
vt 0.753906 0.996094
vt 0.753906 0.996094
vt 0.753906 0.753906
vt 0.996094 0.753906
vt 0.996094 0.996094
vt 0.996094 0.246094
vt 0.503906 0.246094
vt 0.746094 0.246094
vt 0.753906 0.246094
vt 0.746094 0.246094
vt 0.996094 0.246094
vt 0.503906 0.246094
vt 0.996094 0.246094
vt 0.503906 0.246094
vt 0.746094 0.246094
vt 0.996094 0.003906
vt 0.503777 0.005258
vt 0.996094 0.996094
vt 0.996094 0.753906
vt 0.503906 0.246094
vt 0.746094 0.246094
vt 0.753906 0.246094
vt 0.996094 0.246094
vt 0.753906 0.996094
vt 0.996094 0.996094
vt 0.996094 0.753906
vt 0.753906 0.753906
vt 0.996094 0.246094
vt 0.503906 0.246094
vt 0.746094 0.246094
vt 0.996094 0.003906
vt 0.503906 0.003906
vt 0.996097 0.753694
vt 0.995522 0.997918
vt 0.996094 0.246094
vt 0.503906 0.246094
vt 0.746094 0.246094
vt 0.753906 0.996094
vt 0.996094 0.996094
vt 0.996094 0.753906
vt 0.753906 0.753906
vt 0.746094 0.753906
vt 0.753906 0.996094
vt 0.746094 0.996094
vt 0.753906 0.753906
vt 0.753906 0.003906
vt 0.996091 0.996306
vt 0.503906 0.246094
vt 0.753906 0.246094
vt 0.753906 0.996094
vt 0.996094 0.996094
vt 0.753906 0.996094
vt 0.503906 0.996094
vt 0.746094 0.375000
vt 0.746094 0.375000
vt 0.503906 0.375000
vt 0.753906 0.753906
vt 0.753906 0.996094
vt 0.996094 0.996094
vt 0.996094 0.753906
vt 0.996094 0.753906
vt 0.996094 0.996094
vt 0.753906 0.996094
vt 0.753906 0.753906
vt 0.753906 0.996094
vt 0.753906 0.753906
vt 0.996094 0.753906
vt 0.996094 0.996094
vt 0.503906 0.246094
vt 0.996094 0.246094
vt 0.746094 0.246094
vt 0.503906 0.246094
vt 0.996094 0.246094
vt 0.746094 0.246094
vt 0.996094 0.246094
vt 0.503906 0.246094
vt 0.746094 0.246094
vt 0.746094 0.375000
vt 0.996094 0.753906
vt 0.996094 0.996094
vt 0.753906 0.996094
vt 0.753906 0.753906
vt 0.753906 0.753906
vt 0.996094 0.996094
vt 0.753906 0.996094
vt 0.996094 0.753906
vt 0.503906 0.246094
vt 0.996094 0.246094
vt 0.746094 0.246094
vt 0.996094 0.246094
vt 0.503906 0.246094
vt 0.746094 0.246094
vt 0.996094 0.003906
vt 0.503906 0.003906
vt 0.996094 0.996094
vt 0.996094 0.753906
vt 0.753906 0.996094
vt 0.753906 0.753906
vt 0.996094 0.753906
vt 0.996094 0.996094
vt 0.996094 0.753906
vt 0.753906 0.753906
vt 0.996094 0.996094
vt 0.753906 0.996094
vt 0.996094 0.246094
vt 0.503906 0.246094
vt 0.746094 0.246094
vt 0.996094 0.753906
vt 0.746094 0.003906
vt 0.996094 0.996094
vt 0.996094 0.246094
vt 0.503906 0.246094
vt 0.746094 0.246094
vt 0.996094 0.003906
vt 0.503906 0.003906
vt 0.996094 0.996094
vt 0.996094 0.753906
vt 0.996094 0.753906
vt 0.996094 0.996094
vt 0.753906 0.996094
vt 0.753906 0.753906
vt 0.503906 0.246094
vt 0.753906 0.246094
vt 0.996094 0.246094
vt 0.746094 0.246094
vt 0.503906 0.003906
vt 0.996094 0.003906
vt 0.996094 0.996094
vt 0.996094 0.753906
vt 0.753906 0.378906
vt 0.746094 0.375000
vt 0.746094 0.003906
vt 0.753906 0.003906
vt 0.996094 0.996094
vt 0.996094 0.753906
vt 0.503906 0.003906
vt 0.996094 0.003906
vt 0.996094 0.996094
vt 0.996094 0.753906
vt 0.746094 0.003906
vt 0.996094 0.753906
vt 0.996094 0.996094
vt 0.746094 0.003906
vt 0.996094 0.996094
vt 0.996094 0.753906
vt 0.996094 0.003906
vt 0.504357 0.003591
vt 0.996094 0.753906
vt 0.996094 0.996094
vt 0.746094 0.003906
vt 0.753906 0.003906
vt 0.996094 0.753906
vt 0.996094 0.996094
vt 0.746094 0.003906
vt 0.996094 0.996094
vt 0.996094 0.753906
vt 0.746094 0.753906
vt 0.746094 0.996094
vt 0.753906 0.753906
vt 0.753906 0.996094
vt 0.871094 0.246094
vt 0.753906 0.875000
vt 0.996094 0.875000
vt 0.753906 0.753906
vt 0.753906 0.996094
vt 0.996094 0.753906
vt 0.996094 0.996094
vt 0.753906 0.753906
vt 0.996094 0.753906
vt 0.996094 0.996094
vt 0.753906 0.996094
vt 0.746094 0.246094
vt 0.996094 0.246094
vt 0.996094 0.246094
vt 0.503906 0.246094
vt 0.746094 0.246094
vt 0.503906 0.003906
vt 0.996094 0.003906
vt 0.996094 0.996094
vt 0.996094 0.753906
vt 0.746094 0.003906
vt 0.996094 0.753906
vt 0.996094 0.003906
vt 0.996094 0.996094
vt 0.503906 0.503906
vt 0.996094 0.503906
vt 0.746094 0.503906
vt 0.503906 0.503906
vt 0.996094 0.503906
vt 0.746094 0.503906
vt 0.996094 0.503906
vt 0.503906 0.503906
vt 0.746094 0.503906
vt 0.503906 0.503906
vt 0.503906 0.503906
vt 0.996094 0.503906
vt 0.746094 0.503906
vt 0.503906 0.375000
vt 0.996094 0.375000
vt 0.996094 0.503906
vt 0.503906 0.503906
vt 0.746094 0.503906
vt 0.746094 0.375000
vt 0.503906 0.503906
vt 0.996094 0.503906
vt 0.746094 0.503906
vt 0.996094 0.503906
vt 0.503906 0.503906
vt 0.746094 0.375000
vt 0.996094 0.375000
vt 0.503906 0.375000
vt 0.753906 0.503906
vt 0.746094 0.503906
vt 0.871094 0.503906
vt 0.746094 0.503906
vt 0.996094 0.503906
vt 0.503906 0.503906
vt 0.753906 0.503906
vt 0.503906 0.503906
vt 0.996094 0.503906
vt 0.753906 0.503906
vt 0.996094 0.503906
vt 0.503906 0.503906
vt 0.753906 0.503906
vt 0.503906 0.503906
vt 0.996094 0.503906
vt 0.753906 0.503906
vt 0.503906 0.371094
vt 0.996094 0.378906
vt 0.753906 0.378906
vt 0.996094 0.378906
vt 0.503906 0.378906
vt 0.753906 0.378906
vt 0.753906 0.378906
vt 0.753906 0.378906
vt 0.996094 0.378906
vt 0.503906 0.378906
vt 0.753906 0.503906
vt 0.996094 0.503906
vt 0.503906 0.503906
vt 0.753906 0.378906
vt 0.503906 0.378906
vt 0.996094 0.378906
vt 0.753906 0.378906
vt 0.753906 0.503906
vt 0.996094 0.503906
vt 0.503906 0.503906
vt 0.996094 0.378906
vt 0.503906 0.378906
vt 0.753906 0.378906
vt 0.753906 0.503906
vt 0.996094 0.503906
vt 0.503906 0.503906
vt 0.753906 0.503906
vt 0.503906 0.378906
vt 0.996094 0.378906
vt 0.753906 0.378906
vt 0.996094 0.503906
vt 0.503906 0.503906
vt 0.996094 0.378906
vt 0.503906 0.378906
vt 0.628906 0.503906
vt 0.628906 0.371094
vt 0.996094 0.503906
vt 0.503906 0.503906
vt 1.003906 0.503906
vt 0.503906 0.503906
vt 0.996094 0.378906
vt 0.503906 0.378906
vt 1.003906 0.378906
vt 0.503906 0.378906
vt 0.996094 0.753906
vt 0.753906 0.753906
vt 0.753906 0.996094
vt 0.574219 0.246094
vt 0.746094 0.246094
vt 0.996094 0.246094
vt 0.574219 0.003906
vt 0.746094 0.003906
vt 0.996094 0.753906
vt 0.996094 0.996094
vt 0.503906 0.246094
vt 0.597656 0.246094
vt 0.972656 0.246094
vt 0.746094 0.246094
vt 0.753906 0.875000
vt 0.753906 0.753906
vt 0.773438 0.003906
vt 0.996094 0.875000
vt 0.796875 0.246094
vt 0.773438 0.246094
vt 0.753906 0.996094
vt 0.753906 0.996094
vt 0.996094 0.996094
vt 0.996094 0.753906
vt 0.753906 0.753906
vt 0.503906 0.246094
vt 0.746094 0.246094
vt 0.996094 0.246094
vt 0.753906 0.996094
vt 0.996094 0.996094
vt 0.996094 0.753906
vt 0.753906 0.753906
vt 0.746094 0.753906
vt 0.503906 0.753906
vt 0.753906 0.996094
vt 0.753906 0.753906
vt 0.746094 0.246094
vt 0.996094 0.246094
vt 0.503906 0.246094
vt 0.753906 0.996094
vt 0.996094 0.996094
vt 0.753906 0.753906
vt 0.996094 0.753906
vt 0.996094 0.246094
vt 0.503906 0.246094
vt 0.746094 0.246094
vt 0.996094 0.003906
vt 0.996094 0.996094
vt 0.996094 0.753906
vt 0.503906 0.003906
vt 0.753906 0.753906
vt 0.753906 0.996094
vt 0.996094 0.996094
vt 0.996094 0.753906
vt 0.746094 0.753906
vt 0.503906 0.753906
vt 0.753906 0.996094
vt 0.753906 0.753906
vt 0.746094 0.246094
vt 0.996094 0.246094
vt 0.503906 0.246094
vt 0.746094 0.375000
vt 0.746094 0.003906
vt 0.996094 0.753906
vt 0.996094 0.996094
vt 0.753906 0.753906
vt 0.996094 0.996094
vt 0.996094 0.753906
vt 0.753906 0.996094
vt 0.753906 0.753906
vt 0.996094 0.753906
vt 0.996094 0.996094
vt 0.753906 0.996094
vt 0.503906 0.246094
vt 0.996094 0.246094
vt 0.746094 0.246094
vt 0.996094 0.246094
vt 0.503906 0.246094
vt 0.746094 0.246094
vt 0.503906 0.003906
vt 0.996094 0.003906
vt 0.996094 0.996094
vt 0.996094 0.753906
vt 0.753906 0.996094
vt 0.996094 0.996094
vt 0.996094 0.753906
vt 0.753906 0.753906
vt 0.753906 0.003906
vt 0.996094 0.003906
vt 0.996094 0.996094
vt 0.996094 0.753906
vt 0.740936 0.004914
vt 0.996094 0.753906
vt 0.996094 0.996094
vt 0.753906 0.753906
vt 0.753906 0.996094
vt 0.996094 0.996094
vt 0.996094 0.753906
vt 0.996094 0.753906
vt 0.996094 0.996094
vt 0.753906 0.996094
vt 0.753906 0.753906
vt 0.503906 0.246094
vt 0.996094 0.246094
vt 0.746094 0.246094
vt 0.996094 0.246094
vt 0.503906 0.246094
vt 0.746094 0.246094
vt 0.996094 0.003906
vt 0.503906 0.003906
vt 0.996094 0.996094
vt 0.996094 0.753906
vt 0.996094 0.375000
vt 0.503906 0.375000
vt 0.996094 0.371094
vt 0.503906 0.503906
vt 0.996094 0.503906
vt 0.996094 0.503906
vt 0.503906 0.503906
vt 0.597656 0.371094
vt 0.996094 0.378906
vt 0.503906 0.375000
vt 0.796875 0.371094
vt 0.750000 0.378906
vt 0.750000 0.503906
vt 0.746094 0.503906
vt 0.503906 0.503906
vt 0.996094 0.503906
vt 0.746094 0.503906
vt 0.503906 0.503906
vt 0.996094 0.503906
vt 0.503906 0.503906
vt 0.996094 0.503906
vt 0.746094 0.503906
vt 0.503906 0.503906
vt 0.996094 0.503906
vt 0.503906 0.503906
vt 0.996094 0.503906
vt 0.746094 0.503906
vt 0.746094 0.371094
vt 0.746094 0.375000
vt 0.753906 0.503906
vt 0.753906 0.378906
vt 0.753906 0.503906
vt 0.753906 0.378906
vt 0.511719 0.378906
vt 0.996094 0.378906
vt 0.996094 0.503906
vt 0.511719 0.503906
vt 0.503906 0.503906
vt 0.996094 0.503906
vt 0.753906 0.503906
vt 0.503906 0.371094
vt 0.996094 0.378906
vt 0.753906 0.378906
vt 0.503906 0.503906
vt 0.996094 0.503906
vt 0.753906 0.503906
vt 0.503906 0.371094
vt 0.996094 0.378906
vt 0.753906 0.378906
vt 0.753906 0.503906
vt 0.996094 0.503906
vt 0.503906 0.503906
vt 0.996094 0.378906
vt 0.503906 0.378906
vt 0.753906 0.503906
vt 0.996094 0.503906
vt 0.503906 0.503906
vt 0.753906 0.378906
vt 0.996094 0.378906
vt 0.503906 0.378906
vt 0.753906 0.378906
vt 0.753906 0.996094
vt 0.996094 0.996094
vt 0.996094 0.753906
vt 0.753906 0.753906
vt 0.996094 0.996094
vt 0.996094 0.753906
vt 0.753906 0.996094
vt 0.753906 0.753906
vt 0.753906 0.753906
vt 0.996094 0.753906
vt 0.996094 0.996094
vt 0.753906 0.996094
vt 0.753906 0.753906
vt 0.996094 0.753906
vt 0.996094 0.996094
vt 0.753906 0.996094
vt 0.996094 0.246094
vt 0.503906 0.246094
vt 0.746094 0.246094
vt 0.753906 0.246094
vt 0.503906 0.246094
vt 0.746094 0.246094
vt 0.996094 0.246094
vt 0.996094 0.246094
vt 0.503906 0.246094
vt 0.746094 0.246094
vt 0.503906 0.246094
vt 0.746094 0.246094
vt 0.753906 0.246094
vt 0.996094 0.246094
vt 0.753906 0.996094
vt 0.996094 0.996094
vt 0.996094 0.753906
vt 0.753906 0.753906
vt 0.503906 0.996094
vt 0.746094 0.996094
vt 0.753906 0.996094
vt 0.753906 0.753906
vt 0.996094 0.246094
vt 0.503906 0.246094
vt 0.746094 0.246094
vt 0.753906 0.753906
vt 0.996094 0.753906
vt 0.996094 0.996094
vt 0.753906 0.996094
vt 0.503906 0.246094
vt 0.753906 0.246094
vt 0.746094 0.246094
vt 0.996094 0.378906
vt 0.753906 0.378906
vt 0.503906 0.375000
vt 0.996094 0.003906
vt 0.503906 0.003906
vt 0.996094 0.996094
vt 0.996094 0.753906
vt 0.746094 0.003906
vt 0.753906 0.003906
vt 0.996094 0.753906
vt 0.996094 0.996094
vt 0.744252 0.007324
vt 0.996094 0.996094
vt 0.996094 0.753906
vt 0.746094 0.003906
vt 0.503906 0.003906
vt 0.996094 0.753906
vt 0.996094 0.996094
vt 0.996094 0.003906
vt 0.503906 0.003906
vt 0.996094 0.753906
vt 0.996094 0.996094
vt 0.753906 0.003906
vt 0.746094 0.003906
vt 0.996094 0.996094
vt 0.996094 0.753906
vt 0.503906 0.503906
vt 0.996094 0.503906
vt 0.746094 0.503906
vt 0.503906 0.503906
vt 0.996094 0.503906
vt 0.746094 0.503906
vt 0.996094 0.503906
vt 0.503906 0.503906
vt 0.746094 0.375000
vt 0.996094 0.503906
vt 0.503906 0.503906
vt 0.753906 0.503906
vt 0.503906 0.503906
vt 0.996094 0.503906
vt 0.753906 0.503906
vt 0.996094 0.503906
vt 0.503906 0.503906
vt 0.753906 0.503906
vt 0.503906 0.503906
vt 0.503906 0.371094
vt 0.996094 0.378906
vt 0.753906 0.378906
vt 0.996094 0.378906
vt 0.503906 0.378906
vt 0.753906 0.378906
vt 0.753906 0.378906
vt 0.503906 0.378906
vt 0.996094 0.503906
vt 0.503906 0.503906
vt 0.996094 0.378906
vt 0.503906 0.378906
vt 0.753906 0.753906
vt 0.753906 0.996094
vt 0.996094 0.996094
vt 0.996094 0.753906
vt 0.746094 0.003906
vt 0.996094 0.996094
vt 0.996094 0.753906
vt 0.996094 0.996094
vt 0.996094 0.753906
vt 0.753906 0.996094
vt 0.753906 0.753906
vt 0.753906 0.753906
vt 0.996094 0.753906
vt 0.996094 0.996094
vt 0.753906 0.996094
vt 0.746094 0.246094
vt 0.996094 0.246094
vt 0.503906 0.246094
vt 0.996094 0.246094
vt 0.503906 0.246094
vt 0.746094 0.246094
vt 0.996094 0.003906
vt 0.503906 0.003906
vt 0.996094 0.753906
vt 0.996094 0.996094
vt 0.996094 0.246094
vt 0.503906 0.246094
vt 0.746094 0.246094
vt 0.996094 0.003906
vt 0.503906 0.003906
vt 0.996094 0.996094
vt 0.996094 0.753906
vt 0.503906 0.503906
vt 0.996094 0.503906
vt 0.746094 0.503906
vt 0.746094 0.503906
vt 0.753906 0.503906
vt 0.503906 0.503906
vt 1.003906 0.503906
vt 0.996094 0.503906
vt 0.503906 0.503906
vt 0.503906 0.371094
vt 1.003906 0.378906
vt 0.753906 0.378906
vt 0.996094 0.378906
vt 0.503906 0.378906
vt 0.503906 0.003906
vt 0.996094 0.003906
vt 0.996094 0.753906
vt 0.996094 0.996094
vt 0.755783 0.010362
vt 0.996094 0.753906
vt 0.996094 0.996094
vt 0.746094 0.003906
vt 0.972656 0.003906
vt 0.996094 0.996094
vt 0.746094 0.003906
vt 0.996094 0.753906
vt 0.996094 0.996094
vt 0.746094 0.246094
vt 0.753906 0.246094
vt 0.996094 0.246094
vt 0.625000 0.246094
vt 0.753906 0.875000
vt 0.996094 0.875000
vt 0.625000 0.503906
vt 0.625000 0.003906
vt 0.996094 0.875000
vt 0.746094 0.003906
vt 0.996094 0.753906
vt 0.996094 0.246094
vt 0.746094 0.246094
vt 0.996094 0.375000
vt 0.996094 0.003906
vt 0.746094 0.003906
vt 0.996094 0.996094
vt 0.996094 0.753906
vt 0.996094 0.246094
vt 0.503906 0.246094
vt 0.746094 0.246094
vt 0.746094 0.246094
vt 0.503906 0.246094
vt 0.996094 0.246094
vt 0.746094 0.375000
vt 0.996094 0.378906
vt 0.503906 0.246094
vt 0.996094 0.246094
vt 0.746094 0.246094
vt 0.996094 0.246094
vt 0.503906 0.246094
vt 0.746094 0.246094
vt 0.746094 0.371094
vt 0.746094 0.375000
vt 0.746094 0.003906
vt 0.996094 0.996094
vt 0.996094 0.753906
vt 0.503906 0.246094
vt 0.996094 0.246094
vt 0.746094 0.246094
vt 0.996094 0.246094
vt 0.503906 0.246094
vt 0.746094 0.246094
vt 0.996094 0.753906
vt 0.996094 0.996094
vt 0.996094 0.003906
vt 0.503906 0.003906
vt 0.503906 0.375000
vt 0.996094 0.375000
vt 0.996094 0.503906
vt 0.746094 0.503906
vt 0.996094 0.503906
vt 0.503906 0.503906
vt 0.996094 0.503906
vt 0.503906 0.503906
vt 0.996094 0.503906
vt 0.746094 0.503906
vt 0.503906 0.503906
vt 0.996094 0.503906
vt 0.746094 0.503906
vt 0.753906 0.503906
vt 0.753906 0.378906
vt 0.503906 0.503906
vt 0.746094 0.375000
vt 0.996094 0.378906
vt 0.503906 0.371094
vt 0.996094 0.375000
vt 0.753906 0.503906
vt 0.996094 0.503906
vt 0.996094 0.378906
vt 0.753906 0.503906
vt 0.996094 0.503906
vt 0.503906 0.503906
vt 0.753906 0.378906
vt 0.996094 0.378906
vt 0.503906 0.378906
vt 0.753906 0.378906
vt 0.996094 0.996094
vt 0.746094 0.003906
vt 0.996094 0.753906
vt 0.503906 0.246094
vt 0.746094 0.246094
vt 0.996094 0.246094
vt 0.753906 0.246094
vt 0.753906 0.003906
vt 0.996094 0.753906
vt 0.746094 0.003906
vt 0.996094 0.996094
vt 0.503906 0.246094
vt 0.996094 0.246094
vt 0.746094 0.246094
vt 0.996094 0.246094
vt 0.746094 0.246094
vt 0.503906 0.246094
vt 0.996094 0.246094
vt 0.746094 0.246094
vt 0.503906 0.246094
vt 0.503906 0.246094
vt 0.753906 0.246094
vt 0.746094 0.246094
vt 0.746094 0.003906
vt 0.996094 0.753906
vt 0.503906 0.003906
vt 0.996094 0.996094
vt 0.996094 0.003906
vt 0.503906 0.003906
vt 0.996094 0.996094
vt 0.996094 0.753906
vt 0.996094 0.996094
vt 0.996094 0.003906
vt 0.996094 0.753906
vt 0.503906 0.003906
vt 0.875000 0.996094
vt 0.875000 0.753906
vt 0.875000 0.753906
vt 0.875000 0.996094
vt 0.875000 0.996094
vt 0.875000 0.753906
vt 0.875000 0.753906
vt 0.875000 0.996094
vt 0.875000 0.996094
vt 0.875000 0.753906
vt 0.875000 0.996094
vt 0.503906 0.503906
vt 0.996094 0.503906
vt 0.746094 0.503906
vt 0.746094 0.503906
vt 0.996094 0.503906
vt 0.503906 0.503906
vt 0.503906 0.378906
vt 0.996094 0.375000
vt 0.996094 0.503906
vt 0.503906 0.503906
vt 0.753906 0.503906
vt 0.503906 0.503906
vt 0.996094 0.503906
vt 0.996094 0.503906
vt 0.503906 0.503906
vt 0.753906 0.503906
vt 0.503906 0.503906
vt 0.503906 0.371094
vt 0.996094 0.378906
vt 0.753906 0.378906
vt 0.503906 0.378906
vt 0.996094 0.378906
vt 0.503906 0.378906
vt 0.753906 0.378906
vt 0.996094 0.503906
vt 0.503906 0.503906
vt 0.503906 0.378906
vt 0.996094 0.378906
vt 0.746094 0.246094
vt 0.996094 0.246094
vt 0.503906 0.246094
vt 0.996094 0.246094
vt 0.503906 0.246094
vt 0.746094 0.246094
vt 0.503906 0.003906
vt 0.996094 0.753906
vt 0.996094 0.996094
vt 0.996094 0.003906
vt 0.996094 0.246094
vt 0.503906 0.246094
vt 0.746094 0.246094
vt 0.503906 0.375000
vt 0.996094 0.375000
vt 0.996094 0.753906
vt 0.996094 0.996094
vt 0.746094 0.003906
vt 0.996094 0.996094
vt 0.996094 0.003906
vt 0.503906 0.003906
vt 0.996094 0.753906
vt 0.875000 0.753906
vt 0.875000 0.996094
vt 0.875000 0.996094
vt 0.875000 0.753906
vt 0.875000 0.753906
vt 0.875000 0.996094
vt 0.875000 0.996094
vt 0.875000 0.753906
vt 0.503906 0.503906
vt 0.996094 0.503906
vt 0.746094 0.503906
vt 0.746094 0.503906
vt 0.746094 0.375000
vt 0.746094 0.375000
vt 0.753906 0.503906
vt 0.503906 0.503906
vt 1.003906 0.503906
vt 0.996094 0.503906
vt 0.503906 0.503906
vt 0.503906 0.371094
vt 1.003906 0.378906
vt 0.753906 0.378906
vt 0.996094 0.378906
vt 0.503906 0.378906
vt 0.875000 0.753906
vt 0.875000 0.996094
vt 0.878906 0.753906
vt 0.875000 0.753906
vt 0.875000 0.996094
vt 0.875000 0.996094
vt 0.875000 0.753906
vt 0.875000 0.753906
vt 0.875000 0.996094
vt 0.875000 0.753906
vt 0.875000 0.996094
vt 0.996094 0.003906
vt 0.996094 0.996094
vt 0.503906 0.003906
vt 0.996094 0.753906
vt 0.503906 0.003906
vt 0.996094 0.753906
vt 0.996094 0.996094
vt 0.996094 0.003906
vt 0.996094 0.996094
vt 0.746094 0.003906
vt 0.996094 0.753906
vt 0.996094 0.246094
vt 0.503906 0.246094
vt 0.503906 0.378906
vt 0.996094 0.378906
vt 0.503906 0.503906
vt 0.996094 0.503906
vt 0.878906 0.996094
vt 0.878906 0.753906
vt 0.996094 0.003906
vt 0.996094 0.996094
vt 0.996094 0.753906
vt 0.503906 0.003906
vt 0.738281 0.246094
vt 0.738281 0.503906
vt 0.878906 0.878906
vt 0.738281 0.003906
vt 0.996094 0.878906
vt 0.769531 0.003906
vt 0.996094 0.753906
vt 0.996094 0.964844
vt 0.878906 0.753906
vt 0.878906 0.964844
vt 0.753906 0.246094
vt 0.769531 0.246094
vt 0.769531 0.503906
vt 0.871094 0.246094
vt 0.871094 0.375000
vt 0.871094 0.003906
vt 0.996094 0.875000
vt 0.871094 0.503906
vt 0.875000 0.875000
vt 0.871094 0.003906
vt 0.996094 0.875000
vt 0.871094 0.246094
vt 0.871094 0.375000
vt 0.875000 0.875000
vt 0.871094 0.503906
vt 0.625000 0.246094
vt 0.625000 0.003906
vt 0.996094 0.875000
vt 0.875000 0.875000
vt 0.625000 0.503906
vt 0.625000 0.246094
vt 0.875000 0.875000
vt 0.625000 0.003906
vt 0.996094 0.875000
vt 0.625000 0.503906
vt 0.625000 0.375000
vt 0.503906 0.375000
vt 0.996094 0.503906
vt 0.746094 0.503906
vt 0.996094 0.503906
vt 0.503906 0.503906
vt 0.503906 0.378906
vt 0.996094 0.378906
vt 0.503906 0.503906
vt 0.996094 0.503906
vt 0.738281 0.503906
vt 0.738281 0.378906
vt 0.769531 0.378906
vt 0.769531 0.503906
vt 0.871094 0.375000
vt 0.871094 0.503906
vt 0.503906 0.503906
vt 0.996094 0.503906
vt 0.746094 0.503906
vt 0.503906 0.503906
vt 0.996094 0.503906
vt 0.746094 0.503906
vt 0.746094 0.503906
vt 0.503906 0.503906
vt 0.746094 0.375000
vt 0.503906 0.375000
vt 0.996094 0.375000
vt 0.746094 0.375000
vt 0.503906 0.375000
vt 0.996094 0.375000
vt 0.503906 0.375000
vt 0.746094 0.375000
vt 0.503906 0.378906
vt 0.996094 0.378906
vt 0.503906 0.378906
vt 0.996094 0.378906
vt 0.996094 0.378906
vt 0.503906 0.378906
vt 0.503906 0.378906
vt 0.996094 0.378906
vt 0.996094 0.378906
vt 0.503906 0.378906
vt 0.503906 0.378906
vt 0.996094 0.378906
vt 0.503906 0.378906
vt 0.996094 0.378906
vt 0.503906 0.378906
vt 0.996094 0.378906
vt 0.503906 0.378906
vt 0.996094 0.378906
vt 0.996094 0.378906
vt 0.503906 0.378906
vt 0.996094 0.378906
vt 0.503906 0.378906
vt 0.996094 0.511719
vt 0.503906 0.511719
vt 0.503906 0.511719
vt 0.996094 0.511719
vt 0.503906 0.511719
vt 0.996094 0.511719
vt 0.503906 0.511719
vt 0.996094 0.511719
vt 0.503906 0.511719
vt 0.996094 0.511719
vt 0.503906 0.511719
vt 0.996094 0.511719
vt 0.503906 0.511719
vt 0.996094 0.511719
vt 0.503906 0.511719
vt 0.996094 0.511719
vt 0.503906 0.511719
vt 0.996094 0.511719
vt 0.503906 0.511719
vt 0.996094 0.511719
vt 0.503906 0.511719
vt 0.996094 0.511719
s 1
f 669/903 709/1034 706/1027
f 669/904 592/693 709/1035
f 653/870 666/896 594/696
f 594/698 670/905 589/685
f 655/873 664/893 595/700
f 664/894 597/704 595/701
f 597/705 662/889 658/879
f 662/890 601/718 658/880
f 600/715 590/689 661/887
f 600/716 657/878 662/890
f 707/1029 710/1038 600/714
f 663/891 600/717 662/889
f 656/875 663/892 664/894
f 660/885 667/898 694/984
f 665/895 656/876 664/893
f 666/897 588/683 670/905
f 594/697 589/686 708/1031
f 668/902 593/695 666/896
f 660/886 594/699 667/899
f 669/904 591/691 652/869
f 590/690 709/1037 592/692
f 670/906 587/682 669/903
f 585/677 583/671 645/850
f 672/912 585/678 586/679
f 650/866 672/913 586/680
f 584/676 582/670 650/865
f 651/867 648/859 584/675
f 729/1101 673/916 651/868
f 575/647 579/656 683/949
f 648/860 728/1097 582/667
f 673/917 649/862 648/857
f 645/851 581/664 640/832
f 674/920 971/1674 579/655
f 647/856 971/1675 646/853
f 644/849 580/660 647/855
f 645/852 639/829 644/848
f 583/673 684/953 581/663
f 641/836 583/674 671/907
f 642/840 671/910 672/911
f 728/1098 672/914 582/668
f 638/825 577/651 633/813
f 638/826 725/1085 901/1500
f 635/818 673/918 907/1521
f 726/1089 651/868 578/653
f 726/1090 636/821 901/1499
f 636/822 638/827 901/1500
f 675/921 634/815 725/1085
f 631/807 725/1086 633/813
f 577/652 631/808 633/814
f 677/929 576/650 624/781
f 555/595 631/808 677/927
f 632/810 555/596 606/734
f 575/648 767/1168 571/635
f 676/924 573/641 770/1178
f 630/804 770/1179 823/1352
f 549/572 574/644 676/923
f 627/791 676/926 630/803
f 605/731 572/638 768/1172
f 571/636 626/787 679/935
f 570/633 679/936 625/783
f 569/631 625/785 568/627
f 687/966 569/632 568/628
f 622/777 567/626 619/768
f 621/774 619/770 567/625
f 719/1064 622/776 619/769
f 618/766 619/771 620/772
f 618/767 701/1011 690/972
f 565/622 701/1012 566/623
f 563/619 699/1003 713/1047
f 564/621 562/615 718/1062
f 703/1020 563/620 689/969
f 559/610 560/612 561/613
f 720/1068 559/608 561/614
f 699/1006 558/607 559/609
f 603/723 681/943 609/740
f 603/723 615/760 681/943
f 786/1237 550/575 724/1081
f 677/930 691/977 557/602
f 691/976 547/563 716/1058
f 677/928 557/603 714/1050
f 606/735 696/993 607/736
f 607/737 556/600 616/762
f 554/591 823/1353 628/795
f 722/1074 554/592 628/796
f 605/730 553/587 722/1072
f 546/559 605/732 678/931
f 678/933 768/1173 723/1077
f 552/583 546/560 678/932
f 614/757 678/934 723/1078
f 604/727 613/755 552/582
f 682/946 552/585 614/756
f 550/576 551/580 604/726
f 724/1082 604/729 682/945
f 679/937 629/800 549/571
f 679/938 627/792 625/784
f 625/786 548/568 568/629
f 548/569 630/806 554/590
f 548/567 610/741 721/1071
f 610/743 554/593 553/586
f 602/721 553/589 611/745
f 546/562 602/722 611/746
f 695/990 546/561 613/752
f 612/750 695/989 680/939
f 551/581 695/991 613/753
f 616/763 680/941 608/738
f 603/725 680/942 551/578
f 545/555 717/1059 695/987
f 547/566 697/996 685/956
f 602/720 686/960 715/1055
f 696/995 612/751 556/598
f 622/778 713/1048 720/1066
f 699/1004 563/617 718/1061
f 700/1008 712/1045 701/1010
f 701/1013 719/1065 690/973
f 691/978 698/1000 547/564
f 692/979 715/1054 686/961
f 659/884 711/1042 709/1036
f 656/877 707/1030 599/710
f 694/986 598/708 707/1028
f 710/1040 708/1032 711/1041
f 711/1043 589/688 706/1025
f 709/1036 711/1042 706/1026
f 715/1053 693/981 687/964
f 698/1001 692/980 686/962
f 712/1044 689/970 704/1021
f 704/1022 719/1065 712/1046
f 712/1044 703/1018 689/970
f 718/1063 688/967 699/1005
f 713/1049 559/611 720/1067
f 714/1052 545/558 612/749
f 715/1053 687/964 721/1069
f 602/720 721/1070 610/742
f 697/997 686/963 602/719
f 545/555 716/1056 717/1059
f 716/1057 547/565 717/1060
f 717/1060 685/957 695/988
f 561/614 623/779 720/1068
f 623/779 622/775 720/1068
f 563/618 617/764 718/1062
f 617/764 564/621 718/1062
f 718/1063 562/616 688/967
f 700/1008 703/1019 712/1045
f 704/1022 702/1014 719/1065
f 619/769 690/974 719/1064
f 719/1064 702/1015 622/776
f 702/1016 689/971 713/1047
f 689/971 563/619 713/1047
f 717/1060 547/565 685/957
f 545/556 557/604 716/1058
f 557/604 691/976 716/1058
f 696/992 555/594 714/1050
f 555/594 677/928 714/1050
f 680/939 556/599 612/750
f 612/750 545/557 695/989
f 692/979 693/982 715/1054
f 602/720 715/1055 721/1070
f 721/1071 687/965 568/630
f 568/630 548/567 721/1071
f 605/730 611/747 553/587
f 656/874 596/702 694/984
f 596/702 660/885 694/984
f 600/714 599/711 707/1029
f 707/1029 598/706 710/1038
f 710/1038 659/881 600/714
f 598/707 667/900 708/1031
f 667/900 594/697 708/1031
f 706/1027 589/687 670/906
f 670/906 669/903 706/1027
f 669/904 652/869 592/693
f 653/870 668/902 666/896
f 594/698 666/897 670/905
f 655/873 665/895 664/893
f 664/894 663/892 597/704
f 597/705 663/891 662/889
f 662/890 657/878 601/718
f 600/715 659/882 590/689
f 600/716 661/888 657/878
f 663/891 599/712 600/717
f 656/875 599/713 663/892
f 665/895 596/703 656/876
f 666/897 593/694 588/683
f 668/902 654/872 593/695
f 660/886 653/871 594/699
f 669/904 587/681 591/691
f 590/690 659/883 709/1037
f 670/906 588/684 587/682
f 585/677 671/908 583/671
f 672/912 671/909 585/678
f 650/866 582/669 672/913
f 584/676 648/858 582/670
f 651/867 673/915 648/859
f 729/1101 907/1522 673/916
f 575/647 674/919 579/656
f 648/860 649/861 728/1097
f 673/917 727/1093 649/862
f 645/851 583/672 581/664
f 674/920 646/854 971/1674
f 647/856 580/659 971/1675
f 644/849 639/828 580/660
f 645/852 640/833 639/829
f 583/673 643/844 684/953
f 641/836 643/845 583/674
f 642/840 641/837 671/910
f 728/1098 642/841 672/914
f 638/825 637/823 577/651
f 638/826 633/814 725/1085
f 635/818 727/1094 673/918
f 726/1089 729/1101 651/868
f 726/1090 578/654 636/821
f 636/822 637/824 638/827
f 675/921 632/809 634/815
f 631/807 675/922 725/1086
f 577/652 576/649 631/808
f 677/929 631/807 576/650
f 555/595 675/921 631/808
f 632/810 675/922 555/596
f 575/648 683/950 767/1168
f 676/924 574/643 573/641
f 630/804 676/925 770/1179
f 549/572 629/799 574/644
f 627/791 549/573 676/926
f 605/731 722/1073 572/638
f 571/636 767/1169 626/787
f 570/633 571/637 679/936
f 569/631 570/634 625/785
f 687/966 693/983 569/632
f 622/777 623/780 567/626
f 621/774 620/773 619/770
f 618/766 690/975 619/771
f 618/767 566/624 701/1011
f 565/622 700/1009 701/1012
f 703/1020 617/765 563/620
f 559/610 558/606 560/612
f 699/1006 688/968 558/607
f 603/723 550/575 615/760
f 786/1237 615/760 550/575
f 677/930 624/782 691/977
f 606/735 555/597 696/993
f 607/737 696/994 556/600
f 554/591 630/805 823/1353
f 722/1074 553/588 554/592
f 546/559 611/748 605/732
f 678/933 605/733 768/1173
f 552/583 613/754 546/560
f 614/757 552/584 678/934
f 604/727 551/579 613/755
f 682/946 604/728 552/585
f 550/576 603/724 551/580
f 724/1082 550/577 604/729
f 679/937 626/788 629/800
f 679/938 549/574 627/792
f 625/786 627/793 548/568
f 548/569 627/794 630/806
f 610/743 548/570 554/593
f 602/721 610/744 553/589
f 546/562 697/998 602/722
f 695/990 685/958 546/561
f 551/581 680/940 695/991
f 616/763 556/601 680/941
f 603/725 608/739 680/942
f 547/566 698/999 697/996
f 696/995 714/1051 612/751
f 622/778 702/1017 713/1048
f 701/1013 712/1046 719/1065
f 691/978 705/1023 698/1000
f 659/884 710/1039 711/1042
f 656/877 694/985 707/1030
f 694/986 667/901 598/708
f 710/1040 598/709 708/1032
f 711/1043 708/1033 589/688
f 698/1001 705/1024 692/980
f 713/1049 699/1007 559/611
f 714/1052 557/605 545/558
f 697/997 698/1002 686/963
f 774/1194 614/758 723/1079
f 614/759 771/1183 682/947
f 775/1199 723/1080 768/1174
f 816/1327 778/1208 779/1211
f 779/1212 777/1205 772/1186
f 777/1205 820/1341 772/1186
f 820/1342 780/1216 821/1345
f 682/948 781/1220 724/1083
f 821/1346 784/1230 783/1226
f 724/1084 785/1234 786/1238
f 783/1227 788/1244 787/1241
f 615/761 790/1248 681/944
f 786/1240 789/1246 790/1247
f 784/1232 793/1251 788/1243
f 780/1218 731/1103 784/1232
f 735/1113 778/1210 776/1201
f 782/1225 734/1111 780/1215
f 777/1206 791/1249 782/1225
f 792/1250 777/1207 778/1210
f 628/797 794/1254 722/1075
f 796/1262 628/798 823/1354
f 797/1266 817/1332 822/1349
f 799/1271 818/1335 817/1331
f 797/1265 800/1273 799/1272
f 799/1272 841/1393 798/1267
f 801/1274 823/1355 770/1180
f 573/642 801/1275 770/1181
f 769/1177 804/1285 805/1288
f 805/1289 797/1266 822/1349
f 824/1356 844/1398 804/1287
f 804/1287 736/1114 797/1264
f 806/1294 574/646 629/801
f 807/1296 629/802 626/789
f 809/1304 810/1306 811/1309
f 811/1310 803/1284 819/1338
f 849/1405 810/1308 808/1300
f 810/1308 737/1116 803/1282
f 812/1313 768/1175 572/639
f 813/1317 816/1328 814/1321
f 813/1318 735/1112 776/1202
f 794/1255 572/640 722/1076
f 798/1269 814/1322 818/1335
f 841/1394 813/1320 798/1268
f 818/1336 812/1315 794/1252
f 812/1316 816/1329 775/1197
f 807/1297 811/1311 806/1292
f 811/1312 802/1280 806/1293
f 769/1176 801/1276 825/1357
f 801/1277 822/1350 796/1260
f 822/1351 795/1258 796/1261
f 795/1259 818/1337 794/1253
f 785/1236 787/1242 789/1245
f 781/1222 783/1229 785/1233
f 771/1185 821/1348 781/1219
f 816/1330 774/1196 775/1198
f 779/1214 773/1191 774/1193
f 773/1192 820/1344 771/1182
f 819/1340 825/1357 802/1278
f 737/1117 824/1356 803/1283
f 803/1284 769/1177 819/1338
f 802/1281 573/642 574/645
f 767/1170 807/1298 626/790
f 826/1361 767/1171 683/951
f 828/1367 830/1373 831/1376
f 829/1370 809/1304 830/1372
f 732/1106 829/1371 828/1368
f 829/1371 849/1406 808/1301
f 831/1377 827/1366 826/1359
f 830/1375 807/1299 827/1363
f 835/1385 733/1108 792/1250
f 733/1109 833/1382 791/1249
f 791/1249 834/1383 734/1111
f 735/1113 835/1385 792/1250
f 834/1384 731/1103 734/1110
f 837/1388 793/1251 731/1103
f 800/1273 839/1390 841/1393
f 736/1115 840/1392 800/1273
f 844/1398 842/1396 736/1114
f 738/1118 843/1397 844/1398
f 848/1404 845/1399 737/1116
f 847/1402 848/1404 849/1405
f 815/1325 836/1387 735/1112
f 839/1391 815/1326 841/1394
f 737/1117 851/1409 738/1118
f 852/1410 849/1406 739/1120
f 853/1411 739/1120 732/1104
f 857/1417 862/1425 863/1426
f 862/1425 855/1414 861/1423
f 861/1424 856/1416 864/1428
f 865/1429 857/1418 863/1427
f 856/1416 867/1432 864/1428
f 859/1421 866/1430 867/1431
f 871/1438 868/1433 870/1436
f 872/1439 869/1435 871/1437
f 875/1443 873/1440 872/1439
f 884/1457 875/1444 885/1458
f 880/1451 877/1446 876/1445
f 881/1452 878/1448 880/1450
f 883/1455 858/1419 865/1429
f 868/1433 883/1456 870/1436
f 876/1445 884/1457 885/1458
f 886/1459 881/1452 888/1463
f 887/1461 888/1464 889/1465
f 893/1478 928/1589 896/1485
f 895/1483 891/1470 892/1473
f 896/1485 740/1122 891/1472
f 894/1482 632/812 897/1487
f 632/811 890/1467 634/816
f 1021/1799 896/1486 895/1483
f 634/817 898/1489 725/1087
f 891/1471 1019/1792 892/1474
f 902/1505 1022/1801 1019/1791
f 725/1088 900/1496 901/1501
f 745/1133 899/1492 902/1503
f 891/1472 745/1133 902/1503
f 901/1502 903/1507 726/1091
f 899/1493 905/1513 1022/1801
f 1027/1811 904/1512 1020/1795
f 729/1102 906/1519 907/1523
f 754/1148 904/1511 1024/1807
f 899/1494 909/1528 908/1525
f 635/819 911/1533 727/1095
f 906/1520 635/820 907/1524
f 904/1512 915/1547 1020/1795
f 914/1544 910/1529 915/1546
f 742/1126 914/1545 904/1510
f 914/1545 924/1580 913/1540
f 649/863 919/1563 728/1099
f 911/1534 649/864 727/1096
f 913/1542 923/1575 910/1529
f 923/1576 921/1571 918/1558
f 924/1581 922/1574 913/1541
f 922/1574 744/1131 921/1569
f 928/1590 925/1582 740/1121
f 927/1587 929/1591 928/1590
f 740/1123 930/1592 745/1133
f 930/1592 741/1124 745/1133
f 741/1125 932/1595 909/1528
f 1026/1810 742/1127 754/1148
f 743/1130 934/1598 924/1580
f 742/1128 935/1600 743/1130
f 939/1607 937/1603 744/1131
f 934/1599 939/1607 924/1579
f 944/1613 940/1608 941/1609
f 943/1611 945/1615 944/1612
f 941/1609 946/1616 948/1619
f 948/1620 947/1618 949/1621
f 949/1621 950/1622 952/1625
f 952/1626 951/1624 953/1627
f 955/1629 961/1639 956/1631
f 953/1627 955/1630 956/1632
f 960/1637 957/1633 959/1636
f 954/1628 960/1638 961/1639
f 964/1649 639/830 640/834
f 639/831 962/1641 580/661
f 965/1653 640/835 581/665
f 981/1711 968/1663 976/1691
f 976/1692 967/1661 978/1699
f 967/1661 980/1706 978/1699
f 980/1707 969/1667 977/1695
f 580/662 970/1671 971/1676
f 969/1668 917/1555 977/1696
f 971/1677 916/1551 579/657
f 969/1669 753/1145 1023/1804
f 749/1139 968/1665 966/1656
f 972/1680 748/1138 969/1666
f 967/1662 746/1134 972/1680
f 968/1665 747/1135 967/1660
f 684/954 965/1654 581/666
f 979/1703 966/1659 981/1710
f 974/1686 749/1140 966/1657
f 979/1704 965/1655 973/1681
f 970/1673 917/1556 916/1550
f 962/1643 977/1698 970/1670
f 981/1713 964/1651 965/1652
f 976/1694 963/1646 964/1648
f 963/1647 980/1709 962/1640
f 985/1719 747/1135 987/1722
f 747/1136 983/1716 746/1134
f 746/1134 984/1717 748/1138
f 749/1139 985/1719 987/1722
f 984/1718 753/1146 748/1137
f 988/1723 749/1140 975/1688
f 992/1729 995/1735 996/1736
f 995/1735 990/1726 994/1733
f 994/1734 991/1728 997/1738
f 998/1739 992/1730 996/1737
f 997/1738 887/1462 889/1466
f 999/1741 998/1740 1000/1743
f 1004/1757 641/838 642/842
f 641/839 1001/1747 643/846
f 919/1564 642/843 728/1100
f 918/1558 1006/1763 1009/1773
f 1009/1774 1005/1760 1002/1749
f 1005/1760 1007/1766 1002/1749
f 1007/1767 974/1687 979/1702
f 1001/1748 684/955 643/847
f 744/1132 1006/1765 921/1570
f 1008/1772 975/1690 974/1685
f 1005/1761 751/1143 1008/1772
f 752/1144 1005/1762 1006/1765
f 1007/1768 973/1684 1001/1745
f 918/1559 1004/1759 919/1561
f 1009/1776 1003/1754 1004/1756
f 1003/1755 1007/1769 1001/1746
f 1012/1780 750/1141 752/1144
f 750/1142 1011/1779 751/1143
f 1011/1779 975/1690 751/1143
f 744/1132 1012/1780 752/1144
f 1015/1784 1017/1788 1018/1789
f 1017/1788 1014/1782 1016/1786
f 1016/1787 999/1742 1000/1744
f 957/1633 1018/1790 959/1636
f 910/1530 920/1567 911/1532
f 920/1568 918/1560 919/1562
f 1020/1796 912/1539 906/1517
f 915/1549 911/1535 912/1536
f 1025/1808 1020/1797 906/1518
f 900/1498 905/1514 903/1506
f 898/1491 1022/1803 900/1495
f 890/1468 1019/1794 898/1488
f 895/1484 890/1469 894/1481
f 1023/1805 831/1378 917/1554
f 916/1552 683/952 579/658
f 1023/1806 732/1107 828/1367
f 916/1553 831/1379 826/1360
f 753/1147 853/1412 732/1105
f 903/1508 1027/1812 1025/1808
f 932/1595 754/1148 909/1528
f 909/1528 1024/1807 908/1525
f 726/1092 1025/1809 729/1102
f 905/1516 1024/1807 1027/1811
f 1142/2051 1119/2002 1144/2053
f 1142/2050 1033/1827 1124/2012
f 1136/2040 1032/1822 1031/1818
f 1136/2041 1120/2005 1137/2043
f 765/1166 1032/1823 1138/2045
f 1140/2048 1034/1828 1033/1825
f 1122/2008 1126/2020 1121/2006
f 1031/1821 1122/2009 1120/2004
f 1032/1824 1125/2019 1031/1819
f 1036/1834 1126/2021 1125/2016
f 755/1149 1036/1835 1032/1822
f 1036/1835 756/1153 1035/1830
f 1123/2010 1038/1839 1106/1983
f 1126/2022 1123/2011 1121/2007
f 1035/1832 1041/1849 1126/2021
f 1041/1850 1039/1843 1038/1838
f 756/1154 1040/1846 1035/1831
f 1040/1846 1042/1851 1039/1841
f 1141/2049 1044/1854 1034/1828
f 1139/2047 755/1150 765/1165
f 1037/1837 1046/1858 756/1153
f 755/1151 1047/1860 1037/1837
f 757/1156 1048/1861 1042/1851
f 1046/1859 757/1156 756/1152
f 1051/1865 1052/1866 1054/1869
f 1057/1872 1063/1880 1058/1873
f 1169/2084 1161/2073 1053/1867
f 1062/1878 1059/1874 1061/1877
f 1056/1871 1062/1879 1063/1880
f 1145/2055 1075/1919 1148/2058
f 1152/2063 1064/1881 1074/1916
f 1066/1889 1076/1920 1077/1922
f 1066/1890 1068/1895 1072/1908
f 1150/2060 1064/1882 1151/2061
f 1146/2056 1073/1913 1145/2054
f 1156/2067 893/1480 1021/1798
f 1155/2066 1021/1800 1078/1924
f 1065/1886 761/1163 1068/1896
f 1154/2065 927/1588 893/1477
f 1146/2056 758/1157 1069/1899
f 1150/2060 759/1158 1067/1892
f 1071/1905 1077/1923 1079/1925
f 1071/1906 1065/1887 1066/1888
f 1070/1902 1084/1933 1065/1884
f 766/1167 1080/1927 759/1158
f 1147/2057 1081/1929 758/1157
f 1157/2069 927/1588 1158/2070
f 1084/1934 1082/1930 761/1163
f 760/1161 1083/1932 1084/1933
f 1092/1948 1086/1937 1091/1946
f 1091/1946 1087/1938 1090/1944
f 1087/1939 943/1611 1090/1945
f 1093/1950 1088/1941 1092/1947
f 1095/1954 1089/1943 1093/1949
f 1103/1977 1102/1973 1104/1979
f 1098/1962 1103/1978 1105/1981
f 1038/1840 1105/1982 1106/1984
f 1039/1843 1098/1964 1038/1838
f 1097/1959 1101/1972 1098/1961
f 1096/1955 1102/1974 1101/1972
f 1102/1975 1070/1903 1071/1904
f 1102/1976 1079/1926 1104/1980
f 1042/1852 1097/1960 1039/1842
f 1099/1967 760/1162 1070/1901
f 1096/1956 1110/1989 1099/1967
f 1111/1990 1096/1957 1097/1960
f 1111/1990 1107/1985 1100/1968
f 1100/1969 1108/1987 1110/1989
f 1110/1989 1085/1936 760/1162
f 1042/1852 1109/1988 1111/1990
f 1117/1999 1112/1991 1116/1998
f 1116/1998 1113/1992 1115/1996
f 1115/1997 1094/1952 1095/1953
f 1059/1874 1117/2000 1061/1877
f 1133/2036 1128/2025 764/1164
f 1132/2035 1128/2025 1127/2024
f 1134/2037 1131/2032 1130/2029
f 1135/2038 1127/2023 1131/2031
f 1124/2014 1132/2035 1135/2038
f 1119/2003 1135/2039 1134/2037
f 1033/1827 764/1164 1132/2035
f 1044/1855 764/1164 1034/1829
f 1129/2028 765/1165 1128/2026
f 1127/2023 765/1166 1138/2045
f 1130/2030 1136/2042 1137/2044
f 1131/2034 1138/2046 1136/2040
f 1030/1817 1143/2052 1141/2049
f 1030/1817 1140/2048 1029/1815
f 1029/1816 1142/2050 1028/1813
f 1028/1814 1144/2053 1118/2001
f 759/1159 1149/2059 1147/2057
f 1067/1893 1147/2057 1146/2056
f 1067/1894 1145/2054 1064/1882
f 1074/1917 1145/2055 1148/2058
f 761/1163 1153/2064 766/1167
f 1068/1896 766/1167 1150/2060
f 1068/1897 1151/2061 1072/1909
f 1076/1921 1151/2062 1152/2063
f 758/1157 1157/2069 1158/2070
f 1069/1899 1158/2070 1154/2065
f 1073/1914 1155/2066 1075/1918
f 1073/1915 1154/2065 1156/2067
f 1168/2083 1159/2071 1167/2082
f 1166/2081 1164/2078 1163/2076
f 1161/2074 1166/2081 1053/1868
f 1164/2079 1167/2082 1163/2077
f 1055/1870 1170/2085 1169/2084
f 1174/2091 1178/2095 1179/2097
f 1178/2096 1172/2088 1177/2094
f 1177/2094 1173/2089 1180/2098
f 1180/2099 1175/2092 1182/2101
f 1182/2101 1176/2093 1181/2100
f 774/1194 773/1189 614/758
f 614/759 773/1190 771/1183
f 775/1199 774/1195 723/1080
f 816/1327 776/1203 778/1208
f 779/1212 778/1209 777/1205
f 777/1205 782/1223 820/1341
f 820/1342 782/1224 780/1216
f 682/948 771/1184 781/1220
f 821/1346 780/1217 784/1230
f 724/1084 781/1221 785/1234
f 783/1227 784/1231 788/1244
f 615/761 786/1239 790/1248
f 786/1240 785/1235 789/1246
f 784/1232 731/1103 793/1251
f 780/1218 734/1110 731/1103
f 735/1113 792/1250 778/1210
f 782/1225 791/1249 734/1111
f 777/1206 733/1109 791/1249
f 792/1250 733/1108 777/1207
f 628/797 795/1256 794/1254
f 796/1262 795/1257 628/798
f 797/1266 799/1270 817/1332
f 799/1271 798/1269 818/1335
f 797/1265 736/1115 800/1273
f 799/1272 800/1273 841/1393
f 801/1274 796/1263 823/1355
f 573/642 825/1358 801/1275
f 769/1177 824/1356 804/1285
f 805/1289 804/1286 797/1266
f 824/1356 738/1118 844/1398
f 804/1287 844/1398 736/1114
f 806/1294 802/1279 574/646
f 807/1296 806/1295 629/802
f 809/1304 808/1302 810/1306
f 811/1310 810/1307 803/1284
f 849/1405 848/1404 810/1308
f 810/1308 848/1404 737/1116
f 812/1313 775/1200 768/1175
f 813/1317 776/1204 816/1328
f 813/1318 815/1325 735/1112
f 794/1255 812/1314 572/640
f 798/1269 813/1319 814/1322
f 841/1394 815/1326 813/1320
f 818/1336 814/1323 812/1315
f 812/1316 814/1324 816/1329
f 807/1297 809/1303 811/1311
f 811/1312 819/1339 802/1280
f 769/1176 805/1290 801/1276
f 801/1277 805/1291 822/1350
f 822/1351 817/1333 795/1258
f 795/1259 817/1334 818/1337
f 785/1236 783/1228 787/1242
f 781/1222 821/1347 783/1229
f 771/1185 820/1343 821/1348
f 816/1330 779/1213 774/1196
f 779/1214 772/1187 773/1191
f 773/1192 772/1188 820/1344
f 819/1340 769/1176 825/1357
f 737/1117 738/1118 824/1356
f 803/1284 824/1356 769/1177
f 802/1281 825/1358 573/642
f 767/1170 827/1364 807/1298
f 826/1361 827/1365 767/1171
f 828/1367 829/1369 830/1373
f 829/1370 808/1302 809/1304
f 732/1106 739/1119 829/1371
f 829/1371 739/1120 849/1406
f 831/1377 830/1374 827/1366
f 830/1375 809/1305 807/1299
f 835/1385 832/1380 733/1108
f 733/1109 832/1381 833/1382
f 791/1249 833/1382 834/1383
f 735/1113 836/1386 835/1385
f 834/1384 837/1388 731/1103
f 837/1388 838/1389 793/1251
f 800/1273 840/1392 839/1390
f 736/1115 842/1395 840/1392
f 844/1398 843/1397 842/1396
f 738/1118 851/1409 843/1397
f 848/1404 846/1401 845/1399
f 847/1402 846/1401 848/1404
f 815/1325 850/1407 836/1387
f 839/1391 850/1408 815/1326
f 737/1117 845/1400 851/1409
f 852/1410 847/1403 849/1406
f 853/1411 852/1410 739/1120
f 857/1417 854/1413 862/1425
f 862/1425 854/1413 855/1414
f 861/1424 855/1415 856/1416
f 865/1429 858/1419 857/1418
f 856/1416 859/1420 867/1432
f 859/1421 860/1422 866/1430
f 871/1438 869/1434 868/1433
f 872/1439 873/1440 869/1435
f 875/1443 874/1441 873/1440
f 884/1457 874/1442 875/1444
f 880/1451 878/1447 877/1446
f 881/1452 879/1449 878/1448
f 883/1455 882/1453 858/1419
f 868/1433 882/1454 883/1456
f 876/1445 877/1446 884/1457
f 886/1459 879/1449 881/1452
f 887/1461 886/1460 888/1464
f 893/1478 927/1586 928/1589
f 895/1483 896/1486 891/1470
f 896/1485 928/1589 740/1122
f 894/1482 890/1467 632/812
f 1021/1799 893/1479 896/1486
f 634/817 890/1467 898/1489
f 891/1471 902/1504 1019/1792
f 902/1505 899/1493 1022/1801
f 725/1088 898/1490 900/1496
f 745/1133 741/1124 899/1492
f 891/1472 740/1123 745/1133
f 901/1502 900/1497 903/1507
f 899/1493 908/1526 905/1513
f 1027/1811 1024/1807 904/1512
f 729/1102 1025/1809 906/1519
f 754/1148 742/1127 904/1511
f 899/1494 741/1125 909/1528
f 635/819 912/1537 911/1533
f 906/1520 912/1538 635/820
f 904/1512 914/1543 915/1547
f 914/1544 913/1542 910/1529
f 742/1126 743/1129 914/1545
f 914/1545 743/1130 924/1580
f 649/863 920/1565 919/1563
f 911/1534 920/1566 649/864
f 913/1542 922/1572 923/1575
f 923/1576 922/1573 921/1571
f 924/1581 939/1606 922/1574
f 922/1574 939/1607 744/1131
f 928/1590 929/1591 925/1582
f 927/1587 926/1584 929/1591
f 740/1123 925/1583 930/1592
f 930/1592 931/1593 741/1124
f 741/1125 931/1594 932/1595
f 1026/1810 933/1596 742/1127
f 743/1130 935/1600 934/1598
f 742/1128 933/1597 935/1600
f 939/1607 938/1605 937/1603
f 934/1599 938/1605 939/1607
f 944/1613 945/1614 940/1608
f 943/1611 942/1610 945/1615
f 941/1609 940/1608 946/1616
f 948/1620 946/1617 947/1618
f 949/1621 947/1618 950/1622
f 952/1626 950/1623 951/1624
f 955/1629 954/1628 961/1639
f 953/1627 951/1624 955/1630
f 960/1637 958/1634 957/1633
f 954/1628 958/1635 960/1638
f 964/1649 963/1644 639/830
f 639/831 963/1645 962/1641
f 965/1653 964/1650 640/835
f 981/1711 966/1658 968/1663
f 976/1692 968/1664 967/1661
f 967/1661 972/1678 980/1706
f 980/1707 972/1679 969/1667
f 580/662 962/1642 970/1671
f 969/1668 1023/1806 917/1555
f 971/1677 970/1672 916/1551
f 969/1669 748/1137 753/1145
f 749/1139 987/1722 968/1665
f 972/1680 746/1134 748/1138
f 967/1662 747/1136 746/1134
f 968/1665 987/1722 747/1135
f 684/954 973/1682 965/1654
f 979/1703 974/1685 966/1659
f 974/1686 975/1689 749/1140
f 979/1704 981/1712 965/1655
f 970/1673 977/1697 917/1556
f 962/1643 980/1708 977/1698
f 981/1713 976/1693 964/1651
f 976/1694 978/1700 963/1646
f 963/1647 978/1701 980/1709
f 985/1719 982/1714 747/1135
f 747/1136 982/1715 983/1716
f 746/1134 983/1716 984/1717
f 749/1139 986/1720 985/1719
f 984/1718 936/1601 753/1146
f 988/1723 986/1721 749/1140
f 992/1729 989/1725 995/1735
f 995/1735 989/1725 990/1726
f 994/1734 990/1727 991/1728
f 998/1739 993/1731 992/1730
f 997/1738 991/1728 887/1462
f 999/1741 993/1732 998/1740
f 1004/1757 1003/1752 641/838
f 641/839 1003/1753 1001/1747
f 919/1564 1004/1758 642/843
f 918/1558 921/1571 1006/1763
f 1009/1774 1006/1764 1005/1760
f 1005/1760 1008/1770 1007/1766
f 1007/1767 1008/1771 974/1687
f 1001/1748 973/1683 684/955
f 744/1132 752/1144 1006/1765
f 1008/1772 751/1143 975/1690
f 1005/1761 750/1142 751/1143
f 752/1144 750/1141 1005/1762
f 1007/1768 979/1705 973/1684
f 918/1559 1009/1775 1004/1759
f 1009/1776 1002/1750 1003/1754
f 1003/1755 1002/1751 1007/1769
f 1012/1780 1010/1777 750/1141
f 750/1142 1010/1778 1011/1779
f 1011/1779 988/1724 975/1690
f 744/1132 937/1604 1012/1780
f 1015/1784 1013/1781 1017/1788
f 1017/1788 1013/1781 1014/1782
f 1016/1787 1014/1783 999/1742
f 957/1633 1015/1785 1018/1790
f 910/1530 923/1577 920/1567
f 920/1568 923/1578 918/1560
f 1020/1796 915/1548 912/1539
f 915/1549 910/1531 911/1535
f 1025/1808 1027/1812 1020/1797
f 900/1498 1022/1802 905/1514
f 898/1491 1019/1793 1022/1803
f 890/1468 892/1475 1019/1794
f 895/1484 892/1476 890/1469
f 1023/1805 828/1368 831/1378
f 916/1552 826/1362 683/952
f 1023/1806 753/1147 732/1107
f 916/1553 917/1557 831/1379
f 753/1147 936/1602 853/1412
f 903/1508 905/1515 1027/1812
f 932/1595 1026/1810 754/1148
f 909/1528 754/1148 1024/1807
f 726/1092 903/1509 1025/1809
f 905/1516 908/1527 1024/1807
f 1142/2051 1124/2013 1119/2002
f 1142/2050 1140/2048 1033/1827
f 1136/2040 1138/2046 1032/1822
f 1136/2041 1031/1820 1120/2005
f 765/1166 755/1150 1032/1823
f 1140/2048 1141/2049 1034/1828
f 1122/2008 1125/2017 1126/2020
f 1031/1821 1125/2018 1122/2009
f 1032/1824 1036/1833 1125/2019
f 1036/1834 1035/1832 1126/2021
f 755/1149 1037/1836 1036/1835
f 1036/1835 1037/1837 756/1153
f 1123/2010 1041/1847 1038/1839
f 1126/2022 1041/1848 1123/2011
f 1035/1832 1040/1844 1041/1849
f 1041/1850 1040/1845 1039/1843
f 756/1154 757/1155 1040/1846
f 1040/1846 757/1156 1042/1851
f 1141/2049 1143/2052 1044/1854
f 1139/2047 1045/1856 755/1150
f 1037/1837 1047/1860 1046/1858
f 755/1151 1045/1857 1047/1860
f 757/1156 1049/1863 1048/1861
f 1046/1859 1049/1863 757/1156
f 1051/1865 1050/1864 1052/1866
f 1057/1872 1056/1871 1063/1880
f 1169/2084 1170/2085 1161/2073
f 1062/1878 1060/1875 1059/1874
f 1056/1871 1060/1876 1062/1879
f 1145/2055 1073/1912 1075/1919
f 1152/2063 1151/2062 1064/1881
f 1066/1889 1072/1910 1076/1920
f 1066/1890 1065/1885 1068/1895
f 1150/2060 1067/1894 1064/1882
f 1146/2056 1069/1898 1073/1913
f 1156/2067 1154/2065 893/1480
f 1155/2066 1156/2068 1021/1800
f 1065/1886 1084/1934 761/1163
f 1154/2065 1158/2070 927/1588
f 1146/2056 1147/2057 758/1157
f 1150/2060 766/1167 759/1158
f 1071/1905 1066/1891 1077/1923
f 1071/1906 1070/1901 1065/1887
f 1070/1902 760/1160 1084/1933
f 766/1167 1153/2064 1080/1927
f 1147/2057 1149/2059 1081/1929
f 1157/2069 926/1585 927/1588
f 1084/1934 1083/1931 1082/1930
f 760/1161 1085/1935 1083/1932
f 1092/1948 1088/1940 1086/1937
f 1091/1946 1086/1937 1087/1938
f 1087/1939 942/1610 943/1611
f 1093/1950 1089/1942 1088/1941
f 1095/1954 1094/1951 1089/1943
f 1103/1977 1101/1970 1102/1973
f 1098/1962 1101/1971 1103/1978
f 1038/1840 1098/1963 1105/1982
f 1039/1843 1097/1958 1098/1964
f 1097/1959 1096/1955 1101/1972
f 1096/1955 1099/1965 1102/1974
f 1102/1975 1099/1966 1070/1903
f 1102/1976 1071/1907 1079/1926
f 1042/1852 1111/1990 1097/1960
f 1099/1967 1110/1989 760/1162
f 1096/1956 1100/1969 1110/1989
f 1111/1990 1100/1968 1096/1957
f 1111/1990 1109/1988 1107/1985
f 1100/1969 1107/1986 1108/1987
f 1110/1989 1108/1987 1085/1936
f 1042/1852 1048/1862 1109/1988
f 1117/1999 1114/1994 1112/1991
f 1116/1998 1112/1991 1113/1992
f 1115/1997 1113/1993 1094/1952
f 1059/1874 1114/1995 1117/2000
f 1133/2036 1129/2027 1128/2025
f 1132/2035 764/1164 1128/2025
f 1134/2037 1135/2039 1131/2032
f 1135/2038 1132/2035 1127/2023
f 1124/2014 1033/1826 1132/2035
f 1119/2003 1124/2015 1135/2039
f 1033/1827 1034/1829 764/1164
f 1044/1855 1133/2036 764/1164
f 1129/2028 1139/2047 765/1165
f 1127/2023 1128/2026 765/1166
f 1130/2030 1131/2033 1136/2042
f 1131/2034 1127/2024 1138/2046
f 1030/1817 1043/1853 1143/2052
f 1030/1817 1141/2049 1140/2048
f 1029/1816 1140/2048 1142/2050
f 1028/1814 1142/2051 1144/2053
f 759/1159 1080/1928 1149/2059
f 1067/1893 759/1159 1147/2057
f 1067/1894 1146/2056 1145/2054
f 1074/1917 1064/1883 1145/2055
f 761/1163 1082/1930 1153/2064
f 1068/1896 761/1163 766/1167
f 1068/1897 1150/2060 1151/2061
f 1076/1921 1072/1911 1151/2062
f 758/1157 1081/1929 1157/2069
f 1069/1899 758/1157 1158/2070
f 1073/1914 1156/2068 1155/2066
f 1073/1915 1069/1900 1154/2065
f 1168/2083 1162/2075 1159/2071
f 1166/2081 1165/2080 1164/2078
f 1161/2074 1165/2080 1166/2081
f 1164/2079 1168/2083 1167/2082
f 1055/1870 1160/2072 1170/2085
f 1174/2091 1171/2086 1178/2095
f 1178/2096 1171/2087 1172/2088
f 1177/2094 1172/2088 1173/2089
f 1180/2099 1173/2090 1175/2092
f 1182/2101 1175/2092 1176/2093
f 546/562 685/959 697/998
s 0
f 1188/2112 1203/2143 1199/2134
f 1184/2104 1196/2129 1195/2126
f 1192/2121 1194/2124 1203/2142
f 1184/2105 1197/2130 1186/2108
f 1190/2116 1204/2145 1201/2138
f 1190/2117 1200/2136 1189/2114
f 1186/2109 1202/2140 1191/2118
f 1185/2107 1198/2133 1196/2128
f 1193/2123 1199/2135 1204/2144
f 1187/2111 1200/2137 1198/2132
f 1191/2119 1194/2125 1183/2102
f 1188/2112 1192/2120 1203/2143
f 1184/2104 1185/2106 1196/2129
f 1192/2121 1183/2103 1194/2124
f 1184/2105 1195/2127 1197/2130
f 1190/2116 1193/2122 1204/2145
f 1190/2117 1201/2139 1200/2136
f 1186/2109 1197/2131 1202/2140
f 1185/2107 1187/2110 1198/2133
f 1193/2123 1188/2113 1199/2135
f 1187/2111 1189/2115 1200/2137
f 1191/2119 1202/2141 1194/2125
l 763 760
l 730 1141
l 731 730
l 763 762
l 762 1111
o Secondary_Room
v -149.113693 14.933340 -10.886305
v -149.403336 14.933340 -12.715036
v -147.753616 14.933340 -13.555617
v -146.444382 14.933340 -12.246389
v -147.284973 14.933340 -10.596662
v -149.113693 1.066661 -10.886305
v -147.284973 1.066661 -10.596662
v -146.444382 1.066661 -12.246389
v -147.753616 1.066661 -13.555617
v -149.403336 1.066661 -12.715036
v -89.606659 21.605473 -19.999996
v -93.000023 15.997609 -20.999985
v -89.999992 21.605473 -19.999996
v -89.721863 22.883602 -19.999996
v -89.999992 21.654108 -9.999983
v -89.999992 1.048632 -9.999983
v -89.999992 -1.951368 -9.999983
v -89.599991 22.880863 -9.599989
v -93.025299 16.015703 -13.025284
v -89.599991 21.602737 -9.599989
v -89.999992 0.999999 -19.999996
v -89.999992 -2.000000 -19.999996
v -96.699997 0.999999 -29.999996
v -89.999992 -2.000000 -29.999996
v -89.999992 0.999999 -29.999996
v -89.999992 0.999999 -39.999996
v -93.000015 15.997609 -30.999977
v -91.187241 14.606668 -29.999996
v -89.999992 15.999999 -39.999996
v -89.606659 21.605473 -39.999996
v -89.999992 21.605474 -29.999996
v -89.721863 22.883602 -29.999996
v -89.606659 21.605474 -29.999996
v -89.999992 15.999999 -19.999996
v -91.187241 14.606668 -39.999996
v -89.999992 21.605473 -39.999996
v -89.721863 22.883602 -39.999996
v -89.999992 21.605474 -34.999996
v -89.721870 22.883598 -34.999996
v -91.187241 14.606668 -34.999996
v -89.606667 21.605474 -34.999996
v -89.999992 15.999999 -34.999996
v -89.999992 15.999999 -24.999996
v -89.721863 22.883604 -24.999996
v -89.606659 21.605474 -24.999996
v -89.999992 21.605474 -24.999996
v -99.999992 0.999999 -70.000000
v -99.999992 -2.000000 -70.000000
v -99.999992 15.999999 -70.000000
v -99.999992 21.605473 -70.393333
v -99.999992 21.605473 -70.000000
v -99.999992 22.883598 -70.278130
v -89.999992 21.654108 -70.000000
v -93.025299 16.015703 -66.974686
v -89.999992 -1.951368 -70.000000
v -89.721863 22.883598 -60.000000
v -89.599991 22.883602 -70.399994
v -89.599991 21.602737 -70.399994
v -89.999992 16.048632 -70.000000
v -89.999992 1.048632 -70.000000
v -100.999977 15.997609 -66.999985
v -109.999992 0.999999 -63.299961
v -109.999992 -2.000000 -70.000000
v -109.999992 0.999999 -70.000000
v -99.999992 0.999999 -63.299961
v -99.999992 14.606668 -68.812744
v -119.999992 0.999999 -69.999992
v -119.999992 -2.000000 -69.999992
v -109.999992 15.999999 -70.000000
v -110.999992 15.997609 -66.999992
v -119.999992 21.605473 -70.393326
v -109.999992 21.605474 -70.000000
v -109.999992 22.883602 -70.278130
v -109.999992 21.605474 -70.393333
v -119.999992 16.018265 -66.986633
v -119.999992 22.883598 -70.278122
v -114.999992 21.605474 -70.000000
v -114.999992 22.883598 -70.278130
v -114.999992 14.606668 -68.812752
v -114.999992 21.605474 -70.393333
v -104.999992 15.999999 -70.000000
v -104.999992 22.883604 -70.278130
v -104.999992 21.605474 -70.393333
v -104.999992 21.605474 -70.000000
v -89.999992 -2.000000 -39.999996
v -93.013351 16.018265 -40.000000
v -96.699997 0.999999 -49.999996
v -89.999992 -2.000000 -50.000000
v -89.999992 0.999999 -50.000000
v -89.999992 0.999999 -60.000000
v -89.999992 -2.000000 -60.000000
v -93.000000 15.997609 -48.999981
v -91.187241 14.606668 -50.000000
v -89.999992 15.999999 -60.000000
v -89.606659 21.605473 -60.000000
v -89.999992 21.605474 -50.000000
v -89.721863 22.883602 -49.999996
v -89.606659 21.605474 -49.999996
v -92.999992 15.997609 -58.999985
v -89.999992 21.605473 -60.000000
v -89.999992 21.605474 -55.000000
v -89.721863 22.883598 -55.000000
v -91.187241 14.606668 -55.000000
v -89.606659 21.605474 -55.000000
v -89.999992 15.999999 -44.999996
v -89.721863 22.883604 -45.000000
v -89.606659 21.605474 -45.000000
v -89.999992 21.605474 -44.999996
v -139.999985 -2.000000 -70.000000
v -139.999985 21.605473 -70.393333
v -139.999985 14.606668 -68.812744
v -139.999985 21.605473 -70.000000
v -139.999985 22.883598 -70.278130
v -148.799988 14.603930 -68.799988
v -150.399994 21.602737 -70.399994
v -149.999985 -1.951368 -70.000000
v -149.999985 -2.000000 -60.000000
v -150.393326 21.605473 -60.000000
v -149.999985 21.605473 -60.000000
v -150.278122 22.883598 -60.000000
v -149.999985 21.654108 -70.000000
v -150.399994 22.883602 -70.399994
v -146.999985 16.041378 -67.000000
v -149.999985 1.048632 -70.000000
v -139.999985 0.999999 -70.000000
v -139.000000 15.997609 -67.000000
v -129.999985 -2.000000 -70.000000
v -129.999985 0.999999 -70.000000
v -139.999985 0.999999 -63.299961
v -129.999985 15.999999 -70.000000
v -129.000000 15.997609 -67.000000
v -129.999985 21.605474 -70.000000
v -129.999985 22.883602 -70.278130
v -129.999985 21.605474 -70.393333
v -139.999985 15.999999 -70.000000
v -119.999992 21.605473 -70.000000
v -124.999992 21.605474 -70.000000
v -124.999992 22.883598 -70.278130
v -124.999992 21.605474 -70.393333
v -134.999985 22.883604 -70.278130
v -134.999985 21.605474 -70.393333
v -134.999985 21.605474 -70.000000
v -149.999985 0.999999 -39.999996
v -149.999985 -2.000000 -39.999996
v -146.986633 16.018265 -40.000000
v -143.299988 0.999999 -50.000000
v -149.999985 -2.000000 -50.000000
v -149.999985 0.999999 -50.000000
v -149.999985 0.999999 -60.000000
v -146.999985 15.997609 -48.999996
v -149.999985 21.605474 -50.000000
v -150.278122 22.883602 -50.000000
v -150.393326 21.605474 -50.000000
v -150.278122 22.883602 -39.999996
v -149.999985 15.999999 -39.999996
v -146.999985 15.997609 -59.000000
v -149.999985 21.605474 -55.000000
v -150.278122 22.883598 -55.000000
v -148.812744 14.606668 -55.000000
v -150.393326 21.605474 -55.000000
v -150.278122 22.883604 -45.000000
v -150.393326 21.605474 -45.000000
v -149.999985 21.605474 -45.000000
v -149.999985 0.999999 -19.999996
v -149.999985 -2.000000 -19.999996
v -146.999985 15.997609 -21.000004
v -143.299988 0.999999 -29.999996
v -149.999985 -2.000000 -29.999996
v -149.999985 0.999999 -29.999996
v -146.999985 15.997609 -30.999994
v -150.393326 21.605473 -39.999996
v -149.999985 21.605474 -29.999996
v -150.278122 22.883602 -29.999996
v -150.393326 21.605474 -29.999996
v -150.278122 22.883602 -19.999996
v -149.999985 21.605473 -39.999996
v -149.999985 21.605474 -34.999996
v -150.278107 22.883598 -34.999996
v -150.393311 21.605474 -34.999996
v -150.278122 22.883604 -24.999996
v -150.393326 21.605474 -24.999996
v -148.812729 14.606668 -24.999996
v -149.999985 21.605474 -24.999996
v -119.999992 0.999999 -9.999990
v -119.999992 -2.000000 -9.999990
v -119.999992 16.018265 -13.013355
v -129.999985 -2.000000 -9.999995
v -129.999985 0.999999 -9.999995
v -139.999985 -2.000000 -9.999995
v -129.999985 15.999999 -9.999995
v -129.000000 15.997609 -12.999994
v -139.999985 15.999999 -9.999995
v -139.999985 21.605473 -9.606667
v -129.999985 21.605474 -9.999995
v -129.999985 22.883602 -9.721866
v -129.999985 21.605474 -9.606662
v -119.999992 21.605476 -9.999990
v -119.999992 22.883604 -9.721866
v -119.999992 21.605476 -9.606662
v -139.000000 15.997609 -12.999994
v -139.999985 22.883598 -9.721870
v -134.999985 21.605474 -9.999995
v -134.999985 22.883598 -9.721866
v -134.999985 21.605474 -9.606662
v -134.999985 15.999999 -9.999995
v -124.999992 15.999999 -9.999995
v -124.999992 22.883604 -9.721866
v -124.999992 21.605474 -9.606662
v -124.999992 21.605474 -9.999995
v -109.999992 -2.000000 -9.999995
v -109.999992 0.999999 -9.999995
v -99.999992 0.999999 -9.999995
v -99.999992 -2.000000 -9.999995
v -111.000023 15.997609 -12.999990
v -99.999992 15.999999 -9.999995
v -99.999992 21.605473 -9.606667
v -109.999992 21.605474 -9.999995
v -109.999992 22.883602 -9.721866
v -109.999992 21.605474 -9.606662
v -101.000015 15.997609 -12.999981
v -99.999992 14.606668 -11.187243
v -99.999992 21.605473 -9.999995
v -99.999992 22.883598 -9.721870
v -104.999992 21.605474 -9.999995
v -104.999992 22.883598 -9.721866
v -104.999992 21.605474 -9.606662
v -114.999992 15.999999 -9.999995
v -114.999992 22.883604 -9.721866
v -114.999992 21.605474 -9.606662
v -114.999992 14.606668 -11.187246
v -114.999992 21.605474 -9.999995
v -119.999992 14.049999 -21.949997
v -120.998604 14.049999 -22.675529
v -120.617172 14.049999 -23.849468
v -119.382812 14.049999 -23.849468
v -119.001389 14.049999 -22.675529
v -119.999992 14.349999 -21.322632
v -121.595261 14.349999 -22.481661
v -120.985916 14.349999 -24.357014
v -119.014061 14.349999 -24.357014
v -118.404724 14.349999 -22.481661
v -119.999992 15.050000 -21.322632
v -121.595261 15.050000 -22.481661
v -120.985916 15.050000 -24.357014
v -119.014061 15.050000 -24.357014
v -118.404724 15.050000 -22.481661
v -119.999992 1.999996 -21.949997
v -119.001381 1.999996 -22.675529
v -119.382812 1.999996 -23.849468
v -120.617172 1.999996 -23.849468
v -120.998604 1.999996 -22.675529
v -119.999992 1.799996 -21.322632
v -118.404724 1.799996 -22.481661
v -119.014061 1.799996 -24.357014
v -120.985916 1.799996 -24.357014
v -121.595261 1.799996 -22.481661
v -119.999992 0.999997 -21.322632
v -118.404724 0.999997 -22.481661
v -119.014061 0.999997 -24.357014
v -120.985916 0.999997 -24.357014
v -121.595261 0.999997 -22.481661
v -150.393326 21.605473 -19.999996
v -149.999985 21.605473 -19.999996
v -149.999985 -1.951368 -9.999992
v -150.399994 21.602737 -9.599989
v -139.999985 0.999999 -9.999995
v -139.999985 21.605473 -9.999995
v -149.999985 1.048632 -9.999983
v -149.999985 16.048632 -9.999983
v -150.399994 22.880863 -9.599989
v -149.999985 21.654108 -9.999983
v -146.974701 16.015703 -13.025284
v -114.999992 0.999999 -24.666668
v -114.999992 -1.999999 -24.666662
v -111.000023 15.997609 -21.099997
v -124.999992 0.999999 -17.999996
v -124.999992 0.999999 -24.666668
v -114.999992 0.999999 -17.999996
v -114.999992 14.606668 -23.479404
v -114.999992 14.721872 -24.944790
v -114.999992 16.000000 -25.059994
v -124.999992 15.999999 -25.049992
v -128.999985 15.997609 -21.100002
v -124.999992 21.605476 -25.049992
v -119.999992 22.883604 -24.944792
v -120.000008 15.997609 -21.100002
v -119.999992 14.606668 -23.479412
v -119.999992 14.721871 -24.944792
v -119.999992 15.999999 -25.059996
v -119.999992 21.605474 -25.049980
v -101.099976 15.997609 -30.999983
v -104.666656 -1.999999 -24.666660
v -104.666656 0.999999 -24.666656
v -97.999992 0.999999 -34.999985
v -103.479393 14.606668 -34.999992
v -105.059982 16.000002 -25.049982
v -101.100006 15.997609 -21.099983
v -103.479401 14.606668 -24.666655
v -104.944778 22.883606 -29.666655
v -105.059982 21.605476 -29.666655
v -103.479401 14.606668 -29.666656
v -104.944778 14.721872 -29.666655
v -105.059982 16.000002 -29.666655
v -104.944778 22.883602 -24.944790
v -105.059982 21.605476 -25.059994
v -104.666656 0.999999 -17.999994
v -104.666656 14.606668 -23.479412
v -114.999992 22.883606 -24.944790
v -114.999992 21.605476 -25.059996
v -109.666656 16.000002 -25.049988
v -109.666656 22.883606 -24.944786
v -109.666656 21.605476 -25.059994
v -109.666656 14.606668 -23.479408
v -109.666656 14.721872 -24.944786
v -103.479401 14.606668 -23.479408
v -104.944778 14.721872 -24.944790
v -103.924561 14.050002 -23.924561
v -102.705414 14.050002 -24.117657
v -102.145020 14.050002 -23.017841
v -103.017838 14.050002 -22.145023
v -104.117653 14.050002 -22.705410
v -104.368172 14.350002 -24.368176
v -102.420586 14.350002 -24.676645
v -101.525383 14.350002 -22.919703
v -102.919701 14.350002 -21.525383
v -104.676636 14.350002 -22.420593
v -104.368172 15.050001 -24.368176
v -102.420586 15.050001 -24.676645
v -101.525383 15.050001 -22.919703
v -102.919701 15.050001 -21.525383
v -104.676636 15.050001 -22.420593
v -103.924561 1.999997 -23.924561
v -104.117653 1.999997 -22.705406
v -103.017838 1.999997 -22.145023
v -102.145020 1.999997 -23.017841
v -102.705399 1.999997 -24.117659
v -104.368172 1.799997 -24.368176
v -104.676636 1.799997 -22.420593
v -102.919701 1.799997 -21.525383
v -101.525383 1.799997 -22.919703
v -102.420586 1.799997 -24.676645
v -104.368172 0.999998 -24.368176
v -104.676636 0.999998 -22.420593
v -102.919701 0.999998 -21.525383
v -101.525383 0.999998 -22.919703
v -102.420586 0.999998 -24.676645
v -124.999992 -1.999999 -24.666662
v -135.333328 0.999999 -17.999994
v -135.333328 -1.999999 -24.666660
v -124.999992 14.606668 -23.479404
v -124.999992 14.721872 -24.944790
v -138.900009 15.997609 -21.099991
v -135.333328 14.606668 -23.479412
v -124.999992 22.883606 -24.944790
v -130.333328 22.883606 -24.944786
v -130.333328 21.605476 -25.059994
v -130.333328 14.606668 -23.479408
v -130.333328 14.721872 -24.944786
v -130.333328 16.000002 -25.059994
v -134.940002 21.605476 -25.059994
v -136.520569 14.606668 -23.479408
v -135.055206 14.721872 -24.944790
v -141.999985 0.999999 -24.666656
v -135.333328 0.999999 -24.666656
v -141.999985 0.999999 -34.999985
v -134.940002 16.000002 -25.049982
v -136.520569 14.606668 -24.666655
v -134.940002 16.000002 -29.666655
v -135.055206 22.883606 -29.666655
v -138.900024 15.997609 -30.999994
v -136.520569 14.606668 -29.666656
v -135.055206 14.721872 -29.666655
v -134.940002 21.605476 -29.666655
v -135.055206 22.883602 -24.944790
v -136.075424 14.050002 -23.924561
v -135.882324 14.050002 -22.705410
v -136.982147 14.050002 -22.145023
v -137.854950 14.050002 -23.017841
v -137.294571 14.050002 -24.117657
v -135.631805 14.350002 -24.368176
v -135.323349 14.350002 -22.420593
v -137.080276 14.350002 -21.525383
v -138.474594 14.350002 -22.919703
v -137.579391 14.350002 -24.676645
v -135.631805 15.050001 -24.368176
v -135.323349 15.050001 -22.420593
v -137.080276 15.050001 -21.525383
v -138.474594 15.050001 -22.919703
v -137.579391 15.050001 -24.676645
v -136.075424 1.999997 -23.924561
v -137.294586 1.999997 -24.117659
v -137.854950 1.999997 -23.017841
v -136.982147 1.999997 -22.145023
v -135.882324 1.999997 -22.705406
v -135.631805 1.799997 -24.368176
v -137.579391 1.799997 -24.676645
v -138.474594 1.799997 -22.919703
v -137.080276 1.799997 -21.525383
v -135.323349 1.799997 -22.420593
v -135.631805 0.999998 -24.368176
v -137.579391 0.999998 -24.676645
v -138.474594 0.999998 -22.919703
v -137.080276 0.999998 -21.525383
v -135.323349 0.999998 -22.420593
v -135.333328 1.002263 -45.000000
v -135.333328 -1.997736 -45.000000
v -141.999985 1.002263 -55.333336
v -138.900009 15.997609 -58.899990
v -136.520569 14.608934 -55.333336
v -135.055206 22.885868 -45.000000
v -134.940002 16.002264 -45.000000
v -134.939987 16.002264 -50.333336
v -135.055206 22.885868 -50.333336
v -138.900024 15.997609 -48.999996
v -136.520569 14.608934 -50.333336
v -135.055206 14.724138 -50.333336
v -134.939987 21.607740 -50.333336
v -135.055206 22.885866 -55.055202
v -134.940002 16.002264 -54.939999
v -136.520569 14.608934 -56.520576
v -135.333328 1.002263 -62.000000
v -135.333328 -1.997736 -55.333332
v -135.333328 1.002263 -55.333332
v -124.999992 1.002263 -61.999989
v -124.999992 14.608932 -56.520576
v -135.333328 14.608934 -56.520576
v -130.333328 22.885868 -55.055199
v -130.333328 21.607740 -54.939995
v -129.000000 15.997609 -58.899998
v -130.333328 14.608934 -56.520580
v -130.333328 14.724138 -55.055199
v -130.333328 16.002264 -54.939995
v -134.940002 21.607740 -54.939999
v -135.055206 14.724138 -55.055199
v -136.075424 14.052265 -56.075432
v -137.294571 14.052265 -55.882339
v -137.854965 14.052265 -56.982155
v -136.982147 14.052265 -57.854965
v -135.882324 14.052265 -57.294579
v -135.631805 14.352264 -55.631821
v -137.579391 14.352264 -55.323341
v -138.474594 14.352264 -57.080288
v -137.080276 14.352264 -58.474609
v -135.323349 14.352264 -57.579403
v -135.631805 15.052266 -55.631821
v -137.579391 15.052266 -55.323341
v -138.474594 15.052266 -57.080288
v -137.080276 15.052266 -58.474609
v -135.323349 15.052266 -57.579403
v -136.075424 2.002261 -56.075432
v -135.882324 2.002261 -57.294586
v -136.982147 2.002261 -57.854965
v -137.854965 2.002261 -56.982155
v -137.294586 2.002261 -55.882339
v -135.631805 1.802261 -55.631821
v -135.323349 1.802261 -57.579403
v -137.080276 1.802261 -58.474609
v -138.474594 1.802261 -57.080288
v -137.579391 1.802261 -55.323341
v -135.631805 1.002262 -55.631821
v -135.323349 1.002262 -57.579403
v -137.080276 1.002262 -58.474609
v -138.474594 1.002262 -57.080288
v -137.579391 1.002262 -55.323341
v -124.999992 0.999999 -55.333324
v -124.999992 -2.000000 -55.333324
v -114.999992 1.002263 -61.999989
v -114.999992 -2.000000 -55.333324
v -114.999992 0.999999 -55.333324
v -124.999992 14.721871 -55.055199
v -124.999992 15.999999 -54.939995
v -110.999992 15.997609 -58.899994
v -114.999992 14.608932 -56.520576
v -114.999992 14.721871 -55.055199
v -114.999992 15.999999 -54.939995
v -114.999992 22.883602 -55.055199
v -114.999992 21.605476 -54.939995
v -124.999992 22.883602 -55.055199
v -124.999992 21.605476 -54.939995
v -119.999992 22.883604 -55.055199
v -119.999992 21.605474 -54.939995
v -119.999992 15.997609 -58.899998
v -119.999992 14.606668 -56.520576
v -119.999992 14.721871 -55.055199
v -119.999992 15.999999 -54.939995
v -119.999992 14.049999 -56.483315
v -120.998596 14.049999 -57.208855
v -120.617157 14.049999 -58.382790
v -119.382820 14.049999 -58.382790
v -119.001389 14.049999 -57.208855
v -119.999992 14.349999 -55.855949
v -121.595261 14.349999 -57.014980
v -120.985916 14.349999 -58.890335
v -119.014061 14.349999 -58.890335
v -118.404724 14.349999 -57.014980
v -119.999992 15.050000 -55.855949
v -121.595261 15.050000 -57.014980
v -120.985916 15.050000 -58.890335
v -119.014061 15.050000 -58.890335
v -118.404724 15.050000 -57.014980
v -119.999992 1.999996 -56.483315
v -119.001381 1.999996 -57.208855
v -119.382820 1.999996 -58.382790
v -120.617157 1.999996 -58.382790
v -120.998604 1.999996 -57.208855
v -119.999992 1.799996 -55.855949
v -118.404724 1.799996 -57.014980
v -119.014061 1.799996 -58.890335
v -120.985916 1.799996 -58.890335
v -121.595261 1.799996 -57.014980
v -119.999992 0.999997 -55.855949
v -118.404724 0.999997 -57.014980
v -119.014061 0.999997 -58.890335
v -120.985916 0.999997 -58.890335
v -121.595261 0.999997 -57.014980
v -105.059982 16.002264 -54.949997
v -101.099976 15.997609 -58.899975
v -104.666656 14.608934 -56.520576
v -105.059982 21.607740 -54.949997
v -109.666656 22.885868 -55.055199
v -109.666656 14.608934 -56.520580
v -109.666656 14.724138 -55.055199
v -109.666656 16.002264 -54.939995
v -109.666656 21.607740 -54.949997
v -103.479401 14.608934 -56.520576
v -104.666656 1.002263 -44.999996
v -104.666656 -1.997736 -44.999996
v -104.666656 -1.997736 -55.333332
v -104.666656 1.002263 -55.333332
v -103.479401 14.606668 -45.000000
v -104.944794 14.721872 -44.999996
v -103.479401 14.608934 -55.333336
v -104.944778 22.885868 -45.000000
v -105.059982 16.002264 -45.000000
v -104.944778 22.885868 -50.333336
v -105.059982 21.607740 -50.333336
v -101.099968 15.997609 -48.999985
v -103.479401 14.608934 -50.333336
v -104.944778 14.724138 -50.333336
v -105.059982 16.002264 -50.333336
v -104.944778 22.885866 -55.055202
v -104.944778 14.724138 -55.055199
v -103.924561 14.052265 -56.075432
v -104.117653 14.052265 -57.294579
v -103.017838 14.052265 -57.854965
v -102.145012 14.052265 -56.982155
v -102.705414 14.052265 -55.882339
v -104.368172 14.352264 -55.631821
v -104.676636 14.352264 -57.579403
v -102.919701 14.352264 -58.474609
v -101.525383 14.352264 -57.080288
v -102.420586 14.352264 -55.323341
v -104.368172 15.052266 -55.631821
v -104.676636 15.052266 -57.579403
v -102.919701 15.052266 -58.474609
v -101.525383 15.052266 -57.080288
v -102.420586 15.052266 -55.323341
v -103.924561 2.002261 -56.075432
v -102.705399 2.002261 -55.882339
v -102.145012 2.002261 -56.982155
v -103.017838 2.002261 -57.854965
v -104.117653 2.002261 -57.294586
v -104.368172 1.802261 -55.631821
v -102.420586 1.802261 -55.323341
v -101.525383 1.802261 -57.080288
v -102.919701 1.802261 -58.474609
v -104.676636 1.802261 -57.579403
v -104.368172 1.002262 -55.631821
v -102.420586 1.002262 -55.323341
v -101.525383 1.002262 -57.080288
v -102.919701 1.002262 -58.474609
v -104.676636 1.002262 -57.579403
v -104.666656 -2.000000 -34.999996
v -104.666656 0.999999 -34.999996
v -104.944778 14.721871 -34.999996
v -105.059982 15.999999 -34.999996
v -104.944778 22.883602 -34.999996
v -105.059982 21.605476 -34.999996
v -105.059982 21.605476 -44.999996
v -105.059982 15.999999 -39.999996
v -104.944778 22.883604 -39.999996
v -105.059982 21.605474 -39.999996
v -101.099998 15.997609 -39.999977
v -103.479401 14.606668 -39.999996
v -104.944778 14.721871 -39.999996
v -103.516655 14.049999 -39.999996
v -102.791130 14.049999 -40.998604
v -101.617188 14.049999 -40.617172
v -101.617188 14.049999 -39.382820
v -102.791130 14.049999 -39.001389
v -104.144020 14.349999 -39.999996
v -102.985001 14.349999 -41.595268
v -101.109634 14.349999 -40.985928
v -101.109634 14.349999 -39.014061
v -102.985001 14.349999 -38.404724
v -104.144020 15.050000 -39.999996
v -102.985001 15.050000 -41.595268
v -101.109634 15.050000 -40.985928
v -101.109634 15.050000 -39.014061
v -102.985001 15.050000 -38.404724
v -103.516655 1.999996 -39.999996
v -102.791130 1.999996 -39.001385
v -101.617188 1.999996 -39.382820
v -101.617188 1.999996 -40.617172
v -102.791130 1.999996 -40.998611
v -104.144020 1.799996 -39.999996
v -102.985001 1.799996 -38.404724
v -101.109634 1.799996 -39.014061
v -101.109634 1.799996 -40.985928
v -102.985001 1.799996 -41.595268
v -104.144020 0.999997 -39.999996
v -102.985001 0.999997 -38.404724
v -101.109634 0.999997 -39.014061
v -101.109634 0.999997 -40.985928
v -102.985001 0.999997 -41.595268
v -135.333328 0.999999 -34.999996
v -135.333328 -2.000000 -34.999996
v -141.999985 0.999999 -44.999996
v -136.520584 14.606668 -34.999992
v -135.055206 14.721871 -34.999996
v -136.520569 14.606668 -45.000000
v -135.055191 14.721872 -44.999996
v -134.940002 21.605476 -44.999996
v -135.055206 22.883602 -34.999996
v -134.940002 21.605476 -34.999996
v -134.940002 15.999999 -34.999996
v -135.055206 22.883604 -39.999996
v -134.940002 21.605474 -39.999996
v -138.900009 15.997609 -39.999992
v -136.520569 14.606668 -39.999996
v -135.055206 14.721871 -39.999996
v -134.940002 15.999999 -39.999996
v -136.483322 14.049999 -39.999996
v -137.208847 14.049999 -39.001389
v -138.382797 14.049999 -39.382820
v -138.382797 14.049999 -40.617172
v -137.208847 14.049999 -40.998604
v -135.855957 14.349999 -39.999996
v -137.014984 14.349999 -38.404724
v -138.890350 14.349999 -39.014061
v -138.890350 14.349999 -40.985928
v -137.014984 14.349999 -41.595268
v -135.855957 15.050000 -39.999996
v -137.014984 15.050000 -38.404724
v -138.890350 15.050000 -39.014061
v -138.890350 15.050000 -40.985928
v -137.014984 15.050000 -41.595268
v -136.483322 1.999996 -39.999996
v -137.208847 1.999996 -40.998611
v -138.382797 1.999996 -40.617172
v -138.382797 1.999996 -39.382820
v -137.208847 1.999996 -39.001385
v -135.855957 1.799996 -39.999996
v -137.014984 1.799996 -41.595268
v -138.890350 1.799996 -40.985928
v -138.890350 1.799996 -39.014061
v -137.014984 1.799996 -38.404724
v -135.855957 0.999997 -39.999996
v -137.014984 0.999997 -41.595268
v -138.890350 0.999997 -40.985928
v -138.890350 0.999997 -39.014061
v -137.014984 0.999997 -38.404724
v -119.999992 14.606668 -11.187248
v -119.999992 14.721871 -9.721866
v -119.999992 15.999999 -9.606662
v -129.999985 14.606668 -11.187243
v -129.999985 14.721871 -9.721866
v -129.999985 15.999999 -9.606662
v -119.999992 15.999999 -9.999990
v -139.999985 14.606668 -11.187243
v -134.999985 14.721871 -9.721866
v -134.999985 15.999999 -9.606662
v -134.999985 14.606668 -11.187243
v -124.999992 14.606668 -11.187246
v -124.999992 14.721871 -9.721866
v -124.999992 15.999999 -9.606662
v -109.999992 15.999999 -9.999995
v -109.999992 14.606668 -11.187243
v -109.999992 14.721871 -9.721866
v -109.999992 15.999999 -9.606662
v -99.999992 14.721871 -9.721870
v -99.999992 15.999999 -9.606667
v -104.999992 14.721871 -9.721866
v -104.999992 15.999999 -9.606662
v -104.999992 14.606668 -11.187243
v -104.999992 15.999999 -9.999995
v -114.999992 14.721871 -9.721866
v -114.999992 15.999999 -9.606662
v -150.399994 14.719134 -9.599989
v -139.999985 14.721871 -9.721870
v -139.999985 15.999999 -9.606667
v -148.799988 14.603930 -11.199982
v -89.599991 14.719134 -70.399994
v -89.599991 15.997262 -70.399994
v -91.199982 14.603930 -68.799980
v -89.721870 14.721871 -39.999989
v -89.606667 15.999999 -39.999989
v -90.000000 15.999999 -29.999989
v -89.721870 14.721871 -29.999989
v -89.606667 15.999999 -29.999989
v -91.187248 14.606668 -19.999985
v -89.721870 14.721871 -24.999989
v -89.606667 15.999999 -24.999989
v -91.187248 14.606668 -24.999989
v -89.721870 14.721871 -34.999989
v -89.606667 15.999999 -34.999989
v -90.000000 15.999999 -49.999992
v -89.721870 14.721871 -49.999985
v -89.606667 15.999999 -49.999985
v -89.721870 14.721871 -59.999992
v -89.606667 15.999999 -59.999992
v -91.187241 14.606668 -59.999992
v -89.721870 14.721871 -54.999992
v -89.606667 15.999999 -54.999992
v -90.000000 15.999999 -54.999992
v -91.187248 14.606668 -44.999992
v -89.721870 14.721871 -44.999992
v -89.606667 15.999999 -44.999992
v -89.599991 14.719134 -9.599989
v -89.721870 14.721871 -19.999985
v -89.606667 15.999999 -19.999985
v -89.599991 15.997262 -9.599989
v -89.999985 16.048632 -9.999990
v -91.199989 14.603930 -11.199991
v -150.399994 14.719134 -70.399994
v -149.999985 16.048632 -69.999992
v -119.999992 14.606668 -68.812729
v -119.999992 14.721871 -70.278114
v -119.999992 15.999999 -70.393318
v -109.999992 14.606668 -68.812737
v -109.999992 14.721871 -70.278114
v -109.999992 15.999999 -70.393318
v -119.999992 15.999999 -69.999992
v -104.999992 14.721871 -70.278122
v -104.999992 15.999999 -70.393326
v -104.999992 14.606668 -68.812744
v -114.999992 15.999999 -69.999985
v -114.999992 14.721871 -70.278114
v -114.999992 15.999999 -70.393318
v -129.999985 14.606668 -68.812737
v -129.999985 14.721871 -70.278114
v -129.999985 15.999999 -70.393318
v -140.000000 14.721871 -70.278107
v -140.000000 15.999999 -70.393311
v -134.999985 14.721871 -70.278107
v -134.999985 15.999999 -70.393311
v -134.999985 14.606668 -68.812729
v -134.999985 15.999999 -69.999985
v -124.999992 15.999999 -69.999985
v -124.999992 14.606668 -68.812729
v -124.999992 14.721871 -70.278114
v -124.999992 15.999999 -70.393318
v -99.999992 14.721871 -70.278107
v -99.999992 15.999999 -70.393311
v -150.399994 15.997262 -9.599983
v -148.812729 14.606668 -39.999985
v -150.278107 14.721871 -39.999985
v -150.393311 15.999999 -39.999985
v -149.999985 15.999999 -49.999981
v -148.812744 14.606668 -49.999981
v -150.278122 14.721871 -49.999981
v -150.393326 15.999999 -49.999981
v -149.999985 15.999999 -59.999985
v -148.812744 14.606668 -59.999985
v -150.278122 14.721871 -54.999981
v -150.393326 15.999999 -54.999981
v -149.999985 15.999999 -54.999981
v -149.999985 15.999999 -44.999981
v -148.812729 14.606668 -44.999981
v -150.278122 14.721871 -44.999981
v -150.393326 15.999999 -44.999981
v -149.999985 15.999999 -29.999983
v -148.812729 14.606668 -29.999983
v -150.278107 14.721871 -29.999983
v -150.393311 15.999999 -29.999983
v -149.999985 15.999999 -19.999981
v -150.278107 14.721871 -19.999981
v -150.393311 15.999999 -19.999981
v -148.812729 14.606668 -19.999981
v -150.278107 14.721871 -24.999983
v -150.393311 15.999999 -24.999983
v -149.999985 15.999999 -24.999983
v -149.999985 15.999999 -34.999985
v -148.812729 14.606668 -34.999985
v -150.278107 14.721871 -34.999985
v -150.393311 15.999999 -34.999985
v -150.278107 14.721871 -59.999985
v -150.393311 15.999999 -59.999985
v -150.399994 15.997262 -70.399979
v -109.999992 14.769451 -69.375000
v -108.502083 14.769451 -68.286697
v -109.074234 14.769451 -66.525795
v -110.925758 14.769451 -66.525795
v -111.497910 14.769451 -68.286697
v -109.999992 0.902773 -69.375000
v -111.497910 0.902773 -68.286697
v -110.925758 0.902773 -66.525795
v -109.074234 0.902773 -66.525795
v -108.502075 0.902773 -68.286697
v -129.999985 14.769451 -69.375000
v -131.497910 14.769451 -68.286713
v -130.925766 14.769451 -66.525795
v -129.074234 14.769451 -66.525795
v -128.502090 14.769451 -68.286713
v -129.999985 0.902773 -69.375000
v -128.502090 0.902773 -68.286713
v -129.074234 0.902773 -66.525795
v -130.925766 0.902773 -66.525795
v -131.497910 0.902773 -68.286713
v -149.374985 14.769451 -50.000000
v -148.286682 14.769451 -48.502090
v -146.525787 14.769451 -49.074242
v -146.525787 14.769451 -50.925758
v -148.286682 14.769451 -51.497917
v -149.374985 0.902773 -50.000000
v -148.286682 0.902773 -51.497917
v -146.525787 0.902773 -50.925758
v -146.525787 0.902773 -49.074242
v -148.286682 0.902773 -48.502083
v -149.374985 14.769451 -29.999990
v -148.286682 14.769451 -28.502075
v -146.525787 14.769451 -29.074232
v -146.525787 14.769451 -30.925753
v -148.286682 14.769451 -31.497908
v -149.374985 0.902773 -29.999990
v -148.286682 0.902773 -31.497908
v -146.525787 0.902773 -30.925753
v -146.525787 0.902773 -29.074232
v -148.286682 0.902773 -28.502075
v -96.699989 0.999999 -63.299988
v -119.999992 0.999999 -63.299961
v -129.999985 0.999999 -63.299961
v -141.999985 1.002263 -62.000000
v -104.666656 1.002263 -62.000000
v -97.999992 1.002263 -62.000000
v -96.699989 0.999999 -16.699993
v -96.700020 0.999999 -19.999992
v -96.700020 0.999999 -39.999992
v -96.700020 0.999999 -59.999992
v -97.999985 1.002263 -55.333332
v -97.999992 1.002263 -44.999992
v -97.999985 1.002263 -24.666653
v -97.999985 1.002263 -17.999990
v -143.299988 0.999999 -16.699991
v -129.999985 0.999999 -16.700020
v -139.999985 0.999999 -16.700016
v -119.999992 0.999999 -16.700022
v -109.999992 0.999999 -16.700024
v -99.999992 0.999999 -16.700020
v -141.999985 1.002263 -17.999983
v -143.299988 0.999999 -63.299988
v -143.299957 0.999999 -59.999992
v -143.299957 0.999999 -39.999992
v -143.299957 0.999999 -19.999992
v -90.624985 14.769451 -29.999998
v -91.713295 14.769451 -28.502081
v -93.474197 14.769451 -29.074234
v -93.474197 14.769451 -30.925760
v -91.713295 14.769451 -31.497908
v -90.624985 0.902773 -29.999998
v -91.713295 0.902773 -31.497908
v -93.474197 0.902773 -30.925760
v -93.474197 0.902773 -29.074234
v -91.713295 0.902773 -28.502081
v -90.424995 14.727788 -49.999992
v -91.513290 14.727788 -48.502075
v -93.274193 14.727788 -49.074230
v -93.274193 14.727788 -50.925751
v -91.513290 14.727788 -51.497910
v -90.424995 0.861109 -49.999992
v -91.513290 0.861109 -51.497910
v -93.274193 0.861109 -50.925751
v -93.274193 0.861109 -49.074230
v -91.513290 0.861109 -48.502075
v -129.999985 14.769451 -10.624992
v -131.497910 14.769451 -11.713300
v -130.925751 14.769451 -13.474199
v -129.074234 14.769451 -13.474199
v -128.502075 14.769451 -11.713300
v -129.999985 0.902773 -10.624992
v -128.502075 0.902773 -11.713300
v -129.074234 0.902773 -13.474199
v -130.925751 0.902773 -13.474199
v -131.497910 0.902773 -11.713300
v -110.000000 14.727788 -10.425003
v -111.497917 14.727788 -11.513300
v -110.925758 14.727788 -13.274210
v -109.074242 14.727788 -13.274210
v -108.502083 14.727788 -11.513300
v -110.000000 0.861109 -10.425003
v -108.502083 0.861109 -11.513300
v -109.074242 0.861109 -13.274210
v -110.925758 0.861109 -13.274210
v -111.497917 0.861109 -11.513300
v -90.886307 14.933340 -69.113693
v -90.596664 14.933340 -67.284966
v -92.246384 14.933340 -66.444382
v -93.555611 14.933340 -67.753609
v -92.715034 14.933340 -69.403336
v -90.886307 1.066661 -69.113693
v -92.715034 1.066661 -69.403336
v -93.555611 1.066661 -67.753609
v -92.246384 1.066661 -66.444382
v -90.596664 1.066661 -67.284966
v -90.988678 14.933340 -10.886312
v -92.817413 14.933340 -10.596666
v -93.657990 14.933340 -12.246385
v -92.348770 14.933340 -13.555613
v -90.699036 14.933340 -12.715042
v -90.988678 1.066661 -10.886312
v -90.699036 1.066661 -12.715042
v -92.348770 1.066661 -13.555613
v -93.657990 1.066661 -12.246385
v -92.817413 1.066661 -10.596666
v -149.216095 14.933340 -69.113678
v -147.387360 14.933340 -69.403313
v -146.546783 14.933340 -67.753601
v -147.856003 14.933340 -66.444366
v -149.505737 14.933340 -67.284943
v -149.216095 1.066661 -69.113678
v -149.505737 1.066661 -67.284943
v -147.856003 1.066661 -66.444366
v -146.546783 1.066661 -67.753601
v -147.387360 1.066661 -69.403313
v -119.999992 15.997609 -66.999985
v -146.999985 15.997609 -39.999996
v -120.000008 15.997609 -12.999990
v -146.999985 16.041378 -12.999985
v -92.999992 16.041378 -66.999977
v -93.000015 15.997609 -39.999977
v -93.000031 16.041378 -12.999966
vt 0.402344 0.371094
vt 0.339844 0.371094
vt 0.339844 0.371094
vt 0.402344 0.371094
vt 0.339844 0.371094
vt 0.402344 0.371094
vt 0.339844 0.371094
vt 0.402344 0.371094
vt 0.339844 0.371094
vt 0.402344 0.371094
vt 0.402344 0.003906
vt 0.339844 0.003906
vt 0.402344 0.003906
vt 0.339844 0.003906
vt 0.402344 0.003906
vt 0.339844 0.003906
vt 0.402344 0.003906
vt 0.339844 0.003906
vt 0.402344 0.003906
vt 0.339844 0.003906
vt 0.246094 0.371094
vt 0.238281 0.371094
vt 0.003906 0.371094
vt 0.238281 0.371094
vt 0.003906 0.207031
vt 0.003906 0.371094
vt 0.246094 0.207031
vt 0.003906 0.371094
vt 0.238281 0.371094
vt 0.496094 0.371094
vt 0.246094 0.339844
vt 0.003906 0.339844
vt 0.224749 0.371094
vt 0.228906 0.371094
vt 0.496094 0.371094
vt 0.013594 0.207031
vt 0.113281 0.761719
vt 0.042969 0.761719
vt 0.240128 0.339944
vt 0.041107 0.371094
vt 0.245932 0.371094
vt 0.238125 0.371094
vt 0.113281 0.753906
vt 0.246094 0.207031
vt 0.113281 0.996094
vt 0.003906 0.207031
vt 0.042969 0.996094
vt 0.042969 0.753906
vt 0.003906 0.371094
vt 0.246094 0.371094
vt 0.042969 0.753906
vt 0.042969 0.996094
vt 0.113281 0.753906
vt 0.003906 0.207031
vt 0.113281 0.996094
vt 0.246094 0.207031
vt 0.113281 0.753906
vt 0.003906 0.207031
vt 0.113281 0.996094
vt 0.246094 0.207031
vt 0.003906 0.371094
vt 0.121094 0.371094
vt 0.003906 0.207031
vt 0.246094 0.207031
vt 0.238281 0.371094
vt 0.246094 0.371094
vt 0.003906 0.371094
vt 0.496094 0.066406
vt 0.003906 0.371094
vt 0.246094 0.371094
vt 0.238281 0.371094
vt 0.003906 0.371094
vt 0.003906 0.371094
vt 0.238281 0.371094
vt 0.253906 0.371094
vt 0.246094 0.339844
vt 0.003906 0.339844
vt 0.246094 0.371094
vt 0.238281 0.371094
vt 0.003906 0.371094
vt 0.003906 0.066406
vt 0.238281 0.371094
vt 0.496094 0.066406
vt 0.003906 0.371094
vt 0.238281 0.371094
vt 0.246094 0.371094
vt 0.003906 0.371094
vt 0.238281 0.371094
vt 0.496094 0.371094
vt 0.003906 0.339844
vt 0.246094 0.339844
vt 0.496094 0.371094
vt 0.121094 0.371094
vt 0.253906 0.371094
vt 0.125000 0.339844
vt 0.121094 0.371094
vt 0.125000 0.371094
vt 0.125000 0.371094
vt 0.121094 0.371094
vt 0.121094 0.371094
vt 0.496094 0.066406
vt 0.253906 0.066406
vt 0.121094 0.371094
vt 0.496094 0.066406
vt 0.253906 0.066406
vt 0.125000 0.339844
vt 0.121094 0.371094
vt 0.125000 0.371094
vt 0.253906 0.371094
vt 0.121094 0.371094
vt 0.496094 0.371094
vt 0.113281 0.753906
vt 0.003906 0.207031
vt 0.246094 0.207031
vt 0.113281 0.996094
vt 0.042969 0.996094
vt 0.042969 0.753906
vt 0.003906 0.066406
vt 0.238281 0.371094
vt 0.253906 0.066406
vt 0.238281 0.371094
vt 0.246094 0.371094
vt 0.003906 0.371094
vt 0.238281 0.371094
vt 0.253906 0.371094
vt 0.003906 0.371094
vt 0.003906 0.339844
vt 0.246094 0.339844
vt 0.228906 0.371094
vt 0.496094 0.371094
vt 0.041107 0.371094
vt 0.042969 0.761719
vt 0.003906 0.339844
vt 0.243142 0.339844
vt 0.245932 0.371094
vt 0.238125 0.371094
vt 0.013281 0.371094
vt 0.496094 0.066406
vt 0.013594 0.207031
vt 0.113281 0.761719
vt 0.238281 0.371094
vt 0.003906 0.371094
vt 0.003906 0.207031
vt 0.246094 0.207031
vt 0.246094 0.371094
vt 0.003906 0.371094
vt 0.042969 0.996094
vt 0.042969 0.753906
vt 0.113281 0.753906
vt 0.003906 0.207031
vt 0.113281 0.996094
vt 0.246094 0.207031
vt 0.246094 0.371094
vt 0.003906 0.371094
vt 0.238281 0.371094
vt 0.003906 0.371094
vt 0.113281 0.996094
vt 0.246094 0.207031
vt 0.042969 0.996094
vt 0.238281 0.371094
vt 0.253906 0.066406
vt 0.003906 0.371094
vt 0.003906 0.371094
vt 0.121094 0.371094
vt 0.246094 0.207031
vt 0.003906 0.207031
vt 0.003906 0.371094
vt 0.253906 0.371094
vt 0.238281 0.371094
vt 0.003906 0.371094
vt 0.246094 0.339844
vt 0.003906 0.339844
vt 0.238281 0.371094
vt 0.246094 0.371094
vt 0.003906 0.371094
vt 0.238281 0.371094
vt 0.003906 0.339844
vt 0.121094 0.371094
vt 0.496094 0.371094
vt 0.125000 0.339844
vt 0.121094 0.371094
vt 0.125000 0.371094
vt 0.121094 0.371094
vt 0.125000 0.371094
vt 0.496094 0.066406
vt 0.121094 0.371094
vt 0.125000 0.339844
vt 0.121094 0.371094
vt 0.125000 0.371094
vt 0.121094 0.371094
vt 0.496094 0.371094
vt 0.042969 0.996094
vt 0.042969 0.753906
vt 0.003906 0.371094
vt 0.238281 0.371094
vt 0.246094 0.371094
vt 0.003906 0.371094
vt 0.042969 0.753906
vt 0.042969 0.996094
vt 0.113281 0.753906
vt 0.246094 0.207031
vt 0.003906 0.207031
vt 0.113281 0.996094
vt 0.246094 0.207031
vt 0.113281 0.996094
vt 0.042969 0.996094
vt 0.003906 0.371094
vt 0.121094 0.371094
vt 0.003906 0.207031
vt 0.246094 0.207031
vt 0.238281 0.371094
vt 0.246094 0.371094
vt 0.003906 0.371094
vt 0.003906 0.066406
vt 0.238281 0.371094
vt 0.496094 0.066406
vt 0.003906 0.371094
vt 0.238281 0.371094
vt 0.253906 0.371094
vt 0.003906 0.371094
vt 0.246094 0.339844
vt 0.003906 0.339844
vt 0.238281 0.371094
vt 0.246094 0.371094
vt 0.003906 0.371094
vt 0.238281 0.371094
vt 0.246094 0.207031
vt 0.496094 0.371094
vt 0.003906 0.371094
vt 0.496094 0.371094
vt 0.253906 0.371094
vt 0.121094 0.371094
vt 0.125000 0.339844
vt 0.125000 0.371094
vt 0.121094 0.371094
vt 0.121094 0.371094
vt 0.125000 0.371094
vt 0.496094 0.066406
vt 0.121094 0.371094
vt 0.253906 0.066406
vt 0.125000 0.339844
vt 0.121094 0.371094
vt 0.125000 0.371094
vt 0.496094 0.371094
vt 0.121094 0.371094
vt 0.253906 0.371094
vt 0.042969 0.996094
vt 0.042969 0.753906
vt 0.246094 0.371094
vt 0.238281 0.371094
vt 0.003906 0.371094
vt 0.238281 0.371094
vt 0.003906 0.371094
vt 0.003906 0.371094
vt 0.238281 0.371094
vt 0.253906 0.371094
vt 0.246094 0.339844
vt 0.003906 0.339844
vt 0.207653 0.371094
vt 0.041108 0.371094
vt 0.245932 0.371094
vt 0.241521 0.371134
vt 0.238125 0.371094
vt 0.042969 0.761719
vt 0.042969 0.996094
vt 0.003906 0.371094
vt 0.003906 0.371094
vt 0.253906 0.371094
vt 0.003906 0.339844
vt 0.228906 0.371094
vt 0.496094 0.371094
vt 0.243142 0.339844
vt 0.041107 0.371094
vt 0.013594 0.207031
vt 0.013594 0.207031
vt 0.113281 0.761719
vt 0.246094 0.207031
vt 0.113281 0.996094
vt 0.113281 0.753906
vt 0.003906 0.207031
vt 0.003906 0.207031
vt 0.238281 0.371094
vt 0.003906 0.371094
vt 0.246094 0.207031
vt 0.042969 0.996094
vt 0.042969 0.753906
vt 0.113281 0.753906
vt 0.113281 0.996094
vt 0.246094 0.207031
vt 0.003906 0.207031
vt 0.246094 0.371094
vt 0.003906 0.371094
vt 0.003906 0.371094
vt 0.496094 0.066406
vt 0.238281 0.371094
vt 0.238281 0.371094
vt 0.003906 0.207031
vt 0.121094 0.371094
vt 0.246094 0.207031
vt 0.003906 0.371094
vt 0.238281 0.371094
vt 0.496094 0.371094
vt 0.003906 0.339844
vt 0.246094 0.339844
vt 0.246094 0.371094
vt 0.003906 0.371094
vt 0.238281 0.371094
vt 0.003906 0.066406
vt 0.253906 0.066406
vt 0.238281 0.371094
vt 0.003906 0.371094
vt 0.253906 0.371094
vt 0.121094 0.371094
vt 0.496094 0.371094
vt 0.253906 0.371094
vt 0.125000 0.339844
vt 0.125000 0.371094
vt 0.121094 0.371094
vt 0.125000 0.339844
vt 0.121094 0.371094
vt 0.125000 0.371094
vt 0.253906 0.371094
vt 0.121094 0.371094
vt 0.496094 0.371094
vt 0.113281 0.753906
vt 0.113281 0.996094
vt 0.003906 0.207031
vt 0.246094 0.207031
vt 0.042969 0.996094
vt 0.042969 0.753906
vt 0.003906 0.371094
vt 0.238281 0.371094
vt 0.003906 0.371094
vt 0.246094 0.371094
vt 0.042969 0.996094
vt 0.042969 0.753906
vt 0.003906 0.207031
vt 0.113281 0.996094
vt 0.113281 0.753906
vt 0.246094 0.207031
vt 0.246094 0.207031
vt 0.113281 0.996094
vt 0.238281 0.371094
vt 0.246094 0.207031
vt 0.121094 0.371094
vt 0.003906 0.207031
vt 0.003906 0.371094
vt 0.238281 0.371094
vt 0.496094 0.371094
vt 0.246094 0.339844
vt 0.003906 0.339844
vt 0.246094 0.371094
vt 0.003906 0.371094
vt 0.238281 0.371094
vt 0.003906 0.339844
vt 0.246094 0.339844
vt 0.253906 0.066406
vt 0.003906 0.371094
vt 0.238281 0.371094
vt 0.246094 0.207031
vt 0.121094 0.371094
vt 0.496094 0.371094
vt 0.253906 0.371094
vt 0.125000 0.339844
vt 0.121094 0.371094
vt 0.125000 0.371094
vt 0.125000 0.371094
vt 0.121094 0.371094
vt 0.125000 0.339844
vt 0.125000 0.371094
vt 0.121094 0.371094
vt 0.253906 0.371094
vt 0.496094 0.371094
vt 0.121094 0.371094
vt 0.246094 0.207031
vt 0.003906 0.207031
vt 0.113281 0.753906
vt 0.113281 0.996094
vt 0.042969 0.753906
vt 0.042969 0.996094
vt 0.003906 0.207031
vt 0.238281 0.371094
vt 0.003906 0.371094
vt 0.246094 0.207031
vt 0.246094 0.371094
vt 0.003906 0.371094
vt 0.042969 0.996094
vt 0.042969 0.753906
vt 0.003906 0.207031
vt 0.246094 0.207031
vt 0.113281 0.996094
vt 0.113281 0.753906
vt 0.238281 0.371094
vt 0.003906 0.207031
vt 0.121094 0.371094
vt 0.246094 0.207031
vt 0.246094 0.371094
vt 0.003906 0.371094
vt 0.238281 0.371094
vt 0.003906 0.371094
vt 0.238281 0.371094
vt 0.496094 0.371094
vt 0.246094 0.339844
vt 0.003906 0.339844
vt 0.246094 0.371094
vt 0.003906 0.371094
vt 0.238281 0.371094
vt 0.003906 0.339844
vt 0.246094 0.339844
vt 0.003906 0.371094
vt 0.253906 0.371094
vt 0.238281 0.371094
vt 0.121094 0.371094
vt 0.496094 0.371094
vt 0.253906 0.371094
vt 0.125000 0.339844
vt 0.121094 0.371094
vt 0.125000 0.371094
vt 0.125000 0.339844
vt 0.121094 0.371094
vt 0.125000 0.371094
vt 0.121094 0.371094
vt 0.125000 0.371094
vt 0.121094 0.371094
vt 0.253906 0.371094
vt 0.496094 0.371094
vt 0.113281 0.753906
vt 0.003906 0.207031
vt 0.042969 0.753906
vt 0.003906 0.371094
vt 0.042969 0.996094
vt 0.042969 0.753906
vt 0.246094 0.207031
vt 0.003906 0.207031
vt 0.113281 0.753906
vt 0.113281 0.996094
vt 0.042969 0.996094
vt 0.496094 0.066406
vt 0.003906 0.371094
vt 0.238281 0.371094
vt 0.238281 0.371094
vt 0.121094 0.371094
vt 0.246094 0.207031
vt 0.003906 0.207031
vt 0.003906 0.066406
vt 0.253906 0.066406
vt 0.238281 0.371094
vt 0.003906 0.371094
vt 0.003906 0.371094
vt 0.496094 0.371094
vt 0.238281 0.371094
vt 0.246094 0.339844
vt 0.003906 0.339844
vt 0.246094 0.371094
vt 0.003906 0.371094
vt 0.238281 0.371094
vt 0.253906 0.371094
vt 0.238281 0.371094
vt 0.246094 0.339844
vt 0.246094 0.371094
vt 0.238281 0.371094
vt 0.238281 0.371094
vt 0.246094 0.207031
vt 0.003906 0.339844
vt 0.253906 0.371094
vt 0.496094 0.371094
vt 0.121094 0.371094
vt 0.125000 0.339844
vt 0.125000 0.371094
vt 0.121094 0.371094
vt 0.121094 0.371094
vt 0.253906 0.066406
vt 0.496094 0.066406
vt 0.496094 0.066406
vt 0.253906 0.066406
vt 0.121094 0.371094
vt 0.125000 0.339844
vt 0.121094 0.371094
vt 0.125000 0.371094
vt 0.121094 0.371094
vt 0.253906 0.371094
vt 0.496094 0.371094
vt 0.042969 0.753906
vt 0.042969 0.996094
vt 0.113281 0.753906
vt 0.003906 0.207031
vt 0.113281 0.996094
vt 0.246094 0.207031
vt 0.246094 0.207031
vt 0.113281 0.996094
vt 0.042969 0.996094
vt 0.003906 0.371094
vt 0.121094 0.371094
vt 0.246094 0.207031
vt 0.003906 0.207031
vt 0.003906 0.066406
vt 0.253906 0.066406
vt 0.238281 0.371094
vt 0.003906 0.371094
vt 0.003906 0.371094
vt 0.238281 0.371094
vt 0.496094 0.371094
vt 0.003906 0.339844
vt 0.246094 0.339844
vt 0.246094 0.371094
vt 0.238281 0.371094
vt 0.003906 0.371094
vt 0.238281 0.371094
vt 0.246094 0.207031
vt 0.238281 0.371094
vt 0.003906 0.371094
vt 0.253906 0.371094
vt 0.003906 0.371094
vt 0.003906 0.339844
vt 0.496094 0.371094
vt 0.253906 0.371094
vt 0.121094 0.371094
vt 0.125000 0.339844
vt 0.125000 0.371094
vt 0.121094 0.371094
vt 0.253906 0.066406
vt 0.496094 0.066406
vt 0.121094 0.371094
vt 0.125000 0.339844
vt 0.125000 0.371094
vt 0.121094 0.371094
vt 0.125000 0.371094
vt 0.121094 0.371094
vt 0.253906 0.371094
vt 0.496094 0.371094
vt 0.121094 0.371094
vt 0.402344 0.371094
vt 0.339844 0.371094
vt 0.183594 0.589844
vt 0.097656 0.589844
vt 0.339844 0.371094
vt 0.402344 0.371094
vt 0.097656 0.589844
vt 0.183594 0.589844
vt 0.339844 0.371094
vt 0.402344 0.371094
vt 0.097656 0.589844
vt 0.339844 0.371094
vt 0.402344 0.371094
vt 0.183594 0.589844
vt 0.097656 0.589844
vt 0.339844 0.371094
vt 0.402344 0.371094
vt 0.183594 0.589844
vt 0.058594 0.980469
vt 0.230469 0.527344
vt 0.058594 0.808594
vt 0.058594 0.527344
vt 0.058594 0.980469
vt 0.058594 0.808594
vt 0.058594 0.527344
vt 0.230469 0.527344
vt 0.058594 0.980469
vt 0.003906 0.980469
vt 0.058594 0.527344
vt 0.003906 0.808594
vt 0.058594 0.808594
vt 0.230469 0.527344
vt 0.058594 0.980469
vt 0.230469 0.527344
vt 0.058594 0.808594
vt 0.058594 0.527344
vt 0.003906 0.808594
vt 0.003906 0.980469
vt 0.003906 0.980469
vt 0.003906 0.808594
vt 0.003906 0.980469
vt 0.058594 0.980469
vt 0.003906 0.808594
vt 0.058594 0.808594
vt 0.003906 0.980469
vt 0.003906 0.808594
vt 0.402344 0.003906
vt 0.339844 0.003906
vt 0.183594 0.589844
vt 0.097656 0.527344
vt 0.402344 0.003906
vt 0.339844 0.003906
vt 0.183594 0.589844
vt 0.097656 0.589844
vt 0.402344 0.003906
vt 0.339844 0.003906
vt 0.097656 0.589844
vt 0.402344 0.003906
vt 0.339844 0.003906
vt 0.183594 0.589844
vt 0.402344 0.003906
vt 0.339844 0.003906
vt 0.097656 0.589844
vt 0.183594 0.527344
vt 0.058594 0.980469
vt 0.058594 0.589844
vt 0.058594 0.808594
vt 0.230469 0.527344
vt 0.058594 0.980469
vt 0.058594 0.527344
vt 0.058594 0.808594
vt 0.230469 0.527344
vt 0.058594 0.980469
vt 0.003906 0.980469
vt 0.058594 0.527344
vt 0.003906 0.808594
vt 0.230469 0.527344
vt 0.058594 0.808594
vt 0.058594 0.980469
vt 0.058594 0.808594
vt 0.058594 0.527344
vt 0.230469 0.589844
vt 0.003906 0.808594
vt 0.003906 0.980469
vt 0.003906 0.980469
vt 0.003906 0.808594
vt 0.003906 0.980469
vt 0.058594 0.980469
vt 0.003906 0.808594
vt 0.058594 0.808594
vt 0.003906 0.980469
vt 0.003906 0.808594
vt 0.246094 0.371094
vt 0.003906 0.371094
vt 0.238281 0.371094
vt 0.238281 0.371094
vt 0.003906 0.371094
vt 0.253906 0.371094
vt 0.042969 0.761719
vt 0.245932 0.371094
vt 0.241529 0.371134
vt 0.238125 0.371094
vt 0.246094 0.207031
vt 0.113281 0.996094
vt 0.003906 0.371094
vt 0.253906 0.371094
vt 0.013594 0.207031
vt 0.113281 0.761719
vt 0.013281 0.371094
vt 0.496094 0.066406
vt 0.240128 0.339944
vt 0.228906 0.371094
vt 0.496094 0.371094
vt 0.041107 0.371094
vt 0.113281 0.753906
vt 0.003906 0.207031
vt 0.042969 0.753906
vt 0.003906 0.371094
vt 0.121094 0.371094
vt 0.246094 0.371094
vt 0.246094 0.371094
vt 0.003906 0.371094
vt 0.113281 0.753906
vt 0.003906 0.207031
vt 0.113281 0.996094
vt 0.246094 0.207031
vt 0.003906 0.371094
vt 0.003906 0.371094
vt 0.246094 0.371094
vt 0.246094 0.324219
vt 0.003906 0.339844
vt 0.488281 0.003906
vt 0.003906 0.371094
vt 0.488281 0.003906
vt 0.261719 0.003906
vt 0.246094 0.371094
vt 0.003906 0.371094
vt 0.238281 0.371094
vt 0.121094 0.371094
vt 0.246094 0.371094
vt 0.003906 0.371094
vt 0.261719 0.371094
vt 0.488281 0.371094
vt 0.246094 0.371094
vt 0.003906 0.371094
vt 0.125000 0.339844
vt 0.121094 0.371094
vt 0.003906 0.371094
vt 0.121094 0.371094
vt 0.125000 0.371094
vt 0.125000 0.324219
vt 0.125000 0.339844
vt 0.261719 0.003906
vt 0.488281 0.003906
vt 0.125000 0.371094
vt 0.261719 0.371094
vt 0.125000 0.371094
vt 0.488281 0.371094
vt 0.238281 0.371094
vt 0.121094 0.371094
vt 0.246094 0.371094
vt 0.003906 0.371094
vt 0.042969 0.996094
vt 0.113281 0.996094
vt 0.246094 0.207031
vt 0.003906 0.207031
vt 0.003906 0.371094
vt 0.246094 0.371094
vt 0.238281 0.371094
vt 0.246094 0.371094
vt 0.003906 0.371094
vt 0.261719 0.003906
vt 0.236568 0.371094
vt 0.031732 0.371094
vt 0.238281 0.371094
vt 0.003906 0.371094
vt 0.246094 0.371094
vt 0.238281 0.371094
vt 0.003906 0.371094
vt 0.246094 0.371094
vt 0.125000 0.339844
vt 0.488281 0.371094
vt 0.125000 0.371094
vt 0.261719 0.371094
vt 0.121094 0.371094
vt 0.125000 0.371094
vt 0.125000 0.324219
vt 0.125000 0.339844
vt 0.488281 0.003906
vt 0.125000 0.371094
vt 0.261719 0.003906
vt 0.010642 0.339844
vt 0.261719 0.371094
vt 0.013432 0.371094
vt 0.246094 0.371094
vt 0.003906 0.371094
vt 0.167969 0.207031
vt 0.238281 0.371094
vt 0.003906 0.371094
vt 0.246094 0.371094
vt 0.246094 0.339844
vt 0.488281 0.371094
vt 0.246094 0.371094
vt 0.261719 0.003906
vt 0.488281 0.003906
vt 0.125000 0.371094
vt 0.125000 0.339844
vt 0.125000 0.371094
vt 0.488281 0.371094
vt 0.261719 0.371094
vt 0.121094 0.371094
vt 0.125000 0.371094
vt 0.125000 0.324219
vt 0.125000 0.339844
vt 0.031732 0.371094
vt 0.217340 0.371094
vt 0.239358 0.339844
vt 0.252830 0.324219
vt 0.010642 0.324219
vt 0.402344 0.371094
vt 0.339844 0.371094
vt 0.183594 0.589844
vt 0.097656 0.589844
vt 0.339844 0.371094
vt 0.402344 0.371094
vt 0.097656 0.589844
vt 0.183594 0.589844
vt 0.339844 0.371094
vt 0.402344 0.371094
vt 0.097656 0.589844
vt 0.339844 0.371094
vt 0.402344 0.371094
vt 0.183594 0.589844
vt 0.339844 0.371094
vt 0.402344 0.371094
vt 0.097656 0.589844
vt 0.183594 0.589844
vt 0.058594 0.980469
vt 0.058594 0.808594
vt 0.230469 0.527344
vt 0.058594 0.527344
vt 0.058594 0.980469
vt 0.058594 0.527344
vt 0.058594 0.808594
vt 0.230469 0.527344
vt 0.058594 0.980469
vt 0.003906 0.980469
vt 0.058594 0.527344
vt 0.003906 0.808594
vt 0.058594 0.808594
vt 0.230469 0.527344
vt 0.058594 0.980469
vt 0.058594 0.527344
vt 0.230469 0.527344
vt 0.058594 0.808594
vt 0.003906 0.808594
vt 0.003906 0.980469
vt 0.003906 0.980469
vt 0.003906 0.808594
vt 0.003906 0.980469
vt 0.058594 0.980469
vt 0.003906 0.808594
vt 0.058594 0.808594
vt 0.003906 0.980469
vt 0.003906 0.808594
vt 0.402344 0.003906
vt 0.097656 0.527344
vt 0.339844 0.003906
vt 0.183594 0.589844
vt 0.402344 0.003906
vt 0.339844 0.003906
vt 0.183594 0.589844
vt 0.097656 0.589844
vt 0.402344 0.003906
vt 0.339844 0.003906
vt 0.097656 0.589844
vt 0.402344 0.003906
vt 0.339844 0.003906
vt 0.183594 0.589844
vt 0.402344 0.003906
vt 0.339844 0.003906
vt 0.097656 0.589844
vt 0.183594 0.527344
vt 0.058594 0.980469
vt 0.058594 0.808594
vt 0.230469 0.527344
vt 0.058594 0.589844
vt 0.058594 0.980469
vt 0.058594 0.527344
vt 0.058594 0.808594
vt 0.230469 0.527344
vt 0.058594 0.980469
vt 0.003906 0.980469
vt 0.058594 0.527344
vt 0.003906 0.808594
vt 0.058594 0.808594
vt 0.230469 0.527344
vt 0.058594 0.980469
vt 0.058594 0.527344
vt 0.058594 0.808594
vt 0.230469 0.589844
vt 0.003906 0.808594
vt 0.003906 0.980469
vt 0.003906 0.980469
vt 0.003906 0.808594
vt 0.003906 0.980469
vt 0.058594 0.980469
vt 0.003906 0.808594
vt 0.058594 0.808594
vt 0.003906 0.980469
vt 0.003906 0.808594
vt 0.042969 0.753906
vt 0.042969 0.996094
vt 0.003906 0.371094
vt 0.246094 0.371094
vt 0.042969 0.996094
vt 0.246094 0.371094
vt 0.238281 0.371094
vt 0.003906 0.371094
vt 0.246094 0.324219
vt 0.003906 0.324219
vt 0.246094 0.339844
vt 0.003906 0.339844
vt 0.031732 0.371094
vt 0.238281 0.371094
vt 0.003906 0.371094
vt 0.246094 0.371094
vt 0.246094 0.371094
vt 0.238281 0.371094
vt 0.003906 0.371094
vt 0.246094 0.339844
vt 0.003906 0.339844
vt 0.125000 0.339844
vt 0.125000 0.371094
vt 0.261719 0.371094
vt 0.488281 0.371094
vt 0.121094 0.371094
vt 0.125000 0.371094
vt 0.125000 0.324219
vt 0.125000 0.339844
vt 0.261719 0.003906
vt 0.488281 0.003906
vt 0.125000 0.371094
vt 0.013432 0.371094
vt 0.261719 0.371094
vt 0.031732 0.371094
vt 0.217340 0.371094
vt 0.252830 0.324219
vt 0.239358 0.339844
vt 0.010642 0.324219
vt 0.246094 0.371094
vt 0.003906 0.371094
vt 0.167969 0.207031
vt 0.113281 0.996094
vt 0.003906 0.207031
vt 0.246094 0.207031
vt 0.003906 0.371094
vt 0.261719 0.003906
vt 0.236568 0.371094
vt 0.003906 0.371094
vt 0.246094 0.371094
vt 0.238281 0.371094
vt 0.261719 0.003906
vt 0.125000 0.371094
vt 0.488281 0.003906
vt 0.125000 0.339844
vt 0.121094 0.371094
vt 0.246094 0.371094
vt 0.003906 0.371094
vt 0.121094 0.371094
vt 0.125000 0.371094
vt 0.125000 0.339844
vt 0.125000 0.324219
vt 0.261719 0.371094
vt 0.125000 0.371094
vt 0.488281 0.371094
vt 0.010642 0.339844
vt 0.402344 0.371094
vt 0.339844 0.371094
vt 0.183594 0.589844
vt 0.097656 0.589844
vt 0.339844 0.371094
vt 0.402344 0.371094
vt 0.097656 0.589844
vt 0.183594 0.589844
vt 0.339844 0.371094
vt 0.402344 0.371094
vt 0.097656 0.589844
vt 0.339844 0.371094
vt 0.402344 0.371094
vt 0.183594 0.589844
vt 0.097656 0.589844
vt 0.339844 0.371094
vt 0.402344 0.371094
vt 0.183594 0.589844
vt 0.058594 0.980469
vt 0.058594 0.808594
vt 0.230469 0.527344
vt 0.058594 0.527344
vt 0.058594 0.980469
vt 0.058594 0.527344
vt 0.058594 0.808594
vt 0.230469 0.527344
vt 0.058594 0.980469
vt 0.003906 0.980469
vt 0.058594 0.527344
vt 0.003906 0.808594
vt 0.058594 0.808594
vt 0.230469 0.527344
vt 0.058594 0.980469
vt 0.230469 0.527344
vt 0.058594 0.808594
vt 0.058594 0.527344
vt 0.003906 0.808594
vt 0.003906 0.980469
vt 0.003906 0.980469
vt 0.003906 0.808594
vt 0.003906 0.980469
vt 0.058594 0.980469
vt 0.003906 0.808594
vt 0.058594 0.808594
vt 0.003906 0.980469
vt 0.003906 0.808594
vt 0.402344 0.003906
vt 0.097656 0.527344
vt 0.339844 0.003906
vt 0.183594 0.589844
vt 0.402344 0.003906
vt 0.339844 0.003906
vt 0.183594 0.589844
vt 0.097656 0.589844
vt 0.402344 0.003906
vt 0.339844 0.003906
vt 0.097656 0.589844
vt 0.402344 0.003906
vt 0.339844 0.003906
vt 0.183594 0.589844
vt 0.402344 0.003906
vt 0.339844 0.003906
vt 0.097656 0.589844
vt 0.183594 0.527344
vt 0.058594 0.980469
vt 0.058594 0.808594
vt 0.230469 0.527344
vt 0.058594 0.589844
vt 0.058594 0.980469
vt 0.058594 0.527344
vt 0.058594 0.808594
vt 0.230469 0.527344
vt 0.058594 0.980469
vt 0.003906 0.980469
vt 0.058594 0.527344
vt 0.003906 0.808594
vt 0.058594 0.808594
vt 0.230469 0.527344
vt 0.058594 0.980469
vt 0.058594 0.527344
vt 0.058594 0.808594
vt 0.230469 0.589844
vt 0.003906 0.808594
vt 0.003906 0.980469
vt 0.003906 0.980469
vt 0.003906 0.808594
vt 0.003906 0.980469
vt 0.058594 0.980469
vt 0.003906 0.808594
vt 0.058594 0.808594
vt 0.003906 0.980469
vt 0.003906 0.808594
vt 0.003906 0.207031
vt 0.113281 0.753906
vt 0.246094 0.207031
vt 0.113281 0.996094
vt 0.042969 0.996094
vt 0.042969 0.753906
vt 0.003906 0.371094
vt 0.246094 0.371094
vt 0.031732 0.371094
vt 0.238281 0.371094
vt 0.246094 0.371094
vt 0.003906 0.371094
vt 0.246094 0.371094
vt 0.238281 0.371094
vt 0.003906 0.371094
vt 0.003906 0.339844
vt 0.246094 0.339844
vt 0.246094 0.371094
vt 0.003906 0.371094
vt 0.488281 0.003906
vt 0.261719 0.003906
vt 0.488281 0.003906
vt 0.125000 0.371094
vt 0.261719 0.003906
vt 0.125000 0.339844
vt 0.121094 0.371094
vt 0.238281 0.371094
vt 0.003906 0.371094
vt 0.246094 0.371094
vt 0.121094 0.371094
vt 0.125000 0.371094
vt 0.125000 0.339844
vt 0.125000 0.324219
vt 0.261719 0.371094
vt 0.125000 0.371094
vt 0.488281 0.371094
vt 0.010642 0.339844
vt 0.236568 0.371094
vt 0.261719 0.003906
vt 0.031732 0.371094
vt 0.217340 0.371094
vt 0.246094 0.371094
vt 0.003906 0.371094
vt 0.167969 0.207031
vt 0.042969 0.996094
vt 0.003906 0.207031
vt 0.246094 0.207031
vt 0.113281 0.996094
vt 0.003906 0.371094
vt 0.246094 0.371094
vt 0.003906 0.371094
vt 0.246094 0.371094
vt 0.238281 0.371094
vt 0.003906 0.371094
vt 0.125000 0.339844
vt 0.261719 0.371094
vt 0.125000 0.371094
vt 0.488281 0.371094
vt 0.121094 0.371094
vt 0.246094 0.371094
vt 0.003906 0.371094
vt 0.121094 0.371094
vt 0.125000 0.371094
vt 0.125000 0.324219
vt 0.125000 0.339844
vt 0.125000 0.371094
vt 0.261719 0.003906
vt 0.488281 0.003906
vt 0.013432 0.371094
vt 0.261719 0.371094
vt 0.252830 0.324219
vt 0.239358 0.339844
vt 0.010642 0.324219
vt 0.402344 0.371094
vt 0.339844 0.371094
vt 0.183594 0.589844
vt 0.097656 0.589844
vt 0.339844 0.371094
vt 0.402344 0.371094
vt 0.097656 0.589844
vt 0.183594 0.589844
vt 0.339844 0.371094
vt 0.402344 0.371094
vt 0.097656 0.589844
vt 0.339844 0.371094
vt 0.402344 0.371094
vt 0.183594 0.589844
vt 0.339844 0.371094
vt 0.402344 0.371094
vt 0.097656 0.589844
vt 0.183594 0.589844
vt 0.058594 0.980469
vt 0.230469 0.527344
vt 0.058594 0.808594
vt 0.058594 0.527344
vt 0.058594 0.980469
vt 0.058594 0.808594
vt 0.058594 0.527344
vt 0.230469 0.527344
vt 0.058594 0.980469
vt 0.003906 0.980469
vt 0.058594 0.527344
vt 0.003906 0.808594
vt 0.058594 0.808594
vt 0.230469 0.527344
vt 0.058594 0.980469
vt 0.058594 0.527344
vt 0.230469 0.527344
vt 0.058594 0.808594
vt 0.003906 0.808594
vt 0.003906 0.980469
vt 0.003906 0.980469
vt 0.003906 0.808594
vt 0.003906 0.980469
vt 0.058594 0.980469
vt 0.003906 0.808594
vt 0.058594 0.808594
vt 0.003906 0.980469
vt 0.003906 0.808594
vt 0.402344 0.003906
vt 0.339844 0.003906
vt 0.183594 0.589844
vt 0.097656 0.527344
vt 0.402344 0.003906
vt 0.339844 0.003906
vt 0.183594 0.589844
vt 0.097656 0.589844
vt 0.402344 0.003906
vt 0.339844 0.003906
vt 0.097656 0.589844
vt 0.402344 0.003906
vt 0.339844 0.003906
vt 0.183594 0.589844
vt 0.402344 0.003906
vt 0.339844 0.003906
vt 0.097656 0.589844
vt 0.183594 0.527344
vt 0.058594 0.980469
vt 0.058594 0.589844
vt 0.058594 0.808594
vt 0.230469 0.527344
vt 0.058594 0.980469
vt 0.058594 0.527344
vt 0.058594 0.808594
vt 0.230469 0.527344
vt 0.058594 0.980469
vt 0.003906 0.980469
vt 0.058594 0.527344
vt 0.003906 0.808594
vt 0.058594 0.808594
vt 0.230469 0.527344
vt 0.058594 0.980469
vt 0.058594 0.527344
vt 0.058594 0.808594
vt 0.230469 0.589844
vt 0.003906 0.808594
vt 0.003906 0.980469
vt 0.003906 0.980469
vt 0.003906 0.808594
vt 0.003906 0.980469
vt 0.058594 0.980469
vt 0.003906 0.808594
vt 0.058594 0.808594
vt 0.003906 0.980469
vt 0.003906 0.808594
vt 0.113281 0.753906
vt 0.003906 0.207031
vt 0.042969 0.753906
vt 0.246094 0.371094
vt 0.003906 0.371094
vt 0.042969 0.753906
vt 0.042969 0.996094
vt 0.003906 0.207031
vt 0.113281 0.753906
vt 0.113281 0.996094
vt 0.246094 0.207031
vt 0.246094 0.324219
vt 0.003906 0.339844
vt 0.003906 0.371094
vt 0.488281 0.003906
vt 0.238281 0.371094
vt 0.246094 0.371094
vt 0.121094 0.371094
vt 0.003906 0.371094
vt 0.246094 0.371094
vt 0.238281 0.371094
vt 0.003906 0.371094
vt 0.246094 0.339844
vt 0.003906 0.339844
vt 0.246094 0.324219
vt 0.003906 0.324219
vt 0.488281 0.003906
vt 0.003906 0.371094
vt 0.246094 0.371094
vt 0.261719 0.003906
vt 0.246094 0.339844
vt 0.003906 0.339844
vt 0.246094 0.371094
vt 0.261719 0.371094
vt 0.488281 0.371094
vt 0.003906 0.371094
vt 0.246094 0.339844
vt 0.246094 0.371094
vt 0.488281 0.371094
vt 0.125000 0.339844
vt 0.125000 0.371094
vt 0.488281 0.371094
vt 0.261719 0.371094
vt 0.121094 0.371094
vt 0.246094 0.371094
vt 0.125000 0.371094
vt 0.121094 0.371094
vt 0.125000 0.324219
vt 0.125000 0.339844
vt 0.261719 0.003906
vt 0.125000 0.371094
vt 0.488281 0.003906
vt 0.402344 0.371094
vt 0.339844 0.371094
vt 0.183594 0.589844
vt 0.097656 0.589844
vt 0.339844 0.371094
vt 0.402344 0.371094
vt 0.097656 0.589844
vt 0.183594 0.589844
vt 0.339844 0.371094
vt 0.402344 0.371094
vt 0.097656 0.589844
vt 0.339844 0.371094
vt 0.402344 0.371094
vt 0.183594 0.589844
vt 0.339844 0.371094
vt 0.402344 0.371094
vt 0.097656 0.589844
vt 0.183594 0.589844
vt 0.058594 0.980469
vt 0.230469 0.527344
vt 0.058594 0.527344
vt 0.058594 0.808594
vt 0.058594 0.980469
vt 0.058594 0.808594
vt 0.058594 0.527344
vt 0.230469 0.527344
vt 0.058594 0.980469
vt 0.003906 0.980469
vt 0.058594 0.527344
vt 0.003906 0.808594
vt 0.058594 0.808594
vt 0.230469 0.527344
vt 0.058594 0.980469
vt 0.058594 0.527344
vt 0.058594 0.808594
vt 0.230469 0.527344
vt 0.003906 0.808594
vt 0.003906 0.980469
vt 0.003906 0.980469
vt 0.003906 0.808594
vt 0.003906 0.980469
vt 0.058594 0.980469
vt 0.003906 0.808594
vt 0.058594 0.808594
vt 0.003906 0.980469
vt 0.003906 0.808594
vt 0.402344 0.003906
vt 0.339844 0.003906
vt 0.183594 0.589844
vt 0.097656 0.527344
vt 0.402344 0.003906
vt 0.339844 0.003906
vt 0.183594 0.589844
vt 0.097656 0.589844
vt 0.402344 0.003906
vt 0.339844 0.003906
vt 0.097656 0.589844
vt 0.402344 0.003906
vt 0.339844 0.003906
vt 0.183594 0.589844
vt 0.402344 0.003906
vt 0.339844 0.003906
vt 0.097656 0.589844
vt 0.183594 0.527344
vt 0.058594 0.980469
vt 0.230469 0.527344
vt 0.058594 0.589844
vt 0.058594 0.808594
vt 0.058594 0.980469
vt 0.058594 0.808594
vt 0.230469 0.527344
vt 0.058594 0.527344
vt 0.058594 0.980469
vt 0.003906 0.980469
vt 0.058594 0.527344
vt 0.003906 0.808594
vt 0.058594 0.808594
vt 0.230469 0.527344
vt 0.058594 0.980469
vt 0.058594 0.527344
vt 0.058594 0.808594
vt 0.230469 0.589844
vt 0.003906 0.808594
vt 0.003906 0.980469
vt 0.003906 0.980469
vt 0.003906 0.808594
vt 0.003906 0.980469
vt 0.058594 0.980469
vt 0.003906 0.808594
vt 0.058594 0.808594
vt 0.003906 0.980469
vt 0.003906 0.808594
vt 0.236568 0.371094
vt 0.261719 0.003906
vt 0.031732 0.371094
vt 0.238281 0.371094
vt 0.246094 0.371094
vt 0.003906 0.371094
vt 0.003906 0.371094
vt 0.246094 0.371094
vt 0.238281 0.371094
vt 0.261719 0.371094
vt 0.013432 0.371094
vt 0.125000 0.339844
vt 0.121094 0.371094
vt 0.125000 0.371094
vt 0.125000 0.339844
vt 0.125000 0.324219
vt 0.125000 0.371094
vt 0.488281 0.003906
vt 0.261719 0.003906
vt 0.261719 0.371094
vt 0.488281 0.371094
vt 0.125000 0.371094
vt 0.031732 0.371094
vt 0.217340 0.371094
vt 0.003906 0.207031
vt 0.113281 0.753906
vt 0.042969 0.753906
vt 0.042969 0.996094
vt 0.003906 0.207031
vt 0.246094 0.207031
vt 0.113281 0.996094
vt 0.246094 0.371094
vt 0.003906 0.371094
vt 0.246094 0.324219
vt 0.003906 0.339844
vt 0.003906 0.371094
vt 0.246094 0.371094
vt 0.238281 0.371094
vt 0.246094 0.339844
vt 0.003906 0.371094
vt 0.488281 0.003906
vt 0.125000 0.339844
vt 0.261719 0.371094
vt 0.125000 0.371094
vt 0.488281 0.371094
vt 0.003906 0.371094
vt 0.121094 0.371094
vt 0.246094 0.371094
vt 0.125000 0.371094
vt 0.121094 0.371094
vt 0.125000 0.324219
vt 0.125000 0.339844
vt 0.125000 0.371094
vt 0.261719 0.003906
vt 0.488281 0.003906
vt 0.010642 0.339844
vt 0.239358 0.339844
vt 0.252830 0.324219
vt 0.010642 0.324219
vt 0.402344 0.371094
vt 0.339844 0.371094
vt 0.183594 0.589844
vt 0.097656 0.589844
vt 0.339844 0.371094
vt 0.402344 0.371094
vt 0.097656 0.589844
vt 0.183594 0.589844
vt 0.339844 0.371094
vt 0.402344 0.371094
vt 0.097656 0.589844
vt 0.339844 0.371094
vt 0.402344 0.371094
vt 0.183594 0.589844
vt 0.097656 0.589844
vt 0.339844 0.371094
vt 0.402344 0.371094
vt 0.183594 0.589844
vt 0.058594 0.980469
vt 0.058594 0.527344
vt 0.058594 0.808594
vt 0.230469 0.527344
vt 0.058594 0.980469
vt 0.058594 0.527344
vt 0.058594 0.808594
vt 0.230469 0.527344
vt 0.058594 0.980469
vt 0.003906 0.980469
vt 0.058594 0.527344
vt 0.003906 0.808594
vt 0.058594 0.808594
vt 0.230469 0.527344
vt 0.058594 0.980469
vt 0.058594 0.808594
vt 0.058594 0.527344
vt 0.230469 0.527344
vt 0.003906 0.808594
vt 0.003906 0.980469
vt 0.003906 0.980469
vt 0.003906 0.808594
vt 0.003906 0.980469
vt 0.058594 0.980469
vt 0.003906 0.808594
vt 0.058594 0.808594
vt 0.003906 0.980469
vt 0.003906 0.808594
vt 0.097656 0.527344
vt 0.402344 0.003906
vt 0.339844 0.003906
vt 0.183594 0.589844
vt 0.402344 0.003906
vt 0.339844 0.003906
vt 0.183594 0.589844
vt 0.097656 0.589844
vt 0.402344 0.003906
vt 0.339844 0.003906
vt 0.097656 0.589844
vt 0.402344 0.003906
vt 0.339844 0.003906
vt 0.183594 0.589844
vt 0.402344 0.003906
vt 0.339844 0.003906
vt 0.097656 0.589844
vt 0.183594 0.527344
vt 0.058594 0.980469
vt 0.230469 0.527344
vt 0.058594 0.808594
vt 0.058594 0.589844
vt 0.058594 0.980469
vt 0.058594 0.808594
vt 0.230469 0.527344
vt 0.058594 0.527344
vt 0.058594 0.980469
vt 0.003906 0.980469
vt 0.058594 0.527344
vt 0.003906 0.808594
vt 0.058594 0.808594
vt 0.230469 0.527344
vt 0.058594 0.980469
vt 0.058594 0.527344
vt 0.058594 0.808594
vt 0.230469 0.589844
vt 0.003906 0.808594
vt 0.003906 0.980469
vt 0.003906 0.980469
vt 0.003906 0.808594
vt 0.003906 0.980469
vt 0.058594 0.980469
vt 0.003906 0.808594
vt 0.058594 0.808594
vt 0.003906 0.980469
vt 0.003906 0.808594
vt 0.042969 0.996094
vt 0.042969 0.753906
vt 0.003906 0.207031
vt 0.113281 0.996094
vt 0.113281 0.753906
vt 0.246094 0.207031
vt 0.246094 0.339844
vt 0.246094 0.324219
vt 0.003906 0.339844
vt 0.003906 0.324219
vt 0.488281 0.003906
vt 0.003906 0.371094
vt 0.246094 0.371094
vt 0.261719 0.003906
vt 0.246094 0.339844
vt 0.003906 0.339844
vt 0.246094 0.371094
vt 0.261719 0.371094
vt 0.003906 0.371094
vt 0.488281 0.371094
vt 0.488281 0.371094
vt 0.246094 0.371094
vt 0.261719 0.003906
vt 0.488281 0.003906
vt 0.125000 0.371094
vt 0.125000 0.339844
vt 0.125000 0.371094
vt 0.261719 0.371094
vt 0.488281 0.371094
vt 0.003906 0.371094
vt 0.121094 0.371094
vt 0.246094 0.371094
vt 0.121094 0.371094
vt 0.125000 0.371094
vt 0.125000 0.324219
vt 0.125000 0.339844
vt 0.402344 0.371094
vt 0.339844 0.371094
vt 0.183594 0.589844
vt 0.097656 0.589844
vt 0.339844 0.371094
vt 0.402344 0.371094
vt 0.097656 0.589844
vt 0.183594 0.589844
vt 0.339844 0.371094
vt 0.402344 0.371094
vt 0.097656 0.589844
vt 0.339844 0.371094
vt 0.402344 0.371094
vt 0.183594 0.589844
vt 0.097656 0.589844
vt 0.339844 0.371094
vt 0.402344 0.371094
vt 0.183594 0.589844
vt 0.058594 0.980469
vt 0.058594 0.808594
vt 0.230469 0.527344
vt 0.058594 0.527344
vt 0.058594 0.980469
vt 0.058594 0.527344
vt 0.058594 0.808594
vt 0.230469 0.527344
vt 0.058594 0.980469
vt 0.003906 0.980469
vt 0.058594 0.527344
vt 0.003906 0.808594
vt 0.058594 0.808594
vt 0.230469 0.527344
vt 0.058594 0.980469
vt 0.230469 0.527344
vt 0.058594 0.808594
vt 0.058594 0.527344
vt 0.003906 0.808594
vt 0.003906 0.980469
vt 0.003906 0.980469
vt 0.003906 0.808594
vt 0.003906 0.980469
vt 0.058594 0.980469
vt 0.003906 0.808594
vt 0.058594 0.808594
vt 0.003906 0.980469
vt 0.003906 0.808594
vt 0.402344 0.003906
vt 0.097656 0.527344
vt 0.339844 0.003906
vt 0.183594 0.589844
vt 0.402344 0.003906
vt 0.339844 0.003906
vt 0.183594 0.589844
vt 0.097656 0.589844
vt 0.402344 0.003906
vt 0.339844 0.003906
vt 0.097656 0.589844
vt 0.402344 0.003906
vt 0.339844 0.003906
vt 0.183594 0.589844
vt 0.402344 0.003906
vt 0.339844 0.003906
vt 0.097656 0.589844
vt 0.183594 0.527344
vt 0.058594 0.980469
vt 0.058594 0.808594
vt 0.230469 0.527344
vt 0.058594 0.589844
vt 0.058594 0.980469
vt 0.058594 0.527344
vt 0.058594 0.808594
vt 0.230469 0.527344
vt 0.058594 0.980469
vt 0.003906 0.980469
vt 0.058594 0.527344
vt 0.003906 0.808594
vt 0.230469 0.527344
vt 0.058594 0.808594
vt 0.058594 0.980469
vt 0.058594 0.808594
vt 0.058594 0.527344
vt 0.230469 0.589844
vt 0.003906 0.808594
vt 0.003906 0.980469
vt 0.003906 0.980469
vt 0.003906 0.808594
vt 0.003906 0.980469
vt 0.058594 0.980469
vt 0.003906 0.808594
vt 0.058594 0.808594
vt 0.003906 0.980469
vt 0.003906 0.808594
vt 0.003906 0.207031
vt 0.113281 0.753906
vt 0.042969 0.753906
vt 0.246094 0.371094
vt 0.003906 0.371094
vt 0.003906 0.371094
vt 0.246094 0.371094
vt 0.003906 0.339844
vt 0.246094 0.324219
vt 0.246094 0.371094
vt 0.003906 0.371094
vt 0.238281 0.371094
vt 0.003906 0.324219
vt 0.003906 0.339844
vt 0.246094 0.324219
vt 0.246094 0.339844
vt 0.246094 0.371094
vt 0.261719 0.371094
vt 0.003906 0.371094
vt 0.488281 0.371094
vt 0.246094 0.339844
vt 0.246094 0.371094
vt 0.488281 0.371094
vt 0.003906 0.371094
vt 0.488281 0.003906
vt 0.125000 0.339844
vt 0.125000 0.371094
vt 0.488281 0.371094
vt 0.261719 0.371094
vt 0.121094 0.371094
vt 0.003906 0.371094
vt 0.246094 0.371094
vt 0.121094 0.371094
vt 0.125000 0.371094
vt 0.125000 0.339844
vt 0.125000 0.324219
vt 0.261719 0.003906
vt 0.488281 0.003906
vt 0.125000 0.371094
vt 0.402344 0.371094
vt 0.339844 0.371094
vt 0.183594 0.589844
vt 0.097656 0.589844
vt 0.339844 0.371094
vt 0.402344 0.371094
vt 0.097656 0.589844
vt 0.183594 0.589844
vt 0.339844 0.371094
vt 0.402344 0.371094
vt 0.097656 0.589844
vt 0.339844 0.371094
vt 0.402344 0.371094
vt 0.183594 0.589844
vt 0.097656 0.589844
vt 0.339844 0.371094
vt 0.402344 0.371094
vt 0.183594 0.589844
vt 0.058594 0.980469
vt 0.058594 0.808594
vt 0.230469 0.527344
vt 0.058594 0.527344
vt 0.058594 0.980469
vt 0.058594 0.527344
vt 0.058594 0.808594
vt 0.230469 0.527344
vt 0.058594 0.980469
vt 0.003906 0.980469
vt 0.058594 0.527344
vt 0.003906 0.808594
vt 0.058594 0.808594
vt 0.230469 0.527344
vt 0.058594 0.980469
vt 0.230469 0.527344
vt 0.058594 0.808594
vt 0.058594 0.527344
vt 0.003906 0.808594
vt 0.003906 0.980469
vt 0.003906 0.980469
vt 0.003906 0.808594
vt 0.003906 0.980469
vt 0.058594 0.980469
vt 0.003906 0.808594
vt 0.058594 0.808594
vt 0.003906 0.980469
vt 0.003906 0.808594
vt 0.402344 0.003906
vt 0.097656 0.527344
vt 0.339844 0.003906
vt 0.183594 0.589844
vt 0.402344 0.003906
vt 0.339844 0.003906
vt 0.183594 0.589844
vt 0.097656 0.589844
vt 0.402344 0.003906
vt 0.339844 0.003906
vt 0.097656 0.589844
vt 0.402344 0.003906
vt 0.339844 0.003906
vt 0.183594 0.589844
vt 0.402344 0.003906
vt 0.339844 0.003906
vt 0.097656 0.589844
vt 0.183594 0.527344
vt 0.058594 0.980469
vt 0.058594 0.808594
vt 0.230469 0.527344
vt 0.058594 0.589844
vt 0.058594 0.980469
vt 0.058594 0.527344
vt 0.058594 0.808594
vt 0.230469 0.527344
vt 0.058594 0.980469
vt 0.003906 0.980469
vt 0.058594 0.527344
vt 0.003906 0.808594
vt 0.230469 0.527344
vt 0.058594 0.808594
vt 0.058594 0.980469
vt 0.058594 0.808594
vt 0.058594 0.527344
vt 0.230469 0.589844
vt 0.003906 0.808594
vt 0.003906 0.980469
vt 0.003906 0.980469
vt 0.003906 0.808594
vt 0.003906 0.980469
vt 0.058594 0.980469
vt 0.003906 0.808594
vt 0.058594 0.808594
vt 0.003906 0.980469
vt 0.003906 0.808594
vt 0.246094 0.371094
vt 0.003906 0.371094
vt 0.246094 0.324219
vt 0.488281 0.183594
vt 0.003906 0.371094
vt 0.449219 0.183594
vt 0.238281 0.371094
vt 0.246094 0.371094
vt 0.003906 0.371094
vt 0.003906 0.324219
vt 0.246094 0.324219
vt 0.402344 0.003906
vt 0.003906 0.371094
vt 0.441406 0.003906
vt 0.238281 0.371094
vt 0.253906 0.066406
vt 0.003906 0.371094
vt 0.003906 0.371094
vt 0.238281 0.371094
vt 0.125000 0.324219
vt 0.402344 0.199219
vt 0.402344 0.175781
vt 0.441406 0.175781
vt 0.121094 0.371094
vt 0.441406 0.199219
vt 0.121094 0.371094
vt 0.125000 0.371094
vt 0.125000 0.371094
vt 0.121094 0.371094
vt 0.125000 0.324219
vt 0.488281 0.378906
vt 0.402344 0.175781
vt 0.441406 0.175781
vt 0.449219 0.378906
vt 0.121094 0.371094
vt 0.496094 0.066406
vt 0.003906 0.371094
vt 0.238281 0.371094
vt 0.238281 0.371094
vt 0.246094 0.371094
vt 0.003906 0.371094
vt 0.003906 0.324219
vt 0.246094 0.324219
vt 0.402344 0.003906
vt 0.238281 0.371094
vt 0.441406 0.003906
vt 0.003906 0.371094
vt 0.402344 0.003906
vt 0.003906 0.324219
vt 0.238281 0.371094
vt 0.441406 0.003906
vt 0.125000 0.324219
vt 0.402344 0.199219
vt 0.402344 0.175781
vt 0.441406 0.175781
vt 0.121094 0.371094
vt 0.441406 0.199219
vt 0.121094 0.371094
vt 0.125000 0.371094
vt 0.496094 0.066406
vt 0.253906 0.066406
vt 0.121094 0.371094
vt 0.488281 0.378906
vt 0.125000 0.324219
vt 0.402344 0.175781
vt 0.441406 0.175781
vt 0.449219 0.378906
vt 0.121094 0.371094
vt 0.240125 0.322280
vt 0.402344 0.371094
vt 0.003906 0.324219
vt 0.402344 0.003906
vt 0.238281 0.371094
vt 0.441406 0.003906
vt 0.207653 0.371094
vt 0.041107 0.371094
vt 0.240156 0.322300
vt 0.402344 0.371094
vt 0.004063 0.371094
vt 0.441406 0.371094
vt 0.207653 0.371094
vt 0.041107 0.371094
vt 0.488281 0.183594
vt 0.246094 0.324219
vt 0.003906 0.371094
vt 0.449219 0.183594
vt 0.238281 0.371094
vt 0.003906 0.371094
vt 0.253906 0.066406
vt 0.003906 0.324219
vt 0.246094 0.324219
vt 0.402344 0.003906
vt 0.238281 0.371094
vt 0.003906 0.371094
vt 0.441406 0.003906
vt 0.238281 0.371094
vt 0.003906 0.371094
vt 0.402344 0.175781
vt 0.125000 0.324219
vt 0.402344 0.199219
vt 0.441406 0.175781
vt 0.121094 0.371094
vt 0.441406 0.199219
vt 0.125000 0.371094
vt 0.121094 0.371094
vt 0.488281 0.378906
vt 0.125000 0.324219
vt 0.402344 0.175781
vt 0.441406 0.175781
vt 0.121094 0.371094
vt 0.449219 0.378906
vt 0.238281 0.371094
vt 0.253906 0.066406
vt 0.003906 0.371094
vt 0.246094 0.324219
vt 0.402344 0.003906
vt 0.003906 0.324219
vt 0.238281 0.371094
vt 0.003906 0.371094
vt 0.441406 0.003906
vt 0.402344 0.003906
vt 0.003906 0.324219
vt 0.238281 0.371094
vt 0.441406 0.003906
vt 0.003906 0.371094
vt 0.238281 0.371094
vt 0.402344 0.199219
vt 0.402344 0.175781
vt 0.125000 0.324219
vt 0.441406 0.175781
vt 0.121094 0.371094
vt 0.441406 0.199219
vt 0.253906 0.066406
vt 0.496094 0.066406
vt 0.121094 0.371094
vt 0.121094 0.371094
vt 0.125000 0.371094
vt 0.488281 0.378906
vt 0.402344 0.175781
vt 0.125000 0.324219
vt 0.441406 0.175781
vt 0.121094 0.371094
vt 0.449219 0.378906
vt 0.240156 0.322300
vt 0.402344 0.371094
vt 0.003906 0.324219
vt 0.402344 0.003906
vt 0.238281 0.371094
vt 0.441406 0.003906
vt 0.004063 0.371094
vt 0.441406 0.371094
vt 0.013281 0.371094
vt 0.496094 0.066406
vt 0.207653 0.371094
vt 0.041108 0.371094
vt 0.240156 0.322300
vt 0.402344 0.371094
vt 0.013281 0.371094
vt 0.496094 0.066406
vt 0.238281 0.371094
vt 0.246094 0.371094
vt 0.246094 0.324219
vt 0.488281 0.183594
vt 0.003906 0.371094
vt 0.449219 0.183594
vt 0.238281 0.371094
vt 0.003906 0.371094
vt 0.246094 0.371094
vt 0.003906 0.324219
vt 0.246094 0.324219
vt 0.402344 0.003906
vt 0.441406 0.003906
vt 0.238281 0.371094
vt 0.003906 0.371094
vt 0.003906 0.371094
vt 0.253906 0.066406
vt 0.125000 0.324219
vt 0.402344 0.175781
vt 0.402344 0.199219
vt 0.441406 0.175781
vt 0.441406 0.199219
vt 0.121094 0.371094
vt 0.121094 0.371094
vt 0.125000 0.371094
vt 0.121094 0.371094
vt 0.496094 0.066406
vt 0.125000 0.324219
vt 0.402344 0.175781
vt 0.488281 0.378906
vt 0.441406 0.175781
vt 0.121094 0.371094
vt 0.449219 0.378906
vt 0.238281 0.371094
vt 0.003906 0.371094
vt 0.246094 0.371094
vt 0.003906 0.324219
vt 0.246094 0.324219
vt 0.402344 0.003906
vt 0.441406 0.003906
vt 0.003906 0.371094
vt 0.238281 0.371094
vt 0.402344 0.003906
vt 0.003906 0.324219
vt 0.238281 0.371094
vt 0.441406 0.003906
vt 0.402344 0.199219
vt 0.125000 0.324219
vt 0.402344 0.175781
vt 0.441406 0.199219
vt 0.121094 0.371094
vt 0.441406 0.175781
vt 0.121094 0.371094
vt 0.125000 0.371094
vt 0.253906 0.066406
vt 0.496094 0.066406
vt 0.121094 0.371094
vt 0.496094 0.066406
vt 0.121094 0.371094
vt 0.253906 0.066406
vt 0.121094 0.371094
vt 0.125000 0.371094
vt 0.488281 0.378906
vt 0.125000 0.324219
vt 0.402344 0.175781
vt 0.449219 0.378906
vt 0.441406 0.175781
vt 0.121094 0.371094
vt 0.003906 0.324219
vt 0.402344 0.003906
vt 0.238281 0.371094
vt 0.441406 0.003906
vt 0.004063 0.371094
vt 0.441406 0.371094
vt 0.003906 0.371094
vt 0.238281 0.371094
vt 0.246094 0.371094
vt 0.246094 0.324219
vt 0.488281 0.183594
vt 0.449219 0.183594
vt 0.003906 0.371094
vt 0.238281 0.371094
vt 0.003906 0.371094
vt 0.496094 0.066406
vt 0.238281 0.371094
vt 0.003906 0.371094
vt 0.246094 0.371094
vt 0.246094 0.324219
vt 0.003906 0.324219
vt 0.402344 0.003906
vt 0.441406 0.003906
vt 0.238281 0.371094
vt 0.003906 0.371094
vt 0.003906 0.066406
vt 0.238281 0.371094
vt 0.253906 0.066406
vt 0.238281 0.371094
vt 0.003906 0.371094
vt 0.402344 0.175781
vt 0.125000 0.324219
vt 0.402344 0.199219
vt 0.441406 0.175781
vt 0.121094 0.371094
vt 0.441406 0.199219
vt 0.496094 0.066406
vt 0.121094 0.371094
vt 0.253906 0.066406
vt 0.253906 0.066406
vt 0.496094 0.066406
vt 0.121094 0.371094
vt 0.121094 0.371094
vt 0.125000 0.371094
vt 0.125000 0.324219
vt 0.402344 0.175781
vt 0.488281 0.378906
vt 0.441406 0.175781
vt 0.449219 0.378906
vt 0.121094 0.371094
vt 0.238281 0.371094
vt 0.496094 0.066406
vt 0.003906 0.371094
vt 0.238281 0.371094
vt 0.246094 0.371094
vt 0.003906 0.371094
vt 0.003906 0.324219
vt 0.402344 0.003906
vt 0.246094 0.324219
vt 0.238281 0.371094
vt 0.003906 0.371094
vt 0.441406 0.003906
vt 0.003906 0.066406
vt 0.253906 0.066406
vt 0.238281 0.371094
vt 0.402344 0.003906
vt 0.003906 0.324219
vt 0.238281 0.371094
vt 0.441406 0.003906
vt 0.238281 0.371094
vt 0.003906 0.371094
vt 0.402344 0.199219
vt 0.125000 0.324219
vt 0.402344 0.175781
vt 0.441406 0.199219
vt 0.121094 0.371094
vt 0.441406 0.175781
vt 0.253906 0.066406
vt 0.496094 0.066406
vt 0.121094 0.371094
vt 0.496094 0.066406
vt 0.253906 0.066406
vt 0.121094 0.371094
vt 0.121094 0.371094
vt 0.125000 0.371094
vt 0.488281 0.378906
vt 0.125000 0.324219
vt 0.402344 0.175781
vt 0.449219 0.378906
vt 0.121094 0.371094
vt 0.441406 0.175781
vt 0.402344 0.003906
vt 0.003906 0.324219
vt 0.238281 0.371094
vt 0.441406 0.003906
vt 0.004063 0.371094
vt 0.441406 0.371094
vt 0.402344 0.371094
vt 0.339844 0.371094
vt 0.339844 0.371094
vt 0.402344 0.371094
vt 0.339844 0.371094
vt 0.402344 0.371094
vt 0.339844 0.371094
vt 0.402344 0.371094
vt 0.339844 0.371094
vt 0.402344 0.371094
vt 0.402344 0.003906
vt 0.339844 0.003906
vt 0.402344 0.003906
vt 0.339844 0.003906
vt 0.402344 0.003906
vt 0.339844 0.003906
vt 0.402344 0.003906
vt 0.339844 0.003906
vt 0.402344 0.003906
vt 0.339844 0.003906
vt 0.402344 0.371094
vt 0.339844 0.371094
vt 0.339844 0.371094
vt 0.402344 0.371094
vt 0.339844 0.371094
vt 0.402344 0.371094
vt 0.339844 0.371094
vt 0.402344 0.371094
vt 0.339844 0.371094
vt 0.402344 0.371094
vt 0.402344 0.003906
vt 0.339844 0.003906
vt 0.402344 0.003906
vt 0.339844 0.003906
vt 0.402344 0.003906
vt 0.339844 0.003906
vt 0.402344 0.003906
vt 0.339844 0.003906
vt 0.402344 0.003906
vt 0.339844 0.003906
vt 0.402344 0.371094
vt 0.339844 0.371094
vt 0.339844 0.371094
vt 0.402344 0.371094
vt 0.339844 0.371094
vt 0.402344 0.371094
vt 0.339844 0.371094
vt 0.402344 0.371094
vt 0.339844 0.371094
vt 0.402344 0.371094
vt 0.402344 0.003906
vt 0.339844 0.003906
vt 0.402344 0.003906
vt 0.339844 0.003906
vt 0.402344 0.003906
vt 0.339844 0.003906
vt 0.402344 0.003906
vt 0.339844 0.003906
vt 0.402344 0.003906
vt 0.339844 0.003906
vt 0.402344 0.371094
vt 0.339844 0.371094
vt 0.339844 0.371094
vt 0.402344 0.371094
vt 0.339844 0.371094
vt 0.402344 0.371094
vt 0.339844 0.371094
vt 0.402344 0.371094
vt 0.339844 0.371094
vt 0.402344 0.371094
vt 0.402344 0.003906
vt 0.339844 0.003906
vt 0.402344 0.003906
vt 0.339844 0.003906
vt 0.402344 0.003906
vt 0.339844 0.003906
vt 0.402344 0.003906
vt 0.339844 0.003906
vt 0.402344 0.003906
vt 0.339844 0.003906
vt 0.175052 0.371094
vt 0.003906 0.371094
vt 0.003906 0.371094
vt 0.246094 0.371094
vt 0.246094 0.371094
vt 0.003906 0.371094
vt 0.165364 0.371094
vt 0.003906 0.371094
vt 0.003906 0.371094
vt 0.246094 0.371094
vt 0.003906 0.371094
vt 0.165364 0.371094
vt 0.175052 0.371094
vt 0.003906 0.371094
vt 0.246094 0.371094
vt 0.003906 0.371094
vt 0.246094 0.371094
vt 0.003906 0.371094
vt 0.246094 0.371094
vt 0.003906 0.371094
vt 0.167969 0.207031
vt 0.003906 0.371094
vt 0.246094 0.371094
vt 0.003906 0.371094
vt 0.246094 0.371094
vt 0.003906 0.371094
vt 0.165364 0.371094
vt 0.003906 0.371094
vt 0.175052 0.371094
vt 0.003906 0.371094
vt 0.003906 0.371094
vt 0.246094 0.371094
vt 0.003906 0.371094
vt 0.246094 0.371094
vt 0.003906 0.371094
vt 0.246094 0.371094
vt 0.003906 0.371094
vt 0.246094 0.371094
vt 0.003906 0.371094
vt 0.165364 0.371094
vt 0.003906 0.371094
vt 0.175052 0.371094
vt 0.003906 0.371094
vt 0.003906 0.371094
vt 0.246094 0.371094
vt 0.003906 0.371094
vt 0.246094 0.371094
vt 0.246094 0.371094
vt 0.003906 0.371094
vt 0.402344 0.371094
vt 0.339844 0.371094
vt 0.339844 0.371094
vt 0.402344 0.371094
vt 0.339844 0.371094
vt 0.402344 0.371094
vt 0.339844 0.371094
vt 0.402344 0.371094
vt 0.339844 0.371094
vt 0.402344 0.371094
vt 0.402344 0.003906
vt 0.339844 0.003906
vt 0.402344 0.003906
vt 0.339844 0.003906
vt 0.402344 0.003906
vt 0.339844 0.003906
vt 0.402344 0.003906
vt 0.339844 0.003906
vt 0.402344 0.003906
vt 0.339844 0.003906
vt 0.402344 0.371094
vt 0.339844 0.371094
vt 0.339844 0.371094
vt 0.402344 0.371094
vt 0.339844 0.371094
vt 0.402344 0.371094
vt 0.339844 0.371094
vt 0.402344 0.371094
vt 0.339844 0.371094
vt 0.402344 0.371094
vt 0.402344 0.003906
vt 0.339844 0.003906
vt 0.402344 0.003906
vt 0.339844 0.003906
vt 0.402344 0.003906
vt 0.339844 0.003906
vt 0.402344 0.003906
vt 0.339844 0.003906
vt 0.402344 0.003906
vt 0.339844 0.003906
vt 0.402344 0.371094
vt 0.339844 0.371094
vt 0.339844 0.371094
vt 0.402344 0.371094
vt 0.339844 0.371094
vt 0.402344 0.371094
vt 0.339844 0.371094
vt 0.402344 0.371094
vt 0.339844 0.371094
vt 0.402344 0.371094
vt 0.402344 0.003906
vt 0.339844 0.003906
vt 0.402344 0.003906
vt 0.339844 0.003906
vt 0.402344 0.003906
vt 0.339844 0.003906
vt 0.402344 0.003906
vt 0.339844 0.003906
vt 0.402344 0.003906
vt 0.339844 0.003906
vt 0.402344 0.371094
vt 0.339844 0.371094
vt 0.339844 0.371094
vt 0.402344 0.371094
vt 0.339844 0.371094
vt 0.402344 0.371094
vt 0.339844 0.371094
vt 0.402344 0.371094
vt 0.339844 0.371094
vt 0.402344 0.371094
vt 0.402344 0.003906
vt 0.339844 0.003906
vt 0.402344 0.003906
vt 0.339844 0.003906
vt 0.402344 0.003906
vt 0.339844 0.003906
vt 0.402344 0.003906
vt 0.339844 0.003906
vt 0.402344 0.003906
vt 0.339844 0.003906
vt 0.402344 0.371094
vt 0.339844 0.371094
vt 0.339844 0.371094
vt 0.402344 0.371094
vt 0.339844 0.371094
vt 0.402344 0.371094
vt 0.339844 0.371094
vt 0.402344 0.371094
vt 0.339844 0.371094
vt 0.402344 0.371094
vt 0.402344 0.003906
vt 0.339844 0.003906
vt 0.402344 0.003906
vt 0.339844 0.003906
vt 0.402344 0.003906
vt 0.339844 0.003906
vt 0.402344 0.003906
vt 0.339844 0.003906
vt 0.402344 0.003906
vt 0.339844 0.003906
vt 0.402344 0.371094
vt 0.339844 0.371094
vt 0.339844 0.371094
vt 0.402344 0.371094
vt 0.339844 0.371094
vt 0.402344 0.371094
vt 0.339844 0.371094
vt 0.402344 0.371094
vt 0.339844 0.371094
vt 0.402344 0.371094
vt 0.402344 0.003906
vt 0.339844 0.003906
vt 0.402344 0.003906
vt 0.339844 0.003906
vt 0.402344 0.003906
vt 0.339844 0.003906
vt 0.402344 0.003906
vt 0.339844 0.003906
vt 0.402344 0.003906
vt 0.339844 0.003906
vt 0.402344 0.371094
vt 0.339844 0.371094
vt 0.339844 0.371094
vt 0.402344 0.371094
vt 0.339844 0.371094
vt 0.402344 0.371094
vt 0.339844 0.371094
vt 0.402344 0.371094
vt 0.339844 0.371094
vt 0.402344 0.371094
vt 0.402344 0.003906
vt 0.339844 0.003906
vt 0.402344 0.003906
vt 0.339844 0.003906
vt 0.402344 0.003906
vt 0.339844 0.003906
vt 0.402344 0.003906
vt 0.339844 0.003906
vt 0.402344 0.003906
vt 0.339844 0.003906
vt 0.246094 0.207031
vt 0.003906 0.207031
vt 0.246094 0.207031
vt 0.003906 0.207031
vt 0.013594 0.207031
vt 0.013594 0.207031
vt 0.003906 0.207031
vt 0.246094 0.207031
vt 0.013594 0.207031
s 1
f 1214/2165 1210/2156 1205/2146
f 1213/2163 1214/2164 1206/2149
f 1212/2161 1213/2162 1207/2151
f 1211/2159 1212/2160 1208/2153
f 1210/2157 1211/2158 1209/2155
f 1214/2165 1205/2146 1206/2148
f 1213/2163 1206/2149 1207/2150
f 1212/2161 1207/2151 1208/2152
f 1211/2159 1208/2153 1209/2154
f 1210/2157 1209/2155 1205/2147
s 0
f 2040/4281 1220/2181 1225/2189
f 1320/2409 1328/2421 1329/2423
f 1219/2178 1217/2173 1215/2168
f 1420/2644 1224/2186 1222/2184
f 1476/2790 1896/3940 1983/4161
f 1468/2775 1393/2582 1470/2780
f 1368/2521 2058/4317 1371/2530
f 1416/2634 1220/2181 2040/4281
f 1259/2277 1264/2285 1294/2350
f 1219/2179 1224/2187 1420/2644
f 1466/2770 1469/2776 1474/2787
f 1258/2276 1265/2286 1270/2300
f 1927/4017 1238/2226 1217/2173
f 1917/3992 1914/3985 1915/3988
f 1234/2217 1245/2244 1242/2238
f 1499/2845 1788/3638 1787/3636
f 1352/2483 1351/2480 1348/2475
f 1921/4003 1912/3980 1913/3984
f 1974/4137 1975/4139 1966/4114
f 1283/2326 1274/2309 1279/2321
f 1568/3030 1481/2799 1551/2988
f 1874/3882 1877/3891 1875/3884
f 1376/2545 1387/2569 1385/2565
f 1835/3769 1834/3767 1825/3744
f 1375/2543 1380/2555 1381/2558
f 1375/2543 1383/2563 1382/2561
f 1291/2341 2042/4286 1230/2203
f 1906/3962 1907/3965 1925/4013
f 1430/2664 1420/2644 1427/2659
f 1488/2819 1486/2810 1563/3017
f 1911/3977 1300/2364 1312/2389
f 1385/2565 1387/2569 1467/2772
f 1735/3488 1743/3505 1742/3503
f 2034/4269 1264/2284 1251/2259
f 1221/2183 1220/2182 1416/2635
f 1257/2274 1255/2271 1254/2268
f 1299/2362 1262/2280 1261/2279
f 1304/2374 1298/2359 1263/2283
f 1302/2369 1308/2382 1306/2378
f 1294/2349 1264/2284 2034/4269
f 1320/2409 1321/2410 1353/2487
f 1257/2274 1262/2281 1299/2362
f 1326/2417 1319/2406 1322/2411
f 1327/2418 1318/2405 1315/2397
f 1316/2399 1339/2453 1930/4023
f 1268/2296 1251/2257 1252/2262
f 1416/2634 2053/4306 2052/4305
f 1940/4047 1270/2301 1265/2287
f 1337/2448 1338/2451 1345/2466
f 1506/2864 1507/2866 1780/3617
f 1218/2176 1215/2166 1249/2253
f 1275/2312 1343/2462 1342/2461
f 1913/3982 1911/3976 1309/2384
f 1987/4174 1359/2503 1962/4104
f 1342/2461 1343/2462 1338/2450
f 1829/3756 1577/3050 1572/3039
f 1287/2333 1254/2266 1255/2269
f 1373/2536 1372/2532 1369/2524
f 1241/2235 1243/2240 1245/2243
f 1279/2321 1335/2443 1954/4084
f 1269/2299 1251/2258 1268/2297
f 1294/2349 2043/4287 1291/2342
f 1294/2350 1293/2345 1292/2343
f 1353/2486 1352/2482 1350/2478
f 1347/2471 1348/2474 1372/2533
f 1868/3867 1879/3894 1878/3892
f 1290/2339 1296/2353 1920/4000
f 1322/2411 1323/2412 1361/2506
f 1356/2496 1357/2498 1366/2515
f 1299/2362 1308/2381 1305/2377
f 1285/2330 1288/2336 1255/2270
f 1236/2221 1237/2223 1245/2243
f 1902/3951 1904/3957 1910/3974
f 1961/4102 1962/4103 1975/4140
f 1357/2497 1356/2495 1362/2509
f 1297/2358 1296/2352 1307/2380
f 1298/2361 1304/2373 1305/2376
f 1933/4028 1937/4039 1941/4049
f 1360/2504 1354/2490 1363/2510
f 1329/2422 1328/2420 2055/4310
f 1259/2277 1252/2261 1251/2260
f 1325/2415 1319/2408 1314/2396
f 1261/2279 1262/2280 1254/2268
f 1223/2185 1216/2169 1905/3960
f 1426/2658 1419/2641 1927/4017
f 2055/4310 1328/2420 1353/2486
f 1473/2786 1396/2590 1471/2781
f 1325/2415 1323/2412 1322/2411
f 1474/2787 1469/2777 1397/2593
f 1468/2775 1472/2784 1368/2523
f 1942/4052 1943/4054 1936/4036
f 1905/3961 1908/3968 1906/3963
f 1334/2439 1952/4078 1346/2467
f 1271/2302 1272/2304 1331/2431
f 1230/2204 1229/2198 1228/2196
f 1335/2443 1944/4058 1954/4084
f 1561/3014 1562/3015 1555/2996
f 1249/2252 1215/2167 1217/2174
f 1412/2624 1403/2605 1402/2604
f 1332/2433 1331/2430 1313/2393
f 1903/3955 1906/3963 1908/3968
f 1385/2566 1466/2769 1379/2554
f 1944/4058 1945/4060 1955/4087
f 1296/2353 1297/2356 1920/4000
f 1275/2312 1340/2456 1341/2458
f 1338/2451 1336/2445 1346/2468
f 1483/2804 1479/2794 1490/2823
f 1403/2605 1433/2670 1432/2669
f 1249/2252 1250/2255 1235/2218
f 1383/2562 1381/2558 1376/2546
f 1932/4026 1942/4051 1283/2327
f 1343/2463 1341/2458 1336/2446
f 1256/2273 1254/2267 1287/2334
f 1238/2227 1925/4012 1907/3966
f 1516/2885 1509/2869 1500/2848
f 1973/4135 1974/4136 1965/4112
f 1345/2465 1346/2468 1316/2400
f 1293/2348 1230/2202 1289/2338
f 1349/2476 1960/4098 1973/4134
f 1941/4049 1273/2305 1936/4037
f 1831/3759 1828/3754 1829/3755
f 1890/3924 1419/2642 1426/2657
f 1963/4107 1972/4131 1367/2517
f 1383/2563 1378/2550 1377/2548
f 1934/4031 1274/2308 1283/2326
f 1353/2487 1321/2410 1351/2481
f 1879/3894 1871/3874 1870/3873
f 1374/2538 1386/2567 1977/4145
f 1308/2381 1302/2368 1300/2363
f 1359/2502 1987/4172 1381/2559
f 1283/2327 1942/4051 1935/4033
f 1388/2573 2051/4303 2049/4300
f 1241/2236 1234/2215 1311/2388
f 1282/2325 1284/2329 1275/2312
f 1733/3483 2044/4289 2039/4280
f 1246/2245 1910/3974 1901/3949
f 1270/2301 1940/4048 1938/4041
f 1236/2222 1248/2251 1249/2253
f 1919/3998 1305/2375 1300/2364
f 1949/4071 1951/4077 1315/2398
f 1345/2466 1314/2394 1317/2402
f 1230/2205 2042/4285 1227/2194
f 1349/2477 1374/2540 1988/4175
f 1308/2382 1299/2362 1260/2278
f 1987/4173 1976/4143 1376/2547
f 1392/2579 2049/4299 2050/4302
f 1273/2306 1941/4050 1281/2324
f 1377/2549 1378/2551 1385/2566
f 1499/2847 1495/2838 1505/2861
f 1972/4132 1359/2502 1380/2556
f 1275/2312 1284/2328 1281/2323
f 1216/2171 1231/2207 1908/3969
f 1364/2512 1362/2509 1324/2414
f 1288/2336 1285/2330 1273/2306
f 1284/2328 1278/2318 1276/2314
f 1470/2780 1393/2582 1391/2577
f 1311/2387 1234/2216 1240/2233
f 1392/2581 1391/2576 1389/2574
f 1553/2992 1821/3736 1820/3735
f 1395/2586 1878/3893 1870/3871
f 1432/2669 1433/2670 1423/2652
f 1398/2595 1406/2610 1409/2617
f 1400/2600 1398/2594 1413/2625
f 1933/4028 1956/4091 1953/4082
f 1573/3042 1577/3051 1829/3755
f 1287/2333 1288/2335 1276/2315
f 1404/2607 1395/2587 1877/3890
f 1422/2649 1423/2650 1430/2664
f 1395/2587 1870/3873 1877/3890
f 1282/2325 1277/2316 1278/2319
f 1408/2614 1400/2599 1399/2597
f 1366/2515 1375/2542 1358/2501
f 1625/3189 2037/4275 1611/3152
f 1408/2615 1406/2612 1398/2596
f 1954/4085 1955/4087 1932/4026
f 1413/2626 1398/2595 1394/2583
f 1311/2387 1312/2390 1300/2365
f 1889/3923 1887/3916 1883/3907
f 1887/3918 1885/3912 1886/3915
f 1245/2244 1237/2224 1235/2219
f 1271/2302 1268/2294 1267/2293
f 1333/2437 2036/4273 1332/2434
f 1416/2635 1415/2630 1414/2628
f 1935/4034 1938/4041 1940/4048
f 1415/2632 1388/2572 1389/2574
f 1434/2673 1418/2638 1882/3903
f 1789/3641 1779/3612 1780/3618
f 1421/2647 1881/3900 1890/3925
f 1882/3905 1883/3906 1891/3928
f 1433/2671 1435/2676 1421/2645
f 1412/2623 1413/2625 1401/2603
f 1408/2614 1407/2613 1405/2609
f 1357/2498 1355/2492 1367/2519
f 1889/3922 1418/2638 1424/2653
f 1399/2598 1400/2600 1412/2624
f 1882/3905 1418/2637 1889/3922
f 1430/2665 1423/2651 1421/2646
f 1567/3029 2054/4308 1552/2990
f 1277/2317 1286/2332 1287/2334
f 1435/2674 1431/2666 1881/3900
f 1413/2627 1410/2619 1873/3880
s 1
f 1455/2738 1451/2723 1436/2677
f 1454/2735 1455/2737 1437/2682
f 1453/2732 1454/2734 1438/2686
f 1452/2728 1453/2731 1439/2689
f 1451/2724 1452/2727 1440/2693
s 0
f 1447/2715 1442/2699 1441/2697
f 1450/2721 1445/2709 1444/2707
f 1448/2717 1443/2703 1442/2700
f 1446/2714 1441/2695 1445/2711
f 1449/2720 1444/2706 1443/2704
f 1462/2761 1457/2745 1456/2743
f 1465/2767 1460/2755 1459/2754
f 1463/2763 1458/2749 1457/2747
f 1461/2760 1456/2741 1460/2756
f 1464/2766 1459/2752 1458/2750
f 1454/2736 1459/2753 1460/2757
f 1458/2751 1453/2733 1452/2729
f 1456/2744 1457/2746 1452/2730
f 1458/2751 1459/2753 1454/2736
f 1436/2679 1441/2696 1442/2701
f 1444/2708 1439/2690 1438/2687
f 1445/2712 1440/2691 1439/2690
f 1460/2758 1456/2742 1451/2726
f 1440/2694 1445/2710 1441/2698
f 1442/2702 1443/2705 1438/2687
f 1368/2520 1472/2783 2048/4297
f 1570/3035 1566/3025 1576/3048
f 1475/2788 1469/2778 1466/2770
f 1726/3469 1746/3511 1720/3455
f 1223/2185 1928/4019 1425/2655
f 1221/2183 1226/2192 1225/2190
f 2048/4297 1472/2783 1470/2779
f 1930/4023 1967/4117 1323/2412
f 1475/2788 1471/2781 1397/2593
f 1222/2184 1224/2186 1215/2168
f 1258/2276 1899/3946 1916/3990
f 1263/2283 1253/2263 1255/2271
f 1938/4042 1939/4044 1958/4095
f 1481/2801 1477/2791 1478/2793
f 1484/2806 1483/2805 1491/2826
f 1481/2802 1480/2797 1482/2803
f 1915/3987 1298/2360 1919/3999
f 1917/3993 1912/3979 1297/2357
f 1720/3456 1723/3464 1728/3475
f 1512/2877 1513/2879 1494/2833
f 1493/2829 1494/2832 1513/2878
f 1680/3341 1681/3343 1728/3476
f 1554/2994 1491/2825 1490/2823
f 1232/2212 1231/2206 1244/2241
f 1244/2241 1231/2207 1290/2340
f 1970/4126 1971/4129 1967/4118
f 1575/3047 1576/3049 1566/3026
f 1564/3020 1577/3051 1573/3042
f 1830/3757 1572/3040 1576/3048
f 1502/2854 1505/2861 1495/2836
f 1516/2886 1514/2880 1485/2808
f 1301/2367 1310/2386 1311/2388
f 1952/4079 1339/2454 1316/2401
f 1285/2331 1253/2264 1958/4094
f 1571/3037 1566/3024 1557/3004
f 1720/3455 1746/3511 1743/3506
f 1941/4050 1937/4040 1340/2457
f 1555/2997 1492/2827 1491/2826
f 1240/2234 1233/2213 1309/2385
f 1932/4027 1933/4029 1943/4056
f 1559/3009 1560/3010 1564/3020
f 1486/2811 1488/2818 1494/2834
f 1486/2812 1493/2831 1492/2828
f 1511/2874 1501/2851 1479/2795
f 1888/3920 1886/3914 1419/2643
f 1569/3033 1567/3027 1568/3032
f 1480/2798 1481/2800 1568/3032
f 1247/2248 1907/3966 1904/3958
f 1876/3888 1409/2616 1396/2592
f 1742/3503 1743/3505 1746/3513
f 1895/3938 1959/4097 1893/3934
f 1540/2957 1536/2942 1521/2896
f 1539/2954 1540/2956 1522/2901
f 1538/2951 1539/2953 1523/2905
f 1537/2947 1538/2950 1524/2908
f 1536/2944 1537/2946 1525/2911
f 1532/2934 1527/2918 1526/2915
f 1535/2940 1530/2928 1529/2926
f 1533/2936 1528/2922 1527/2920
f 1531/2933 1526/2914 1530/2931
f 1534/2939 1529/2925 1528/2923
f 1547/2980 1542/2964 1541/2961
f 1550/2986 1545/2974 1544/2972
f 1548/2982 1543/2968 1542/2966
f 1546/2979 1541/2960 1545/2976
f 1549/2985 1544/2971 1543/2969
f 1544/2973 1545/2975 1540/2958
f 1543/2970 1538/2952 1537/2948
f 1541/2962 1542/2965 1537/2949
f 1544/2973 1539/2955 1538/2952
f 1526/2916 1527/2919 1522/2902
f 1528/2924 1529/2927 1524/2909
f 1529/2927 1530/2929 1525/2912
f 1541/2963 1536/2943 1540/2959
f 1525/2913 1530/2930 1526/2917
f 1527/2921 1528/2924 1523/2906
f 1420/2644 1430/2665 1428/2662
f 1497/2840 1496/2839 1478/2793
f 1482/2803 1510/2871 1497/2841
f 1517/2888 1518/2889 1520/2895
f 1501/2850 1511/2875 1519/2891
f 1623/3183 1638/3217 1635/3210
f 1574/3043 1823/3739 1575/3046
f 1937/4040 1953/4081 1341/2459
f 1514/2882 1518/2890 1484/2807
f 1557/3005 1561/3013 1487/2815
f 1727/3473 1728/3474 1681/3345
f 1562/3016 1563/3019 1486/2813
f 1479/2795 1483/2804 1517/2887
f 1630/3197 1638/3216 1613/3158
f 1746/3513 1726/3470 1725/3468
f 1935/4035 1936/4036 1939/4045
f 1637/3214 1632/3202 1631/3200
f 1483/2805 1484/2806 1518/2889
f 1902/3953 1235/2220 1250/2256
f 1571/3038 1556/3001 1574/3043
f 1507/2865 1500/2848 1509/2869
f 1781/3620 1782/3622 1504/2859
f 1988/4176 1989/4178 1961/4101
f 1506/2863 1779/3613 1499/2846
f 1520/2895 1506/2863 1505/2862
f 1506/2864 1520/2893 1500/2849
f 1598/3115 1594/3100 1579/3054
f 1597/3112 1598/3114 1580/3059
f 1596/3109 1597/3111 1581/3063
f 1595/3105 1596/3108 1582/3066
f 1594/3102 1595/3104 1583/3070
f 1590/3092 1585/3076 1584/3073
f 1593/3098 1588/3086 1587/3084
f 1591/3094 1586/3080 1585/3078
f 1589/3091 1584/3072 1588/3088
f 1592/3097 1587/3083 1586/3081
f 1605/3138 1600/3122 1599/3119
f 1608/3144 1603/3132 1602/3130
f 1606/3140 1601/3126 1600/3124
f 1604/3137 1599/3118 1603/3134
f 1607/3143 1602/3129 1601/3127
f 1602/3131 1603/3133 1598/3116
f 1601/3128 1596/3110 1595/3106
f 1599/3120 1600/3123 1595/3107
f 1601/3128 1602/3131 1597/3113
f 1584/3074 1585/3077 1580/3060
f 1587/3085 1582/3067 1581/3064
f 1588/3089 1583/3068 1582/3067
f 1599/3121 1594/3101 1598/3117
f 1583/3071 1588/3087 1584/3075
f 1586/3082 1581/3064 1580/3061
f 2036/4274 2035/4272 1271/2303
f 1556/3000 1571/3036 1565/3022
f 1730/3479 2045/4292 2044/4291
f 1229/2200 1225/2188 1226/2193
f 1724/3466 1728/3476 1723/3465
f 1673/3319 1672/3316 1732/3482
f 1620/3177 1616/3168 1615/3164
f 1401/2602 1873/3880 1431/2667
f 1613/3159 1619/3175 1618/3171
f 1613/3160 1612/3157 1624/3185
f 1961/4101 1974/4136 1973/4135
f 1374/2540 1977/4147 1988/4175
f 1566/3026 1562/3015 1561/3014
f 1736/3491 1746/3512 1722/3462
f 1617/3170 1621/3180 1637/3214
f 1731/3481 1777/3606 1778/3609
f 1822/3737 1569/3033 1820/3734
f 1471/2782 1396/2591 1409/2618
f 1509/2870 1516/2884 1515/2883
f 1741/3501 1734/3487 1742/3504
f 1822/3738 1609/3146 1627/3192
f 1674/3322 1635/3209 1634/3208
f 1726/3469 1727/3471 1679/3338
f 1630/3198 1612/3155 1633/3204
f 1612/3154 1630/3199 1624/3185
f 1636/3212 1675/3325 1683/3349
f 1676/3329 1725/3467 1677/3332
f 1678/3335 1677/3330 1725/3468
f 1620/3177 1638/3217 1623/3183
f 1658/3280 1654/3265 1639/3219
f 1657/3277 1658/3279 1640/3224
f 1656/3274 1657/3276 1641/3228
f 1655/3270 1656/3273 1642/3231
f 1654/3266 1655/3269 1643/3234
f 1650/3257 1645/3241 1644/3239
f 1653/3263 1648/3251 1647/3249
f 1651/3259 1646/3245 1645/3242
f 1649/3256 1644/3237 1648/3254
f 1652/3262 1647/3248 1646/3246
f 1665/3303 1660/3287 1659/3285
f 1668/3309 1663/3297 1662/3295
f 1666/3305 1661/3291 1660/3289
f 1664/3302 1659/3283 1663/3299
f 1667/3308 1662/3294 1661/3292
f 1662/3296 1663/3298 1658/3281
f 1661/3293 1656/3275 1655/3271
f 1659/3286 1660/3288 1655/3272
f 1661/3293 1662/3296 1657/3278
f 1639/3221 1644/3238 1645/3243
f 1647/3250 1642/3232 1641/3229
f 1647/3250 1648/3252 1643/3235
f 1663/3300 1659/3284 1654/3268
f 1643/3236 1648/3253 1644/3240
f 1645/3244 1646/3247 1641/3229
f 1945/4062 1949/4070 1950/4073
f 1673/3320 1669/3311 1670/3313
f 1564/3021 1570/3034 1572/3041
f 1820/3735 1821/3736 1610/3150
f 1781/3621 1785/3631 1786/3632
f 1831/3759 1832/3760 1827/3752
f 1673/3321 1671/3314 1628/3194
f 1688/3359 1689/3361 1675/3324
f 1688/3358 1674/3322 1629/3195
f 1227/2195 2041/4284 1225/2191
f 1680/3342 1684/3350 1685/3351
f 1686/3354 1676/3326 1677/3331
f 1688/3358 1687/3356 1677/3332
f 1709/3424 1705/3409 1690/3363
f 1708/3421 1709/3423 1691/3368
f 1707/3418 1708/3420 1692/3372
f 1706/3414 1707/3417 1693/3375
f 1705/3410 1706/3413 1694/3378
f 1701/3401 1696/3385 1695/3384
f 1704/3407 1699/3395 1698/3393
f 1702/3403 1697/3389 1696/3386
f 1700/3400 1695/3381 1699/3397
f 1703/3406 1698/3392 1697/3390
f 1716/3447 1711/3431 1710/3430
f 1719/3453 1714/3441 1713/3439
f 1717/3449 1712/3435 1711/3432
f 1715/3446 1710/3427 1714/3443
f 1718/3452 1713/3438 1712/3436
f 1713/3440 1714/3442 1709/3425
f 1712/3437 1707/3419 1706/3415
f 1705/3411 1710/3428 1711/3434
f 1713/3440 1708/3422 1707/3419
f 1690/3365 1695/3382 1696/3387
f 1697/3391 1698/3394 1693/3376
f 1698/3394 1699/3396 1694/3379
f 1714/3444 1710/3429 1705/3412
f 1699/3398 1695/3383 1690/3366
f 1697/3391 1692/3373 1691/3370
f 1626/3190 1670/3313 1669/3311
f 1628/3194 1625/3187 1627/3192
f 1634/3208 1635/3209 1638/3218
f 1364/2513 1361/2506 1355/2493
f 1688/3359 1678/3333 1679/3339
f 1500/2849 1520/2893 1518/2890
f 1488/2820 1560/3010 1559/3009
f 1327/2418 1360/2504 1968/4120
f 1632/3202 1683/3348 1682/3347
f 1722/3463 1725/3467 1676/3328
f 1722/3461 1721/3460 1729/3477
f 1563/3018 1570/3034 1564/3021
f 1467/2773 1980/4154 1473/2786
f 1616/3169 1621/3179 1827/3753
f 1953/4083 1334/2439 1336/2447
f 1511/2876 1520/2894 1502/2856
f 1562/3016 1566/3025 1570/3035
f 1932/4027 1955/4086 1956/4089
f 1671/3315 1673/3318 1733/3484
f 1638/3218 1620/3178 1619/3176
f 1972/4133 1963/4105 1966/4115
f 1913/3983 1918/3995 1919/3999
f 1503/2857 1504/2859 1509/2870
f 1633/3204 1629/3196 1634/3207
f 1966/4116 1963/4106 1971/4129
f 1614/3162 1827/3750 1621/3180
f 1955/4088 1945/4062 1946/4063
f 1721/3457 1736/3490 1729/3477
f 1738/3494 1744/3507 1743/3506
f 1618/3173 1619/3175 1825/3744
f 1826/3748 1825/3743 1619/3176
f 1723/3465 1740/3498 1739/3496
f 1762/3561 1747/3514 1748/3518
f 1765/3572 1766/3574 1748/3519
f 1764/3569 1765/3571 1749/3523
f 1763/3565 1764/3568 1750/3526
f 1762/3562 1763/3564 1751/3530
f 1758/3552 1753/3536 1752/3534
f 1761/3558 1756/3546 1755/3544
f 1759/3554 1754/3540 1753/3538
f 1757/3551 1752/3532 1756/3547
f 1760/3557 1755/3543 1754/3541
f 1773/3598 1768/3582 1767/3580
f 1776/3604 1771/3592 1770/3590
f 1774/3600 1769/3586 1768/3583
f 1772/3597 1767/3578 1771/3594
f 1775/3603 1770/3589 1769/3587
f 1770/3591 1771/3593 1766/3576
f 1769/3588 1764/3570 1763/3566
f 1762/3563 1767/3579 1768/3585
f 1769/3588 1770/3591 1765/3573
f 1752/3535 1753/3537 1748/3520
f 1754/3542 1755/3545 1750/3527
f 1756/3548 1751/3528 1750/3527
f 1767/3581 1762/3560 1766/3577
f 1756/3549 1752/3533 1747/3517
f 1754/3542 1749/3524 1748/3521
f 1629/3196 1633/3206 1686/3354
f 1744/3508 1738/3495 1783/3626
f 1984/4164 1386/2568 1983/4162
f 1347/2472 2057/4314 1350/2479
f 1347/2473 1373/2534 1371/2531
f 1615/3166 1827/3751 1832/3761
f 1675/3324 1636/3211 1635/3210
f 1476/2790 1404/2607 1874/3883
f 1824/3741 1835/3768 1836/3772
f 1778/3610 1777/3607 1496/2839
f 1826/3749 1615/3163 1836/3772
f 1489/2822 1494/2833 1488/2821
f 1493/2831 1485/2809 1484/2807
f 1498/2843 1778/3608 1497/2841
f 1809/3703 1805/3688 1790/3642
f 1808/3700 1809/3702 1791/3647
f 1807/3697 1808/3699 1792/3651
f 1806/3693 1807/3696 1793/3654
f 1805/3690 1806/3692 1794/3658
f 1801/3680 1796/3664 1795/3661
f 1804/3686 1799/3674 1798/3672
f 1802/3682 1797/3668 1796/3666
f 1800/3679 1795/3660 1799/3676
f 1803/3685 1798/3671 1797/3669
f 1816/3726 1811/3710 1810/3707
f 1819/3732 1814/3720 1813/3719
f 1817/3728 1812/3714 1811/3712
f 1815/3725 1810/3706 1814/3721
f 1818/3731 1813/3717 1812/3715
f 1808/3701 1813/3718 1814/3722
f 1811/3713 1812/3716 1807/3698
f 1810/3708 1811/3711 1806/3695
f 1812/3716 1813/3718 1808/3701
f 1795/3662 1796/3665 1791/3648
f 1797/3670 1798/3673 1793/3655
f 1799/3677 1794/3656 1793/3655
f 1810/3709 1805/3689 1809/3705
f 1794/3659 1799/3675 1795/3663
f 1796/3667 1797/3670 1792/3652
f 1738/3495 1784/3628 1786/3633
f 2045/4292 1730/3479 1778/3611
f 1788/3639 1789/3640 1735/3488
f 1823/3739 1574/3045 1833/3763
f 1734/3487 1741/3500 1787/3636
f 1783/3627 1786/3632 1785/3631
f 1780/3619 1782/3623 1786/3634
f 1246/2246 1242/2237 1235/2220
f 1515/2883 1516/2884 1513/2879
f 1784/3630 1738/3494 1735/3489
f 1354/2488 1973/4134 1964/4108
f 1740/3498 1783/3627 1737/3493
f 1684/3350 1682/3347 1683/3348
f 1782/3625 1780/3616 1507/2867
f 1779/3615 1789/3640 1788/3639
f 1856/3834 1852/3819 1837/3773
f 1855/3831 1856/3833 1838/3778
f 1854/3828 1855/3830 1839/3782
f 1853/3824 1854/3827 1840/3785
f 1852/3821 1853/3823 1841/3789
f 1848/3811 1843/3795 1842/3792
f 1851/3817 1846/3805 1845/3803
f 1849/3813 1844/3799 1843/3797
f 1847/3810 1842/3791 1846/3807
f 1850/3816 1845/3802 1844/3800
f 1863/3857 1858/3841 1857/3838
f 1866/3863 1861/3851 1860/3850
f 1864/3859 1859/3845 1858/3843
f 1862/3856 1857/3837 1861/3852
f 1865/3862 1860/3848 1859/3846
f 1855/3832 1860/3849 1861/3853
f 1859/3847 1854/3829 1853/3825
f 1857/3839 1858/3842 1853/3826
f 1859/3847 1860/3849 1855/3832
f 1842/3793 1843/3796 1838/3779
f 1844/3801 1845/3804 1840/3786
f 1846/3808 1841/3787 1840/3786
f 1857/3840 1852/3820 1856/3836
f 1841/3790 1846/3806 1842/3794
f 1843/3798 1844/3801 1839/3783
f 1825/3745 1834/3766 1833/3763
f 1928/4018 1923/4008 1885/3913
f 1927/4016 1419/2643 1886/3914
f 1958/4095 1898/3944 1897/3942
f 1247/2250 1250/2254 1217/2175
f 1891/3929 1883/3908 1884/3910
f 1969/4122 1970/4125 1992/4186
f 1510/2873 2047/4295 2046/4294
f 1394/2584 1409/2616 1876/3888
f 1885/3913 1887/3916 1889/3923
f 1868/3868 1869/3870 1880/3898
f 1869/3869 1892/3932 1431/2668
f 1877/3891 1870/3872 1871/3875
f 1978/4149 1984/4163 1985/4166
f 1879/3896 1880/3897 1872/3878
f 1434/2672 1891/3928 1868/3867
f 1989/4177 1990/4180 1962/4103
f 1883/3908 1887/3917 1888/3921
f 1433/2671 1403/2606 1401/2603
f 1884/3911 1888/3920 1890/3926
f 1977/4147 1978/4148 1989/4178
f 1990/4181 1979/4151 1976/4142
f 1397/2593 1471/2781 1406/2612
f 1878/3893 1395/2587 1390/2575
f 1903/3956 1904/3959 1907/3967
f 1894/3935 1893/3933 1896/3939
f 1895/3937 1396/2592 1473/2785
f 1992/4186 1993/4188 1929/4021
f 1899/3945 1897/3941 1914/3986
f 1263/2282 1298/2360 1915/3987
f 1925/4013 1926/4015 1923/4009
f 1964/4110 1965/4111 1969/4123
f 1900/3947 1901/3950 1910/3975
f 1231/2207 1232/2210 1908/3969
f 1330/2428 1315/2398 1951/4076
f 1965/4113 1966/4114 1970/4127
f 1976/4143 1986/4169 1387/2570
f 1922/4006 1309/2384 1233/2214
f 1912/3980 1917/3991 1918/3996
f 1335/2441 1951/4076 1944/4057
f 1273/2307 1285/2331 1939/4046
f 1914/3986 1917/3993 1307/2379
f 1740/3499 1723/3464 1720/3456
f 1733/3485 1732/3482 1731/3481
f 1370/2528 1983/4162 1386/2567
f 1921/4004 1900/3948 1239/2231
f 1339/2455 1952/4080 1950/4074
f 1554/2995 1487/2817 1561/3013
f 1621/3181 1616/3167 1623/3184
f 1627/3193 1609/3147 1610/3151
f 1940/4047 1274/2309 1934/4030
f 1824/3742 1823/3740 1834/3767
f 1924/4010 1923/4008 1928/4018
f 1925/4012 1238/2227 1927/4016
f 1886/3915 1885/3912 1923/4009
f 1318/2404 1929/4020 1947/4067
f 1930/4022 1339/2455 1948/4068
f 1314/2396 1319/2407 1326/2417
f 1986/4170 1980/4155 1467/2774
f 1557/3006 1556/3002 1565/3022
f 1949/4071 1945/4061 1944/4059
f 1502/2855 1501/2852 1519/2891
f 1366/2516 1367/2519 1380/2557
f 1912/3981 1921/4004 1920/4001
f 1434/2673 1867/3866 1390/2575
f 1952/4080 1334/2438 1946/4064
f 1967/4119 1971/4128 1361/2507
f 1632/3203 1637/3215 1623/3184
f 1823/3740 1824/3742 1576/3049
f 1985/4167 1982/4159 1980/4156
f 1900/3947 1921/4002 1922/4007
f 1971/4130 1963/4107 1355/2494
f 1979/4152 1985/4167 1986/4171
f 1307/2380 1296/2353 1303/2371
f 1736/3492 1721/3458 1741/3501
f 1949/4072 1947/4066 1948/4069
f 1909/3971 1903/3954 1232/2212
f 1246/2247 1233/2213 1240/2234
f 1957/4092 1897/3941 1899/3945
f 1958/4094 1253/2264 1263/2282
f 1948/4069 1947/4066 1929/4021
f 1896/3939 1893/3933 1981/4158
f 1473/2785 1980/4156 1982/4159
f 1915/3988 1914/3985 1897/3942
f 1830/3758 1836/3770 1832/3762
f 1909/3972 1910/3973 1904/3959
f 1415/2633 2052/4304 2051/4303
f 1354/2490 1964/4109 1363/2510
f 1679/3340 1681/3344 1685/3352
f 1900/3948 1909/3971 1244/2242
f 1363/2511 1969/4123 1991/4184
f 1871/3876 1872/3878 1876/3889
f 1675/3325 1689/3360 1685/3353
f 1266/2291 1268/2295 1271/2303
f 1875/3886 1876/3887 1895/3938
f 1359/2503 1972/4133 1975/4141
f 1880/3899 1410/2621 1394/2585
f 1978/4150 1977/4146 1386/2568
f 1334/2440 1953/4082 1956/4091
f 1869/3869 1873/3881 1410/2621
f 1868/3868 1891/3927 1892/3931
f 1984/4165 1981/4157 1982/4160
f 1989/4179 1978/4149 1979/4153
f 1991/4184 1929/4020 1318/2404
f 1992/4185 1967/4118 1930/4022
f 1982/4160 1981/4157 1893/3934
s 1
f 1999/4199 1994/4189 1995/4191
f 2002/4206 2003/4207 1995/4192
f 2001/4204 2002/4205 1996/4194
f 2000/4202 2001/4203 1997/4196
f 1999/4200 2000/4201 1998/4198
f 2004/4209 2009/4219 2013/4228
f 2005/4212 2013/4227 2012/4226
f 2006/4214 2012/4225 2011/4224
f 2007/4216 2011/4223 2010/4222
f 2008/4218 2010/4221 2009/4220
f 2014/4229 2019/4239 2023/4248
f 2015/4232 2023/4247 2022/4246
f 2016/4234 2022/4245 2021/4244
f 2017/4236 2021/4243 2020/4242
f 2018/4238 2020/4241 2019/4240
f 2024/4249 2029/4259 2033/4268
f 2025/4252 2033/4267 2032/4266
f 2026/4254 2032/4265 2031/4264
f 2027/4256 2031/4263 2030/4262
f 2028/4258 2030/4261 2029/4260
s 0
f 2040/4281 1225/2189 2041/4283
f 1219/2178 1215/2168 1224/2187
f 1416/2634 2040/4281 2053/4306
f 1219/2179 1420/2644 1426/2658
f 2034/4269 1251/2259 1269/2298
f 1257/2274 1254/2268 1262/2281
f 1294/2349 2034/4269 2043/4287
f 1257/2274 1299/2362 1304/2374
f 1329/2422 2055/4310 1333/2436
f 1325/2415 1314/2396 1316/2399
f 2055/4310 1353/2486 2056/4313
f 1325/2415 1322/2411 1319/2408
s 1
f 1455/2738 1436/2677 1437/2681
f 1454/2735 1437/2682 1438/2685
f 1453/2732 1438/2686 1439/2688
f 1452/2728 1439/2689 1440/2692
f 1451/2724 1440/2693 1436/2678
s 0
f 1447/2715 1441/2697 1446/2713
f 1450/2721 1444/2707 1449/2719
f 1448/2717 1442/2700 1447/2716
f 1446/2714 1445/2711 1450/2722
f 1449/2720 1443/2704 1448/2718
f 1462/2761 1456/2743 1461/2759
f 1465/2767 1459/2754 1464/2765
f 1463/2763 1457/2747 1462/2762
f 1461/2760 1460/2756 1465/2768
f 1464/2766 1458/2750 1463/2764
f 1454/2736 1460/2757 1455/2739
f 1458/2751 1452/2729 1457/2748
f 1456/2744 1452/2730 1451/2725
f 1458/2751 1454/2736 1453/2733
f 1436/2679 1442/2701 1437/2683
f 1444/2708 1438/2687 1443/2705
f 1445/2712 1439/2690 1444/2708
f 1460/2758 1451/2726 1455/2740
f 1440/2694 1441/2698 1436/2680
f 1442/2702 1438/2687 1437/2684
f 1368/2520 2048/4297 2058/4316
f 1475/2788 1466/2770 1467/2773
f 2048/4297 1470/2779 2050/4302
f 1475/2788 1397/2593 1469/2778
f 1540/2957 1521/2896 1522/2900
f 1539/2954 1522/2901 1523/2904
f 1538/2951 1523/2905 1524/2907
f 1537/2947 1524/2908 1525/2910
f 1536/2944 1525/2911 1521/2897
f 1532/2934 1526/2915 1531/2932
f 1535/2940 1529/2926 1534/2938
f 1533/2936 1527/2920 1532/2935
f 1531/2933 1530/2931 1535/2941
f 1534/2939 1528/2923 1533/2937
f 1547/2980 1541/2961 1546/2978
f 1550/2986 1544/2972 1549/2984
f 1548/2982 1542/2966 1547/2981
f 1546/2979 1545/2976 1550/2987
f 1549/2985 1543/2969 1548/2983
f 1544/2973 1540/2958 1539/2955
f 1543/2970 1537/2948 1542/2967
f 1541/2962 1537/2949 1536/2945
f 1544/2973 1538/2952 1543/2970
f 1526/2916 1522/2902 1521/2898
f 1528/2924 1524/2909 1523/2906
f 1529/2927 1525/2912 1524/2909
f 1541/2963 1540/2959 1545/2977
f 1525/2913 1526/2917 1521/2899
f 1527/2921 1523/2906 1522/2903
f 1598/3115 1579/3054 1580/3058
f 1597/3112 1580/3059 1581/3062
f 1596/3109 1581/3063 1582/3065
f 1595/3105 1582/3066 1583/3069
f 1594/3102 1583/3070 1579/3055
f 1590/3092 1584/3073 1589/3090
f 1593/3098 1587/3084 1592/3096
f 1591/3094 1585/3078 1590/3093
f 1589/3091 1588/3088 1593/3099
f 1592/3097 1586/3081 1591/3095
f 1605/3138 1599/3119 1604/3136
f 1608/3144 1602/3130 1607/3142
f 1606/3140 1600/3124 1605/3139
f 1604/3137 1603/3134 1608/3145
f 1607/3143 1601/3127 1606/3141
f 1602/3131 1598/3116 1597/3113
f 1601/3128 1595/3106 1600/3125
f 1599/3120 1595/3107 1594/3103
f 1601/3128 1597/3113 1596/3110
f 1584/3074 1580/3060 1579/3056
f 1587/3085 1581/3064 1586/3082
f 1588/3089 1582/3067 1587/3085
f 1599/3121 1598/3117 1603/3135
f 1583/3071 1584/3075 1579/3057
f 1586/3082 1580/3061 1585/3079
f 1658/3280 1639/3219 1640/3223
f 1657/3277 1640/3224 1641/3227
f 1656/3274 1641/3228 1642/3230
f 1655/3270 1642/3231 1643/3233
f 1654/3266 1643/3234 1639/3220
f 1650/3257 1644/3239 1649/3255
f 1653/3263 1647/3249 1652/3261
f 1651/3259 1645/3242 1650/3258
f 1649/3256 1648/3254 1653/3264
f 1652/3262 1646/3246 1651/3260
f 1665/3303 1659/3285 1664/3301
f 1668/3309 1662/3295 1667/3307
f 1666/3305 1660/3289 1665/3304
f 1664/3302 1663/3299 1668/3310
f 1667/3308 1661/3292 1666/3306
f 1662/3296 1658/3281 1657/3278
f 1661/3293 1655/3271 1660/3290
f 1659/3286 1655/3272 1654/3267
f 1661/3293 1657/3278 1656/3275
f 1639/3221 1645/3243 1640/3225
f 1647/3250 1641/3229 1646/3247
f 1647/3250 1643/3235 1642/3232
f 1663/3300 1654/3268 1658/3282
f 1643/3236 1644/3240 1639/3222
f 1645/3244 1641/3229 1640/3226
f 1709/3424 1690/3363 1691/3367
f 1708/3421 1691/3368 1692/3371
f 1707/3418 1692/3372 1693/3374
f 1706/3414 1693/3375 1694/3377
f 1705/3410 1694/3378 1690/3364
f 1701/3401 1695/3384 1700/3399
f 1704/3407 1698/3393 1703/3405
f 1702/3403 1696/3386 1701/3402
f 1700/3400 1699/3397 1704/3408
f 1703/3406 1697/3390 1702/3404
f 1716/3447 1710/3430 1715/3445
f 1719/3453 1713/3439 1718/3451
f 1717/3449 1711/3432 1716/3448
f 1715/3446 1714/3443 1719/3454
f 1718/3452 1712/3436 1717/3450
f 1713/3440 1709/3425 1708/3422
f 1712/3437 1706/3415 1711/3433
f 1705/3411 1711/3434 1706/3416
f 1713/3440 1707/3419 1712/3437
f 1690/3365 1696/3387 1691/3369
f 1697/3391 1693/3376 1692/3373
f 1698/3394 1694/3379 1693/3376
f 1714/3444 1705/3412 1709/3426
f 1699/3398 1690/3366 1694/3380
f 1697/3391 1691/3370 1696/3388
f 1762/3561 1748/3518 1766/3575
f 1765/3572 1748/3519 1749/3522
f 1764/3569 1749/3523 1750/3525
f 1763/3565 1750/3526 1751/3529
f 1762/3562 1751/3530 1747/3515
f 1758/3552 1752/3534 1757/3550
f 1761/3558 1755/3544 1760/3556
f 1759/3554 1753/3538 1758/3553
f 1757/3551 1756/3547 1761/3559
f 1760/3557 1754/3541 1759/3555
f 1773/3598 1767/3580 1772/3596
f 1776/3604 1770/3590 1775/3602
f 1774/3600 1768/3583 1773/3599
f 1772/3597 1771/3594 1776/3605
f 1775/3603 1769/3587 1774/3601
f 1770/3591 1766/3576 1765/3573
f 1769/3588 1763/3566 1768/3584
f 1762/3563 1768/3585 1763/3567
f 1769/3588 1765/3573 1764/3570
f 1752/3535 1748/3520 1747/3516
f 1754/3542 1750/3527 1749/3524
f 1756/3548 1750/3527 1755/3545
f 1767/3581 1766/3577 1771/3595
f 1756/3549 1747/3517 1751/3531
f 1754/3542 1748/3521 1753/3539
f 1809/3703 1790/3642 1791/3646
f 1808/3700 1791/3647 1792/3650
f 1807/3697 1792/3651 1793/3653
f 1806/3693 1793/3654 1794/3657
f 1805/3690 1794/3658 1790/3643
f 1801/3680 1795/3661 1800/3678
f 1804/3686 1798/3672 1803/3684
f 1802/3682 1796/3666 1801/3681
f 1800/3679 1799/3676 1804/3687
f 1803/3685 1797/3669 1802/3683
f 1816/3726 1810/3707 1815/3724
f 1819/3732 1813/3719 1818/3730
f 1817/3728 1811/3712 1816/3727
f 1815/3725 1814/3721 1819/3733
f 1818/3731 1812/3715 1817/3729
f 1808/3701 1814/3722 1809/3704
f 1811/3713 1807/3698 1806/3694
f 1810/3708 1806/3695 1805/3691
f 1812/3716 1808/3701 1807/3698
f 1795/3662 1791/3648 1790/3644
f 1797/3670 1793/3655 1792/3652
f 1799/3677 1793/3655 1798/3673
f 1810/3709 1809/3705 1814/3723
f 1794/3659 1795/3663 1790/3645
f 1796/3667 1792/3652 1791/3649
f 1856/3834 1837/3773 1838/3777
f 1855/3831 1838/3778 1839/3781
f 1854/3828 1839/3782 1840/3784
f 1853/3824 1840/3785 1841/3788
f 1852/3821 1841/3789 1837/3774
f 1848/3811 1842/3792 1847/3809
f 1851/3817 1845/3803 1850/3815
f 1849/3813 1843/3797 1848/3812
f 1847/3810 1846/3807 1851/3818
f 1850/3816 1844/3800 1849/3814
f 1863/3857 1857/3838 1862/3855
f 1866/3863 1860/3850 1865/3861
f 1864/3859 1858/3843 1863/3858
f 1862/3856 1861/3852 1866/3864
f 1865/3862 1859/3846 1864/3860
f 1855/3832 1861/3853 1856/3835
f 1859/3847 1853/3825 1858/3844
f 1857/3839 1853/3826 1852/3822
f 1859/3847 1855/3832 1854/3829
f 1842/3793 1838/3779 1837/3775
f 1844/3801 1840/3786 1839/3783
f 1846/3808 1840/3786 1845/3804
f 1857/3840 1856/3836 1861/3854
f 1841/3790 1842/3794 1837/3776
f 1843/3798 1839/3783 1838/3780
f 1892/3932 1884/3909 1881/3902
f 1928/4018 1885/3913 1425/2656
f 1927/4016 1886/3914 1926/4014
f 1894/3935 1896/3939 1874/3882
f 1895/3937 1473/2785 1959/4096
f 1899/3945 1914/3986 1916/3989
f 1263/2282 1915/3987 1898/3943
f 1924/4010 1928/4018 1905/3961
f 1925/4012 1927/4016 1926/4014
f 1318/2404 1947/4067 1315/2398
f 1930/4022 1948/4068 1993/4187
f 1957/4092 1899/3945 1270/2301
f 1958/4094 1263/2282 1898/3943
f 1896/3939 1981/4158 1983/4162
f 1473/2785 1982/4159 1959/4096
f 1991/4184 1318/2404 1968/4121
f 1992/4185 1930/4022 1993/4187
s 1
f 1999/4199 1995/4191 2003/4208
f 2002/4206 1995/4192 1996/4193
f 2001/4204 1996/4194 1997/4195
f 2000/4202 1997/4196 1998/4197
f 1999/4200 1998/4198 1994/4190
f 2004/4209 2013/4228 2005/4211
f 2005/4212 2012/4226 2006/4213
f 2006/4214 2011/4224 2007/4215
f 2007/4216 2010/4222 2008/4217
f 2008/4218 2009/4220 2004/4210
f 2014/4229 2023/4248 2015/4231
f 2015/4232 2022/4246 2016/4233
f 2016/4234 2021/4244 2017/4235
f 2017/4236 2020/4242 2018/4237
f 2018/4238 2019/4240 2014/4230
f 2024/4249 2033/4268 2025/4251
f 2025/4252 2032/4266 2026/4253
f 2026/4254 2031/4264 2027/4255
f 2027/4256 2030/4262 2028/4257
f 2028/4258 2029/4260 2024/4250
s 0
f 1625/3188 2036/4274 1333/2437
f 1269/2299 2039/4279 2034/4270
f 2038/4277 1266/2291 1671/3315
f 1671/3315 2035/4271 1628/3194
f 1266/2291 2035/4271 1671/3315
f 1269/2299 2038/4277 2039/4279
f 2036/4274 1628/3194 2035/4271
f 2036/4274 1625/3188 1628/3194
f 1266/2291 2038/4277 1269/2299
f 1625/3188 1333/2437 2037/4276
f 2037/4276 1333/2437 2055/4311
f 2044/4290 1291/2342 2043/4288
f 2041/4284 2047/4296 2040/4282
f 2046/4294 1227/2194 1498/2843
f 1498/2843 2042/4286 2045/4292
f 1227/2194 2042/4286 1498/2843
f 2041/4284 2046/4294 2047/4296
f 1291/2342 2045/4292 2042/4286
f 1291/2342 2044/4290 2045/4292
f 1227/2194 2046/4294 2041/4284
f 2044/4290 2043/4288 2039/4279
f 2039/4279 2043/4288 2034/4270
f 1510/2872 2052/4305 2053/4307
f 2050/4301 2054/4309 2048/4298
f 1552/2990 2049/4299 1480/2798
f 1480/2798 2051/4303 1482/2803
f 2049/4299 2051/4303 1480/2798
f 2050/4301 1552/2990 2054/4309
f 2052/4305 1482/2803 2051/4303
f 2052/4305 1510/2872 1482/2803
f 2049/4299 1552/2990 2050/4301
f 1510/2872 2053/4307 2047/4296
f 2047/4296 2053/4307 2040/4282
f 1567/3028 1371/2531 2058/4317
f 2056/4312 2037/4276 2055/4311
f 1611/3152 1350/2478 1822/3738
f 1822/3738 2057/4314 1569/3033
f 1350/2478 2057/4314 1822/3738
f 2056/4312 1611/3152 2037/4276
f 1371/2531 1569/3033 2057/4314
f 1371/2531 1567/3028 1569/3033
f 1350/2478 1611/3152 2056/4312
f 1567/3028 2058/4317 2054/4309
f 2054/4309 2058/4317 2048/4298
s 1
f 2068/4337 2064/4328 2059/4318
f 2067/4335 2068/4336 2060/4321
f 2066/4333 2067/4334 2061/4323
f 2065/4331 2066/4332 2062/4325
f 2064/4329 2065/4330 2063/4327
f 2078/4357 2074/4348 2069/4338
f 2077/4355 2078/4356 2070/4341
f 2076/4353 2077/4354 2071/4343
f 2075/4351 2076/4352 2072/4345
f 2074/4349 2075/4350 2073/4347
f 2068/4337 2059/4318 2060/4320
f 2067/4335 2060/4321 2061/4322
f 2066/4333 2061/4323 2062/4324
f 2065/4331 2062/4325 2063/4326
f 2064/4329 2063/4327 2059/4319
f 2078/4357 2069/4338 2070/4340
f 2077/4355 2070/4341 2071/4342
f 2076/4353 2071/4343 2072/4344
f 2075/4351 2072/4345 2073/4346
f 2074/4349 2073/4347 2069/4339
f 2088/4377 2084/4368 2079/4358
f 2087/4375 2088/4376 2080/4361
f 2086/4373 2087/4374 2081/4363
f 2085/4371 2086/4372 2082/4365
f 2084/4369 2085/4370 2083/4367
f 2098/4397 2094/4388 2089/4378
f 2097/4395 2098/4396 2090/4381
f 2096/4393 2097/4394 2091/4383
f 2095/4391 2096/4392 2092/4385
f 2094/4389 2095/4390 2093/4387
f 2088/4377 2079/4358 2080/4360
f 2087/4375 2080/4361 2081/4362
f 2086/4373 2081/4363 2082/4364
f 2085/4371 2082/4365 2083/4366
f 2084/4369 2083/4367 2079/4359
f 2098/4397 2089/4378 2090/4380
f 2097/4395 2090/4381 2091/4382
f 2096/4393 2091/4383 2092/4384
f 2095/4391 2092/4385 2093/4386
f 2094/4389 2093/4387 2089/4379
f 2108/4417 2104/4408 2099/4398
f 2107/4415 2108/4416 2100/4401
f 2106/4413 2107/4414 2101/4403
f 2105/4411 2106/4412 2102/4405
f 2104/4409 2105/4410 2103/4407
f 2108/4417 2099/4398 2100/4400
f 2107/4415 2100/4401 2101/4402
f 2106/4413 2101/4403 2102/4404
f 2105/4411 2102/4405 2103/4406
f 2104/4409 2103/4407 2099/4399
f 2118/4437 2114/4428 2109/4418
f 2117/4435 2118/4436 2110/4421
f 2116/4433 2117/4434 2111/4423
f 2115/4431 2116/4432 2112/4425
f 2114/4429 2115/4430 2113/4427
f 2118/4437 2109/4418 2110/4420
f 2117/4435 2110/4421 2111/4422
f 2116/4433 2111/4423 2112/4424
f 2115/4431 2112/4425 2113/4426
f 2114/4429 2113/4427 2109/4419
f 2128/4457 2124/4448 2119/4438
f 2127/4455 2128/4456 2120/4441
f 2126/4453 2127/4454 2121/4443
f 2125/4451 2126/4452 2122/4445
f 2124/4449 2125/4450 2123/4447
f 2128/4457 2119/4438 2120/4440
f 2127/4455 2120/4441 2121/4442
f 2126/4453 2121/4443 2122/4444
f 2125/4451 2122/4445 2123/4446
f 2124/4449 2123/4447 2119/4439
s 0
f 1556/3002 1370/2526 1374/2541
f 1354/2491 1360/2505 1612/3156
f 1370/2529 1556/3003 1404/2608
f 2131/4461 1395/2588 1487/2816
f 1395/2589 1404/2608 1556/3003
f 1612/3157 1330/2426 1335/2444
f 1633/3206 1335/2442 2129/4458
f 2130/4459 1354/2489 1618/3174
f 1574/3045 1374/2539 2130/4460
f 1330/2429 1612/3156 1360/2505
f 1231/2209 1216/2170 1501/2852
f 1296/2354 1741/3500 1721/3459
f 1424/2654 1501/2853 1216/2172
f 2131/4461 1490/2824 1479/2796
f 1418/2640 1479/2794 1501/2853
f 1721/3460 1676/3327 1274/2310
f 1676/3329 1686/3355 2129/4458
f 2134/4464 1787/3635 1741/3502
f 2134/4465 1231/2208 1495/2838
f 1303/2372 1721/3459 1265/2289
f 1320/2409 1329/2423 1313/2392
f 1420/2644 1222/2184 1427/2659
f 1476/2790 1983/4161 1370/2527
f 1468/2775 1470/2780 1472/2784
f 1368/2521 1371/2530 1373/2535
f 1259/2277 1294/2350 1295/2351
f 1466/2770 1474/2787 1379/2553
f 1258/2276 1270/2300 1899/3946
f 1927/4017 1217/2173 1219/2180
f 1917/3992 1915/3988 1918/3994
f 1234/2217 1242/2238 1240/2232
f 1499/2845 1787/3636 1495/2835
f 1352/2483 1348/2475 1347/2470
f 1921/4003 1913/3984 1922/4005
f 1974/4137 1966/4114 1965/4113
f 1283/2326 1279/2321 1931/4024
f 1568/3030 1551/2988 1553/2992
f 1874/3882 1875/3884 1894/3935
f 1376/2545 1385/2565 1378/2551
f 1835/3769 1825/3744 1826/3746
f 1375/2543 1381/2558 1383/2562
f 1375/2543 1382/2561 1358/2500
f 1291/2341 1230/2203 1293/2346
f 1906/3962 1925/4013 1924/4011
f 1430/2664 1427/2659 1429/2663
f 1488/2819 1563/3017 1560/3011
f 1911/3977 1312/2389 1309/2383
f 1385/2565 1467/2772 1466/2771
f 1735/3488 1742/3503 1734/3486
f 1221/2183 1416/2635 1417/2636
f 1299/2362 1261/2279 1260/2278
f 1304/2374 1263/2283 1257/2275
f 1302/2369 1306/2378 1301/2366
f 1320/2409 1353/2487 1328/2421
f 1326/2417 1322/2411 1324/2414
f 1327/2418 1315/2397 1330/2427
f 1316/2399 1930/4023 1325/2416
f 1268/2296 1252/2262 1267/2292
f 1416/2634 2052/4305 1415/2631
f 1940/4047 1265/2287 1274/2309
f 1337/2448 1345/2466 1344/2464
f 1506/2864 1780/3617 1779/3614
f 1218/2176 1249/2253 1248/2251
f 1275/2312 1342/2461 1280/2322
f 1913/3982 1309/2384 1922/4006
f 1987/4174 1962/4104 1990/4181
f 1342/2461 1338/2450 1337/2449
f 1829/3756 1572/3039 1830/3758
f 1287/2333 1255/2269 1288/2335
f 1373/2536 1369/2524 1368/2522
f 1241/2235 1245/2243 1234/2217
f 1279/2321 1954/4084 1931/4024
f 1269/2299 1268/2297 1266/2290
f 1294/2349 1291/2342 1293/2347
f 1294/2350 1292/2343 1295/2351
f 1353/2486 1350/2478 2056/4313
f 1347/2471 1372/2533 1373/2537
f 1868/3867 1878/3892 1867/3865
f 1290/2339 1920/4000 1239/2229
f 1322/2411 1361/2506 1364/2513
f 1356/2496 1366/2515 1365/2514
f 1299/2362 1305/2377 1304/2374
f 1285/2330 1255/2270 1253/2265
f 1236/2221 1245/2243 1243/2240
f 1902/3951 1910/3974 1246/2245
f 1961/4102 1975/4140 1974/4138
f 1357/2497 1362/2509 1364/2512
f 1298/2361 1305/2376 1919/3997
f 1933/4028 1941/4049 1943/4055
f 1360/2504 1363/2510 1968/4120
f 1259/2277 1251/2260 1264/2285
f 1261/2279 1254/2268 1256/2272
f 1223/2185 1905/3960 1928/4019
f 1426/2658 1927/4017 1219/2180
f 1473/2786 1471/2781 1475/2789
f 1474/2787 1397/2593 1405/2609
f 1468/2775 1368/2523 1369/2525
f 1942/4052 1936/4036 1935/4035
f 1905/3961 1906/3963 1924/4010
f 1334/2439 1346/2467 1336/2447
f 1271/2302 1331/2431 1332/2432
f 1230/2204 1228/2196 1289/2337
f 1561/3014 1555/2996 1554/2993
f 1249/2252 1217/2174 1250/2255
f 1412/2624 1402/2604 1411/2622
f 1332/2433 1313/2393 1329/2424
f 1903/3955 1908/3968 1232/2211
f 1385/2566 1379/2554 1384/2564
f 1944/4058 1955/4087 1954/4085
f 1275/2312 1341/2458 1343/2463
f 1338/2451 1346/2468 1345/2465
f 1483/2804 1490/2823 1491/2825
f 1403/2605 1432/2669 1402/2604
f 1249/2252 1235/2218 1237/2225
f 1383/2562 1376/2546 1378/2552
f 1932/4026 1283/2327 1931/4025
f 1343/2463 1336/2446 1338/2452
f 1256/2273 1287/2334 1286/2332
f 1238/2227 1907/3966 1247/2248
f 1516/2885 1500/2848 1514/2881
f 1973/4135 1965/4112 1964/4109
f 1345/2465 1316/2400 1314/2395
f 1293/2348 1289/2338 1292/2344
f 1349/2476 1973/4134 1354/2490
f 1941/4049 1936/4037 1943/4055
f 1831/3759 1829/3755 1832/3760
f 1890/3924 1426/2657 1428/2660
f 1963/4107 1367/2517 1355/2494
f 1383/2563 1377/2548 1382/2561
f 1353/2487 1351/2481 1352/2484
f 1879/3894 1870/3873 1878/3892
f 1308/2381 1300/2363 1305/2377
f 1359/2502 1381/2559 1380/2556
f 1283/2327 1935/4033 1934/4031
f 1388/2573 2049/4300 1392/2578
f 1241/2236 1311/2388 1310/2386
f 1282/2325 1275/2312 1280/2322
f 1733/3483 2039/4280 2038/4277
f 1246/2245 1901/3949 1233/2214
f 1270/2301 1938/4041 1957/4092
f 1236/2222 1249/2253 1237/2225
f 1919/3998 1300/2364 1911/3977
f 1949/4071 1315/2398 1947/4067
f 1345/2466 1317/2402 1344/2464
f 1230/2205 1227/2194 1229/2199
f 1349/2477 1988/4175 1960/4099
f 1308/2382 1260/2278 1306/2378
f 1987/4173 1376/2547 1381/2560
f 1392/2579 2050/4302 1470/2779
f 1273/2306 1281/2324 1276/2313
f 1377/2549 1385/2566 1384/2564
f 1972/4132 1380/2556 1367/2518
f 1275/2312 1281/2323 1340/2456
f 1216/2171 1908/3969 1905/3961
f 1364/2512 1324/2414 1322/2411
f 1288/2336 1273/2306 1276/2313
f 1284/2328 1276/2314 1281/2323
f 1470/2780 1391/2577 1392/2580
f 1311/2387 1240/2233 1312/2390
f 1392/2581 1389/2574 1388/2572
f 1553/2992 1820/3735 1568/3030
f 1432/2669 1423/2652 1422/2648
f 1398/2595 1409/2617 1394/2583
f 1400/2600 1413/2625 1412/2623
f 1933/4028 1953/4082 1937/4039
f 1573/3042 1829/3755 1828/3754
f 1287/2333 1276/2315 1278/2320
f 1404/2607 1877/3890 1874/3883
f 1422/2649 1430/2664 1429/2663
f 1282/2325 1278/2319 1284/2329
f 1408/2614 1399/2597 1407/2613
f 1366/2515 1358/2501 1365/2514
f 1625/3189 1611/3152 1627/3191
f 1408/2615 1398/2596 1400/2601
f 1954/4085 1932/4026 1931/4025
f 1413/2626 1394/2583 1410/2620
f 1311/2387 1300/2365 1302/2370
f 1889/3923 1883/3907 1882/3904
f 1887/3918 1886/3915 1888/3919
f 1245/2244 1235/2219 1242/2238
f 1271/2302 1267/2293 1272/2304
f 1333/2437 1332/2434 1329/2425
f 1416/2635 1414/2628 1417/2636
f 1935/4034 1940/4048 1934/4032
f 1415/2632 1389/2574 1414/2629
f 1789/3641 1780/3618 1784/3630
f 1421/2647 1890/3925 1428/2661
f 1882/3905 1891/3928 1434/2672
f 1433/2671 1421/2645 1423/2652
f 1412/2623 1401/2603 1403/2606
f 1408/2614 1405/2609 1397/2593
f 1357/2498 1367/2519 1366/2516
f 1889/3922 1424/2653 1425/2655
f 1399/2598 1412/2624 1411/2622
f 1430/2665 1421/2646 1428/2662
f 1567/3029 1552/2990 1568/3031
f 1277/2317 1287/2334 1278/2320
f 1435/2674 1881/3900 1421/2647
f 1413/2627 1873/3880 1401/2602
f 1570/3035 1576/3048 1572/3040
f 1726/3469 1720/3455 1727/3471
f 1223/2185 1425/2655 1424/2653
f 1221/2183 1225/2190 1220/2182
f 1930/4023 1323/2412 1325/2416
f 1222/2184 1215/2168 1218/2177
f 1258/2276 1916/3990 1303/2371
f 1263/2283 1255/2271 1257/2275
f 1938/4042 1958/4095 1957/4093
f 1481/2801 1478/2793 1551/2989
f 1484/2806 1491/2826 1492/2827
f 1481/2802 1482/2803 1477/2792
f 1915/3987 1919/3999 1918/3995
f 1917/3993 1297/2357 1307/2379
f 1720/3456 1728/3475 1727/3472
f 1512/2877 1494/2833 1489/2822
f 1493/2829 1513/2878 1485/2808
f 1680/3341 1728/3476 1724/3466
f 1554/2994 1490/2823 1487/2814
f 1244/2241 1290/2340 1239/2230
f 1970/4126 1967/4118 1992/4185
f 1575/3047 1566/3026 1571/3036
f 1564/3020 1573/3042 1578/3053
f 1830/3757 1576/3048 1824/3741
f 1502/2854 1495/2836 1501/2851
f 1516/2886 1485/2808 1513/2878
f 1301/2367 1311/2388 1302/2370
f 1952/4079 1316/2401 1346/2469
f 1285/2331 1958/4094 1939/4046
f 1571/3037 1557/3004 1565/3023
f 1720/3455 1743/3506 1744/3507
f 1941/4050 1340/2457 1281/2324
f 1555/2997 1491/2826 1554/2995
f 1240/2234 1309/2385 1312/2391
f 1932/4027 1943/4056 1942/4053
f 1559/3009 1564/3020 1578/3053
f 1486/2811 1494/2834 1493/2830
f 1486/2812 1492/2828 1555/2998
f 1511/2874 1479/2795 1517/2887
f 1888/3920 1419/2643 1890/3926
f 1569/3033 1568/3032 1820/3734
f 1480/2798 1568/3032 1552/2991
f 1247/2248 1904/3958 1902/3952
f 1876/3888 1396/2592 1895/3937
f 1742/3503 1746/3513 1736/3490
f 1895/3938 1893/3934 1894/3936
f 1420/2644 1428/2662 1426/2658
f 1497/2840 1478/2793 1477/2791
f 1482/2803 1497/2841 1477/2792
f 1517/2888 1520/2895 1511/2875
f 1623/3183 1635/3210 1636/3211
f 1937/4040 1341/2459 1340/2457
f 1514/2882 1484/2807 1485/2809
f 1557/3005 1487/2815 1556/3001
f 1727/3473 1681/3345 1679/3337
f 1562/3016 1486/2813 1555/2999
f 1630/3197 1613/3158 1624/3186
f 1746/3513 1725/3468 1722/3461
f 1935/4035 1939/4045 1938/4043
f 1637/3214 1631/3200 1622/3182
f 1483/2805 1518/2889 1517/2888
f 1902/3953 1250/2256 1247/2249
f 1571/3038 1574/3043 1575/3046
f 1507/2865 1509/2869 1504/2858
f 1781/3620 1504/2859 1503/2857
f 1988/4176 1961/4101 1960/4100
f 1506/2863 1499/2846 1505/2862
f 1520/2895 1505/2862 1502/2855
f 1506/2864 1500/2849 1507/2866
f 2036/4274 1271/2303 1332/2435
f 1730/3479 2044/4291 1733/3484
f 1229/2200 1226/2193 1228/2197
f 1724/3466 1723/3465 1745/3510
f 1673/3319 1732/3482 1733/3485
f 1620/3177 1615/3164 1826/3747
f 1401/2602 1431/2667 1435/2675
f 1613/3159 1618/3171 1612/3155
f 1961/4101 1973/4135 1960/4100
f 1566/3026 1561/3014 1557/3006
f 1736/3491 1722/3462 1729/3478
f 1617/3170 1637/3214 1622/3182
f 1731/3481 1778/3609 1730/3480
f 1822/3737 1820/3734 1609/3148
f 1471/2782 1409/2618 1406/2611
f 1509/2870 1515/2883 1508/2868
f 1822/3738 1627/3192 1611/3153
f 1674/3322 1634/3208 1629/3195
f 1726/3469 1679/3338 1678/3334
f 1630/3198 1633/3204 1634/3207
f 1636/3212 1683/3349 1632/3201
f 1678/3335 1725/3468 1726/3470
f 1620/3177 1623/3183 1616/3168
f 1945/4062 1950/4073 1946/4063
f 1673/3320 1670/3313 1672/3317
f 1564/3021 1572/3041 1577/3052
f 1820/3735 1610/3150 1609/3149
f 1781/3621 1786/3632 1782/3624
f 1831/3759 1827/3752 1614/3161
f 1673/3321 1628/3194 1669/3312
f 1688/3359 1675/3324 1674/3323
f 1688/3358 1629/3195 1687/3356
f 1227/2195 1225/2191 1229/2201
f 1680/3342 1685/3351 1681/3346
f 1686/3354 1677/3331 1687/3357
f 1688/3358 1677/3332 1678/3336
f 1626/3190 1669/3311 1627/3193
f 1628/3194 1627/3192 1669/3312
f 1634/3208 1638/3218 1630/3199
f 1364/2513 1355/2493 1357/2499
f 1688/3359 1679/3339 1689/3361
f 1500/2849 1518/2890 1514/2882
f 1488/2820 1559/3009 1558/3007
f 1327/2418 1968/4120 1318/2405
f 1632/3202 1682/3347 1631/3200
f 1722/3463 1676/3328 1721/3458
f 1563/3018 1564/3021 1560/3012
f 1467/2773 1473/2786 1475/2789
f 1616/3169 1827/3753 1615/3165
f 1953/4083 1336/2447 1341/2460
f 1511/2876 1502/2856 1519/2892
f 1562/3016 1570/3035 1563/3019
f 1932/4027 1956/4089 1933/4029
f 1671/3315 1733/3484 2038/4278
f 1638/3218 1619/3176 1613/3160
f 1972/4133 1966/4115 1975/4141
f 1913/3983 1919/3999 1911/3978
f 1503/2857 1509/2870 1508/2868
f 1966/4116 1971/4129 1970/4126
f 1614/3162 1621/3180 1617/3170
f 1955/4088 1946/4063 1956/4090
f 1738/3494 1743/3506 1735/3489
f 1826/3748 1619/3176 1620/3178
f 1723/3465 1739/3496 1745/3510
f 1629/3196 1686/3354 1687/3357
f 1744/3508 1783/3626 1740/3497
f 1984/4164 1983/4162 1981/4158
f 1347/2472 1350/2479 1352/2485
f 1347/2473 1371/2531 2057/4315
f 1615/3166 1832/3761 1836/3771
f 1675/3324 1635/3210 1674/3323
f 1476/2790 1874/3883 1896/3940
f 1824/3741 1836/3772 1830/3757
f 1778/3610 1496/2839 1497/2840
f 1826/3749 1836/3772 1835/3768
f 1489/2822 1488/2821 1558/3008
f 1493/2831 1484/2807 1492/2828
f 1498/2843 1497/2841 2046/4293
f 1738/3495 1786/3633 1783/3626
f 2045/4292 1778/3611 1498/2844
f 1788/3639 1735/3488 1734/3486
f 1823/3739 1833/3763 1834/3766
f 1734/3487 1787/3636 1788/3638
f 1783/3627 1785/3631 1737/3493
f 1780/3619 1786/3634 1784/3629
f 1246/2246 1235/2220 1902/3953
f 1515/2883 1513/2879 1512/2877
f 1784/3630 1735/3489 1789/3641
f 1740/3498 1737/3493 1739/3496
f 1684/3350 1683/3348 1685/3351
f 1782/3625 1507/2867 1504/2860
f 1779/3615 1788/3639 1499/2847
f 1825/3745 1833/3763 1618/3172
f 1958/4095 1897/3942 1957/4093
f 1247/2250 1217/2175 1238/2228
f 1891/3929 1884/3910 1892/3930
f 1969/4122 1992/4186 1991/4183
f 1510/2873 2046/4294 1497/2842
f 1394/2584 1876/3888 1872/3877
f 1885/3913 1889/3923 1425/2656
f 1868/3868 1880/3898 1879/3895
f 1869/3869 1431/2668 1873/3881
f 1877/3891 1871/3875 1875/3884
f 1978/4149 1985/4166 1979/4153
f 1879/3896 1872/3878 1871/3876
f 1434/2672 1868/3867 1867/3865
f 1989/4177 1962/4103 1961/4102
f 1883/3908 1888/3921 1884/3910
f 1433/2671 1401/2603 1435/2676
f 1884/3911 1890/3926 1881/3901
f 1977/4147 1989/4178 1988/4176
f 1990/4181 1976/4142 1987/4174
f 1397/2593 1406/2612 1408/2615
f 1878/3893 1390/2575 1867/3866
f 1903/3956 1907/3967 1906/3964
f 1992/4186 1929/4021 1991/4183
f 1925/4013 1923/4009 1924/4011
f 1964/4110 1969/4123 1363/2511
f 1900/3947 1910/3975 1909/3970
f 1330/2428 1951/4076 1335/2443
f 1965/4113 1970/4127 1969/4124
f 1976/4143 1387/2570 1376/2547
f 1922/4006 1233/2214 1901/3949
f 1912/3980 1918/3996 1913/3984
f 1273/2307 1939/4046 1936/4038
f 1914/3986 1307/2379 1916/3989
f 1740/3499 1720/3456 1744/3509
f 1733/3485 1731/3481 1730/3480
f 1370/2528 1386/2567 1374/2540
f 1921/4004 1239/2231 1920/4001
f 1339/2455 1950/4074 1948/4068
f 1621/3181 1623/3184 1637/3215
f 1627/3193 1610/3151 1626/3190
f 1824/3742 1834/3767 1835/3769
f 1886/3915 1923/4009 1926/4015
f 1314/2396 1326/2417 1317/2403
f 1986/4170 1467/2774 1387/2571
f 1949/4071 1944/4059 1951/4077
f 1366/2516 1380/2557 1375/2544
f 1912/3981 1920/4001 1297/2358
f 1434/2673 1390/2575 1418/2638
f 1952/4080 1946/4064 1950/4074
f 1967/4119 1361/2507 1323/2413
f 1632/3203 1623/3184 1636/3213
f 1823/3740 1576/3049 1575/3047
f 1985/4167 1980/4156 1986/4171
f 1900/3947 1922/4007 1901/3950
f 1971/4130 1355/2494 1361/2508
f 1979/4152 1986/4171 1976/4144
f 1307/2380 1303/2371 1916/3990
f 1736/3492 1741/3501 1742/3504
f 1949/4072 1948/4069 1950/4075
f 1909/3971 1232/2212 1244/2242
f 1246/2247 1240/2234 1242/2239
f 1948/4069 1929/4021 1993/4188
f 1915/3988 1897/3942 1898/3944
f 1830/3758 1832/3762 1829/3756
f 1909/3972 1904/3959 1903/3956
f 1415/2633 2051/4303 1388/2573
f 1679/3340 1685/3352 1689/3362
f 1900/3948 1244/2242 1239/2231
f 1363/2511 1991/4184 1968/4121
f 1871/3876 1876/3889 1875/3885
f 1675/3325 1685/3353 1683/3349
f 1266/2291 1271/2303 2035/4272
f 1875/3886 1895/3938 1894/3936
f 1359/2503 1975/4141 1962/4104
f 1880/3899 1394/2585 1872/3879
f 1978/4150 1386/2568 1984/4164
f 1334/2440 1956/4091 1946/4065
f 1869/3869 1410/2621 1880/3899
f 1868/3868 1892/3931 1869/3870
f 1984/4165 1982/4160 1985/4168
f 1989/4179 1979/4153 1990/4182
f 1982/4160 1893/3934 1959/4097
f 1892/3932 1881/3902 1431/2668
f 1556/3002 1374/2541 1574/3044
f 1354/2491 1612/3156 1618/3173
f 1370/2529 1404/2608 2132/4462
f 2131/4461 1487/2816 1490/2824
f 1395/2589 1556/3003 1487/2817
f 1612/3157 1335/2444 1633/3205
f 1633/3206 2129/4458 1686/3355
f 2130/4459 1618/3174 1833/3764
f 1574/3045 2130/4460 1833/3765
f 1330/2429 1360/2505 1327/2419
f 1231/2209 1501/2852 1495/2837
f 1296/2354 1721/3459 1303/2372
f 1424/2654 1216/2172 2135/4466
f 2131/4461 1479/2796 1418/2639
f 1418/2640 1501/2853 1424/2654
f 1721/3460 1274/2310 1265/2288
f 1676/3329 2129/4458 1274/2311
f 2134/4464 1741/3502 1296/2355
f 2134/4465 1495/2838 1787/3637
f 1303/2372 1265/2289 2133/4463
o Main_Room
v -29.861755 43.365295 0.000002
v -50.138226 43.365295 -10.163389
v -50.138229 43.365295 0.000002
v -50.393326 38.000000 0.000002
v -50.138226 43.365295 10.163394
v -50.138229 43.365295 -20.326784
v -50.393326 38.000000 -19.999996
v -29.606667 43.500023 34.999996
v -29.606663 38.000000 35.000004
v -39.999992 43.365295 40.528851
v -34.979805 43.365295 40.325584
v -34.999992 38.000000 40.393333
v -30.903328 38.000000 39.096668
v -30.878096 43.365295 39.512512
v -29.861757 43.365295 10.163394
v -29.606663 38.000000 20.000002
v -34.979805 43.365295 -40.325577
v -34.999992 38.000000 -40.393326
v -29.861755 43.365295 -30.490177
v -29.606667 43.500031 -35.000000
v -30.878096 43.365295 -39.512505
v -29.861755 43.365295 -20.326784
v -29.861757 43.365295 -10.163389
v -45.020180 43.365295 40.325584
v -44.999992 38.000000 40.393333
v -50.393330 43.500023 34.999996
v -50.393326 38.000000 35.000004
v -49.096661 38.000000 39.096668
v -49.121891 43.365295 39.512512
v -50.393330 43.500031 -35.000000
v -39.999992 43.365295 -40.528839
v -45.020180 43.365295 -40.325577
v -49.096661 38.000000 -39.096661
v -49.121891 43.365295 -39.512505
v -50.138229 43.365295 20.326788
v -29.861755 43.365295 20.326788
v -29.606663 38.000000 -19.999996
v -50.138229 43.365295 -30.490177
v -50.393326 38.000000 -29.999996
v -50.138229 43.365295 30.490181
v -29.861755 43.365295 30.490181
v -31.187244 37.000038 0.000002
v -36.666660 37.999992 0.000002
v -29.721867 37.000038 0.000002
v -29.606663 38.000000 0.000002
v -29.606663 38.000000 10.000002
v -29.721867 37.000038 10.000002
v -36.666660 37.999992 10.000002
v -43.333324 37.999992 -9.999995
v -48.812737 37.000038 -9.999996
v -48.812744 37.000038 0.000002
v -43.333324 37.999992 0.000002
v -50.278122 37.000038 0.000002
v -50.393326 38.000000 10.000002
v -43.333324 37.999992 10.000002
v -43.333328 37.999992 23.750002
v -44.033325 23.000000 23.750002
v -44.039490 37.000038 23.725002
v -44.039490 37.000038 26.235001
v -43.333328 37.999992 20.000002
v -52.666660 23.000000 -29.999996
v -43.333324 37.000038 -26.249996
v -44.049992 23.000000 -23.749996
v -44.049992 23.000000 -26.249996
v -44.033321 37.000038 -26.249996
v -43.333324 37.000038 -29.999996
v -43.333324 37.999992 -19.999996
v -50.278122 37.000038 -19.999996
v -50.393326 38.000000 -9.999996
v -31.187233 37.000038 35.000004
v -29.721863 37.000038 35.000004
v -32.093605 37.000038 37.906372
v -36.666660 23.000000 30.000002
v -37.408325 23.000000 32.591671
v -37.408325 37.000038 32.591671
v -34.999992 37.000038 40.278130
v -34.999992 37.000038 38.812756
v -30.960926 37.000038 39.039066
v -60.279179 14.720820 30.000002
v -53.307526 14.999999 23.750004
v -36.666660 23.000000 23.750002
v -36.666656 37.999992 23.750002
v -36.666656 37.000038 26.250002
v -36.666660 23.000000 26.250002
v -35.966660 23.000000 23.750002
v -36.666656 37.999992 20.000002
v -29.721863 37.000038 20.000002
v -36.666656 37.000038 30.000002
v -34.999996 37.000038 -40.278122
v -34.999996 37.000038 -38.812748
v -32.093624 37.000038 -37.906376
v -39.999992 23.000000 -33.333328
v -39.999992 37.000038 -33.333328
v -39.999992 37.000038 -40.278122
v -39.999992 38.000000 -40.393326
v -37.408325 23.000000 -32.591660
v -37.408329 37.000038 -32.591663
v -31.187239 37.000038 -34.999996
v -29.721869 37.000038 -34.999996
v -30.960932 37.000038 -39.039059
v -29.606663 38.000000 -34.999996
v -30.903324 38.000000 -39.096661
v -36.666660 23.000000 -23.749996
v -36.666664 37.999992 -23.749996
v -36.666664 37.000038 -26.249996
v -43.333324 23.000000 26.250002
v -35.966663 37.000038 -26.249996
v -57.795868 20.891319 30.000000
v -43.333324 23.000000 23.750002
v -43.333324 23.000000 -23.749996
v -36.666664 37.000038 -29.999996
v -36.666660 23.000000 -29.999996
v -29.721869 37.000038 -29.999996
v -31.168617 37.000038 -19.999996
v -36.666664 37.999992 -19.999996
v -29.606663 38.000000 -9.999996
v -29.721869 37.000038 -9.999995
v -36.666664 37.999992 -9.999995
v -39.999992 38.000000 40.393333
v -44.999996 37.000038 40.278130
v -44.999996 37.000038 38.812756
v -39.999992 36.870522 38.812767
v -47.906380 37.000038 37.906372
v -39.999992 23.000000 33.333336
v -39.999992 37.000038 33.333336
v -39.999992 37.000038 40.278130
v -49.999992 23.000000 34.987503
v -42.591660 23.000000 32.591671
v -42.591663 37.000038 32.591671
v -48.812752 37.000038 35.000004
v -50.278122 37.000038 35.000004
v -49.039059 37.000038 39.039066
v -43.333324 23.000000 30.000002
v -43.333328 37.000038 30.000002
v -48.812748 37.000038 -34.999996
v -50.393326 38.000000 -34.999996
v -50.278122 37.000038 -34.999996
v -47.906361 37.000038 -37.906376
v -43.333324 23.000000 -29.999996
v -42.591660 23.000000 -32.591660
v -42.591660 37.000038 -32.591663
v -44.999992 37.000038 -38.812748
v -44.999996 38.000000 -40.393326
v -44.999992 37.000038 -40.278122
v -39.999992 36.870522 -38.812759
v -49.039055 37.000038 -39.039059
v -53.299984 0.999999 -3.749996
v -53.299984 14.999999 -3.750000
v -53.299984 14.999999 -6.250000
v -53.299984 0.999999 -6.250000
v -54.033325 0.999999 -3.750000
v -54.033325 0.999999 -6.250000
v -54.033325 14.999999 -6.250000
v -53.299026 0.999999 6.250000
v -54.033325 0.999999 3.750000
v -54.033325 0.999999 6.250000
v -54.033325 14.999999 3.750000
v -54.033325 14.999999 6.250000
v -53.307526 14.999999 10.000005
v -59.999992 -2.000000 -10.000001
v -59.999992 -2.000000 -0.000001
v -59.999992 0.999999 -0.000001
v -58.812733 14.611755 -9.999998
v -57.795868 20.891319 -0.000000
v -58.812744 14.611755 0.000002
v -53.299984 14.999999 -0.000000
v -59.999992 15.999999 -0.000001
v -52.666656 23.000000 0.000002
v -60.278122 14.721871 -0.000001
v -60.393326 15.999999 -0.000001
v -60.393326 15.999999 10.000005
v -26.700001 14.999999 3.750000
v -26.700001 14.999999 6.250000
v -26.700958 0.999999 6.250000
v -25.966660 0.999999 3.750000
v -25.966660 0.999999 6.250000
v -25.966660 14.999999 3.750000
v -25.966660 14.999999 6.250000
v -26.700001 14.999999 -3.750000
v -26.700001 14.999999 -6.250000
v -26.700001 0.999999 -6.250000
v -25.966660 0.999999 -3.750000
v -25.966661 0.999999 -6.250000
v -25.969561 14.999999 -3.750000
v -25.966661 14.999999 -6.250000
v -19.999992 -2.000000 -0.000001
v -19.999992 0.999999 -0.000001
v -19.999992 0.999999 -10.000000
v -19.999992 -2.000000 -10.000001
v -26.692465 0.999999 -9.999999
v -19.999992 15.999999 -0.000001
v -21.187246 14.611755 0.000002
v -19.721863 14.721871 -0.000001
v -19.606659 15.999999 -0.000001
v -19.999992 15.999999 -10.000000
v -19.606663 21.605473 -10.000005
v -19.999990 21.605474 -0.000004
v -19.568035 22.883602 0.000002
v -19.606657 21.605474 -0.000004
v -19.999985 21.605476 9.999997
v -19.606657 21.605476 9.999997
v -19.721869 14.721871 -10.000000
v -19.606665 15.999999 -10.000000
v -21.187250 14.611755 -9.999998
v -19.999990 21.605473 -10.000005
v -19.568041 22.883598 -9.922007
v -19.999990 21.605474 -5.000004
v -19.568035 22.883598 -4.961005
v -19.721861 14.721871 -5.000004
v -19.606657 15.999999 -5.000004
v -21.187241 14.999999 -5.000004
v -21.187241 14.606668 -5.000004
v -26.690002 14.999999 -5.000002
v -19.606657 21.605474 -5.000004
v -19.999990 15.999999 -5.000004
v -19.999990 15.999999 4.999996
v -19.568035 22.883598 4.961010
v -19.606657 21.605474 4.999996
v -21.187241 14.999999 4.999997
v -21.187241 14.606668 4.999997
v -19.721861 14.721871 4.999996
v -19.606657 15.999999 4.999996
v -26.700001 14.999999 4.999997
v -19.999990 21.605474 4.999996
v -21.149986 14.049999 9.999997
v -21.875517 14.049999 10.998603
v -23.049458 14.049999 10.617172
v -23.049458 14.049999 9.382822
v -21.875517 14.049999 9.001386
v -20.522621 14.349999 9.999997
v -21.681650 14.349999 11.595267
v -23.557003 14.349999 10.985929
v -23.557003 14.349999 9.014065
v -21.681650 14.349999 8.404726
v -20.522621 15.050000 9.999997
v -21.681650 15.050000 11.595267
v -23.557003 15.050000 10.985929
v -23.557003 15.050000 9.014065
v -21.681650 15.050000 8.404726
v -21.149986 1.999996 9.999997
v -21.875517 1.999996 9.001386
v -23.049458 1.999996 9.382822
v -23.049458 1.999996 10.617172
v -21.875517 1.999996 10.998608
v -20.522621 1.799996 9.999997
v -21.681650 1.799996 8.404726
v -23.557003 1.799996 9.014065
v -23.557003 1.799996 10.985929
v -21.681650 1.799996 11.595267
v -20.522621 0.999997 9.999997
v -21.681650 0.999997 8.404726
v -23.557003 0.999997 9.014065
v -23.557003 0.999997 10.985929
v -21.681650 0.999997 11.595267
v -21.149986 14.049999 -10.000004
v -21.875517 14.049999 -9.001396
v -23.049458 14.049999 -9.382828
v -23.049458 14.049999 -10.617178
v -21.875517 14.049999 -10.998615
v -20.522621 14.349999 -10.000004
v -21.681650 14.349999 -8.404733
v -23.557003 14.349999 -9.014071
v -23.557003 14.349999 -10.985935
v -21.681650 14.349999 -11.595274
v -20.522621 15.050000 -10.000004
v -21.681650 15.050000 -8.404733
v -23.557003 15.050000 -9.014071
v -23.557003 15.050000 -10.985935
v -21.681650 15.050000 -11.595274
v -21.149986 1.999996 -10.000004
v -21.875517 1.999996 -10.998615
v -23.049458 1.999996 -10.617178
v -23.049458 1.999996 -9.382828
v -21.875517 1.999996 -9.001391
v -20.522621 1.799996 -10.000004
v -21.681650 1.799996 -11.595274
v -23.557003 1.799996 -10.985935
v -23.557003 1.799996 -9.014071
v -21.681650 1.799996 -8.404733
v -20.522621 0.999997 -10.000004
v -21.681650 0.999997 -11.595274
v -23.557003 0.999997 -10.985935
v -23.557003 0.999997 -9.014071
v -21.681650 0.999997 -8.404733
v -26.700001 0.999999 -3.749996
v -39.999992 14.999999 3.749999
v -39.999992 14.999999 -3.750001
v -53.299984 0.999995 0.000005
v -53.299984 0.999995 3.750005
v -26.700001 14.999999 -0.000000
v -39.999992 14.999999 -0.000001
v -53.299984 14.999999 3.750000
v -58.812737 14.606668 10.000005
v -53.299984 14.999999 6.250000
v -60.278122 14.721871 -10.000000
v -59.999992 15.999999 -10.000000
v -54.049522 14.999999 0.000002
v -54.030426 14.999999 -3.750000
v -53.307526 0.999999 13.750005
v -53.307526 0.999999 16.250004
v -53.307526 14.999999 13.750005
v -53.307526 0.999999 23.750004
v -35.949993 23.000000 -23.749996
v -53.307526 1.000000 26.668989
v -54.033325 0.999999 23.750004
v -54.033325 0.999999 26.108334
v -59.999992 0.999999 10.000005
v -59.999992 -2.000000 10.000005
v -57.795868 20.891319 10.000000
v -53.307526 0.999999 20.000004
v -59.999992 -2.000000 20.000004
v -59.999992 0.999999 20.000004
v -53.307526 0.999999 10.000005
v -59.999992 0.999999 30.000002
v -57.795868 20.891319 20.000000
v -58.812744 14.606668 20.000004
v -53.307526 14.999999 20.000004
v -60.399990 15.999999 20.000002
v -59.999992 15.999999 30.000002
v -52.666656 23.000000 30.000002
v -58.812744 14.606668 30.000002
v -60.393326 15.999999 30.000002
v -53.333321 14.999999 30.000002
v -58.849991 14.049999 20.000002
v -58.124458 14.049999 19.001392
v -56.950523 14.049999 19.382828
v -56.950523 14.049999 20.617178
v -58.124458 14.049999 20.998611
v -59.477356 14.349999 20.000002
v -58.318329 14.349999 18.404730
v -56.442970 14.349999 19.014071
v -56.442970 14.349999 20.985931
v -58.318329 14.349999 21.595272
v -59.477356 15.050000 20.000002
v -58.318329 15.050000 18.404730
v -56.442970 15.050000 19.014071
v -56.442970 15.050000 20.985931
v -58.318329 15.050000 21.595272
v -58.849991 1.999996 20.000002
v -58.124458 1.999996 20.998611
v -56.950523 1.999996 20.617178
v -56.950523 1.999996 19.382828
v -58.124458 1.999996 19.001390
v -59.477356 1.799996 20.000002
v -58.318329 1.799996 21.595272
v -56.442970 1.799996 20.985935
v -56.442970 1.799996 19.014071
v -58.318329 1.799996 18.404730
v -59.477356 0.999997 20.000000
v -58.318329 0.999997 21.595272
v -56.442970 0.999997 20.985935
v -56.442970 0.999997 19.014071
v -58.318329 0.999997 18.404730
v -58.849991 14.049999 10.000002
v -58.124458 14.049999 9.001393
v -56.950523 14.049999 9.382828
v -56.950523 14.049999 10.617178
v -58.124458 14.049999 10.998611
v -59.477356 14.349999 10.000002
v -58.318329 14.349999 8.404731
v -56.442970 14.349999 9.014071
v -56.442970 14.349999 10.985933
v -58.318329 14.349999 11.595273
v -59.477356 15.050000 10.000002
v -58.318329 15.050000 8.404731
v -56.442970 15.050000 9.014071
v -56.442970 15.050000 10.985933
v -58.318329 15.050000 11.595273
v -58.849991 1.999996 10.000002
v -58.124458 1.999996 10.998611
v -56.950523 1.999996 10.617178
v -56.950523 1.999996 9.382828
v -58.124458 1.999996 9.001390
v -59.477356 1.799996 10.000002
v -58.318329 1.799996 11.595273
v -56.442970 1.799996 10.985935
v -56.442970 1.799996 9.014071
v -58.318329 1.799996 8.404731
v -59.477356 0.999997 10.000001
v -58.318329 0.999997 11.595273
v -56.442970 0.999997 10.985935
v -56.442970 0.999997 9.014071
v -58.318329 0.999997 8.404731
v -53.299988 0.999999 -23.750000
v -53.299988 14.999999 -23.750000
v -53.307526 15.000000 -26.668985
v -53.307526 1.000000 -26.668985
v -54.033325 0.999999 -23.750000
v -53.999985 1.000000 -26.000002
v -53.299988 0.999999 -16.250000
v -53.299984 0.999999 -13.750000
v -59.999992 0.999999 -29.999996
v -59.999992 -2.000000 -29.999996
v -53.299988 0.999999 -20.000000
v -59.999992 -2.000000 -20.000002
v -59.999992 0.999999 -19.999998
v -53.333324 0.999999 -29.999996
v -59.999992 0.999999 -10.000000
v -53.299984 0.999999 -9.999999
v -57.795872 20.891319 -19.999998
v -58.812744 14.605492 -19.999996
v -53.299988 14.999999 -20.000000
v -52.666660 23.000000 -19.999996
v -52.666660 23.000000 -9.999995
v -53.299988 14.999999 -10.000000
v -58.849991 14.049999 -19.999996
v -58.124462 14.049999 -20.998604
v -56.950527 14.049999 -20.617170
v -56.950527 14.049999 -19.382820
v -58.124462 14.049999 -19.001387
v -59.477356 14.349999 -19.999996
v -58.318329 14.349999 -21.595266
v -56.442978 14.349999 -20.985928
v -56.442978 14.349999 -19.014065
v -58.318329 14.349999 -18.404724
v -59.477356 15.050000 -19.999996
v -58.318329 15.050000 -21.595266
v -56.442978 15.050000 -20.985928
v -56.442978 15.050000 -19.014065
v -58.318329 15.050000 -18.404724
v -58.849991 1.999996 -19.999996
v -58.124462 1.999996 -19.001387
v -56.950527 1.999996 -19.382820
v -56.950527 1.999996 -20.617170
v -58.124462 1.999996 -20.998608
v -59.477356 1.799996 -19.999996
v -58.318329 1.799996 -18.404724
v -56.442978 1.799996 -19.014063
v -56.442978 1.799996 -20.985926
v -58.318329 1.799996 -21.595266
v -59.477356 0.999997 -19.999996
v -58.318329 0.999997 -18.404724
v -56.442978 0.999997 -19.014063
v -56.442978 0.999997 -20.985926
v -58.318329 0.999997 -21.595266
v -58.849991 14.049999 -9.999995
v -58.124462 14.049999 -10.998604
v -56.950527 14.049999 -10.617170
v -56.950527 14.049999 -9.382820
v -58.124462 14.049999 -9.001387
v -59.477356 14.349999 -9.999995
v -58.318329 14.349999 -11.595267
v -56.442978 14.349999 -10.985928
v -56.442978 14.349999 -9.014064
v -58.318329 14.349999 -8.404724
v -59.477356 15.050000 -9.999995
v -58.318329 15.050000 -11.595267
v -56.442978 15.050000 -10.985928
v -56.442978 15.050000 -9.014064
v -58.318329 15.050000 -8.404724
v -58.849991 1.999996 -9.999996
v -58.124462 1.999996 -9.001387
v -56.950527 1.999996 -9.382820
v -56.950527 1.999996 -10.617170
v -58.124462 1.999996 -10.998607
v -59.477356 1.799996 -9.999996
v -58.318329 1.799996 -8.404724
v -56.442978 1.799996 -9.014063
v -56.442978 1.799996 -10.985927
v -58.318329 1.799996 -11.595267
v -59.477356 0.999997 -9.999996
v -58.318329 0.999997 -8.404724
v -56.442978 0.999997 -9.014063
v -56.442978 0.999997 -10.985927
v -58.318329 0.999997 -11.595267
v -26.692465 0.999999 -13.750000
v -26.692465 0.999999 -16.250000
v -26.692465 14.999999 -16.250000
v -26.692465 14.999999 -13.750000
v -26.692465 0.999999 -23.750000
v -26.692465 14.999999 -23.750000
v -25.966660 0.999999 -23.750000
v -25.974197 14.999999 -23.750000
v -26.692465 14.999999 -10.000000
v -26.692465 0.999999 -20.000000
v -19.999992 -2.000000 -20.000002
v -19.999992 15.999999 -20.000002
v -21.187244 14.605492 -19.999996
v -26.692465 14.999999 -20.000000
v -19.999990 21.605474 -20.000008
v -19.999990 15.999999 -15.000008
v -19.568035 22.883604 -14.883011
v -19.606659 21.605474 -15.000008
v -21.187244 14.999999 -15.000006
v -21.187244 14.606668 -15.000006
v -19.721863 14.721871 -15.000008
v -19.606659 15.999999 -15.000008
v -26.692465 14.999999 -15.000005
v -19.999990 21.605474 -15.000008
v -19.606659 21.605474 -19.606670
v -21.187244 14.606668 -21.187250
v -21.187244 14.999999 -21.187250
v -26.692465 15.000000 -26.668985
v -16.249998 14.999999 -26.668985
v -16.249992 0.999999 -26.667896
v -13.749992 0.999999 -26.668985
v -13.749992 14.999999 -26.668985
v -23.749998 0.999999 -26.667896
v -23.749998 14.999999 -26.667896
v -23.749998 0.999999 -25.966665
v -23.749998 14.999999 -25.966665
v -9.999998 14.999999 -21.187256
v -19.999998 0.999999 -26.668985
v -19.999996 0.999999 -19.999998
v -19.999998 14.999999 -21.187250
v -19.999998 14.606668 -21.187250
v -19.999998 14.999999 -26.668985
v -14.999998 15.999999 -20.000000
v -14.883001 22.883604 -19.568047
v -14.999998 21.605474 -19.606668
v -14.999998 14.999999 -21.187252
v -14.999998 14.606668 -21.187252
v -14.999998 14.721871 -19.721872
v -14.999998 15.999999 -19.606668
v -14.999998 14.999999 -26.668985
v -14.999998 21.605474 -20.000000
v -19.568035 22.883602 -19.568047
v -19.606663 15.999999 -19.803331
v -19.721863 14.721871 -19.860933
v -26.000002 1.000000 -26.000002
v -26.000002 15.000001 -26.000002
v -26.692465 1.000000 -26.668985
v -20.742088 14.049999 -20.742104
v -21.961239 14.049999 -20.549011
v -22.521627 14.049999 -21.648825
v -21.648808 14.049999 -22.521641
v -20.548992 14.049999 -21.961258
v -20.298473 14.349999 -20.298491
v -22.246058 14.349999 -19.990021
v -23.141266 14.349999 -21.746962
v -21.746944 14.349999 -23.141281
v -19.990005 14.349999 -22.246075
v -20.298473 15.050000 -20.298491
v -22.246058 15.050000 -19.990021
v -23.141266 15.050000 -21.746962
v -21.746944 15.050000 -23.141281
v -19.990005 15.050000 -22.246075
v -20.742088 1.999996 -20.742104
v -20.548992 1.999996 -21.961258
v -21.648808 1.999996 -22.521641
v -22.521627 1.999996 -21.648825
v -21.961241 1.999996 -20.549007
v -20.298473 1.799996 -20.298491
v -19.990005 1.799996 -22.246075
v -21.746944 1.799996 -23.141281
v -23.141266 1.799996 -21.746962
v -22.246058 1.799996 -19.990021
v -20.298473 0.999997 -20.298491
v -19.990005 0.999997 -22.246075
v -21.746944 0.999997 -23.141281
v -23.141266 0.999997 -21.746962
v -22.246058 0.999997 -19.990021
v -6.249988 14.999999 -26.668985
v -6.249988 0.999999 -26.668985
v -3.749993 0.999999 -26.668985
v -3.749993 14.999999 -26.668985
v 3.750012 0.999999 -26.668985
v 6.250012 0.999999 -26.668985
v 3.750007 14.999999 -26.667896
v 6.250007 14.999999 -26.668985
v -9.999989 14.999999 -26.668985
v -9.999986 0.999999 -19.999996
v -9.999986 -2.000000 -19.999996
v 0.000012 0.999999 -26.668985
v 0.000012 -2.000000 -19.999996
v 0.000012 0.999999 -19.999998
v -9.999989 0.999999 -26.668985
v -9.999989 14.606668 -21.187252
v -9.999986 14.721871 -19.721869
v -9.999986 15.999999 -19.606665
v 10.000017 0.999999 -20.000002
v 10.000011 0.999999 -26.668985
v 0.000012 15.999999 -19.999998
v 0.000012 14.999999 -21.187250
v 0.000012 14.606668 -21.187250
v 0.000012 14.999999 -26.668985
v 0.000012 14.721871 -19.721872
v 0.000012 15.999999 -19.606668
v 10.000017 21.605473 -19.606670
v 0.000012 21.605474 -19.999998
v 0.000017 22.883602 -19.568045
v 0.000012 21.605474 -19.606668
v -9.999986 21.605476 -19.999996
v -9.921988 22.883604 -19.568043
v -9.999986 21.605476 -19.606665
v -9.999986 15.999999 -19.999996
v 9.922020 22.883598 -19.568047
v 5.000017 21.605474 -20.000000
v 4.961016 22.883598 -19.568047
v 5.000017 14.721871 -19.721872
v 5.000017 15.999999 -19.606668
v 5.000012 14.999999 -21.187250
v 5.000012 14.606668 -21.187250
v 5.000012 14.999999 -26.668985
v 5.000017 21.605474 -19.606668
v 5.000017 15.999999 -20.000000
v -4.999986 15.999999 -19.999998
v -4.960988 22.883604 -19.568045
v -4.999986 21.605474 -19.606667
v -4.999988 14.999999 -21.187250
v -4.999988 14.606668 -21.187250
v -4.999986 14.721871 -19.721870
v -4.999986 15.999999 -19.606667
v -4.999988 14.999999 -26.668985
v -4.999986 21.605474 -19.999998
v -9.999989 14.049999 -21.149994
v -10.998594 14.049999 -21.875525
v -10.617163 14.049999 -23.049465
v -9.382812 14.049999 -23.049467
v -9.001377 14.049999 -21.875526
v -9.999989 14.349999 -20.522629
v -11.595257 14.349999 -21.681656
v -10.985920 14.349999 -23.557011
v -9.014055 14.349999 -23.557013
v -8.404715 14.349999 -21.681660
v -9.999989 15.050000 -20.522629
v -11.595257 15.050000 -21.681656
v -10.985920 15.050000 -23.557011
v -9.014055 15.050000 -23.557013
v -8.404715 15.050000 -21.681660
v -9.999989 1.999996 -21.149994
v -9.001377 1.999996 -21.875526
v -9.382812 1.999996 -23.049467
v -10.617163 1.999996 -23.049465
v -10.998600 1.999996 -21.875525
v -9.999989 1.799996 -20.522629
v -8.404715 1.799996 -21.681660
v -9.014055 1.799996 -23.557013
v -10.985920 1.799996 -23.557011
v -11.595257 1.799996 -21.681656
v -9.999989 0.999997 -20.522629
v -8.404715 0.999997 -21.681660
v -9.014055 0.999997 -23.557013
v -10.985920 0.999997 -23.557011
v -11.595257 0.999997 -21.681656
v 10.000011 14.049999 -21.149998
v 9.001406 14.049999 -21.875526
v 9.382837 14.049999 -23.049467
v 10.617188 14.049999 -23.049469
v 10.998623 14.049999 -21.875530
v 10.000011 14.349999 -20.522633
v 8.404743 14.349999 -21.681660
v 9.014080 14.349999 -23.557013
v 10.985945 14.349999 -23.557014
v 11.595285 14.349999 -21.681662
v 10.000011 15.050000 -20.522633
v 8.404743 15.050000 -21.681660
v 9.014080 15.050000 -23.557013
v 10.985945 15.050000 -23.557014
v 11.595285 15.050000 -21.681662
v 10.000011 1.999996 -21.149998
v 10.998623 1.999996 -21.875530
v 10.617188 1.999996 -23.049469
v 9.382837 1.999996 -23.049467
v 9.001400 1.999996 -21.875526
v 10.000011 1.799996 -20.522633
v 11.595285 1.799996 -21.681662
v 10.985945 1.799996 -23.557014
v 9.014080 1.799996 -23.557013
v 8.404743 1.799996 -21.681660
v 10.000011 0.999997 -20.522633
v 11.595285 0.999997 -21.681662
v 10.985945 0.999997 -23.557014
v 9.014080 0.999997 -23.557013
v 8.404743 0.999997 -21.681660
v 13.750017 0.999999 -26.668985
v 16.250017 0.999999 -26.668985
v 16.250017 14.999999 -26.668985
v 13.750017 14.999999 -26.667896
v 23.750017 0.999999 -26.668985
v 23.750017 14.999999 -26.668985
v 23.750017 0.999999 -25.966671
v 23.750017 14.999999 -25.966671
v 10.000017 14.999999 -26.668985
v 10.000017 -2.000000 -19.999996
v 10.000017 14.999999 -21.187256
v 20.000017 0.999999 -26.668985
v 20.000017 -2.000000 -20.000002
v 20.000017 0.999999 -20.000002
v 10.000017 14.606668 -21.187256
v 10.000017 14.721871 -19.721872
v 10.000017 15.999999 -19.606668
v 20.000017 15.999999 -20.000002
v 20.000017 14.999999 -21.187252
v 20.000017 14.606668 -21.187252
v 20.000017 14.999999 -26.668985
v 20.000017 21.605474 -20.000002
v 10.000017 21.605476 -19.999998
v 10.000017 15.999999 -19.999998
v 15.000017 15.999999 -20.000002
v 14.883020 22.883604 -19.568047
v 15.000017 21.605474 -19.606670
v 15.000017 14.999999 -21.187256
v 15.000017 14.606668 -21.187256
v 15.000017 14.721871 -19.721874
v 15.000017 15.999999 -19.606670
v 15.000017 14.999999 -26.668985
v 15.000017 21.605474 -20.000002
v 19.568060 22.883602 -19.568048
v 19.606684 21.605474 -19.606670
v 19.606684 15.999999 -19.606670
v 21.187265 14.999999 -21.187252
v 25.966681 0.999999 -25.966671
v 26.641357 14.999998 -26.668985
v 26.641357 0.999999 -16.108334
v 26.641357 14.999999 -16.108334
v 26.641357 14.999999 -13.750010
v 26.641357 0.999999 -13.749999
v 26.641357 0.999999 -23.750010
v 26.641357 14.999999 -23.750010
v 25.966681 0.999999 -23.750010
v 25.966681 14.999999 -23.750010
v 26.641357 14.999999 -10.000010
v 26.641357 0.999999 -20.000010
v 21.187265 14.999999 -20.000008
v 21.187265 14.606668 -20.000008
v 26.641357 14.999999 -20.000010
v 20.000011 21.605476 -10.000009
v 19.568060 22.883604 -9.922010
v 20.000011 15.999999 -10.000009
v 20.000011 15.999999 -15.000009
v 19.568060 22.883604 -14.883012
v 19.606684 21.605474 -15.000009
v 21.187265 14.999999 -15.000009
v 21.187265 14.606668 -15.000009
v 19.721888 14.721871 -15.000009
v 19.606684 15.999999 -15.000009
v 26.641357 14.999999 -15.000010
v 20.000011 21.605474 -15.000009
v 21.187265 14.606668 -21.187252
v 19.721888 14.721871 -19.721872
v 25.966681 14.999999 -25.966671
v 26.641357 0.999999 -26.668985
v 20.742119 14.049999 -20.742100
v 20.549023 14.049999 -21.961250
v 21.648838 14.049999 -22.521637
v 22.521656 14.049999 -21.648819
v 21.961271 14.049999 -20.549004
v 20.298502 14.349999 -20.298485
v 19.990032 14.349999 -22.246067
v 21.746977 14.349999 -23.141277
v 23.141296 14.349999 -21.746958
v 22.246086 14.349999 -19.990017
v 20.298502 15.050000 -20.298485
v 19.990032 15.050000 -22.246067
v 21.746977 15.050000 -23.141277
v 23.141296 15.050000 -21.746958
v 22.246086 15.050000 -19.990017
v 20.742119 1.999996 -20.742100
v 21.961271 1.999996 -20.549004
v 22.521656 1.999996 -21.648819
v 21.648838 1.999996 -22.521637
v 20.549019 1.999996 -21.961252
v 20.298502 1.799996 -20.298485
v 22.246086 1.799996 -19.990017
v 23.141296 1.799996 -21.746958
v 21.746977 1.799996 -23.141277
v 19.990032 1.799996 -22.246067
v 20.298502 0.999997 -20.298485
v 22.246086 0.999997 -19.990017
v 23.141296 0.999997 -21.746958
v 21.746977 0.999997 -23.141277
v 19.990032 0.999997 -22.246067
v 26.641357 14.999999 -3.749997
v 26.641357 0.999999 -3.749999
v 26.641357 0.999999 -6.250000
v 26.641357 14.999999 -6.250000
v 26.641357 0.999999 3.750003
v 26.641357 0.999999 6.250004
v 26.641357 14.999999 3.750003
v 26.641357 14.999999 6.250004
v 20.000008 0.999999 -9.999995
v 20.000008 -2.000000 -9.999996
v 21.187265 14.999999 -9.999996
v 26.641357 0.999999 0.000003
v 20.000011 -2.000000 0.000005
v 20.000011 0.999999 0.000005
v 26.641357 0.999999 -9.999997
v 21.187265 14.606668 -9.999996
v 19.721878 14.721871 -9.999995
v 19.606674 15.999999 -9.999995
v 20.000017 0.999999 10.000006
v 20.000017 -2.000000 10.000006
v 26.641357 0.999999 10.000004
v 20.000011 15.999999 0.000005
v 21.187260 14.999999 0.000005
v 21.187260 14.606668 0.000005
v 26.641357 14.999999 0.000003
v 19.721882 14.721871 0.000005
v 19.606678 15.999999 0.000005
v 20.000017 15.999999 10.000006
v 26.641357 14.999999 10.000004
v 19.606684 21.605473 10.000006
v 20.000011 21.605474 0.000005
v 19.568054 22.883602 0.000002
v 19.606678 21.605474 0.000005
v 19.606674 21.605476 -9.999995
v 19.721888 14.721871 10.000006
v 19.606684 15.999999 10.000006
v 21.187265 14.606668 10.000006
v 20.000017 21.605473 10.000006
v 19.568060 22.883604 9.922015
v 20.000011 21.605474 5.000005
v 19.568054 22.883604 4.961000
v 19.721888 14.721871 5.000005
v 19.606684 15.999999 5.000005
v 21.187265 14.999999 5.000005
v 21.187265 14.606668 5.000005
v 26.641357 14.999999 5.000003
v 19.606684 21.605474 5.000005
v 20.000011 15.999999 5.000005
v 20.000008 15.999999 -4.999994
v 19.568054 22.883604 -4.960995
v 19.606678 21.605474 -4.999994
v 21.187265 14.999999 -4.999996
v 21.187265 14.606668 -4.999996
v 19.721882 14.721871 -4.999994
v 19.606678 15.999999 -4.999994
v 26.641357 14.999999 -4.999996
v 20.000008 21.605474 -4.999994
v 21.150005 14.049999 -9.999996
v 21.875536 14.049999 -10.998602
v 23.049477 14.049999 -10.617171
v 23.049477 14.049999 -9.382821
v 21.875536 14.049999 -9.001385
v 20.522640 14.349999 -9.999995
v 21.681669 14.349999 -11.595266
v 23.557022 14.349999 -10.985929
v 23.557022 14.349999 -9.014064
v 21.681669 14.349999 -8.404725
v 20.522640 15.050000 -9.999995
v 21.681669 15.050000 -11.595266
v 23.557022 15.050000 -10.985929
v 23.557022 15.050000 -9.014064
v 21.681669 15.050000 -8.404725
v 21.150005 1.999996 -9.999996
v 21.875536 1.999996 -9.001385
v 23.049477 1.999996 -9.382821
v 23.049477 1.999996 -10.617171
v 21.875536 1.999996 -10.998607
v 20.522640 1.799996 -9.999995
v 21.681669 1.799996 -8.404725
v 23.557022 1.799996 -9.014064
v 23.557022 1.799996 -10.985929
v 21.681669 1.799996 -11.595266
v 20.522640 0.999997 -9.999995
v 21.681669 0.999997 -8.404725
v 23.557022 0.999997 -9.014064
v 23.557022 0.999997 -10.985929
v 21.681669 0.999997 -11.595266
v 21.150009 14.049999 10.000005
v 21.875542 14.049999 9.001397
v 23.049480 14.049999 9.382829
v 23.049480 14.049999 10.617179
v 21.875542 14.049999 10.998616
v 20.522644 14.349999 10.000005
v 21.681673 14.349999 8.404734
v 23.557026 14.349999 9.014071
v 23.557026 14.349999 10.985936
v 21.681673 14.349999 11.595276
v 20.522644 15.050000 10.000005
v 21.681673 15.050000 8.404734
v 23.557026 15.050000 9.014071
v 23.557026 15.050000 10.985936
v 21.681673 15.050000 11.595276
v 21.150009 1.999996 10.000005
v 21.875542 1.999996 10.998616
v 23.049480 1.999996 10.617179
v 23.049480 1.999996 9.382829
v 21.875542 1.999996 9.001392
v 20.522644 1.799996 10.000005
v 21.681673 1.799996 11.595276
v 23.557026 1.799996 10.985936
v 23.557026 1.799996 9.014071
v 21.681673 1.799996 8.404734
v 20.522644 0.999997 10.000005
v 21.681673 0.999997 11.595276
v 23.557026 0.999997 10.985936
v 23.557026 0.999997 9.014071
v 21.681673 0.999997 8.404734
v 26.641357 0.999999 16.250004
v 26.641357 0.999999 13.750004
v 26.641357 14.999999 16.250004
v 26.641357 14.999999 13.750004
v 26.641357 0.999999 23.750002
v 26.641357 14.999999 23.750002
v 25.966675 0.999999 23.750002
v 25.966675 14.999999 23.750002
v 21.187260 14.999999 10.000005
v 26.641357 0.999999 20.000002
v 20.000008 -2.000000 20.000004
v 20.000008 0.999999 20.000004
v 20.000008 15.999999 20.000004
v 21.187260 14.999999 20.000004
v 21.187260 14.606668 20.000004
v 26.641357 14.999999 20.000002
v 20.000008 21.605474 20.000004
v 20.000008 15.999999 15.000006
v 19.568060 22.883604 14.883017
v 19.606674 21.605474 15.000006
v 21.187260 14.999999 15.000005
v 21.187260 14.606668 15.000005
v 19.721878 14.721871 15.000006
v 19.606674 15.999999 15.000006
v 26.641357 14.999999 15.000004
v 20.000008 21.605474 15.000006
v 19.606678 21.605474 19.606668
v 19.721882 14.721871 19.721870
v 19.606678 15.999999 19.606668
v 25.966681 0.999999 25.966663
v 26.641357 0.999999 26.668989
v 16.250017 0.999999 26.668989
v 16.250017 14.999999 26.668989
v 13.750017 0.999999 26.668989
v 13.750017 14.999999 26.668989
v 23.750017 0.999999 26.668989
v 23.750017 14.999999 26.668989
v 23.750017 0.999999 25.966665
v 23.750017 14.999999 25.966665
v 10.000017 0.999999 20.000000
v 10.000017 -2.000000 20.000000
v 20.000017 0.999999 26.668989
v 10.000017 14.606668 21.187258
v 10.000017 14.721871 19.721874
v 10.000017 15.999999 19.606670
v 20.000017 14.999999 21.187250
v 20.000017 14.606668 21.187250
v 20.000017 14.999999 26.668989
v 10.000017 21.605476 20.000000
v 9.922020 22.883598 19.568052
v 10.000017 21.605476 19.606670
v 10.000017 15.999999 20.000000
v 15.000017 15.999999 20.000000
v 14.883020 22.883604 19.568052
v 15.000017 21.605474 19.606668
v 15.000017 14.999999 21.187252
v 15.000017 14.606668 21.187252
v 15.000017 14.721871 19.721872
v 15.000017 15.999999 19.606668
v 15.000017 14.999999 26.668989
v 15.000017 21.605474 20.000000
v 19.568060 22.883602 19.568054
v 21.187260 14.606668 21.187250
v 21.187260 14.999999 21.187250
v 25.966681 14.999999 25.966663
v 26.641357 14.999998 26.668989
v 20.742104 14.049999 20.742104
v 21.961258 14.049999 20.549009
v 22.521646 14.049999 21.648825
v 21.648825 14.049999 22.521641
v 20.549009 14.049999 21.961258
v 20.298492 14.349999 20.298489
v 22.246077 14.349999 19.990019
v 23.141281 14.349999 21.746962
v 21.746967 14.349999 23.141279
v 19.990023 14.349999 22.246073
v 20.298492 15.050000 20.298489
v 22.246077 15.050000 19.990019
v 23.141281 15.050000 21.746962
v 21.746967 15.050000 23.141279
v 19.990023 15.050000 22.246073
v 20.742104 1.999996 20.742104
v 20.549009 1.999996 21.961258
v 21.648825 1.999996 22.521641
v 22.521646 1.999996 21.648825
v 21.961258 1.999996 20.549007
v 20.298492 1.799996 20.298489
v 19.990023 1.799996 22.246073
v 21.746967 1.799996 23.141279
v 23.141281 1.799996 21.746962
v 22.246077 1.799996 19.990019
v 20.298492 0.999997 20.298489
v 19.990023 0.999997 22.246073
v 21.746967 0.999997 23.141279
v 23.141281 0.999997 21.746962
v 22.246077 0.999997 19.990019
v 3.750012 0.999999 26.668989
v 6.250012 14.999999 26.668989
v 6.250012 0.999999 26.668989
v 3.750012 14.999999 26.668989
v -3.749988 0.999999 26.668989
v -3.749988 14.999999 26.668989
v -6.249988 14.999999 26.668989
v -6.249988 0.999999 26.668989
v 10.000017 14.999999 26.668989
v 10.000008 14.999999 21.187250
v 0.000012 0.999999 26.668989
v 0.000005 -2.000000 19.999996
v 0.000005 0.999999 19.999996
v 10.000011 0.999999 26.668989
v 0.000005 15.999999 19.999996
v 0.000007 14.999999 21.187246
v 0.000007 14.606668 21.187246
v 0.000012 14.999999 26.668989
v 0.000005 14.721871 19.721869
v 0.000005 15.999999 19.606665
v -9.999989 14.999999 26.668989
v -9.999995 21.605473 19.606668
v 0.000005 21.605474 19.999996
v 0.000017 22.883602 19.568050
v 0.000005 21.605474 19.606665
v -9.921988 22.883604 19.568047
v -4.999993 21.605474 19.999998
v -4.960988 22.883604 19.568048
v -4.999993 14.721871 19.721869
v -4.999993 15.999999 19.606665
v -4.999993 14.999999 21.187248
v -4.999993 14.606668 21.187248
v -4.999988 14.999999 26.668989
v -4.999993 21.605474 19.606665
v -4.999993 15.999999 19.999998
v 5.000007 15.999999 19.999996
v 4.961016 22.883598 19.568050
v 5.000007 21.605474 19.606665
v 5.000007 14.999999 21.187248
v 5.000007 14.606668 21.187248
v 5.000007 14.721871 19.721869
v 5.000007 15.999999 19.606665
v 5.000012 14.999999 26.668989
v 5.000007 21.605474 19.999996
v 10.000008 14.049999 21.149994
v 10.998613 14.049999 21.875525
v 10.617182 14.049999 23.049465
v 9.382832 14.049999 23.049465
v 9.001396 14.049999 21.875525
v 10.000008 14.349999 20.522629
v 11.595276 14.349999 21.681656
v 10.985939 14.349999 23.557011
v 9.014074 14.349999 23.557011
v 8.404734 14.349999 21.681656
v 10.000008 15.050000 20.522629
v 11.595276 15.050000 21.681656
v 10.985939 15.050000 23.557011
v 9.014074 15.050000 23.557011
v 8.404734 15.050000 21.681656
v 10.000008 1.999996 21.149994
v 9.001396 1.999996 21.875525
v 9.382832 1.999996 23.049465
v 10.617182 1.999996 23.049465
v 10.998619 1.999996 21.875525
v 10.000008 1.799996 20.522629
v 8.404734 1.799996 21.681656
v 9.014074 1.799996 23.557011
v 10.985939 1.799996 23.557011
v 11.595276 1.799996 21.681656
v 10.000008 0.999997 20.522629
v 8.404734 0.999997 21.681656
v 9.014074 0.999997 23.557011
v 10.985939 0.999997 23.557011
v 11.595276 0.999997 21.681656
v -9.999992 14.049999 21.149994
v -9.001387 14.049999 21.875525
v -9.382818 14.049999 23.049465
v -10.617168 14.049999 23.049465
v -10.998604 14.049999 21.875525
v -9.999992 14.349999 20.522629
v -8.404722 14.349999 21.681656
v -9.014061 14.349999 23.557011
v -10.985926 14.349999 23.557011
v -11.595263 14.349999 21.681656
v -9.999992 15.050000 20.522629
v -8.404722 15.050000 21.681656
v -9.014061 15.050000 23.557011
v -10.985926 15.050000 23.557011
v -11.595263 15.050000 21.681656
v -9.999992 1.999996 21.149994
v -10.998604 1.999996 21.875525
v -10.617168 1.999996 23.049465
v -9.382818 1.999996 23.049465
v -9.001381 1.999996 21.875525
v -9.999992 1.799996 20.522629
v -11.595263 1.799996 21.681656
v -10.985926 1.799996 23.557011
v -9.014061 1.799996 23.557011
v -8.404722 1.799996 21.681656
v -9.999992 0.999997 20.522629
v -11.595263 0.999997 21.681656
v -10.985926 0.999997 23.557011
v -9.014061 0.999997 23.557011
v -8.404722 0.999997 21.681656
v -16.249998 0.999999 26.668989
v -13.749992 0.999999 26.668989
v -16.249998 14.999999 26.668989
v -13.749992 14.999999 26.668989
v -23.749992 0.999999 26.668989
v -23.749992 14.999999 26.668989
v -23.749992 0.999999 25.966667
v -23.749992 14.999999 25.966667
v -9.999992 0.999999 19.999998
v -9.999992 -2.000000 19.999998
v -9.999992 14.999999 21.187256
v -19.999998 0.999999 26.668989
v -9.999989 0.999999 26.668989
v -9.999992 14.606668 21.187256
v -9.999992 14.721871 19.721872
v -9.999992 15.999999 19.606668
v -19.999994 14.999999 21.187250
v -19.999994 14.606668 21.187250
v -19.999998 14.999999 26.668989
v -9.999992 21.605476 19.999998
v -9.999992 15.999999 19.999998
v -14.999995 15.999999 20.000000
v -14.883001 22.883604 19.568050
v -14.999995 21.605474 19.606668
v -14.999992 14.999999 21.187252
v -14.999992 14.606668 21.187252
v -14.999995 14.721871 19.721872
v -14.999995 15.999999 19.606668
v -14.999998 14.999999 26.668989
v -14.999995 21.605474 20.000000
v -21.187239 14.606668 21.187250
v -19.721863 14.721871 20.000002
v -26.692465 1.000000 26.668989
v -26.692465 0.999999 16.250004
v -26.692465 0.999999 13.750005
v -26.692465 14.999999 16.250004
v -26.692465 14.999999 13.750005
v -26.692465 0.999999 23.750004
v -26.692465 14.999999 23.750004
v -25.966660 0.999999 23.750004
v -25.967072 14.999999 23.750004
v -26.692465 14.999999 10.000005
v -19.999992 0.999999 10.000005
v -19.999992 -2.000000 10.000005
v -26.692465 0.999999 20.000004
v -19.999992 -2.000000 20.000004
v -19.999992 0.999999 20.000004
v -26.692465 0.999999 10.000005
v -21.187248 14.606668 10.000005
v -19.721863 14.721871 10.000005
v -19.606659 15.999999 10.000005
v -19.599998 15.999999 20.000002
v -21.187244 14.606668 20.000004
v -26.692465 14.999999 20.000004
v -19.999989 21.605474 20.000008
v -19.568041 22.883598 9.922011
v -19.999992 15.999999 10.000005
v -19.999989 15.999999 15.000006
v -19.568035 22.883604 14.883015
v -19.606657 21.605474 15.000006
v -21.187241 14.999999 15.000008
v -21.187241 14.606668 15.000008
v -19.721861 14.721871 15.000006
v -19.606657 15.999999 15.000006
v -26.692465 14.999999 15.000008
v -19.999989 21.605474 15.000006
v -19.568035 22.883602 19.568050
v -19.606657 21.605474 19.606668
v -19.606657 15.999999 19.606668
v -21.187239 14.999999 21.187250
v -25.966660 0.999999 26.108334
v -25.967072 14.999999 26.108334
v -26.692465 15.000000 26.668989
v -20.742092 14.049999 20.742096
v -20.549000 14.049999 21.961248
v -21.648811 14.049999 22.521637
v -22.521629 14.049999 21.648819
v -21.961246 14.049999 20.549002
v -20.298479 14.349999 20.298483
v -19.990007 14.349999 22.246067
v -21.746950 14.349999 23.141273
v -23.141270 14.349999 21.746958
v -22.246063 14.349999 19.990015
v -20.298479 15.050000 20.298483
v -19.990007 15.050000 22.246067
v -21.746950 15.050000 23.141273
v -23.141270 15.050000 21.746958
v -22.246063 15.050000 19.990015
v -20.742092 1.999996 20.742096
v -21.961246 1.999996 20.549002
v -22.521629 1.999996 21.648819
v -21.648811 1.999996 22.521637
v -20.548994 1.999996 21.961250
v -20.298479 1.799996 20.298483
v -22.246063 1.799996 19.990015
v -23.141270 1.799996 21.746958
v -21.746950 1.799996 23.141273
v -19.990007 1.799996 22.246067
v -20.298479 0.999997 20.298483
v -22.246063 0.999997 19.990015
v -23.141270 0.999997 21.746958
v -21.746950 0.999997 23.141273
v -19.990007 0.999997 22.246067
v -58.955002 13.550000 33.000000
v -58.156914 13.550000 34.098473
v -56.865585 13.550000 33.678894
v -56.865585 13.550000 32.321110
v -58.156914 13.550000 31.901531
v -59.896706 14.049999 33.000000
v -58.447918 14.049999 34.994091
v -56.103725 14.049999 34.232418
v -56.103725 14.049999 31.767590
v -58.447918 14.049999 31.005915
v -59.896706 15.050000 33.000000
v -58.447918 15.050000 34.994091
v -56.103725 15.050000 34.232418
v -56.103725 15.050000 31.767590
v -58.447918 15.050000 31.005915
v -58.955002 2.499996 33.000004
v -58.156914 2.499996 31.901531
v -56.865585 2.499996 32.321110
v -56.865585 2.499996 33.678894
v -58.156914 2.499996 34.098476
v -59.896706 1.999996 33.000004
v -58.447918 1.999996 31.005915
v -56.103725 1.999996 31.767588
v -56.103725 1.999996 34.232414
v -58.447918 1.999996 34.994091
v -59.896706 0.999997 33.000004
v -58.447918 0.999997 31.005915
v -56.103725 0.999997 31.767588
v -56.103725 0.999997 34.232414
v -58.447918 0.999997 34.994091
v -52.299995 21.812744 36.399998
v -50.000000 15.999999 36.399998
v -50.000000 21.812742 36.399998
v -60.000000 15.999999 33.000004
v -50.000000 23.000000 33.000004
v -57.795876 20.891319 33.000000
v -52.666664 23.000000 33.000004
v -52.299995 15.999998 36.398705
v -58.812744 15.998442 36.399998
v -56.896687 20.034920 36.399998
v -60.000000 15.999999 34.950001
v -57.795876 20.891319 34.949997
v -52.666664 23.000000 34.950001
v -53.333328 14.703431 36.353138
v -58.812744 14.720820 36.279179
v -60.289059 16.068237 36.260136
v -60.227947 14.772051 36.227951
v -52.742329 23.288839 36.258320
v -58.013939 21.099005 36.255337
v -49.999992 23.299999 36.300003
v -60.279179 14.720820 33.000004
v -50.000000 14.699999 36.394821
v -60.394821 15.999999 33.000004
v -58.812752 14.605180 33.000004
v -60.390186 16.060287 34.950001
v -58.812748 14.605180 34.950001
v -60.279179 14.720820 34.950001
v -58.081779 21.163612 34.949997
v -52.766716 23.381931 34.950001
v -50.000000 14.605180 34.950001
v -60.000000 0.999999 35.000004
v -60.000000 -2.000000 35.000004
v -53.333328 -2.000000 35.000004
v -60.000000 -2.000000 30.000002
v -50.000000 -2.000000 35.000004
v -50.000000 0.999999 35.000004
v -53.333328 0.999999 30.000002
v -58.954994 13.550000 -32.999996
v -58.156910 13.550000 -34.098465
v -56.865578 13.550000 -33.678886
v -56.865578 13.550000 -32.321102
v -58.156910 13.550000 -31.901524
v -59.896702 14.049999 -32.999996
v -58.447914 14.049999 -34.994083
v -56.103725 14.049999 -34.232410
v -56.103722 14.049999 -31.767580
v -58.447914 14.049999 -31.005905
v -59.896702 15.050000 -32.999996
v -58.447914 15.050000 -34.994083
v -56.103725 15.050000 -34.232410
v -56.103722 15.050000 -31.767580
v -58.447914 15.050000 -31.005905
v -58.954994 2.499996 -32.999996
v -58.156910 2.499996 -31.901524
v -56.865578 2.499996 -32.321102
v -56.865578 2.499996 -33.678886
v -58.156910 2.499996 -34.098465
v -59.896702 1.999996 -32.999996
v -58.447914 1.999996 -31.005905
v -56.103722 1.999996 -31.767580
v -56.103725 1.999996 -34.232410
v -58.447914 1.999996 -34.994083
v -59.896702 0.999997 -32.999996
v -58.447914 0.999997 -31.005905
v -56.103722 0.999997 -31.767580
v -56.103725 0.999997 -34.232410
v -58.447914 0.999997 -34.994083
v -57.795872 20.891319 -29.999996
v -53.333324 14.999999 -29.999996
v -59.999992 15.999999 -32.999996
v -58.812752 14.605492 -32.999996
v -57.795872 20.891319 -32.999996
v -52.666660 23.000000 -32.999996
v -49.999992 23.000000 -34.962498
v -53.333328 14.623165 -35.003998
v -59.999992 15.999999 -34.949993
v -57.795872 20.891319 -34.949997
v -52.666660 23.000000 -34.949997
v -52.299988 15.999998 -36.396107
v -58.812737 15.998442 -36.394814
v -53.333328 14.703431 -36.353134
v -58.812737 14.720820 -36.279175
v -60.289059 16.068237 -36.260124
v -60.227943 14.772051 -36.227943
v -52.742325 23.288839 -36.258312
v -58.013935 21.099005 -36.255333
v -49.999996 23.299999 -36.299995
v -60.279167 14.720820 -32.999996
v -60.279167 14.720820 -29.999992
v -49.999996 15.999999 -36.394814
v -49.999996 14.699999 -36.394814
v -60.394814 15.999999 -29.999992
v -60.394814 15.999999 -32.999996
v -52.299988 21.812744 -36.394814
v -56.896683 20.034920 -36.394814
v -49.999996 21.812742 -36.394814
v -58.812759 14.605180 -29.999992
v -60.390186 16.060287 -34.949993
v -58.812744 14.605180 -34.949993
v -60.279167 14.720820 -34.949993
v -58.081772 21.163612 -34.949997
v -52.766708 23.381931 -34.949997
v -59.999992 -2.000000 -35.000000
v -53.333328 -2.000000 -35.000004
v -49.999992 -2.000000 -35.000004
v -49.999996 0.999999 -35.000004
v -49.999996 14.639690 -35.000004
v -27.999992 23.000000 0.000002
v -27.999992 26.999998 -9.999998
v -27.999992 26.999998 0.000002
v -51.999989 23.000000 0.000004
v -51.999989 26.999998 10.000005
v -51.999989 26.999998 0.000004
v -51.999989 23.000000 10.000002
v -51.999989 23.000000 20.000002
v -51.999989 26.999998 20.000002
v -51.999989 23.000000 30.000002
v -51.999989 26.999998 30.000002
v -51.999992 23.000000 -29.999996
v -51.999992 23.000000 -19.999996
v -51.999992 26.999998 -19.999996
v -51.999992 23.000000 -9.999995
v -51.999992 26.999998 -9.999995
v -27.999990 23.000000 30.000002
v -27.999990 23.000000 40.000000
v -27.999990 26.999998 40.000000
v -27.999989 26.999998 -41.445114
v -27.999989 23.000000 -41.445114
v -27.999994 23.000000 -29.999996
v -27.999994 23.000000 -19.999996
v -27.999994 26.999998 -29.999996
v -27.999994 26.999998 -19.999996
v -27.999994 23.000000 -9.999995
v -27.999990 23.000000 10.000002
v -27.999990 23.000000 20.000002
v -27.999990 26.999998 10.000002
v -27.999990 26.999998 20.000002
v -27.999990 26.999998 30.000002
v -51.999989 26.999998 40.000000
v -51.999989 23.000000 40.000000
v -52.000000 26.999998 -29.999996
v -52.000000 23.000000 -41.445114
v -52.000000 26.999998 -41.445114
v -50.278122 37.000038 20.000002
v -50.393326 38.000000 20.000002
v -31.187246 36.999962 20.000004
v -43.333324 37.999992 -23.749996
v -29.721869 37.000038 -19.999996
v -35.954338 37.000038 0.000002
v -35.954338 37.000038 10.000002
v -36.599583 37.000038 32.904755
v -35.954330 37.000038 20.000002
v -36.599586 37.000038 -32.904747
v -35.954338 37.000038 -19.999996
v -35.954338 37.000038 -9.999995
v -35.954338 37.000038 -29.999996
v -35.954330 37.000038 30.000002
v -35.960499 37.000038 23.725002
v -35.954338 37.000038 -23.749996
v -44.045647 37.000038 0.000002
v -44.045647 37.000038 10.000002
v -44.045647 37.000038 -9.999995
v -44.045654 37.000038 20.000002
v -44.045647 37.000038 -19.999996
v -44.045647 37.000038 -29.999996
v -43.400402 37.000038 32.904755
v -43.400398 37.000038 -32.904747
v -44.045654 37.000038 30.000002
v -44.045647 37.000038 -23.749996
v -48.849991 36.999962 -29.999998
v -50.278122 37.000038 -29.999996
v -29.606663 38.000000 -29.999996
v -29.721863 37.000038 30.000002
v -29.606663 38.000000 30.000002
v -50.278122 37.000038 30.000002
v -50.393326 38.000000 30.000002
v -48.812759 37.000038 30.000002
v -35.960499 37.000038 26.235001
v -43.333328 37.000038 26.250002
v -59.999992 15.999999 -29.999996
v -43.333324 23.000000 -26.249996
v -53.307526 15.000000 26.668989
v -35.949993 23.000000 -26.249996
v -36.666660 23.000000 -26.249996
v -44.046661 23.000000 26.250002
v -35.953327 23.000000 26.250002
v -54.032917 14.999999 26.108334
v -54.032917 14.999999 23.750004
v -55.464458 22.508764 29.999998
v -55.464458 22.508764 -0.000002
v -55.464458 22.508764 -10.000001
v -54.032497 14.999999 20.000002
v -54.032497 14.999999 30.000002
v -54.018250 14.999999 -19.999996
v -55.944603 14.616513 34.950001
v -55.464470 22.508764 33.000000
v -55.464470 22.508764 34.949997
v -55.944599 15.999258 36.394821
v -55.944599 14.711719 36.317894
v -55.611328 22.757025 36.256824
v -55.657440 22.835875 34.949997
v -54.859371 21.486935 36.399994
v -55.936050 14.605180 -34.949997
v -55.464462 22.508764 -33.000000
v -55.464462 22.508764 -34.950001
v -55.936050 15.999260 -36.394814
v -55.936050 14.711691 -36.318001
v -55.611324 22.757025 -36.256824
v -54.859360 21.486935 -36.394817
v -55.657433 22.835875 -34.950001
v -54.032497 14.999999 10.000002
v -54.018250 14.999999 -9.999995
v -54.018253 14.999999 -29.999996
v -54.025787 14.999999 -23.750000
v -55.464458 22.508764 -29.999998
v -53.999985 15.000001 -26.000002
v -59.310722 18.141014 -29.999992
v -59.310719 18.141014 0.000002
v -59.310719 18.141014 10.000002
v -59.310719 18.141014 -9.999996
v -59.310719 18.141014 30.000002
v -59.310719 18.141014 20.000002
v -59.310726 18.141014 33.000004
v -58.267502 17.712036 36.399998
v -59.310726 18.141014 34.950001
v -59.564289 18.278976 36.257736
v -59.648773 18.307304 34.950001
v -52.299988 18.600000 36.398705
v -50.000000 18.600000 36.399998
v -59.310722 18.141014 -32.999996
v -59.310722 18.141014 -34.949993
v -59.564285 18.278976 -36.257729
v -58.267498 17.712036 -36.394814
v -59.648766 18.307304 -34.949993
v -52.299995 18.600000 -36.401295
v -49.999996 18.600000 -36.400002
v -55.299992 18.600002 -36.399998
v -55.299988 18.600002 36.400002
v -50.278122 37.000038 10.000002
v -50.278122 37.000038 -9.999995
v -53.299984 0.999999 -5.999995
v -53.299984 14.999999 -5.999997
v -26.700001 14.999999 -5.999997
v -39.999992 14.999999 -5.999998
v -26.700418 14.999999 6.000001
v -39.999992 14.999999 6.000000
v -53.299568 14.999999 6.000001
v -26.700001 0.999995 3.750005
v -39.999992 0.999995 -3.749994
v -39.999992 0.999995 3.750006
v -26.700001 0.999995 0.000005
v -39.999992 0.999995 0.000006
v -53.299984 0.999994 6.000001
v -26.700001 0.999994 6.000001
v -39.999992 0.999994 6.000003
v -26.700001 0.999999 -5.999995
v -39.999992 0.999997 -5.999995
v -53.299984 14.999999 -13.750001
v -53.299988 14.999999 -16.250002
v -53.307526 14.999999 16.255339
v -59.999992 0.999999 -35.000000
v -53.333328 0.999999 -35.000004
v -60.000000 -2.000000 33.000000
v -53.333328 0.999999 35.000004
v -59.999992 0.999999 33.000000
v -53.333328 14.619914 35.000004
v -59.310719 18.141014 -19.999996
v -55.464458 22.508764 -20.000000
v -57.795868 20.891319 -10.000000
v -60.393326 15.999999 -19.803331
v -60.393326 15.999999 -10.000000
v -60.278122 14.721871 -19.860933
v -59.999992 15.999999 -20.000002
v -59.999992 15.999999 10.000005
v -59.999992 15.999999 20.000004
v -60.278122 14.721871 10.000005
v -60.278122 14.721871 20.000002
v -55.464458 22.508764 19.999998
v -55.464458 22.508764 9.999998
v -52.666656 23.000000 10.000002
v -52.666656 23.000000 20.000002
v -50.949993 21.812744 36.399998
v -50.999989 23.299999 36.300003
v -50.999992 14.701715 36.373981
v -50.999992 15.999999 36.399998
v -50.999992 -2.000000 35.000004
v -50.999989 18.600002 36.399998
v -50.999989 23.299999 35.000004
v -50.999992 0.999999 35.000004
v -50.999992 14.612547 34.975002
v -50.999992 23.299999 -36.299992
v -50.949989 21.812744 -36.394814
v -50.999989 15.999999 -36.394814
v -50.999989 14.701715 -36.373974
v -50.999989 -2.000000 -35.000004
v -50.999992 18.599998 -36.399998
v -50.999992 23.299999 -34.999996
v -50.999989 14.631428 -35.001999
v -50.999989 0.999999 -35.000004
v -48.849991 36.999962 10.000004
v -48.812737 36.999962 20.000004
v -48.849998 36.999962 -19.999998
v -31.149994 36.999962 10.000004
v -31.149988 36.999962 30.000008
v -31.149994 36.999962 -29.999998
v -31.149994 36.999962 -9.999996
v -32.000004 36.999962 10.000004
v -32.000004 36.999962 9.001393
v -32.000004 36.999962 10.998612
v -32.000004 22.999981 10.000002
v -32.000004 22.999981 10.998611
v -32.000004 22.999981 9.001390
v -32.000004 36.999962 -29.999998
v -32.000004 36.999962 -30.998610
v -32.000004 36.999962 -29.001389
v -32.000004 22.999981 -29.999996
v -32.000004 22.999981 -29.001387
v -32.000004 22.999981 -30.998608
v -32.000004 36.999962 -9.999996
v -32.000004 36.999962 -10.998606
v -32.000004 36.999962 -9.001388
v -32.000004 22.999981 -9.999996
v -32.000004 22.999981 -9.001387
v -32.000004 22.999981 -10.998607
v -32.000004 36.999962 0.000002
v -32.000004 36.999962 -0.998607
v -32.000004 36.999962 0.998611
v -32.000004 22.999981 0.000002
v -32.000004 22.999981 0.998611
v -32.000004 22.999981 -0.998609
v -32.000004 36.999962 20.000004
v -32.000004 36.999962 19.001396
v -32.000004 36.999962 20.998613
v -32.000004 22.999981 20.000002
v -32.000004 22.999981 20.998611
v -32.000004 22.999981 19.001390
v -32.000004 36.999962 -20.000000
v -32.000004 36.999962 -20.998610
v -32.000004 36.999962 -19.001390
v -32.000004 22.999981 -19.999998
v -32.000004 22.999981 -19.001389
v -32.000004 22.999981 -20.998610
v -33.000015 36.999992 10.000002
v -33.000015 36.999992 9.001392
v -33.000015 36.999992 10.998611
v -33.000015 23.000011 10.000001
v -33.000015 23.000011 10.998610
v -33.000015 23.000011 9.001390
v -33.000015 36.999992 -30.000000
v -33.000015 36.999992 -30.998611
v -33.000015 36.999992 -29.001390
v -33.000015 23.000011 -29.999998
v -33.000015 23.000011 -29.001389
v -33.000015 23.000011 -30.998610
v -33.000015 36.999992 -9.999998
v -33.000015 36.999992 -10.998607
v -33.000015 36.999992 -9.001389
v -33.000015 23.000011 -9.999998
v -33.000015 23.000011 -9.001388
v -33.000015 23.000011 -10.998608
v -33.000015 36.999992 0.000001
v -33.000015 36.999992 -0.998608
v -33.000015 36.999992 0.998610
v -33.000015 23.000011 0.000001
v -33.000015 23.000011 0.998610
v -33.000015 23.000011 -0.998611
v -33.000015 36.999992 20.000002
v -33.000015 36.999992 19.001394
v -33.000015 36.999992 20.998611
v -33.000015 23.000011 20.000000
v -33.000015 23.000011 20.998610
v -33.000015 23.000011 19.001390
v -33.000015 36.999992 -20.000002
v -33.000015 36.999992 -20.998611
v -33.000015 36.999992 -19.001392
v -33.000015 23.000011 -20.000000
v -33.000015 23.000011 -19.001390
v -33.000015 23.000011 -20.998611
v -47.000000 37.099976 10.000002
v -47.000000 37.099976 9.001392
v -47.000000 37.099976 10.998611
v -47.000000 23.099997 10.000001
v -47.000000 23.099997 10.998610
v -47.000000 23.099997 9.001390
v -47.000000 37.099976 -30.000000
v -47.000000 37.099976 -30.998611
v -47.000000 37.099976 -29.001390
v -47.000000 23.099997 -29.999998
v -47.000000 23.099997 -29.001389
v -47.000000 23.099997 -30.998610
v -47.000000 37.099976 -9.999998
v -47.000000 37.099976 -10.998607
v -47.000000 37.099976 -9.001389
v -47.000000 23.099997 -9.999998
v -47.000000 23.099997 -9.001388
v -47.000000 23.099997 -10.998608
v -47.000000 37.099976 0.000001
v -47.000000 37.099976 -0.998608
v -47.000000 37.099976 0.998610
v -47.000000 23.099997 0.000001
v -47.000000 23.099997 0.998610
v -47.000000 23.099997 -0.998611
v -47.000000 37.099976 20.000002
v -47.000000 37.099976 19.001394
v -47.000000 37.099976 20.998611
v -47.000000 23.099997 20.000000
v -47.000000 23.099997 20.998610
v -47.000000 23.099997 19.001390
v -47.000000 37.099976 -20.000002
v -47.000000 37.099976 -20.998611
v -47.000000 37.099976 -19.001392
v -47.000000 23.099997 -20.000000
v -47.000000 23.099997 -19.001390
v -47.000000 23.099997 -20.998611
v -48.000011 37.100006 10.000001
v -48.000011 37.100006 9.001390
v -48.000011 37.100006 10.998610
v -48.000011 23.100029 10.000000
v -48.000011 23.100029 10.998610
v -48.000011 23.100029 9.001389
v -48.000011 37.100006 -30.000002
v -48.000011 37.100006 -30.998613
v -48.000011 37.100006 -29.001392
v -48.000011 23.100029 -30.000000
v -48.000011 23.100029 -29.001390
v -48.000011 23.100029 -30.998611
v -48.000011 37.100006 -9.999999
v -48.000011 37.100006 -10.998608
v -48.000011 37.100006 -9.001390
v -48.000011 23.100029 -9.999999
v -48.000011 23.100029 -9.001389
v -48.000011 23.100029 -10.998610
v -48.000011 37.100006 -0.000001
v -48.000011 37.100006 -0.998610
v -48.000011 37.100006 0.998608
v -48.000011 23.100029 -0.000001
v -48.000011 23.100029 0.998608
v -48.000011 23.100029 -0.998612
v -48.000011 37.100006 20.000000
v -48.000011 37.100006 19.001392
v -48.000011 37.100006 20.998610
v -48.000011 23.100029 20.000000
v -48.000011 23.100029 20.998608
v -48.000011 23.100029 19.001389
v -48.000011 37.100006 -20.000004
v -48.000011 37.100006 -20.998613
v -48.000011 37.100006 -19.001392
v -48.000011 23.100029 -20.000002
v -48.000011 23.100029 -19.001390
v -48.000011 23.100029 -20.998613
v -29.721870 44.499992 0.000001
v -29.721870 44.500000 -9.999999
v -50.278126 44.499992 0.000001
v -50.278122 44.499989 19.999998
v -29.721869 44.500000 -35.000000
v -34.999996 44.500000 -40.278130
v -30.960932 44.500000 -39.039062
v -29.721869 44.500000 -19.999996
v -35.000000 44.499989 40.278130
v -39.999996 44.499989 40.278130
v -29.721872 44.499989 34.999996
v -30.960938 44.499989 39.039062
v -29.721872 44.499989 29.999998
v -29.721872 44.499989 9.999999
v -45.000000 44.500000 -40.278130
v -39.999996 44.500000 -40.278130
v -50.278130 44.500000 -35.000000
v -49.039062 44.500000 -39.039062
v -50.278122 44.499989 34.999996
v -44.999996 44.499989 40.278130
v -49.039059 44.499989 39.039062
v -50.278130 44.500000 -19.999996
v -29.721872 44.499989 19.999998
v -50.278122 44.499989 29.999998
v -29.721869 44.500000 -30.000000
v -50.278130 44.500000 -30.000000
v -50.278126 44.500000 -9.999999
v -50.278122 44.499989 9.999999
vt 0.246094 0.238281
vt 0.003906 0.238281
vt 0.003906 0.371094
vt 0.246094 0.371094
vt 0.246094 0.238281
vt 0.003906 0.238281
vt 0.003906 0.371094
vt 0.246094 0.371094
vt 0.246094 0.238281
vt 0.003906 0.238281
vt 0.246094 0.371094
vt 0.003906 0.371094
vt 0.003906 0.121094
vt 0.246094 0.121094
vt 0.246094 0.371094
vt 0.003906 0.371094
vt 0.246094 0.238281
vt 0.003906 0.238281
vt 0.003906 0.371094
vt 0.246094 0.371094
vt 0.246094 0.238281
vt 0.003906 0.238281
vt 0.246094 0.371094
vt 0.003906 0.371094
vt 0.003906 0.121094
vt 0.246094 0.121094
vt 0.003906 0.371094
vt 0.246094 0.371094
vt 0.144531 0.238281
vt 0.003906 0.878906
vt 0.144531 0.121094
vt 0.003906 0.878906
vt 0.246094 0.238281
vt 0.003906 0.988281
vt 0.144531 0.238281
vt 0.003906 0.878906
vt 0.144531 0.121094
vt 0.003906 0.878906
vt 0.035156 0.121094
vt 0.003906 0.761719
vt 0.035156 0.238281
vt 0.003906 0.761719
vt 0.003906 0.238281
vt 0.246094 0.238281
vt 0.003906 0.371094
vt 0.246094 0.371094
vt 0.246094 0.121094
vt 0.003906 0.121094
vt 0.003906 0.371094
vt 0.246094 0.371094
vt 0.144531 0.238281
vt 0.003906 0.878906
vt 0.144531 0.121094
vt 0.003906 0.878906
vt 0.246094 0.238281
vt 0.003906 0.238281
vt 0.003906 0.988281
vt 0.246094 0.371094
vt 0.144531 0.238281
vt 0.003906 0.878906
vt 0.035156 0.238281
vt 0.003906 0.761719
vt 0.003906 0.238281
vt 0.246094 0.238281
vt 0.003906 0.371094
vt 0.246094 0.371094
vt 0.246094 0.238281
vt 0.003906 0.238281
vt 0.003906 0.371094
vt 0.246094 0.371094
vt 0.144531 0.238281
vt 0.003906 0.878906
vt 0.144531 0.121094
vt 0.003906 0.878906
vt 0.144531 0.238281
vt 0.003906 0.878906
vt 0.144531 0.121094
vt 0.003906 0.878906
vt 0.035156 0.121094
vt 0.003906 0.761719
vt 0.035156 0.238281
vt 0.003906 0.761719
vt 0.144531 0.238281
vt 0.003906 0.878906
vt 0.246094 0.238281
vt 0.003906 0.988281
vt 0.144531 0.238281
vt 0.003906 0.878906
vt 0.035156 0.121094
vt 0.003906 0.761719
vt 0.035156 0.238281
vt 0.003906 0.761719
vt 0.246094 0.238281
vt 0.003906 0.238281
vt 0.003906 0.371094
vt 0.246094 0.371094
vt 0.003906 0.238281
vt 0.246094 0.238281
vt 0.003906 0.371094
vt 0.246094 0.371094
vt 0.003906 0.121094
vt 0.246094 0.121094
vt 0.003906 0.371094
vt 0.246094 0.371094
vt 0.246094 0.238281
vt 0.003906 0.238281
vt 0.003906 0.988281
vt 0.246094 0.371094
vt 0.246094 0.121094
vt 0.003906 0.121094
vt 0.003906 0.988281
vt 0.003906 0.371094
vt 0.246094 0.238281
vt 0.003906 0.988281
vt 0.003906 0.371094
vt 0.246094 0.238281
vt 0.003906 0.371094
vt 0.003906 0.988281
vt 0.003906 0.371094
vt 0.246094 0.371094
vt 0.003906 0.222656
vt 0.246094 0.222656
vt 0.246094 0.371094
vt 0.003906 0.371094
vt 0.410156 0.011719
vt 0.003906 0.339844
vt 0.246094 0.339844
vt 0.003906 0.324219
vt 0.246094 0.324219
vt 0.003906 0.121094
vt 0.246094 0.121094
vt 0.003906 0.371094
vt 0.246094 0.371094
vt 0.003906 0.121094
vt 0.246094 0.121094
vt 0.003906 0.371094
vt 0.246094 0.371094
vt 0.246094 0.324219
vt 0.003906 0.324219
vt 0.246094 0.339844
vt 0.003906 0.339844
vt 0.246094 0.371094
vt 0.003906 0.371094
vt 0.410156 0.011719
vt 0.003906 0.371094
vt 0.246094 0.371094
vt 0.410156 0.011719
vt 0.246094 0.371094
vt 0.003906 0.222656
vt 0.003906 0.371094
vt 0.246094 0.222656
vt 0.238281 0.371094
vt 0.125000 0.371094
vt 0.003906 0.222656
vt 0.246094 0.222656
vt 0.246094 0.371094
vt 0.003906 0.371094
vt 0.410156 0.011719
vt 0.246094 0.339844
vt 0.246094 0.324219
vt 0.003906 0.339844
vt 0.246094 0.121094
vt 0.003906 0.121094
vt 0.003906 0.371094
vt 0.246094 0.371094
vt 0.246094 0.371094
vt 0.003906 0.371094
vt 0.410156 0.011719
vt 0.316406 0.371094
vt 0.410156 0.003906
vt 0.496094 0.003906
vt 0.156484 0.371094
vt 0.339844 0.003906
vt 0.339844 0.371094
vt 0.156484 0.351797
vt 0.402344 0.371094
vt 0.095453 0.351797
vt 0.003906 0.371094
vt 0.246094 0.371094
vt 0.410156 0.011719
vt 0.246094 0.082031
vt 0.003906 0.082031
vt 0.425781 0.371094
vt 0.128906 0.003906
vt 0.155273 0.371094
vt 0.339844 0.003906
vt 0.402344 0.003906
vt 0.402344 0.371094
vt 0.155273 0.351797
vt 0.378906 0.003906
vt 0.246094 0.003906
vt 0.246094 0.371094
vt 0.246094 0.371094
vt 0.003906 0.371094
vt 0.410156 0.011719
vt 0.003906 0.324219
vt 0.246094 0.324219
vt 0.246094 0.339844
vt 0.003906 0.339844
vt 0.246094 0.121094
vt 0.003906 0.121094
vt 0.003906 0.371094
vt 0.246094 0.371094
vt 0.128906 0.222656
vt 0.058594 0.878906
vt 0.027344 0.878906
vt 0.035156 0.878906
vt 0.019531 0.222656
vt 0.058594 0.761719
vt 0.003906 0.003906
vt 0.378906 0.371094
vt 0.308594 0.371094
vt 0.097656 0.371094
vt 0.167969 0.371094
vt 0.308594 0.003906
vt 0.027344 0.878906
vt 0.035156 0.878906
vt 0.128906 0.222656
vt 0.058594 0.878906
vt 0.035156 0.761719
vt 0.027344 0.761719
vt 0.027344 0.902344
vt 0.003906 0.753906
vt 0.003906 0.324219
vt 0.246094 0.339844
vt 0.316406 0.371094
vt 0.155273 0.371094
vt 0.230469 0.371094
vt 0.316406 0.003906
vt 0.253906 0.371094
vt 0.316406 0.371094
vt 0.156484 0.371094
vt 0.253906 0.003906
vt 0.410156 0.011719
vt 0.425781 0.371094
vt 0.095453 0.371094
vt 0.121094 0.371094
vt 0.121094 0.003906
vt 0.425781 0.003906
vt 0.339844 0.003906
vt 0.246094 0.371094
vt 0.003906 0.371094
vt 0.410156 0.011719
vt 0.003906 0.324219
vt 0.246094 0.339844
vt 0.003906 0.339844
vt 0.246094 0.324219
vt 0.003906 0.371094
vt 0.246094 0.371094
vt 0.378906 0.003906
vt 0.027344 0.878906
vt 0.035156 0.878906
vt 0.128906 0.222656
vt 0.058594 0.878906
vt 0.019531 0.222656
vt 0.058594 0.761719
vt 0.378906 0.371094
vt 0.246094 0.371094
vt 0.378906 0.003906
vt 0.035156 0.996094
vt 0.027344 0.988281
vt 0.246094 0.121094
vt 0.003906 0.988281
vt 0.308594 0.371094
vt 0.097656 0.371094
vt 0.167969 0.371094
vt 0.308594 0.003906
vt 0.128906 0.222656
vt 0.058594 0.878906
vt 0.027344 0.878906
vt 0.035156 0.878906
vt 0.035156 0.761719
vt 0.027344 0.761719
vt 0.144531 0.121094
vt 0.003906 0.878906
vt 0.035156 0.121094
vt 0.003906 0.761719
vt 0.316406 0.003906
vt 0.496094 0.371094
vt 0.316406 0.371094
vt 0.496094 0.003906
vt 0.094727 0.371094
vt 0.410156 0.003906
vt 0.128906 0.003906
vt 0.425781 0.371094
vt 0.155273 0.371094
vt 0.121094 0.003906
vt 0.425781 0.003906
vt 0.402344 0.371094
vt 0.155273 0.351797
vt 0.246094 0.253906
vt 0.496094 0.371094
vt 0.316406 0.003906
vt 0.316406 0.003906
vt 0.253906 0.371094
vt 0.378906 0.003906
vt 0.246094 0.003906
vt 0.246094 0.371094
vt 0.378906 0.371094
vt 0.246094 0.371094
vt 0.035156 0.996094
vt 0.246094 0.324219
vt 0.027344 0.988281
vt 0.003906 0.339844
vt 0.246094 0.371094
vt 0.003906 0.222656
vt 0.246094 0.222656
vt 0.003906 0.371094
vt 0.246094 0.371094
vt 0.003906 0.371094
vt 0.410156 0.011719
vt 0.003906 0.121094
vt 0.246094 0.121094
vt 0.003906 0.371094
vt 0.246094 0.371094
vt 0.246094 0.339844
vt 0.246094 0.324219
vt 0.003906 0.339844
vt 0.003906 0.324219
vt 0.246094 0.371094
vt 0.003906 0.371094
vt 0.410156 0.011719
vt 0.246094 0.121094
vt 0.003906 0.988281
vt 0.035156 0.878906
vt 0.027344 0.878906
vt 0.128906 0.222656
vt 0.058594 0.878906
vt 0.246094 0.222656
vt 0.058594 0.996094
vt 0.019531 0.222656
vt 0.058594 0.761719
vt 0.378906 0.371094
vt 0.246094 0.371094
vt 0.378906 0.003906
vt 0.027344 0.988281
vt 0.035156 0.996094
vt 0.402344 0.003906
vt 0.402344 0.105469
vt 0.027344 0.753906
vt 0.308594 0.371094
vt 0.097656 0.371094
vt 0.167969 0.371094
vt 0.308594 0.003906
vt 0.128906 0.222656
vt 0.058594 0.878906
vt 0.027344 0.878906
vt 0.035156 0.878906
vt 0.035156 0.761719
vt 0.027344 0.761719
vt 0.003906 0.003906
vt 0.378906 0.371094
vt 0.378906 0.003906
vt 0.246094 0.371094
vt 0.003906 0.371094
vt 0.128906 0.222656
vt 0.058594 0.878906
vt 0.144531 0.121094
vt 0.003906 0.878906
vt 0.035156 0.878906
vt 0.027344 0.878906
vt 0.019531 0.222656
vt 0.058594 0.761719
vt 0.246094 0.371094
vt 0.378906 0.371094
vt 0.308594 0.371094
vt 0.097656 0.371094
vt 0.167969 0.371094
vt 0.308594 0.003906
vt 0.128906 0.222656
vt 0.058594 0.878906
vt 0.144531 0.121094
vt 0.003906 0.878906
vt 0.035156 0.878906
vt 0.027344 0.878906
vt 0.058594 0.996094
vt 0.246094 0.222656
vt 0.035156 0.761719
vt 0.027344 0.761719
vt 0.253906 0.003906
vt 0.316406 0.003906
vt 0.246094 0.003906
vt 0.003906 0.003906
vt 0.316406 0.371094
vt 0.094727 0.371094
vt 0.253906 0.371094
vt 0.246094 0.003906
vt 0.003906 0.003906
vt 0.425781 0.371094
vt 0.155273 0.371094
vt 0.128906 0.003906
vt 0.128906 0.371094
vt 0.425781 0.003906
vt 0.339844 0.003906
vt 0.402344 0.003906
vt 0.402344 0.371094
vt 0.155273 0.353281
vt 0.425781 0.003906
vt 0.121094 0.003906
vt 0.339844 0.003906
vt 0.402344 0.003906
vt 0.339844 0.371094
vt 0.155273 0.353281
vt 0.402344 0.371094
vt 0.094727 0.353281
vt 0.246094 0.371094
vt 0.003906 0.371094
vt 0.246094 0.003906
vt 0.042969 0.753906
vt 0.042969 0.996094
vt 0.042969 0.753906
vt 0.042969 0.996094
vt 0.003906 0.207031
vt 0.113281 0.753906
vt 0.246094 0.207031
vt 0.113281 0.996094
vt 0.246094 0.222656
vt 0.003906 0.222656
vt 0.246094 0.371094
vt 0.003906 0.371094
vt 0.246094 0.253906
vt 0.003906 0.253906
vt 0.246094 0.222656
vt 0.246094 0.371094
vt 0.003906 0.371094
vt 0.003906 0.222656
vt 0.128906 0.003906
vt 0.246094 0.371094
vt 0.003906 0.371094
vt 0.003906 0.371094
vt 0.238281 0.371094
vt 0.246094 0.371094
vt 0.246094 0.082031
vt 0.003906 0.082031
vt 0.246094 0.324219
vt 0.246094 0.339844
vt 0.003906 0.324219
vt 0.003906 0.339844
vt 0.238281 0.371094
vt 0.003906 0.371094
vt 0.246094 0.371094
vt 0.242198 0.371094
vt 0.003906 0.371094
vt 0.214844 0.003906
vt 0.316406 0.371094
vt 0.003906 0.003906
vt 0.253906 0.371094
vt 0.128906 0.003906
vt 0.425781 0.371094
vt 0.128906 0.371094
vt 0.425781 0.003906
vt 0.339844 0.003906
vt 0.402344 0.003906
vt 0.339844 0.371094
vt 0.402344 0.371094
vt 0.316406 0.371094
vt 0.003906 0.003906
vt 0.246094 0.003906
vt 0.253906 0.371094
vt 0.121094 0.371094
vt 0.425781 0.371094
vt 0.121094 0.003906
vt 0.425781 0.003906
vt 0.339844 0.003906
vt 0.402344 0.003906
vt 0.339844 0.371094
vt 0.402344 0.371094
vt 0.042969 0.753906
vt 0.042969 0.996094
vt 0.113281 0.753906
vt 0.003906 0.207031
vt 0.246094 0.207031
vt 0.113281 0.996094
vt 0.113281 0.996094
vt 0.113281 0.753906
vt 0.246094 0.207031
vt 0.003906 0.207031
vt 0.042969 0.996094
vt 0.042969 0.753906
vt 0.003906 0.003906
vt 0.246094 0.371094
vt 0.003906 0.371094
vt 0.238281 0.371094
vt 0.261719 0.003906
vt 0.003906 0.371094
vt 0.238281 0.371094
vt 0.246094 0.222656
vt 0.003906 0.371094
vt 0.003906 0.222656
vt 0.246094 0.371094
vt 0.246094 0.324219
vt 0.246094 0.339844
vt 0.003906 0.324219
vt 0.003906 0.339844
vt 0.238281 0.371094
vt 0.246094 0.371094
vt 0.003906 0.371094
vt 0.003906 0.371094
vt 0.238281 0.371094
vt 0.488281 0.003906
vt 0.238281 0.371094
vt 0.246094 0.371094
vt 0.003906 0.371094
vt 0.003906 0.371094
vt 0.261719 0.371094
vt 0.238281 0.371094
vt 0.246094 0.339844
vt 0.003906 0.339844
vt 0.238281 0.371094
vt 0.246094 0.371094
vt 0.003906 0.371094
vt 0.488281 0.371094
vt 0.238281 0.371094
vt 0.238281 0.371094
vt 0.246094 0.371094
vt 0.246094 0.324219
vt 0.003906 0.324219
vt 0.246094 0.339844
vt 0.003906 0.339844
vt 0.238281 0.371094
vt 0.246094 0.371094
vt 0.003906 0.371094
vt 0.246094 0.222656
vt 0.238281 0.371094
vt 0.003906 0.371094
vt 0.003906 0.222656
vt 0.246094 0.371094
vt 0.003906 0.371094
vt 0.238281 0.371094
vt 0.488281 0.371094
vt 0.003906 0.339844
vt 0.246094 0.339844
vt 0.488281 0.371094
vt 0.261719 0.371094
vt 0.121094 0.371094
vt 0.125000 0.339844
vt 0.125000 0.324219
vt 0.125000 0.339844
vt 0.121094 0.371094
vt 0.125000 0.371094
vt 0.121094 0.371094
vt 0.125000 0.222656
vt 0.121094 0.371094
vt 0.125000 0.371094
vt 0.125000 0.371094
vt 0.121094 0.371094
vt 0.125000 0.371094
vt 0.261719 0.003906
vt 0.488281 0.003906
vt 0.121094 0.371094
vt 0.488281 0.003906
vt 0.261719 0.003906
vt 0.121094 0.371094
vt 0.125000 0.339844
vt 0.121094 0.371094
vt 0.125000 0.371094
vt 0.121094 0.371094
vt 0.125000 0.222656
vt 0.121094 0.371094
vt 0.125000 0.371094
vt 0.125000 0.324219
vt 0.125000 0.339844
vt 0.121094 0.371094
vt 0.125000 0.371094
vt 0.125000 0.371094
vt 0.261719 0.371094
vt 0.488281 0.371094
vt 0.121094 0.371094
vt 0.339844 0.371094
vt 0.097656 0.589844
vt 0.402344 0.371094
vt 0.183594 0.589844
vt 0.402344 0.371094
vt 0.339844 0.371094
vt 0.183594 0.589844
vt 0.097656 0.589844
vt 0.339844 0.371094
vt 0.402344 0.371094
vt 0.097656 0.589844
vt 0.402344 0.371094
vt 0.339844 0.371094
vt 0.183594 0.589844
vt 0.339844 0.371094
vt 0.402344 0.371094
vt 0.183594 0.589844
vt 0.097656 0.589844
vt 0.230469 0.527344
vt 0.058594 0.808594
vt 0.058594 0.980469
vt 0.058594 0.527344
vt 0.058594 0.980469
vt 0.058594 0.808594
vt 0.230469 0.527344
vt 0.058594 0.527344
vt 0.058594 0.980469
vt 0.003906 0.980469
vt 0.058594 0.527344
vt 0.058594 0.808594
vt 0.003906 0.808594
vt 0.230469 0.527344
vt 0.230469 0.527344
vt 0.058594 0.527344
vt 0.058594 0.980469
vt 0.058594 0.808594
vt 0.003906 0.980469
vt 0.003906 0.808594
vt 0.003906 0.980469
vt 0.003906 0.808594
vt 0.003906 0.980469
vt 0.058594 0.980469
vt 0.058594 0.808594
vt 0.003906 0.808594
vt 0.003906 0.980469
vt 0.003906 0.808594
vt 0.339844 0.003906
vt 0.402344 0.003906
vt 0.097656 0.527344
vt 0.183594 0.589844
vt 0.339844 0.003906
vt 0.402344 0.003906
vt 0.097656 0.589844
vt 0.183594 0.589844
vt 0.339844 0.003906
vt 0.402344 0.003906
vt 0.097656 0.589844
vt 0.339844 0.003906
vt 0.183594 0.589844
vt 0.402344 0.003906
vt 0.339844 0.003906
vt 0.402344 0.003906
vt 0.097656 0.589844
vt 0.183594 0.527344
vt 0.058594 0.589844
vt 0.058594 0.808594
vt 0.058594 0.980469
vt 0.230469 0.527344
vt 0.058594 0.527344
vt 0.058594 0.980469
vt 0.058594 0.808594
vt 0.230469 0.527344
vt 0.058594 0.980469
vt 0.003906 0.980469
vt 0.058594 0.527344
vt 0.058594 0.808594
vt 0.003906 0.808594
vt 0.230469 0.527344
vt 0.058594 0.527344
vt 0.058594 0.980469
vt 0.058594 0.808594
vt 0.230469 0.589844
vt 0.003906 0.980469
vt 0.003906 0.808594
vt 0.003906 0.980469
vt 0.003906 0.808594
vt 0.003906 0.980469
vt 0.058594 0.980469
vt 0.058594 0.808594
vt 0.003906 0.808594
vt 0.003906 0.980469
vt 0.003906 0.808594
vt 0.339844 0.371094
vt 0.402344 0.371094
vt 0.183594 0.589844
vt 0.097656 0.589844
vt 0.402344 0.371094
vt 0.339844 0.371094
vt 0.097656 0.589844
vt 0.183594 0.589844
vt 0.097656 0.589844
vt 0.339844 0.371094
vt 0.402344 0.371094
vt 0.402344 0.371094
vt 0.339844 0.371094
vt 0.183594 0.589844
vt 0.339844 0.371094
vt 0.402344 0.371094
vt 0.183594 0.589844
vt 0.097656 0.589844
vt 0.058594 0.808594
vt 0.058594 0.980469
vt 0.230469 0.527344
vt 0.058594 0.527344
vt 0.058594 0.527344
vt 0.058594 0.980469
vt 0.058594 0.808594
vt 0.230469 0.527344
vt 0.058594 0.980469
vt 0.003906 0.980469
vt 0.058594 0.527344
vt 0.058594 0.808594
vt 0.003906 0.808594
vt 0.230469 0.527344
vt 0.230469 0.527344
vt 0.058594 0.527344
vt 0.058594 0.980469
vt 0.058594 0.808594
vt 0.003906 0.980469
vt 0.003906 0.808594
vt 0.003906 0.980469
vt 0.003906 0.808594
vt 0.003906 0.980469
vt 0.058594 0.980469
vt 0.058594 0.808594
vt 0.003906 0.808594
vt 0.003906 0.980469
vt 0.003906 0.808594
vt 0.097656 0.527344
vt 0.339844 0.003906
vt 0.183594 0.589844
vt 0.402344 0.003906
vt 0.339844 0.003906
vt 0.402344 0.003906
vt 0.097656 0.589844
vt 0.183594 0.589844
vt 0.339844 0.003906
vt 0.402344 0.003906
vt 0.097656 0.589844
vt 0.339844 0.003906
vt 0.402344 0.003906
vt 0.183594 0.589844
vt 0.339844 0.003906
vt 0.183594 0.527344
vt 0.402344 0.003906
vt 0.097656 0.589844
vt 0.058594 0.589844
vt 0.058594 0.808594
vt 0.058594 0.980469
vt 0.230469 0.527344
vt 0.058594 0.527344
vt 0.058594 0.980469
vt 0.058594 0.808594
vt 0.230469 0.527344
vt 0.058594 0.980469
vt 0.003906 0.980469
vt 0.058594 0.527344
vt 0.058594 0.808594
vt 0.003906 0.808594
vt 0.230469 0.527344
vt 0.058594 0.527344
vt 0.230469 0.589844
vt 0.058594 0.980469
vt 0.058594 0.808594
vt 0.003906 0.980469
vt 0.003906 0.808594
vt 0.003906 0.980469
vt 0.003906 0.808594
vt 0.003906 0.980469
vt 0.058594 0.980469
vt 0.058594 0.808594
vt 0.003906 0.808594
vt 0.003906 0.980469
vt 0.003906 0.808594
vt 0.253906 0.003906
vt 0.316406 0.003906
vt 0.246094 0.003906
vt 0.003906 0.003906
vt 0.003906 0.371094
vt 0.214844 0.371094
vt 0.003906 0.371094
vt 0.246094 0.371094
vt 0.246094 0.371094
vt 0.003906 0.371094
vt 0.128906 0.003906
vt 0.253906 0.003906
vt 0.246094 0.003906
vt 0.003906 0.003906
vt 0.316406 0.003906
vt 0.128906 0.003906
vt 0.003906 0.371094
vt 0.246094 0.371094
vt 0.128906 0.371094
vt 0.253906 0.371094
vt 0.214844 0.003906
vt 0.003906 0.003906
vt 0.155273 0.371094
vt 0.316406 0.371094
vt 0.003906 0.371094
vt 0.246094 0.222656
vt 0.246094 0.371094
vt 0.003906 0.222656
vt 0.425781 0.371094
vt 0.121094 0.371094
vt 0.094727 0.371094
vt 0.246094 0.324219
vt 0.003906 0.324219
vt 0.003906 0.339844
vt 0.246094 0.339844
vt 0.003906 0.371094
vt 0.238281 0.371094
vt 0.246094 0.371094
vt 0.246094 0.353281
vt 0.003906 0.353281
vt 0.339844 0.371094
vt 0.094727 0.353281
vt 0.402344 0.003906
vt 0.128906 0.371094
vt 0.339844 0.003906
vt 0.019531 0.003906
vt 0.154870 0.371094
vt 0.402344 0.371094
vt 0.157292 0.352153
vt 0.128906 0.003906
vt 0.230469 0.003906
vt 0.316406 0.003906
vt 0.339844 0.003906
vt 0.425781 0.003906
vt 0.121094 0.003906
vt 0.339844 0.003906
vt 0.402344 0.003906
vt 0.113281 0.753906
vt 0.246094 0.207031
vt 0.003906 0.207031
vt 0.113281 0.996094
vt 0.042969 0.753906
vt 0.042969 0.996094
vt 0.003906 0.253906
vt 0.246094 0.253906
vt 0.003906 0.371094
vt 0.246094 0.371094
vt 0.042969 0.996094
vt 0.042969 0.753906
vt 0.113281 0.996094
vt 0.003906 0.207031
vt 0.246094 0.207031
vt 0.113281 0.753906
vt 0.246094 0.371094
vt 0.003906 0.003906
vt 0.003906 0.371094
vt 0.246094 0.207031
vt 0.128906 0.988281
vt 0.113281 0.996094
vt 0.058594 0.753906
vt 0.003906 0.253906
vt 0.246094 0.253906
vt 0.246094 0.371094
vt 0.003906 0.222656
vt 0.246094 0.222656
vt 0.003906 0.371094
vt 0.246094 0.371094
vt 0.003906 0.371094
vt 0.246094 0.371094
vt 0.238281 0.371094
vt 0.003906 0.371094
vt 0.003906 0.996094
vt 0.242188 0.371094
vt 0.246094 0.371094
vt 0.246094 0.082031
vt 0.003906 0.371094
vt 0.003906 0.222656
vt 0.027344 0.753906
vt 0.003906 0.902344
vt 0.003906 0.996094
vt 0.242188 0.371094
vt 0.003906 0.371094
vt 0.003906 0.363281
vt 0.300781 0.371094
vt 0.183594 0.589844
vt 0.097656 0.589844
vt 0.402344 0.371094
vt 0.339844 0.371094
vt 0.183594 0.589844
vt 0.339844 0.371094
vt 0.097656 0.589844
vt 0.402344 0.371094
vt 0.097656 0.589844
vt 0.402344 0.371094
vt 0.339844 0.371094
vt 0.402344 0.371094
vt 0.183594 0.589844
vt 0.339844 0.371094
vt 0.183594 0.589844
vt 0.339844 0.371094
vt 0.097656 0.589844
vt 0.402344 0.371094
vt 0.058594 0.980469
vt 0.058594 0.527344
vt 0.230469 0.527344
vt 0.058594 0.808594
vt 0.058594 0.808594
vt 0.230469 0.527344
vt 0.058594 0.527344
vt 0.058594 0.980469
vt 0.058594 0.980469
vt 0.003906 0.980469
vt 0.058594 0.527344
vt 0.058594 0.808594
vt 0.003906 0.808594
vt 0.230469 0.527344
vt 0.058594 0.527344
vt 0.058594 0.980469
vt 0.058594 0.808594
vt 0.230469 0.527344
vt 0.003906 0.980469
vt 0.003906 0.808594
vt 0.003906 0.980469
vt 0.003906 0.808594
vt 0.003906 0.980469
vt 0.058594 0.980469
vt 0.058594 0.808594
vt 0.003906 0.808594
vt 0.003906 0.980469
vt 0.003906 0.808594
vt 0.097656 0.527344
vt 0.339844 0.003906
vt 0.402344 0.003906
vt 0.183594 0.589844
vt 0.339844 0.003906
vt 0.183594 0.589844
vt 0.097656 0.589844
vt 0.402344 0.003906
vt 0.339844 0.003906
vt 0.402344 0.003906
vt 0.097656 0.589844
vt 0.339844 0.003906
vt 0.183594 0.589844
vt 0.402344 0.003906
vt 0.339844 0.003906
vt 0.097656 0.589844
vt 0.183594 0.527344
vt 0.402344 0.003906
vt 0.230469 0.527344
vt 0.058594 0.808594
vt 0.058594 0.589844
vt 0.058594 0.980469
vt 0.058594 0.980469
vt 0.058594 0.808594
vt 0.230469 0.527344
vt 0.058594 0.527344
vt 0.058594 0.980469
vt 0.058594 0.527344
vt 0.003906 0.980469
vt 0.230469 0.527344
vt 0.058594 0.808594
vt 0.003906 0.808594
vt 0.058594 0.527344
vt 0.230469 0.589844
vt 0.058594 0.808594
vt 0.058594 0.980469
vt 0.003906 0.980469
vt 0.003906 0.808594
vt 0.003906 0.808594
vt 0.003906 0.980469
vt 0.003906 0.980469
vt 0.058594 0.980469
vt 0.058594 0.808594
vt 0.003906 0.808594
vt 0.003906 0.980469
vt 0.003906 0.808594
vt 0.183594 0.589844
vt 0.097656 0.589844
vt 0.339844 0.371094
vt 0.402344 0.371094
vt 0.402344 0.371094
vt 0.097656 0.589844
vt 0.183594 0.589844
vt 0.339844 0.371094
vt 0.339844 0.371094
vt 0.402344 0.371094
vt 0.097656 0.589844
vt 0.402344 0.371094
vt 0.183594 0.589844
vt 0.339844 0.371094
vt 0.183594 0.589844
vt 0.339844 0.371094
vt 0.097656 0.589844
vt 0.402344 0.371094
vt 0.230469 0.527344
vt 0.058594 0.980469
vt 0.058594 0.527344
vt 0.058594 0.808594
vt 0.058594 0.527344
vt 0.058594 0.808594
vt 0.058594 0.980469
vt 0.230469 0.527344
vt 0.058594 0.980469
vt 0.003906 0.980469
vt 0.058594 0.527344
vt 0.058594 0.808594
vt 0.003906 0.808594
vt 0.230469 0.527344
vt 0.058594 0.980469
vt 0.058594 0.808594
vt 0.058594 0.527344
vt 0.230469 0.527344
vt 0.003906 0.980469
vt 0.003906 0.808594
vt 0.003906 0.980469
vt 0.003906 0.808594
vt 0.003906 0.980469
vt 0.058594 0.980469
vt 0.058594 0.808594
vt 0.003906 0.808594
vt 0.003906 0.980469
vt 0.003906 0.808594
vt 0.339844 0.003906
vt 0.097656 0.527344
vt 0.183594 0.589844
vt 0.402344 0.003906
vt 0.339844 0.003906
vt 0.183594 0.589844
vt 0.097656 0.589844
vt 0.402344 0.003906
vt 0.339844 0.003906
vt 0.402344 0.003906
vt 0.097656 0.589844
vt 0.339844 0.003906
vt 0.183594 0.589844
vt 0.402344 0.003906
vt 0.339844 0.003906
vt 0.402344 0.003906
vt 0.183594 0.527344
vt 0.097656 0.589844
vt 0.058594 0.980469
vt 0.058594 0.589844
vt 0.230469 0.527344
vt 0.058594 0.808594
vt 0.230469 0.527344
vt 0.058594 0.527344
vt 0.058594 0.980469
vt 0.058594 0.808594
vt 0.058594 0.980469
vt 0.003906 0.980469
vt 0.058594 0.527344
vt 0.003906 0.808594
vt 0.058594 0.808594
vt 0.230469 0.527344
vt 0.230469 0.589844
vt 0.058594 0.808594
vt 0.058594 0.980469
vt 0.058594 0.527344
vt 0.003906 0.980469
vt 0.003906 0.808594
vt 0.003906 0.808594
vt 0.003906 0.980469
vt 0.003906 0.980469
vt 0.058594 0.980469
vt 0.058594 0.808594
vt 0.003906 0.808594
vt 0.003906 0.980469
vt 0.003906 0.808594
vt 0.316406 0.003906
vt 0.019531 0.003906
vt 0.316406 0.371094
vt 0.019531 0.371094
vt 0.094727 0.371094
vt 0.425781 0.371094
vt 0.155273 0.371094
vt 0.128906 0.003906
vt 0.425781 0.003906
vt 0.128906 0.371094
vt 0.339844 0.003906
vt 0.402344 0.003906
vt 0.230469 0.003906
vt 0.339844 0.003906
vt 0.121094 0.003906
vt 0.402344 0.003906
vt 0.003906 0.207031
vt 0.128906 0.988281
vt 0.058594 0.753906
vt 0.113281 0.753906
vt 0.042969 0.753906
vt 0.003906 0.753906
vt 0.246094 0.371094
vt 0.003906 0.371094
vt 0.042969 0.753906
vt 0.042969 0.996094
vt 0.246094 0.207031
vt 0.003906 0.207031
vt 0.113281 0.753906
vt 0.113281 0.996094
vt 0.128906 0.847656
vt 0.246094 0.371094
vt 0.003906 0.371094
vt 0.300781 0.003906
vt 0.003906 0.207031
vt 0.246094 0.207031
vt 0.113281 0.996094
vt 0.113281 0.753906
vt 0.246094 0.371094
vt 0.003906 0.371094
vt 0.003906 0.003906
vt 0.003906 0.253906
vt 0.246094 0.253906
vt 0.246094 0.371094
vt 0.246094 0.222656
vt 0.003906 0.371094
vt 0.003906 0.222656
vt 0.246094 0.371094
vt 0.003906 0.371094
vt 0.003906 0.082031
vt 0.246094 0.082031
vt 0.003906 0.082031
vt 0.246094 0.082031
vt 0.246094 0.371094
vt 0.246094 0.003906
vt 0.003906 0.371094
vt 0.183594 0.589844
vt 0.097656 0.589844
vt 0.402344 0.371094
vt 0.339844 0.371094
vt 0.339844 0.371094
vt 0.402344 0.371094
vt 0.097656 0.589844
vt 0.183594 0.589844
vt 0.339844 0.371094
vt 0.097656 0.589844
vt 0.402344 0.371094
vt 0.402344 0.371094
vt 0.339844 0.371094
vt 0.183594 0.589844
vt 0.183594 0.589844
vt 0.339844 0.371094
vt 0.402344 0.371094
vt 0.097656 0.589844
vt 0.058594 0.527344
vt 0.058594 0.980469
vt 0.230469 0.527344
vt 0.058594 0.808594
vt 0.058594 0.808594
vt 0.058594 0.527344
vt 0.230469 0.527344
vt 0.058594 0.980469
vt 0.058594 0.980469
vt 0.003906 0.980469
vt 0.058594 0.527344
vt 0.058594 0.808594
vt 0.003906 0.808594
vt 0.230469 0.527344
vt 0.230469 0.527344
vt 0.058594 0.527344
vt 0.058594 0.980469
vt 0.058594 0.808594
vt 0.003906 0.980469
vt 0.003906 0.808594
vt 0.003906 0.980469
vt 0.003906 0.808594
vt 0.003906 0.980469
vt 0.058594 0.980469
vt 0.058594 0.808594
vt 0.003906 0.808594
vt 0.003906 0.980469
vt 0.003906 0.808594
vt 0.183594 0.589844
vt 0.339844 0.003906
vt 0.097656 0.527344
vt 0.402344 0.003906
vt 0.339844 0.003906
vt 0.183594 0.589844
vt 0.097656 0.589844
vt 0.402344 0.003906
vt 0.339844 0.003906
vt 0.097656 0.589844
vt 0.402344 0.003906
vt 0.339844 0.003906
vt 0.183594 0.589844
vt 0.402344 0.003906
vt 0.339844 0.003906
vt 0.097656 0.589844
vt 0.183594 0.527344
vt 0.402344 0.003906
vt 0.058594 0.589844
vt 0.058594 0.980469
vt 0.058594 0.808594
vt 0.230469 0.527344
vt 0.058594 0.980469
vt 0.230469 0.527344
vt 0.058594 0.808594
vt 0.058594 0.527344
vt 0.058594 0.527344
vt 0.058594 0.980469
vt 0.003906 0.980469
vt 0.230469 0.527344
vt 0.003906 0.808594
vt 0.058594 0.808594
vt 0.058594 0.527344
vt 0.230469 0.589844
vt 0.058594 0.808594
vt 0.058594 0.980469
vt 0.003906 0.808594
vt 0.003906 0.980469
vt 0.003906 0.980469
vt 0.003906 0.808594
vt 0.003906 0.980469
vt 0.058594 0.980469
vt 0.058594 0.808594
vt 0.003906 0.808594
vt 0.003906 0.980469
vt 0.003906 0.808594
vt 0.097656 0.589844
vt 0.183594 0.589844
vt 0.402344 0.371094
vt 0.339844 0.371094
vt 0.183594 0.589844
vt 0.402344 0.371094
vt 0.097656 0.589844
vt 0.339844 0.371094
vt 0.339844 0.371094
vt 0.097656 0.589844
vt 0.402344 0.371094
vt 0.183594 0.589844
vt 0.402344 0.371094
vt 0.339844 0.371094
vt 0.183594 0.589844
vt 0.097656 0.589844
vt 0.339844 0.371094
vt 0.402344 0.371094
vt 0.058594 0.527344
vt 0.230469 0.527344
vt 0.058594 0.980469
vt 0.058594 0.808594
vt 0.058594 0.527344
vt 0.230469 0.527344
vt 0.058594 0.808594
vt 0.058594 0.980469
vt 0.058594 0.527344
vt 0.058594 0.980469
vt 0.003906 0.980469
vt 0.230469 0.527344
vt 0.058594 0.808594
vt 0.003906 0.808594
vt 0.058594 0.527344
vt 0.230469 0.527344
vt 0.058594 0.980469
vt 0.058594 0.808594
vt 0.003906 0.980469
vt 0.003906 0.808594
vt 0.003906 0.980469
vt 0.003906 0.808594
vt 0.003906 0.980469
vt 0.058594 0.980469
vt 0.058594 0.808594
vt 0.003906 0.808594
vt 0.003906 0.980469
vt 0.003906 0.808594
vt 0.097656 0.527344
vt 0.402344 0.003906
vt 0.183594 0.589844
vt 0.339844 0.003906
vt 0.339844 0.003906
vt 0.183594 0.589844
vt 0.097656 0.589844
vt 0.402344 0.003906
vt 0.339844 0.003906
vt 0.097656 0.589844
vt 0.402344 0.003906
vt 0.339844 0.003906
vt 0.183594 0.589844
vt 0.402344 0.003906
vt 0.402344 0.003906
vt 0.097656 0.589844
vt 0.183594 0.527344
vt 0.339844 0.003906
vt 0.058594 0.589844
vt 0.230469 0.527344
vt 0.058594 0.980469
vt 0.058594 0.808594
vt 0.230469 0.527344
vt 0.058594 0.808594
vt 0.058594 0.527344
vt 0.058594 0.980469
vt 0.058594 0.527344
vt 0.058594 0.980469
vt 0.003906 0.980469
vt 0.230469 0.527344
vt 0.003906 0.808594
vt 0.058594 0.808594
vt 0.058594 0.527344
vt 0.230469 0.589844
vt 0.058594 0.808594
vt 0.058594 0.980469
vt 0.003906 0.980469
vt 0.003906 0.808594
vt 0.003906 0.980469
vt 0.003906 0.808594
vt 0.003906 0.980469
vt 0.058594 0.980469
vt 0.058594 0.808594
vt 0.003906 0.808594
vt 0.003906 0.980469
vt 0.003906 0.808594
vt 0.128906 0.371094
vt 0.402344 0.003906
vt 0.339844 0.003906
vt 0.019531 0.003906
vt 0.019531 0.371094
vt 0.339844 0.371094
vt 0.128906 0.003906
vt 0.402344 0.371094
vt 0.316406 0.003906
vt 0.230469 0.003906
vt 0.316406 0.371094
vt 0.230469 0.371094
vt 0.339844 0.003906
vt 0.339844 0.371094
vt 0.246094 0.371094
vt 0.003906 0.371094
vt 0.246094 0.003906
vt 0.246094 0.371094
vt 0.003906 0.371094
vt 0.042969 0.996094
vt 0.238281 0.371094
vt 0.261719 0.003906
vt 0.238281 0.371094
vt 0.246094 0.222656
vt 0.003906 0.222656
vt 0.003906 0.371094
vt 0.246094 0.371094
vt 0.003906 0.371094
vt 0.246094 0.371094
vt 0.261719 0.371094
vt 0.003906 0.371094
vt 0.488281 0.003906
vt 0.261719 0.003906
vt 0.121094 0.371094
vt 0.125000 0.339844
vt 0.121094 0.371094
vt 0.125000 0.371094
vt 0.121094 0.371094
vt 0.125000 0.222656
vt 0.121094 0.371094
vt 0.125000 0.371094
vt 0.125000 0.324219
vt 0.125000 0.339844
vt 0.125000 0.371094
vt 0.121094 0.371094
vt 0.125000 0.371094
vt 0.261719 0.371094
vt 0.488281 0.371094
vt 0.121094 0.371094
vt 0.013125 0.371094
vt 0.013432 0.371094
vt 0.031732 0.371094
vt 0.217340 0.371094
vt 0.031732 0.371094
vt 0.217340 0.222656
vt 0.084635 0.371094
vt 0.339844 0.371094
vt 0.019531 0.371094
vt 0.019531 0.003906
vt 0.339844 0.003906
vt 0.402344 0.003906
vt 0.128906 0.371094
vt 0.402344 0.371094
vt 0.128906 0.003906
vt 0.316406 0.003906
vt 0.230469 0.003906
vt 0.230469 0.371094
vt 0.316406 0.371094
vt 0.339844 0.003906
vt 0.339844 0.371094
vt 0.003906 0.371094
vt 0.246094 0.222656
vt 0.246094 0.371094
vt 0.003906 0.371094
vt 0.246094 0.207031
vt 0.003906 0.207031
vt 0.113281 0.996094
vt 0.246094 0.222656
vt 0.238281 0.371094
vt 0.003906 0.222656
vt 0.003906 0.371094
vt 0.238281 0.371094
vt 0.003906 0.371094
vt 0.246094 0.371094
vt 0.246094 0.371094
vt 0.003906 0.371094
vt 0.261719 0.003906
vt 0.488281 0.003906
vt 0.121094 0.371094
vt 0.125000 0.339844
vt 0.125000 0.371094
vt 0.121094 0.371094
vt 0.121094 0.371094
vt 0.125000 0.222656
vt 0.121094 0.371094
vt 0.125000 0.371094
vt 0.125000 0.324219
vt 0.125000 0.339844
vt 0.121094 0.371094
vt 0.125000 0.371094
vt 0.125000 0.371094
vt 0.121094 0.371094
vt 0.488281 0.371094
vt 0.261719 0.371094
vt 0.010642 0.339844
vt 0.236568 0.371094
vt 0.229062 0.371094
vt 0.252830 0.324219
vt 0.239358 0.339844
vt 0.010642 0.324219
vt 0.395260 0.003906
vt 0.395260 0.371094
vt 0.165364 0.371094
vt 0.339844 0.371094
vt 0.097656 0.589844
vt 0.402344 0.371094
vt 0.183594 0.589844
vt 0.183594 0.589844
vt 0.339844 0.371094
vt 0.402344 0.371094
vt 0.097656 0.589844
vt 0.402344 0.371094
vt 0.339844 0.371094
vt 0.097656 0.589844
vt 0.402344 0.371094
vt 0.339844 0.371094
vt 0.183594 0.589844
vt 0.339844 0.371094
vt 0.402344 0.371094
vt 0.097656 0.589844
vt 0.183594 0.589844
vt 0.058594 0.527344
vt 0.230469 0.527344
vt 0.058594 0.808594
vt 0.058594 0.980469
vt 0.230469 0.527344
vt 0.058594 0.980469
vt 0.058594 0.808594
vt 0.058594 0.527344
vt 0.058594 0.980469
vt 0.003906 0.980469
vt 0.058594 0.527344
vt 0.058594 0.808594
vt 0.003906 0.808594
vt 0.230469 0.527344
vt 0.058594 0.527344
vt 0.058594 0.980469
vt 0.058594 0.808594
vt 0.230469 0.527344
vt 0.003906 0.980469
vt 0.003906 0.808594
vt 0.003906 0.980469
vt 0.003906 0.808594
vt 0.003906 0.980469
vt 0.058594 0.980469
vt 0.058594 0.808594
vt 0.003906 0.808594
vt 0.003906 0.980469
vt 0.003906 0.808594
vt 0.339844 0.003906
vt 0.097656 0.527344
vt 0.183594 0.589844
vt 0.402344 0.003906
vt 0.339844 0.003906
vt 0.097656 0.589844
vt 0.402344 0.003906
vt 0.183594 0.589844
vt 0.339844 0.003906
vt 0.402344 0.003906
vt 0.097656 0.589844
vt 0.339844 0.003906
vt 0.183594 0.589844
vt 0.402344 0.003906
vt 0.339844 0.003906
vt 0.097656 0.589844
vt 0.402344 0.003906
vt 0.183594 0.527344
vt 0.230469 0.527344
vt 0.058594 0.808594
vt 0.058594 0.980469
vt 0.058594 0.589844
vt 0.058594 0.527344
vt 0.058594 0.980469
vt 0.058594 0.808594
vt 0.230469 0.527344
vt 0.058594 0.980469
vt 0.003906 0.980469
vt 0.058594 0.527344
vt 0.058594 0.808594
vt 0.003906 0.808594
vt 0.230469 0.527344
vt 0.058594 0.527344
vt 0.058594 0.980469
vt 0.058594 0.808594
vt 0.230469 0.589844
vt 0.003906 0.980469
vt 0.003906 0.808594
vt 0.003906 0.980469
vt 0.003906 0.808594
vt 0.003906 0.980469
vt 0.058594 0.980469
vt 0.058594 0.808594
vt 0.003906 0.808594
vt 0.003906 0.980469
vt 0.003906 0.808594
vt 0.402344 0.371094
vt 0.128906 0.003906
vt 0.402344 0.003906
vt 0.128906 0.371094
vt 0.339844 0.003906
vt 0.019531 0.003906
vt 0.339844 0.371094
vt 0.019531 0.371094
vt 0.339844 0.003906
vt 0.230469 0.003906
vt 0.402344 0.003906
vt 0.121094 0.003906
vt 0.230469 0.371094
vt 0.339844 0.371094
vt 0.402344 0.371094
vt 0.121094 0.371094
vt 0.246094 0.371094
vt 0.246094 0.003906
vt 0.113281 0.753906
vt 0.003906 0.207031
vt 0.042969 0.753906
vt 0.003906 0.371094
vt 0.246094 0.371094
vt 0.042969 0.996094
vt 0.042969 0.753906
vt 0.003906 0.207031
vt 0.113281 0.753906
vt 0.113281 0.996094
vt 0.246094 0.207031
vt 0.246094 0.371094
vt 0.003906 0.371094
vt 0.003906 0.371094
vt 0.246094 0.371094
vt 0.246094 0.324219
vt 0.003906 0.339844
vt 0.003906 0.371094
vt 0.113281 0.753906
vt 0.003906 0.207031
vt 0.246094 0.207031
vt 0.113281 0.996094
vt 0.003906 0.371094
vt 0.246094 0.371094
vt 0.003906 0.003906
vt 0.238281 0.371094
vt 0.003906 0.371094
vt 0.261719 0.003906
vt 0.246094 0.222656
vt 0.003906 0.222656
vt 0.238281 0.371094
vt 0.003906 0.371094
vt 0.238281 0.371094
vt 0.003906 0.371094
vt 0.246094 0.371094
vt 0.246094 0.371094
vt 0.003906 0.371094
vt 0.246094 0.339844
vt 0.246094 0.324219
vt 0.003906 0.339844
vt 0.003906 0.324219
vt 0.238281 0.371094
vt 0.003906 0.371094
vt 0.246094 0.371094
vt 0.246094 0.371094
vt 0.238281 0.371094
vt 0.003906 0.371094
vt 0.003906 0.371094
vt 0.238281 0.371094
vt 0.261719 0.371094
vt 0.246094 0.339844
vt 0.003906 0.339844
vt 0.246094 0.371094
vt 0.238281 0.371094
vt 0.003906 0.371094
vt 0.488281 0.371094
vt 0.238281 0.371094
vt 0.246094 0.339844
vt 0.238281 0.371094
vt 0.246094 0.371094
vt 0.003906 0.371094
vt 0.488281 0.003906
vt 0.003906 0.339844
vt 0.246094 0.339844
vt 0.261719 0.371094
vt 0.121094 0.371094
vt 0.488281 0.371094
vt 0.125000 0.339844
vt 0.125000 0.339844
vt 0.125000 0.324219
vt 0.121094 0.371094
vt 0.125000 0.371094
vt 0.125000 0.222656
vt 0.121094 0.371094
vt 0.121094 0.371094
vt 0.125000 0.371094
vt 0.125000 0.371094
vt 0.125000 0.371094
vt 0.121094 0.371094
vt 0.121094 0.371094
vt 0.261719 0.003906
vt 0.488281 0.003906
vt 0.261719 0.003906
vt 0.488281 0.003906
vt 0.121094 0.371094
vt 0.125000 0.339844
vt 0.125000 0.371094
vt 0.121094 0.371094
vt 0.121094 0.371094
vt 0.125000 0.222656
vt 0.121094 0.371094
vt 0.125000 0.371094
vt 0.125000 0.339844
vt 0.125000 0.324219
vt 0.121094 0.371094
vt 0.125000 0.371094
vt 0.125000 0.371094
vt 0.261719 0.371094
vt 0.488281 0.371094
vt 0.121094 0.371094
vt 0.097656 0.589844
vt 0.339844 0.371094
vt 0.183594 0.589844
vt 0.402344 0.371094
vt 0.402344 0.371094
vt 0.097656 0.589844
vt 0.183594 0.589844
vt 0.339844 0.371094
vt 0.402344 0.371094
vt 0.097656 0.589844
vt 0.339844 0.371094
vt 0.339844 0.371094
vt 0.402344 0.371094
vt 0.183594 0.589844
vt 0.183594 0.589844
vt 0.339844 0.371094
vt 0.402344 0.371094
vt 0.097656 0.589844
vt 0.058594 0.527344
vt 0.230469 0.527344
vt 0.058594 0.980469
vt 0.058594 0.808594
vt 0.058594 0.980469
vt 0.058594 0.808594
vt 0.058594 0.527344
vt 0.230469 0.527344
vt 0.058594 0.980469
vt 0.003906 0.980469
vt 0.058594 0.527344
vt 0.058594 0.808594
vt 0.003906 0.808594
vt 0.230469 0.527344
vt 0.058594 0.527344
vt 0.230469 0.527344
vt 0.058594 0.808594
vt 0.058594 0.980469
vt 0.003906 0.980469
vt 0.003906 0.808594
vt 0.003906 0.980469
vt 0.003906 0.808594
vt 0.003906 0.980469
vt 0.058594 0.980469
vt 0.058594 0.808594
vt 0.003906 0.808594
vt 0.003906 0.980469
vt 0.003906 0.808594
vt 0.339844 0.003906
vt 0.183594 0.589844
vt 0.097656 0.527344
vt 0.402344 0.003906
vt 0.339844 0.003906
vt 0.097656 0.589844
vt 0.402344 0.003906
vt 0.183594 0.589844
vt 0.339844 0.003906
vt 0.402344 0.003906
vt 0.097656 0.589844
vt 0.402344 0.003906
vt 0.183594 0.589844
vt 0.339844 0.003906
vt 0.339844 0.003906
vt 0.097656 0.589844
vt 0.402344 0.003906
vt 0.183594 0.527344
vt 0.230469 0.527344
vt 0.058594 0.589844
vt 0.058594 0.808594
vt 0.058594 0.980469
vt 0.230469 0.527344
vt 0.058594 0.527344
vt 0.058594 0.808594
vt 0.058594 0.980469
vt 0.003906 0.980469
vt 0.058594 0.980469
vt 0.058594 0.527344
vt 0.003906 0.808594
vt 0.058594 0.808594
vt 0.230469 0.527344
vt 0.058594 0.527344
vt 0.058594 0.980469
vt 0.058594 0.808594
vt 0.230469 0.589844
vt 0.003906 0.980469
vt 0.003906 0.808594
vt 0.003906 0.980469
vt 0.003906 0.808594
vt 0.003906 0.980469
vt 0.058594 0.980469
vt 0.058594 0.808594
vt 0.003906 0.808594
vt 0.003906 0.980469
vt 0.003906 0.808594
vt 0.183594 0.589844
vt 0.339844 0.371094
vt 0.097656 0.589844
vt 0.402344 0.371094
vt 0.097656 0.589844
vt 0.402344 0.371094
vt 0.183594 0.589844
vt 0.339844 0.371094
vt 0.097656 0.589844
vt 0.402344 0.371094
vt 0.339844 0.371094
vt 0.339844 0.371094
vt 0.183594 0.589844
vt 0.402344 0.371094
vt 0.183594 0.589844
vt 0.402344 0.371094
vt 0.097656 0.589844
vt 0.339844 0.371094
vt 0.230469 0.527344
vt 0.058594 0.808594
vt 0.058594 0.527344
vt 0.058594 0.980469
vt 0.058594 0.527344
vt 0.058594 0.980469
vt 0.230469 0.527344
vt 0.058594 0.808594
vt 0.003906 0.980469
vt 0.058594 0.527344
vt 0.058594 0.980469
vt 0.230469 0.527344
vt 0.058594 0.808594
vt 0.003906 0.808594
vt 0.058594 0.527344
vt 0.058594 0.980469
vt 0.230469 0.527344
vt 0.058594 0.808594
vt 0.003906 0.980469
vt 0.003906 0.808594
vt 0.003906 0.980469
vt 0.003906 0.808594
vt 0.003906 0.980469
vt 0.058594 0.980469
vt 0.058594 0.808594
vt 0.003906 0.808594
vt 0.003906 0.980469
vt 0.003906 0.808594
vt 0.339844 0.003906
vt 0.097656 0.527344
vt 0.183594 0.589844
vt 0.402344 0.003906
vt 0.339844 0.003906
vt 0.402344 0.003906
vt 0.183594 0.589844
vt 0.097656 0.589844
vt 0.339844 0.003906
vt 0.402344 0.003906
vt 0.097656 0.589844
vt 0.339844 0.003906
vt 0.402344 0.003906
vt 0.183594 0.589844
vt 0.339844 0.003906
vt 0.183594 0.527344
vt 0.402344 0.003906
vt 0.097656 0.589844
vt 0.058594 0.589844
vt 0.058594 0.808594
vt 0.058594 0.980469
vt 0.230469 0.527344
vt 0.230469 0.527344
vt 0.058594 0.527344
vt 0.058594 0.808594
vt 0.058594 0.980469
vt 0.058594 0.980469
vt 0.058594 0.527344
vt 0.003906 0.980469
vt 0.058594 0.808594
vt 0.230469 0.527344
vt 0.003906 0.808594
vt 0.058594 0.527344
vt 0.058594 0.980469
vt 0.058594 0.808594
vt 0.230469 0.589844
vt 0.003906 0.980469
vt 0.003906 0.808594
vt 0.003906 0.980469
vt 0.003906 0.808594
vt 0.003906 0.980469
vt 0.058594 0.980469
vt 0.058594 0.808594
vt 0.003906 0.808594
vt 0.003906 0.980469
vt 0.003906 0.808594
vt 0.402344 0.003906
vt 0.128906 0.371094
vt 0.339844 0.003906
vt 0.019531 0.003906
vt 0.339844 0.371094
vt 0.019531 0.371094
vt 0.402344 0.371094
vt 0.128906 0.003906
vt 0.230469 0.003906
vt 0.316406 0.003906
vt 0.230469 0.371094
vt 0.316406 0.371094
vt 0.339844 0.003906
vt 0.339844 0.371094
vt 0.246094 0.371094
vt 0.003906 0.371094
vt 0.246094 0.003906
vt 0.042969 0.996094
vt 0.042969 0.753906
vt 0.246094 0.222656
vt 0.003906 0.371094
vt 0.238281 0.371094
vt 0.003906 0.222656
vt 0.246094 0.371094
vt 0.003906 0.371094
vt 0.042969 0.996094
vt 0.003906 0.207031
vt 0.246094 0.207031
vt 0.113281 0.996094
vt 0.003906 0.371094
vt 0.238281 0.371094
vt 0.246094 0.371094
vt 0.246094 0.339844
vt 0.003906 0.339844
vt 0.003906 0.324219
vt 0.246094 0.324219
vt 0.003906 0.371094
vt 0.238281 0.371094
vt 0.246094 0.371094
vt 0.238281 0.371094
vt 0.261719 0.003906
vt 0.246094 0.222656
vt 0.003906 0.222656
vt 0.238281 0.371094
vt 0.003906 0.371094
vt 0.246094 0.371094
vt 0.003906 0.371094
vt 0.238281 0.371094
vt 0.003906 0.371094
vt 0.246094 0.371094
vt 0.003906 0.371094
vt 0.261719 0.371094
vt 0.238281 0.371094
vt 0.003906 0.371094
vt 0.488281 0.371094
vt 0.003906 0.371094
vt 0.238281 0.371094
vt 0.488281 0.003906
vt 0.488281 0.003906
vt 0.261719 0.003906
vt 0.121094 0.371094
vt 0.125000 0.339844
vt 0.121094 0.371094
vt 0.125000 0.371094
vt 0.121094 0.371094
vt 0.125000 0.222656
vt 0.121094 0.371094
vt 0.125000 0.371094
vt 0.125000 0.324219
vt 0.125000 0.339844
vt 0.121094 0.371094
vt 0.125000 0.371094
vt 0.125000 0.371094
vt 0.121094 0.371094
vt 0.488281 0.371094
vt 0.261719 0.371094
vt 0.010642 0.339844
vt 0.013125 0.371094
vt 0.013432 0.371094
vt 0.229062 0.371094
vt 0.236568 0.371094
vt 0.031732 0.371094
vt 0.217340 0.222656
vt 0.395260 0.003906
vt 0.084635 0.371094
vt 0.019531 0.003906
vt 0.339844 0.003906
vt 0.339844 0.371094
vt 0.019531 0.371094
vt 0.402344 0.371094
vt 0.128906 0.003906
vt 0.402344 0.003906
vt 0.128906 0.371094
vt 0.316406 0.003906
vt 0.230469 0.003906
vt 0.316406 0.371094
vt 0.230469 0.371094
vt 0.339844 0.003906
vt 0.339844 0.371094
vt 0.246094 0.371094
vt 0.246094 0.003906
vt 0.003906 0.371094
vt 0.246094 0.371094
vt 0.246094 0.222656
vt 0.238281 0.371094
vt 0.003906 0.371094
vt 0.003906 0.222656
vt 0.246094 0.371094
vt 0.238281 0.371094
vt 0.003906 0.371094
vt 0.246094 0.371094
vt 0.003906 0.371094
vt 0.238281 0.371094
vt 0.488281 0.371094
vt 0.246094 0.339844
vt 0.003906 0.371094
vt 0.488281 0.003906
vt 0.261719 0.003906
vt 0.121094 0.371094
vt 0.488281 0.003906
vt 0.125000 0.339844
vt 0.125000 0.371094
vt 0.121094 0.371094
vt 0.121094 0.371094
vt 0.125000 0.222656
vt 0.121094 0.371094
vt 0.125000 0.371094
vt 0.125000 0.324219
vt 0.125000 0.339844
vt 0.121094 0.371094
vt 0.125000 0.371094
vt 0.125000 0.371094
vt 0.488281 0.371094
vt 0.121094 0.371094
vt 0.261719 0.371094
vt 0.217340 0.371094
vt 0.031732 0.371094
vt 0.252830 0.324219
vt 0.239358 0.339844
vt 0.010642 0.324219
vt 0.395260 0.371094
vt 0.165364 0.371094
vt 0.097656 0.589844
vt 0.339844 0.371094
vt 0.402344 0.371094
vt 0.183594 0.589844
vt 0.183594 0.589844
vt 0.402344 0.371094
vt 0.339844 0.371094
vt 0.097656 0.589844
vt 0.402344 0.371094
vt 0.097656 0.589844
vt 0.339844 0.371094
vt 0.183594 0.589844
vt 0.339844 0.371094
vt 0.402344 0.371094
vt 0.183594 0.589844
vt 0.097656 0.589844
vt 0.339844 0.371094
vt 0.402344 0.371094
vt 0.058594 0.527344
vt 0.230469 0.527344
vt 0.058594 0.808594
vt 0.058594 0.980469
vt 0.230469 0.527344
vt 0.058594 0.980469
vt 0.058594 0.808594
vt 0.058594 0.527344
vt 0.058594 0.980469
vt 0.003906 0.980469
vt 0.058594 0.527344
vt 0.058594 0.808594
vt 0.003906 0.808594
vt 0.230469 0.527344
vt 0.058594 0.527344
vt 0.230469 0.527344
vt 0.058594 0.980469
vt 0.058594 0.808594
vt 0.003906 0.980469
vt 0.003906 0.808594
vt 0.003906 0.980469
vt 0.003906 0.808594
vt 0.003906 0.980469
vt 0.058594 0.980469
vt 0.058594 0.808594
vt 0.003906 0.808594
vt 0.003906 0.980469
vt 0.003906 0.808594
vt 0.097656 0.527344
vt 0.339844 0.003906
vt 0.183594 0.589844
vt 0.402344 0.003906
vt 0.339844 0.003906
vt 0.183594 0.589844
vt 0.402344 0.003906
vt 0.097656 0.589844
vt 0.339844 0.003906
vt 0.097656 0.589844
vt 0.402344 0.003906
vt 0.339844 0.003906
vt 0.402344 0.003906
vt 0.183594 0.589844
vt 0.339844 0.003906
vt 0.183594 0.527344
vt 0.097656 0.589844
vt 0.402344 0.003906
vt 0.230469 0.527344
vt 0.058594 0.808594
vt 0.058594 0.589844
vt 0.058594 0.980469
vt 0.230469 0.527344
vt 0.058594 0.980469
vt 0.058594 0.808594
vt 0.058594 0.527344
vt 0.058594 0.527344
vt 0.058594 0.980469
vt 0.003906 0.980469
vt 0.058594 0.808594
vt 0.230469 0.527344
vt 0.003906 0.808594
vt 0.058594 0.527344
vt 0.230469 0.589844
vt 0.058594 0.980469
vt 0.058594 0.808594
vt 0.003906 0.980469
vt 0.003906 0.808594
vt 0.003906 0.980469
vt 0.003906 0.808594
vt 0.003906 0.980469
vt 0.058594 0.980469
vt 0.058594 0.808594
vt 0.003906 0.808594
vt 0.003906 0.980469
vt 0.003906 0.808594
vt 0.339844 0.371094
vt 0.019531 0.371094
vt 0.339844 0.003906
vt 0.019531 0.003906
vt 0.128906 0.371094
vt 0.402344 0.003906
vt 0.402344 0.371094
vt 0.128906 0.003906
vt 0.230469 0.003906
vt 0.339844 0.003906
vt 0.402344 0.003906
vt 0.121094 0.003906
vt 0.230469 0.371094
vt 0.339844 0.371094
vt 0.402344 0.371094
vt 0.121094 0.371094
vt 0.113281 0.753906
vt 0.003906 0.207031
vt 0.042969 0.753906
vt 0.003906 0.371094
vt 0.246094 0.222656
vt 0.246094 0.371094
vt 0.003906 0.371094
vt 0.042969 0.753906
vt 0.042969 0.996094
vt 0.113281 0.753906
vt 0.246094 0.207031
vt 0.113281 0.996094
vt 0.003906 0.207031
vt 0.246094 0.371094
vt 0.003906 0.371094
vt 0.246094 0.371094
vt 0.003906 0.371094
vt 0.246094 0.324219
vt 0.003906 0.339844
vt 0.003906 0.371094
vt 0.113281 0.753906
vt 0.113281 0.996094
vt 0.003906 0.207031
vt 0.246094 0.207031
vt 0.042969 0.996094
vt 0.042969 0.753906
vt 0.003906 0.371094
vt 0.246094 0.371094
vt 0.003906 0.003906
vt 0.238281 0.371094
vt 0.003906 0.371094
vt 0.261719 0.003906
vt 0.246094 0.222656
vt 0.003906 0.371094
vt 0.238281 0.371094
vt 0.003906 0.222656
vt 0.003906 0.371094
vt 0.238281 0.371094
vt 0.246094 0.371094
vt 0.003906 0.371094
vt 0.246094 0.371094
vt 0.246094 0.324219
vt 0.246094 0.339844
vt 0.003906 0.339844
vt 0.003906 0.324219
vt 0.238281 0.371094
vt 0.003906 0.371094
vt 0.246094 0.371094
vt 0.238281 0.371094
vt 0.488281 0.003906
vt 0.003906 0.371094
vt 0.246094 0.371094
vt 0.246094 0.003906
vt 0.003906 0.371094
vt 0.238281 0.371094
vt 0.246094 0.371094
vt 0.003906 0.371094
vt 0.003906 0.371094
vt 0.238281 0.371094
vt 0.261719 0.371094
vt 0.246094 0.339844
vt 0.003906 0.339844
vt 0.238281 0.371094
vt 0.246094 0.371094
vt 0.003906 0.371094
vt 0.238281 0.371094
vt 0.246094 0.371094
vt 0.003906 0.324219
vt 0.246094 0.339844
vt 0.003906 0.339844
vt 0.246094 0.324219
vt 0.238281 0.371094
vt 0.003906 0.371094
vt 0.246094 0.371094
vt 0.246094 0.371094
vt 0.003906 0.371094
vt 0.238281 0.371094
vt 0.003906 0.371094
vt 0.238281 0.371094
vt 0.488281 0.371094
vt 0.003906 0.339844
vt 0.246094 0.339844
vt 0.261719 0.371094
vt 0.121094 0.371094
vt 0.488281 0.371094
vt 0.125000 0.339844
vt 0.125000 0.324219
vt 0.125000 0.339844
vt 0.121094 0.371094
vt 0.125000 0.371094
vt 0.121094 0.371094
vt 0.125000 0.222656
vt 0.125000 0.371094
vt 0.121094 0.371094
vt 0.125000 0.371094
vt 0.125000 0.371094
vt 0.121094 0.371094
vt 0.121094 0.371094
vt 0.261719 0.003906
vt 0.488281 0.003906
vt 0.488281 0.003906
vt 0.261719 0.003906
vt 0.121094 0.371094
vt 0.125000 0.339844
vt 0.121094 0.371094
vt 0.125000 0.371094
vt 0.121094 0.371094
vt 0.125000 0.222656
vt 0.125000 0.371094
vt 0.121094 0.371094
vt 0.125000 0.324219
vt 0.125000 0.339844
vt 0.121094 0.371094
vt 0.125000 0.371094
vt 0.125000 0.371094
vt 0.121094 0.371094
vt 0.488281 0.371094
vt 0.261719 0.371094
vt 0.402344 0.371094
vt 0.097656 0.589844
vt 0.339844 0.371094
vt 0.183594 0.589844
vt 0.339844 0.371094
vt 0.402344 0.371094
vt 0.183594 0.589844
vt 0.097656 0.589844
vt 0.339844 0.371094
vt 0.402344 0.371094
vt 0.097656 0.589844
vt 0.339844 0.371094
vt 0.402344 0.371094
vt 0.183594 0.589844
vt 0.183594 0.589844
vt 0.339844 0.371094
vt 0.402344 0.371094
vt 0.097656 0.589844
vt 0.230469 0.527344
vt 0.058594 0.527344
vt 0.058594 0.808594
vt 0.058594 0.980469
vt 0.230469 0.527344
vt 0.058594 0.980469
vt 0.058594 0.808594
vt 0.058594 0.527344
vt 0.003906 0.980469
vt 0.058594 0.980469
vt 0.058594 0.527344
vt 0.003906 0.808594
vt 0.058594 0.808594
vt 0.230469 0.527344
vt 0.230469 0.527344
vt 0.058594 0.527344
vt 0.058594 0.980469
vt 0.058594 0.808594
vt 0.003906 0.980469
vt 0.003906 0.808594
vt 0.003906 0.980469
vt 0.003906 0.808594
vt 0.003906 0.980469
vt 0.058594 0.980469
vt 0.058594 0.808594
vt 0.003906 0.808594
vt 0.003906 0.980469
vt 0.003906 0.808594
vt 0.339844 0.003906
vt 0.402344 0.003906
vt 0.097656 0.527344
vt 0.183594 0.589844
vt 0.339844 0.003906
vt 0.183594 0.589844
vt 0.402344 0.003906
vt 0.097656 0.589844
vt 0.339844 0.003906
vt 0.402344 0.003906
vt 0.097656 0.589844
vt 0.339844 0.003906
vt 0.402344 0.003906
vt 0.183594 0.589844
vt 0.339844 0.003906
vt 0.402344 0.003906
vt 0.183594 0.527344
vt 0.097656 0.589844
vt 0.058594 0.808594
vt 0.058594 0.589844
vt 0.058594 0.980469
vt 0.230469 0.527344
vt 0.058594 0.527344
vt 0.058594 0.808594
vt 0.058594 0.980469
vt 0.230469 0.527344
vt 0.058594 0.980469
vt 0.058594 0.527344
vt 0.003906 0.980469
vt 0.058594 0.808594
vt 0.230469 0.527344
vt 0.003906 0.808594
vt 0.230469 0.589844
vt 0.058594 0.980469
vt 0.058594 0.808594
vt 0.058594 0.527344
vt 0.003906 0.980469
vt 0.003906 0.808594
vt 0.003906 0.980469
vt 0.003906 0.808594
vt 0.003906 0.980469
vt 0.058594 0.980469
vt 0.058594 0.808594
vt 0.003906 0.808594
vt 0.003906 0.980469
vt 0.003906 0.808594
vt 0.402344 0.371094
vt 0.339844 0.371094
vt 0.183594 0.589844
vt 0.097656 0.589844
vt 0.339844 0.371094
vt 0.097656 0.589844
vt 0.183594 0.589844
vt 0.402344 0.371094
vt 0.097656 0.589844
vt 0.339844 0.371094
vt 0.402344 0.371094
vt 0.183594 0.589844
vt 0.339844 0.371094
vt 0.402344 0.371094
vt 0.097656 0.589844
vt 0.402344 0.371094
vt 0.183594 0.589844
vt 0.339844 0.371094
vt 0.058594 0.808594
vt 0.230469 0.527344
vt 0.058594 0.527344
vt 0.058594 0.980469
vt 0.058594 0.527344
vt 0.058594 0.808594
vt 0.058594 0.980469
vt 0.230469 0.527344
vt 0.058594 0.980469
vt 0.058594 0.527344
vt 0.003906 0.980469
vt 0.058594 0.808594
vt 0.230469 0.527344
vt 0.003906 0.808594
vt 0.058594 0.527344
vt 0.230469 0.527344
vt 0.058594 0.980469
vt 0.058594 0.808594
vt 0.003906 0.980469
vt 0.003906 0.808594
vt 0.003906 0.980469
vt 0.003906 0.808594
vt 0.003906 0.980469
vt 0.058594 0.980469
vt 0.058594 0.808594
vt 0.003906 0.808594
vt 0.003906 0.980469
vt 0.003906 0.808594
vt 0.339844 0.003906
vt 0.402344 0.003906
vt 0.097656 0.527344
vt 0.183594 0.589844
vt 0.339844 0.003906
vt 0.183594 0.589844
vt 0.402344 0.003906
vt 0.097656 0.589844
vt 0.339844 0.003906
vt 0.097656 0.589844
vt 0.402344 0.003906
vt 0.339844 0.003906
vt 0.183594 0.589844
vt 0.402344 0.003906
vt 0.339844 0.003906
vt 0.183594 0.527344
vt 0.402344 0.003906
vt 0.097656 0.589844
vt 0.058594 0.589844
vt 0.058594 0.808594
vt 0.058594 0.980469
vt 0.230469 0.527344
vt 0.058594 0.527344
vt 0.230469 0.527344
vt 0.058594 0.980469
vt 0.058594 0.808594
vt 0.058594 0.527344
vt 0.058594 0.980469
vt 0.003906 0.980469
vt 0.058594 0.808594
vt 0.230469 0.527344
vt 0.003906 0.808594
vt 0.230469 0.589844
vt 0.058594 0.980469
vt 0.058594 0.808594
vt 0.058594 0.527344
vt 0.003906 0.980469
vt 0.003906 0.808594
vt 0.003906 0.980469
vt 0.003906 0.808594
vt 0.003906 0.980469
vt 0.058594 0.980469
vt 0.058594 0.808594
vt 0.003906 0.808594
vt 0.003906 0.980469
vt 0.003906 0.808594
vt 0.339844 0.003906
vt 0.019531 0.003906
vt 0.402344 0.003906
vt 0.128906 0.371094
vt 0.339844 0.371094
vt 0.019531 0.371094
vt 0.402344 0.371094
vt 0.128906 0.003906
vt 0.316406 0.003906
vt 0.230469 0.003906
vt 0.230469 0.371094
vt 0.316406 0.371094
vt 0.339844 0.003906
vt 0.339844 0.371094
vt 0.003906 0.371094
vt 0.246094 0.222656
vt 0.238281 0.371094
vt 0.003906 0.222656
vt 0.003906 0.371094
vt 0.246094 0.371094
vt 0.042969 0.996094
vt 0.003906 0.207031
vt 0.113281 0.996094
vt 0.246094 0.207031
vt 0.238281 0.371094
vt 0.261719 0.003906
vt 0.246094 0.222656
vt 0.003906 0.222656
vt 0.238281 0.371094
vt 0.003906 0.371094
vt 0.238281 0.371094
vt 0.246094 0.371094
vt 0.003906 0.371094
vt 0.003906 0.371094
vt 0.246094 0.371094
vt 0.003906 0.371094
vt 0.261719 0.371094
vt 0.488281 0.003906
vt 0.261719 0.003906
vt 0.121094 0.371094
vt 0.125000 0.339844
vt 0.121094 0.371094
vt 0.125000 0.371094
vt 0.121094 0.371094
vt 0.125000 0.222656
vt 0.121094 0.371094
vt 0.125000 0.371094
vt 0.125000 0.324219
vt 0.125000 0.339844
vt 0.121094 0.371094
vt 0.125000 0.371094
vt 0.125000 0.371094
vt 0.261719 0.371094
vt 0.121094 0.371094
vt 0.488281 0.371094
vt 0.013125 0.371094
vt 0.013432 0.371094
vt 0.252830 0.324219
vt 0.239358 0.339844
vt 0.010642 0.324219
vt 0.229062 0.371094
vt 0.236568 0.371094
vt 0.395260 0.003906
vt 0.165364 0.371094
vt 0.019531 0.003906
vt 0.339844 0.003906
vt 0.019531 0.371094
vt 0.339844 0.371094
vt 0.402344 0.003906
vt 0.128906 0.371094
vt 0.402344 0.371094
vt 0.128906 0.003906
vt 0.316406 0.003906
vt 0.230469 0.003906
vt 0.230469 0.371094
vt 0.316406 0.371094
vt 0.339844 0.003906
vt 0.339844 0.371094
vt 0.113281 0.753906
vt 0.003906 0.207031
vt 0.042969 0.753906
vt 0.246094 0.371094
vt 0.003906 0.371094
vt 0.003906 0.371094
vt 0.246094 0.371094
vt 0.003906 0.339844
vt 0.246094 0.324219
vt 0.003906 0.371094
vt 0.238281 0.371094
vt 0.246094 0.222656
vt 0.003906 0.222656
vt 0.003906 0.371094
vt 0.246094 0.371094
vt 0.238281 0.371094
vt 0.003906 0.371094
vt 0.246094 0.371094
vt 0.003906 0.371094
vt 0.238281 0.371094
vt 0.488281 0.371094
vt 0.246094 0.339844
vt 0.238281 0.371094
vt 0.246094 0.371094
vt 0.003906 0.371094
vt 0.488281 0.003906
vt 0.261719 0.003906
vt 0.488281 0.003906
vt 0.121094 0.371094
vt 0.125000 0.339844
vt 0.125000 0.371094
vt 0.121094 0.371094
vt 0.125000 0.222656
vt 0.121094 0.371094
vt 0.121094 0.371094
vt 0.125000 0.371094
vt 0.125000 0.324219
vt 0.125000 0.339844
vt 0.121094 0.371094
vt 0.125000 0.371094
vt 0.125000 0.371094
vt 0.121094 0.371094
vt 0.488281 0.371094
vt 0.261719 0.371094
vt 0.010642 0.339844
vt 0.217340 0.371094
vt 0.031732 0.371094
vt 0.031732 0.371094
vt 0.217340 0.222656
vt 0.395260 0.371094
vt 0.084635 0.371094
vt 0.402344 0.371094
vt 0.097656 0.589844
vt 0.183594 0.589844
vt 0.339844 0.371094
vt 0.339844 0.371094
vt 0.097656 0.589844
vt 0.183594 0.589844
vt 0.402344 0.371094
vt 0.097656 0.589844
vt 0.402344 0.371094
vt 0.339844 0.371094
vt 0.183594 0.589844
vt 0.339844 0.371094
vt 0.402344 0.371094
vt 0.097656 0.589844
vt 0.183594 0.589844
vt 0.339844 0.371094
vt 0.402344 0.371094
vt 0.058594 0.527344
vt 0.230469 0.527344
vt 0.058594 0.808594
vt 0.058594 0.980469
vt 0.058594 0.527344
vt 0.058594 0.980469
vt 0.058594 0.808594
vt 0.230469 0.527344
vt 0.058594 0.980469
vt 0.003906 0.980469
vt 0.058594 0.527344
vt 0.230469 0.527344
vt 0.058594 0.808594
vt 0.003906 0.808594
vt 0.058594 0.527344
vt 0.230469 0.527344
vt 0.058594 0.980469
vt 0.058594 0.808594
vt 0.003906 0.980469
vt 0.003906 0.808594
vt 0.003906 0.980469
vt 0.003906 0.808594
vt 0.003906 0.980469
vt 0.058594 0.980469
vt 0.058594 0.808594
vt 0.003906 0.808594
vt 0.003906 0.980469
vt 0.003906 0.808594
vt 0.339844 0.003906
vt 0.402344 0.003906
vt 0.183594 0.589844
vt 0.097656 0.527344
vt 0.339844 0.003906
vt 0.097656 0.589844
vt 0.402344 0.003906
vt 0.183594 0.589844
vt 0.339844 0.003906
vt 0.097656 0.589844
vt 0.402344 0.003906
vt 0.339844 0.003906
vt 0.183594 0.589844
vt 0.402344 0.003906
vt 0.339844 0.003906
vt 0.097656 0.589844
vt 0.183594 0.527344
vt 0.402344 0.003906
vt 0.058594 0.589844
vt 0.230469 0.527344
vt 0.058594 0.808594
vt 0.058594 0.980469
vt 0.058594 0.527344
vt 0.058594 0.808594
vt 0.058594 0.980469
vt 0.230469 0.527344
vt 0.058594 0.980469
vt 0.058594 0.527344
vt 0.003906 0.980469
vt 0.230469 0.527344
vt 0.058594 0.808594
vt 0.003906 0.808594
vt 0.058594 0.527344
vt 0.230469 0.589844
vt 0.058594 0.980469
vt 0.058594 0.808594
vt 0.003906 0.980469
vt 0.003906 0.808594
vt 0.003906 0.980469
vt 0.003906 0.808594
vt 0.003906 0.980469
vt 0.058594 0.980469
vt 0.058594 0.808594
vt 0.003906 0.808594
vt 0.003906 0.980469
vt 0.003906 0.808594
vt 0.339844 0.003906
vt 0.019531 0.003906
vt 0.128906 0.003906
vt 0.402344 0.371094
vt 0.128906 0.371094
vt 0.402344 0.003906
vt 0.019531 0.371094
vt 0.339844 0.371094
vt 0.339844 0.003906
vt 0.230469 0.003906
vt 0.230469 0.371094
vt 0.339844 0.371094
vt 0.402344 0.371094
vt 0.121094 0.371094
vt 0.121094 0.003906
vt 0.402344 0.003906
vt 0.246094 0.371094
vt 0.246094 0.003906
vt 0.003906 0.371094
vt 0.246094 0.222656
vt 0.246094 0.371094
vt 0.003906 0.371094
vt 0.042969 0.996094
vt 0.042969 0.753906
vt 0.113281 0.753906
vt 0.113281 0.996094
vt 0.003906 0.207031
vt 0.246094 0.207031
vt 0.246094 0.371094
vt 0.003906 0.371094
vt 0.261719 0.003906
vt 0.003906 0.371094
vt 0.238281 0.371094
vt 0.246094 0.222656
vt 0.003906 0.222656
vt 0.238281 0.371094
vt 0.003906 0.371094
vt 0.246094 0.371094
vt 0.003906 0.371094
vt 0.238281 0.371094
vt 0.246094 0.371094
vt 0.003906 0.371094
vt 0.246094 0.339844
vt 0.246094 0.324219
vt 0.003906 0.324219
vt 0.003906 0.339844
vt 0.238281 0.371094
vt 0.003906 0.371094
vt 0.246094 0.371094
vt 0.003906 0.371094
vt 0.246094 0.371094
vt 0.246094 0.003906
vt 0.246094 0.371094
vt 0.238281 0.371094
vt 0.003906 0.371094
vt 0.238281 0.371094
vt 0.261719 0.371094
vt 0.003906 0.371094
vt 0.003906 0.339844
vt 0.246094 0.339844
vt 0.238281 0.371094
vt 0.246094 0.371094
vt 0.003906 0.371094
vt 0.003906 0.339844
vt 0.246094 0.339844
vt 0.121094 0.371094
vt 0.261719 0.371094
vt 0.488281 0.371094
vt 0.125000 0.339844
vt 0.125000 0.324219
vt 0.125000 0.339844
vt 0.121094 0.371094
vt 0.125000 0.371094
vt 0.125000 0.222656
vt 0.121094 0.371094
vt 0.125000 0.371094
vt 0.121094 0.371094
vt 0.125000 0.371094
vt 0.125000 0.371094
vt 0.121094 0.371094
vt 0.261719 0.003906
vt 0.488281 0.003906
vt 0.121094 0.371094
vt 0.488281 0.003906
vt 0.261719 0.003906
vt 0.121094 0.371094
vt 0.125000 0.339844
vt 0.121094 0.371094
vt 0.125000 0.371094
vt 0.125000 0.222656
vt 0.121094 0.371094
vt 0.125000 0.371094
vt 0.121094 0.371094
vt 0.125000 0.324219
vt 0.125000 0.339844
vt 0.125000 0.371094
vt 0.121094 0.371094
vt 0.125000 0.371094
vt 0.488281 0.371094
vt 0.261719 0.371094
vt 0.121094 0.371094
vt 0.097656 0.589844
vt 0.183594 0.589844
vt 0.402344 0.371094
vt 0.339844 0.371094
vt 0.097656 0.589844
vt 0.183594 0.589844
vt 0.339844 0.371094
vt 0.402344 0.371094
vt 0.097656 0.589844
vt 0.339844 0.371094
vt 0.402344 0.371094
vt 0.183594 0.589844
vt 0.339844 0.371094
vt 0.402344 0.371094
vt 0.183594 0.589844
vt 0.097656 0.589844
vt 0.339844 0.371094
vt 0.402344 0.371094
vt 0.058594 0.527344
vt 0.230469 0.527344
vt 0.058594 0.808594
vt 0.058594 0.980469
vt 0.058594 0.527344
vt 0.230469 0.527344
vt 0.058594 0.980469
vt 0.058594 0.808594
vt 0.058594 0.527344
vt 0.058594 0.980469
vt 0.003906 0.980469
vt 0.230469 0.527344
vt 0.058594 0.808594
vt 0.003906 0.808594
vt 0.058594 0.527344
vt 0.230469 0.527344
vt 0.058594 0.980469
vt 0.058594 0.808594
vt 0.003906 0.980469
vt 0.003906 0.808594
vt 0.003906 0.980469
vt 0.003906 0.808594
vt 0.003906 0.980469
vt 0.058594 0.980469
vt 0.058594 0.808594
vt 0.003906 0.808594
vt 0.003906 0.980469
vt 0.003906 0.808594
vt 0.097656 0.527344
vt 0.183594 0.589844
vt 0.339844 0.003906
vt 0.402344 0.003906
vt 0.339844 0.003906
vt 0.097656 0.589844
vt 0.183594 0.589844
vt 0.402344 0.003906
vt 0.339844 0.003906
vt 0.097656 0.589844
vt 0.402344 0.003906
vt 0.339844 0.003906
vt 0.183594 0.589844
vt 0.402344 0.003906
vt 0.339844 0.003906
vt 0.183594 0.527344
vt 0.097656 0.589844
vt 0.402344 0.003906
vt 0.058594 0.589844
vt 0.230469 0.527344
vt 0.058594 0.808594
vt 0.058594 0.980469
vt 0.058594 0.527344
vt 0.230469 0.527344
vt 0.058594 0.980469
vt 0.058594 0.808594
vt 0.003906 0.980469
vt 0.058594 0.527344
vt 0.058594 0.980469
vt 0.003906 0.808594
vt 0.058594 0.808594
vt 0.230469 0.527344
vt 0.058594 0.527344
vt 0.058594 0.980469
vt 0.230469 0.589844
vt 0.058594 0.808594
vt 0.003906 0.980469
vt 0.003906 0.808594
vt 0.003906 0.980469
vt 0.003906 0.808594
vt 0.003906 0.980469
vt 0.058594 0.980469
vt 0.058594 0.808594
vt 0.003906 0.808594
vt 0.003906 0.980469
vt 0.003906 0.808594
vt 0.183594 0.589844
vt 0.097656 0.589844
vt 0.402344 0.371094
vt 0.339844 0.371094
vt 0.097656 0.589844
vt 0.402344 0.371094
vt 0.183594 0.589844
vt 0.339844 0.371094
vt 0.339844 0.371094
vt 0.097656 0.589844
vt 0.402344 0.371094
vt 0.183594 0.589844
vt 0.339844 0.371094
vt 0.402344 0.371094
vt 0.183594 0.589844
vt 0.097656 0.589844
vt 0.339844 0.371094
vt 0.402344 0.371094
vt 0.230469 0.527344
vt 0.058594 0.527344
vt 0.058594 0.808594
vt 0.058594 0.980469
vt 0.058594 0.527344
vt 0.230469 0.527344
vt 0.058594 0.980469
vt 0.058594 0.808594
vt 0.058594 0.527344
vt 0.058594 0.980469
vt 0.003906 0.980469
vt 0.230469 0.527344
vt 0.058594 0.808594
vt 0.003906 0.808594
vt 0.058594 0.527344
vt 0.230469 0.527344
vt 0.058594 0.980469
vt 0.058594 0.808594
vt 0.003906 0.980469
vt 0.003906 0.808594
vt 0.003906 0.980469
vt 0.003906 0.808594
vt 0.003906 0.980469
vt 0.058594 0.980469
vt 0.058594 0.808594
vt 0.003906 0.808594
vt 0.003906 0.980469
vt 0.003906 0.808594
vt 0.183594 0.589844
vt 0.402344 0.003906
vt 0.339844 0.003906
vt 0.097656 0.527344
vt 0.339844 0.003906
vt 0.183594 0.589844
vt 0.097656 0.589844
vt 0.402344 0.003906
vt 0.339844 0.003906
vt 0.097656 0.589844
vt 0.402344 0.003906
vt 0.339844 0.003906
vt 0.183594 0.589844
vt 0.402344 0.003906
vt 0.402344 0.003906
vt 0.097656 0.589844
vt 0.339844 0.003906
vt 0.183594 0.527344
vt 0.230469 0.527344
vt 0.058594 0.808594
vt 0.058594 0.980469
vt 0.058594 0.589844
vt 0.230469 0.527344
vt 0.058594 0.527344
vt 0.058594 0.980469
vt 0.058594 0.808594
vt 0.058594 0.527344
vt 0.058594 0.980469
vt 0.003906 0.980469
vt 0.230469 0.527344
vt 0.058594 0.808594
vt 0.003906 0.808594
vt 0.058594 0.527344
vt 0.058594 0.980469
vt 0.058594 0.808594
vt 0.230469 0.589844
vt 0.003906 0.980469
vt 0.003906 0.808594
vt 0.003906 0.980469
vt 0.003906 0.808594
vt 0.003906 0.980469
vt 0.058594 0.980469
vt 0.058594 0.808594
vt 0.003906 0.808594
vt 0.003906 0.980469
vt 0.003906 0.808594
vt 0.339844 0.003906
vt 0.019531 0.003906
vt 0.128906 0.371094
vt 0.402344 0.003906
vt 0.019531 0.371094
vt 0.339844 0.371094
vt 0.128906 0.003906
vt 0.402344 0.371094
vt 0.230469 0.003906
vt 0.316406 0.003906
vt 0.230469 0.371094
vt 0.316406 0.371094
vt 0.339844 0.003906
vt 0.339844 0.371094
vt 0.003906 0.207031
vt 0.113281 0.753906
vt 0.246094 0.207031
vt 0.113281 0.996094
vt 0.042969 0.996094
vt 0.042969 0.753906
vt 0.003906 0.222656
vt 0.246094 0.222656
vt 0.003906 0.371094
vt 0.238281 0.371094
vt 0.003906 0.371094
vt 0.246094 0.371094
vt 0.246094 0.371094
vt 0.003906 0.003906
vt 0.003906 0.371094
vt 0.246094 0.371094
vt 0.003906 0.371094
vt 0.238281 0.371094
vt 0.003906 0.324219
vt 0.246094 0.339844
vt 0.246094 0.324219
vt 0.003906 0.339844
vt 0.238281 0.371094
vt 0.246094 0.371094
vt 0.003906 0.371094
vt 0.246094 0.222656
vt 0.003906 0.222656
vt 0.238281 0.371094
vt 0.003906 0.371094
vt 0.238281 0.371094
vt 0.246094 0.371094
vt 0.003906 0.371094
vt 0.246094 0.371094
vt 0.003906 0.371094
vt 0.238281 0.371094
vt 0.488281 0.371094
vt 0.003906 0.371094
vt 0.003906 0.371094
vt 0.238281 0.371094
vt 0.488281 0.003906
vt 0.121094 0.371094
vt 0.261719 0.003906
vt 0.488281 0.003906
vt 0.125000 0.339844
vt 0.121094 0.371094
vt 0.125000 0.371094
vt 0.125000 0.222656
vt 0.121094 0.371094
vt 0.121094 0.371094
vt 0.125000 0.371094
vt 0.125000 0.324219
vt 0.125000 0.339844
vt 0.121094 0.371094
vt 0.125000 0.371094
vt 0.125000 0.371094
vt 0.261719 0.371094
vt 0.488281 0.371094
vt 0.121094 0.371094
vt 0.031732 0.371094
vt 0.217340 0.371094
vt 0.239358 0.339844
vt 0.252830 0.324219
vt 0.010642 0.324219
vt 0.165364 0.371094
vt 0.339844 0.003906
vt 0.019531 0.003906
vt 0.128906 0.371094
vt 0.402344 0.003906
vt 0.339844 0.371094
vt 0.019531 0.371094
vt 0.128906 0.003906
vt 0.402344 0.371094
vt 0.316406 0.003906
vt 0.230469 0.003906
vt 0.316406 0.371094
vt 0.230469 0.371094
vt 0.339844 0.003906
vt 0.339844 0.371094
vt 0.246094 0.003906
vt 0.246094 0.371094
vt 0.003906 0.207031
vt 0.113281 0.753906
vt 0.042969 0.753906
vt 0.003906 0.371094
vt 0.246094 0.371094
vt 0.042969 0.996094
vt 0.003906 0.207031
vt 0.113281 0.996094
vt 0.246094 0.207031
vt 0.246094 0.371094
vt 0.003906 0.371094
vt 0.246094 0.222656
vt 0.003906 0.371094
vt 0.246094 0.371094
vt 0.246094 0.324219
vt 0.003906 0.339844
vt 0.003906 0.371094
vt 0.238281 0.371094
vt 0.261719 0.003906
vt 0.238281 0.371094
vt 0.246094 0.222656
vt 0.003906 0.222656
vt 0.003906 0.371094
vt 0.246094 0.371094
vt 0.246094 0.371094
vt 0.003906 0.371094
vt 0.003906 0.371094
vt 0.261719 0.371094
vt 0.246094 0.339844
vt 0.488281 0.003906
vt 0.003906 0.371094
vt 0.261719 0.003906
vt 0.488281 0.003906
vt 0.121094 0.371094
vt 0.125000 0.339844
vt 0.121094 0.371094
vt 0.125000 0.371094
vt 0.121094 0.371094
vt 0.125000 0.222656
vt 0.121094 0.371094
vt 0.125000 0.371094
vt 0.125000 0.324219
vt 0.125000 0.339844
vt 0.121094 0.371094
vt 0.125000 0.371094
vt 0.125000 0.371094
vt 0.488281 0.371094
vt 0.261719 0.371094
vt 0.121094 0.371094
vt 0.010642 0.339844
vt 0.013125 0.371094
vt 0.013432 0.371094
vt 0.229062 0.371094
vt 0.236568 0.371094
vt 0.217340 0.222656
vt 0.031732 0.371094
vt 0.395260 0.003906
vt 0.395260 0.371094
vt 0.084635 0.371094
vt 0.097656 0.589844
vt 0.402344 0.371094
vt 0.183594 0.589844
vt 0.339844 0.371094
vt 0.183594 0.589844
vt 0.402344 0.371094
vt 0.339844 0.371094
vt 0.097656 0.589844
vt 0.339844 0.371094
vt 0.097656 0.589844
vt 0.402344 0.371094
vt 0.183594 0.589844
vt 0.339844 0.371094
vt 0.402344 0.371094
vt 0.183594 0.589844
vt 0.097656 0.589844
vt 0.339844 0.371094
vt 0.402344 0.371094
vt 0.058594 0.527344
vt 0.058594 0.980469
vt 0.230469 0.527344
vt 0.058594 0.808594
vt 0.058594 0.527344
vt 0.230469 0.527344
vt 0.058594 0.980469
vt 0.058594 0.808594
vt 0.003906 0.980469
vt 0.058594 0.527344
vt 0.058594 0.980469
vt 0.003906 0.808594
vt 0.230469 0.527344
vt 0.058594 0.808594
vt 0.058594 0.527344
vt 0.058594 0.808594
vt 0.230469 0.527344
vt 0.058594 0.980469
vt 0.003906 0.980469
vt 0.003906 0.808594
vt 0.003906 0.980469
vt 0.003906 0.808594
vt 0.003906 0.980469
vt 0.058594 0.980469
vt 0.058594 0.808594
vt 0.003906 0.808594
vt 0.003906 0.980469
vt 0.003906 0.808594
vt 0.183594 0.589844
vt 0.097656 0.527344
vt 0.339844 0.003906
vt 0.402344 0.003906
vt 0.339844 0.003906
vt 0.183594 0.589844
vt 0.097656 0.589844
vt 0.402344 0.003906
vt 0.339844 0.003906
vt 0.097656 0.589844
vt 0.402344 0.003906
vt 0.339844 0.003906
vt 0.183594 0.589844
vt 0.402344 0.003906
vt 0.339844 0.003906
vt 0.097656 0.589844
vt 0.402344 0.003906
vt 0.183594 0.527344
vt 0.058594 0.808594
vt 0.230469 0.527344
vt 0.058594 0.589844
vt 0.058594 0.980469
vt 0.058594 0.980469
vt 0.230469 0.527344
vt 0.058594 0.527344
vt 0.058594 0.808594
vt 0.058594 0.527344
vt 0.058594 0.980469
vt 0.003906 0.980469
vt 0.058594 0.808594
vt 0.230469 0.527344
vt 0.003906 0.808594
vt 0.058594 0.527344
vt 0.058594 0.980469
vt 0.230469 0.589844
vt 0.058594 0.808594
vt 0.003906 0.980469
vt 0.003906 0.808594
vt 0.003906 0.980469
vt 0.003906 0.808594
vt 0.003906 0.980469
vt 0.058594 0.980469
vt 0.058594 0.808594
vt 0.003906 0.808594
vt 0.003906 0.980469
vt 0.003906 0.808594
vt 0.402344 0.371094
vt 0.097656 0.589844
vt 0.183594 0.589844
vt 0.339844 0.371094
vt 0.339844 0.371094
vt 0.402344 0.371094
vt 0.097656 0.589844
vt 0.183594 0.589844
vt 0.402344 0.371094
vt 0.339844 0.371094
vt 0.097656 0.589844
vt 0.402344 0.371094
vt 0.339844 0.371094
vt 0.183594 0.589844
vt 0.097656 0.589844
vt 0.183594 0.589844
vt 0.402344 0.371094
vt 0.339844 0.371094
vt 0.058594 0.808594
vt 0.058594 0.980469
vt 0.058594 0.527344
vt 0.230469 0.527344
vt 0.058594 0.808594
vt 0.058594 0.527344
vt 0.230469 0.527344
vt 0.058594 0.980469
vt 0.003906 0.980469
vt 0.058594 0.980469
vt 0.058594 0.527344
vt 0.058594 0.808594
vt 0.003906 0.808594
vt 0.230469 0.527344
vt 0.058594 0.808594
vt 0.058594 0.980469
vt 0.058594 0.527344
vt 0.230469 0.527344
vt 0.003906 0.808594
vt 0.003906 0.980469
vt 0.003906 0.980469
vt 0.003906 0.808594
vt 0.003906 0.980469
vt 0.058594 0.980469
vt 0.003906 0.808594
vt 0.058594 0.808594
vt 0.003906 0.980469
vt 0.003906 0.808594
vt 0.402344 0.003906
vt 0.183594 0.589844
vt 0.097656 0.527344
vt 0.339844 0.003906
vt 0.339844 0.003906
vt 0.183594 0.589844
vt 0.097656 0.589844
vt 0.402344 0.003906
vt 0.402344 0.003906
vt 0.339844 0.003906
vt 0.097656 0.589844
vt 0.183594 0.589844
vt 0.339844 0.003906
vt 0.402344 0.003906
vt 0.402344 0.003906
vt 0.339844 0.003906
vt 0.183594 0.527344
vt 0.097656 0.589844
vt 0.058594 0.808594
vt 0.230469 0.527344
vt 0.058594 0.589844
vt 0.058594 0.980469
vt 0.058594 0.808594
vt 0.058594 0.980469
vt 0.230469 0.527344
vt 0.058594 0.527344
vt 0.003906 0.980469
vt 0.058594 0.980469
vt 0.058594 0.527344
vt 0.058594 0.808594
vt 0.003906 0.808594
vt 0.230469 0.527344
vt 0.058594 0.808594
vt 0.058594 0.980469
vt 0.230469 0.589844
vt 0.058594 0.527344
vt 0.003906 0.980469
vt 0.003906 0.808594
vt 0.003906 0.980469
vt 0.003906 0.808594
vt 0.003906 0.980469
vt 0.058594 0.980469
vt 0.003906 0.808594
vt 0.058594 0.808594
vt 0.003906 0.808594
vt 0.003906 0.980469
vt 0.250000 0.617188
vt 0.307859 0.565022
vt 0.304688 0.375000
vt 0.398438 0.132812
vt 0.027344 0.957031
vt 0.241295 0.569031
vt 0.398438 0.375000
vt 0.339844 0.371094
vt 0.066406 0.996094
vt 0.136719 0.621094
vt 0.175781 0.371094
vt 0.339844 0.003906
vt 0.339844 0.253906
vt 0.175781 0.253906
vt 0.175781 0.082031
vt 0.339844 0.082031
vt 0.250000 0.375000
vt 0.304688 0.132812
vt 0.027344 0.902344
vt 0.027344 0.769531
vt 0.492188 0.375000
vt 0.447449 0.371860
vt 0.449219 0.417969
vt 0.429688 0.546875
vt 0.421047 0.491149
vt 0.402344 0.371094
vt 0.402344 0.347656
vt 0.144531 0.621094
vt 0.402344 0.253906
vt 0.402344 0.261719
vt 0.402344 0.160156
vt 0.402344 0.082031
vt 0.003906 0.753906
vt 0.003906 0.878906
vt 0.003906 0.886719
vt 0.035156 0.996094
vt 0.003906 0.769531
vt 0.003906 0.753906
vt 0.449219 0.378906
vt 0.480469 0.417969
vt 0.489551 0.371450
vt 0.003906 0.753906
vt 0.003906 0.996094
vt 0.058594 0.996094
vt 0.480469 0.378906
vt 0.027344 0.753906
vt 0.320858 0.608650
vt 0.003906 0.808594
vt 0.459954 0.510545
vt 0.003906 0.910156
vt 0.003906 0.753906
vt 0.241295 0.611725
vt 0.027344 0.824219
vt 0.003906 0.816406
vt 0.003906 0.957031
vt 0.003906 0.878906
vt 0.136719 0.621094
vt 0.066406 0.996094
vt 0.003906 0.824219
vt 0.066406 0.222656
vt 0.027344 0.816406
vt 0.402344 0.347656
vt 0.144531 0.621094
vt 0.003906 0.777344
vt 0.027344 0.996094
vt 0.027344 0.753906
vt 0.105469 0.222656
vt 0.027344 0.855469
vt 0.035156 0.972656
vt 0.058594 0.972656
vt 0.027344 0.777344
vt 0.003906 0.855469
vt 0.402344 0.261719
vt 0.027344 0.910156
vt 0.402344 0.160156
vt 0.027344 0.808594
vt 0.347656 0.371094
vt 0.027344 0.878906
vt 0.238281 0.988281
vt 0.058594 0.847656
vt 0.003906 0.847656
vt 0.003906 0.941406
vt 0.042969 0.996094
vt 0.003906 0.753906
vt 0.003906 0.996094
vt 0.058594 0.996094
vt 0.347656 0.003906
vt 0.246094 0.371094
vt 0.003906 0.003906
vt 0.300781 0.003906
vt 0.128906 0.847656
vt 0.339844 0.371094
vt 0.183594 0.589844
vt 0.097656 0.589844
vt 0.402344 0.371094
vt 0.402344 0.371094
vt 0.183594 0.589844
vt 0.097656 0.589844
vt 0.339844 0.371094
vt 0.339844 0.371094
vt 0.402344 0.371094
vt 0.097656 0.589844
vt 0.339844 0.371094
vt 0.402344 0.371094
vt 0.183594 0.589844
vt 0.339844 0.371094
vt 0.402344 0.371094
vt 0.097656 0.589844
vt 0.183594 0.589844
vt 0.058594 0.980469
vt 0.058594 0.808594
vt 0.230469 0.527344
vt 0.058594 0.527344
vt 0.058594 0.527344
vt 0.058594 0.980469
vt 0.058594 0.808594
vt 0.230469 0.527344
vt 0.058594 0.980469
vt 0.003906 0.980469
vt 0.058594 0.527344
vt 0.058594 0.808594
vt 0.003906 0.808594
vt 0.230469 0.527344
vt 0.058594 0.527344
vt 0.230469 0.527344
vt 0.058594 0.808594
vt 0.058594 0.980469
vt 0.003906 0.980469
vt 0.003906 0.808594
vt 0.003906 0.980469
vt 0.003906 0.808594
vt 0.003906 0.980469
vt 0.058594 0.980469
vt 0.058594 0.808594
vt 0.003906 0.808594
vt 0.003906 0.980469
vt 0.003906 0.808594
vt 0.183594 0.589844
vt 0.339844 0.003906
vt 0.097656 0.527344
vt 0.402344 0.003906
vt 0.339844 0.003906
vt 0.097656 0.589844
vt 0.402344 0.003906
vt 0.183594 0.589844
vt 0.339844 0.003906
vt 0.402344 0.003906
vt 0.097656 0.589844
vt 0.339844 0.003906
vt 0.183594 0.589844
vt 0.402344 0.003906
vt 0.339844 0.003906
vt 0.183594 0.527344
vt 0.097656 0.589844
vt 0.402344 0.003906
vt 0.058594 0.589844
vt 0.230469 0.527344
vt 0.058594 0.808594
vt 0.058594 0.980469
vt 0.230469 0.527344
vt 0.058594 0.527344
vt 0.058594 0.980469
vt 0.058594 0.808594
vt 0.058594 0.980469
vt 0.003906 0.980469
vt 0.058594 0.527344
vt 0.230469 0.527344
vt 0.058594 0.808594
vt 0.003906 0.808594
vt 0.230469 0.589844
vt 0.058594 0.527344
vt 0.058594 0.980469
vt 0.058594 0.808594
vt 0.003906 0.980469
vt 0.003906 0.808594
vt 0.003906 0.980469
vt 0.003906 0.808594
vt 0.003906 0.980469
vt 0.058594 0.980469
vt 0.058594 0.808594
vt 0.003906 0.808594
vt 0.003906 0.980469
vt 0.003906 0.808594
vt 0.003906 0.253906
vt 0.246094 0.253906
vt 0.246094 0.371094
vt 0.003906 0.363281
vt 0.300781 0.371094
vt 0.246094 0.003906
vt 0.066406 0.996094
vt 0.175781 0.371094
vt 0.136719 0.621094
vt 0.339844 0.371094
vt 0.066406 0.222656
vt 0.027344 0.816406
vt 0.175781 0.253906
vt 0.339844 0.253906
vt 0.339844 0.082031
vt 0.175781 0.082031
vt 0.402344 0.105469
vt 0.027344 0.753906
vt 0.105469 0.363281
vt 0.027344 0.753906
vt 0.441406 0.371094
vt 0.027344 0.878906
vt 0.144531 0.621094
vt 0.402344 0.347656
vt 0.402344 0.371094
vt 0.402344 0.253906
vt 0.402344 0.261719
vt 0.402344 0.160156
vt 0.402344 0.082031
vt 0.304688 0.132812
vt 0.250000 0.375000
vt 0.027344 0.902344
vt 0.027344 0.769531
vt 0.492188 0.375000
vt 0.449219 0.417969
vt 0.447449 0.371860
vt 0.003906 0.878906
vt 0.003906 0.753906
vt 0.003906 0.886719
vt 0.449219 0.378906
vt 0.035156 0.996094
vt 0.003906 0.769531
vt 0.003906 0.753906
vt 0.003906 0.753906
vt 0.480469 0.417969
vt 0.489551 0.371450
vt 0.003906 0.996094
vt 0.027344 0.753906
vt 0.480469 0.378906
vt 0.058594 0.996094
vt 0.003906 0.808594
vt 0.320858 0.608650
vt 0.003906 0.910156
vt 0.459954 0.510545
vt 0.003906 0.753906
vt 0.241295 0.611725
vt 0.027344 0.824219
vt 0.003906 0.816406
vt 0.027344 0.902344
vt 0.246094 0.324219
vt 0.003906 0.339844
vt 0.003906 0.753906
vt 0.027344 0.957031
vt 0.398438 0.132812
vt 0.003906 0.878906
vt 0.003906 0.957031
vt 0.003906 0.996094
vt 0.003906 0.902344
vt 0.003906 0.371094
vt 0.066406 0.996094
vt 0.136719 0.621094
vt 0.003906 0.824219
vt 0.304688 0.375000
vt 0.250000 0.617188
vt 0.307859 0.565022
vt 0.421047 0.491149
vt 0.429688 0.546875
vt 0.241295 0.569031
vt 0.398438 0.375000
vt 0.246094 0.371094
vt 0.246094 0.222656
vt 0.003906 0.222656
vt 0.027344 0.753906
vt 0.027344 0.996094
vt 0.144531 0.621094
vt 0.003906 0.777344
vt 0.402344 0.347656
vt 0.027344 0.855469
vt 0.105469 0.222656
vt 0.035156 0.972656
vt 0.027344 0.753906
vt 0.058594 0.972656
vt 0.027344 0.777344
vt 0.003906 0.855469
vt 0.027344 0.910156
vt 0.402344 0.261719
vt 0.402344 0.160156
vt 0.027344 0.808594
vt 0.003906 0.847656
vt 0.003906 0.941406
vt 0.003906 0.996094
vt 0.347656 0.003906
vt 0.058594 0.996094
vt 0.347656 0.371094
vt 0.027344 0.878906
vt 0.250000 0.375000
vt 0.000000 0.375000
vt 0.000000 0.531250
vt 0.250000 0.531250
vt 0.250000 0.531250
vt 0.000000 0.531250
vt 0.000000 0.375000
vt 0.250000 0.375000
vt 0.000000 0.531250
vt 0.250000 0.531250
vt 0.000000 0.531250
vt 0.000000 0.375000
vt 0.000000 0.375000
vt 0.250000 0.375000
vt 0.250000 0.531250
vt 0.000000 0.531250
vt 0.250000 0.375000
vt -0.003906 0.378906
vt -0.003906 0.535156
vt 0.250000 0.531250
vt 0.000000 0.375000
vt 0.000000 0.375000
vt 0.250000 0.375000
vt 0.000000 0.531250
vt 0.250000 0.531250
vt 0.250000 0.375000
vt 0.250000 0.531250
vt 0.000000 0.375000
vt 0.250000 0.375000
vt 0.250000 0.375000
vt 0.250000 0.531250
vt 0.253906 0.535156
vt 0.253906 0.378906
vt 0.000000 0.375000
vt -0.003906 0.378906
vt 0.250000 0.375000
vt 0.000000 0.375000
vt -0.003906 0.535156
vt 0.000000 0.531250
vt 0.250000 0.531250
vt 0.000000 0.531250
vt 0.250000 0.375000
vt 0.000000 0.375000
vt 0.250000 0.375000
vt 0.000000 0.375000
vt 0.250000 0.375000
vt 0.000000 0.375000
vt 0.250000 0.531250
vt 0.000000 0.531250
vt 0.250000 0.531250
vt 0.000000 0.531250
vt 0.250000 0.531250
vt 0.000000 0.531250
vt 0.253906 0.535156
vt 0.253906 0.378906
vt 0.000000 0.531250
vt 0.250000 0.375000
vt 0.250000 0.531250
vt 0.246094 0.339844
vt 0.246094 0.324219
vt 0.003906 0.324219
vt 0.003906 0.339844
vt 0.246094 0.121094
vt 0.003906 0.121094
vt 0.246094 0.371094
vt 0.003906 0.371094
vt 0.003906 0.371094
vt 0.246094 0.222656
vt 0.003906 0.222656
vt 0.246094 0.371094
vt 0.316406 0.371094
vt 0.094727 0.371094
vt 0.253906 0.003906
vt 0.410156 0.011719
vt 0.003906 0.339844
vt 0.246094 0.324219
vt 0.003906 0.324219
vt 0.246094 0.339844
vt 0.003906 0.351797
vt 0.246094 0.351797
vt 0.246094 0.351797
vt 0.003906 0.351797
vt 0.101719 0.351797
vt 0.162891 0.351797
vt 0.246094 0.351797
vt 0.003906 0.351797
vt 0.101719 0.351797
vt 0.162891 0.351797
vt 0.003906 0.351797
vt 0.246094 0.351797
vt 0.246094 0.351797
vt 0.003906 0.351797
vt 0.246094 0.351797
vt 0.003906 0.351797
vt 0.246094 0.351797
vt 0.339844 0.371094
vt 0.156484 0.351797
vt 0.094727 0.351797
vt 0.339844 0.371094
vt 0.246094 0.351797
vt 0.003906 0.351797
vt 0.246094 0.351797
vt 0.003906 0.351797
vt 0.246094 0.351797
vt 0.003906 0.351797
vt 0.246094 0.351797
vt 0.003906 0.351797
vt 0.003906 0.351797
vt 0.246094 0.351797
vt 0.246094 0.351797
vt 0.101719 0.351797
vt 0.162891 0.351797
vt 0.101719 0.351797
vt 0.162891 0.351797
vt 0.246094 0.351797
vt 0.003906 0.351797
vt 0.339844 0.371094
vt 0.094727 0.351797
vt 0.246094 0.222656
vt 0.058594 0.996094
vt 0.246094 0.370490
vt 0.246094 0.221771
vt 0.027344 0.988281
vt 0.035156 0.996094
vt 0.246094 0.324219
vt 0.003906 0.339844
vt 0.003906 0.121094
vt 0.246094 0.121094
vt 0.003906 0.371094
vt 0.003906 0.988281
vt 0.027344 0.988281
vt 0.003906 0.324219
vt 0.035156 0.996094
vt 0.246094 0.339844
vt 0.246094 0.121094
vt 0.003906 0.988281
vt 0.246094 0.371094
vt 0.035156 0.996094
vt 0.246094 0.339844
vt 0.027344 0.988281
vt 0.003906 0.324219
vt 0.246094 0.121094
vt 0.003906 0.988281
vt 0.246094 0.371094
vt 0.003906 0.222656
vt 0.058594 0.996094
vt 0.246094 0.222656
vt 0.003906 0.371094
vt 0.402344 0.371094
vt 0.095453 0.351797
vt 0.425781 0.371094
vt 0.121094 0.371094
vt 0.095453 0.371094
vt 0.003906 0.371094
vt 0.003906 0.996094
vt 0.246094 0.371094
vt 0.425781 0.003906
vt 0.128906 0.371094
vt 0.425781 0.371094
vt 0.094727 0.371094
vt 0.121094 0.371094
vt 0.402344 0.003906
vt 0.128906 0.371094
vt 0.425781 0.003906
vt 0.402344 0.003906
vt 0.402344 0.003906
vt 0.094727 0.352153
vt 0.402344 0.371094
vt 0.155273 0.352153
vt 0.339844 0.371094
vt 0.246094 0.167969
vt 0.003906 0.167969
vt 0.246094 0.167969
vt 0.003906 0.167969
vt 0.246094 0.167969
vt 0.003906 0.352153
vt 0.246094 0.352153
vt 0.003906 0.352153
vt 0.003906 0.345338
vt 0.246094 0.352539
vt 0.003906 0.352539
vt 0.027344 0.816406
vt 0.105469 0.296265
vt 0.339844 0.167969
vt 0.175781 0.167969
vt 0.402344 0.167969
vt 0.402344 0.210938
vt 0.390625 0.375000
vt 0.027344 0.832031
vt 0.003906 0.832031
vt 0.003906 0.816406
vt 0.003906 0.863281
vt 0.401958 0.575332
vt 0.402344 0.210938
vt 0.027344 0.863281
vt 0.376959 0.542906
vt 0.351562 0.601562
vt 0.105469 0.296484
vt 0.027344 0.816406
vt 0.175781 0.167969
vt 0.339844 0.167969
vt 0.402344 0.167969
vt 0.402344 0.210938
vt 0.390625 0.375000
vt 0.027344 0.832031
vt 0.003906 0.832031
vt 0.003906 0.816406
vt 0.003906 0.863281
vt 0.401958 0.575332
vt 0.351562 0.601562
vt 0.376959 0.542906
vt 0.027344 0.863281
vt 0.402344 0.210938
vt 0.246094 0.352153
vt 0.003906 0.353281
vt 0.246094 0.353281
vt 0.003906 0.352539
vt 0.246094 0.352539
vt 0.003906 0.345703
vt 0.339844 0.371094
vt 0.094727 0.352539
vt 0.003906 0.167969
vt 0.246094 0.167969
vt 0.402344 0.371094
vt 0.155273 0.352539
vt 0.003906 0.312500
vt 0.246094 0.312500
vt 0.003906 0.312500
vt 0.246094 0.312500
vt 0.003906 0.312500
vt 0.246094 0.312500
vt 0.003906 0.312500
vt 0.246094 0.312500
vt 0.246094 0.312500
vt 0.003906 0.312500
vt 0.246094 0.312500
vt 0.339844 0.312500
vt 0.175781 0.312500
vt 0.476562 0.437500
vt 0.439369 0.428933
vt 0.402344 0.312500
vt 0.402344 0.304688
vt 0.003906 0.957031
vt 0.479491 0.438705
vt 0.402344 0.304688
vt 0.027344 0.957031
vt 0.250000 0.468750
vt 0.304688 0.226562
vt 0.398438 0.226562
vt 0.339844 0.312500
vt 0.175781 0.312500
vt 0.402344 0.304688
vt 0.402344 0.312500
vt 0.479490 0.438705
vt 0.003906 0.957031
vt 0.439369 0.428933
vt 0.476562 0.437500
vt 0.027344 0.957031
vt 0.402344 0.304688
vt 0.304688 0.226562
vt 0.250000 0.468750
vt 0.398438 0.226562
vt 0.367188 0.468750
vt 0.367188 0.468750
vt 0.003906 0.324219
vt 0.246094 0.339844
vt 0.246094 0.324219
vt 0.003906 0.339844
vt 0.003906 0.339844
vt 0.246094 0.324219
vt 0.246094 0.339844
vt 0.003906 0.324219
vt 0.113281 0.003906
vt 0.308594 0.003906
vt 0.160156 0.003906
vt 0.308594 0.371094
vt 0.089844 0.003906
vt 0.113281 0.371094
vt 0.089844 0.003906
vt 0.308594 0.371094
vt 0.496094 0.371094
vt 0.113281 0.371094
vt 0.089844 0.371094
vt 0.496094 0.371094
vt 0.128906 0.003906
vt 0.113281 0.371094
vt 0.308594 0.371094
vt 0.128906 0.371094
vt 0.496094 0.371094
vt 0.308594 0.371094
vt 0.128906 0.003906
vt 0.113281 0.371094
vt 0.316406 0.003906
vt 0.246094 0.003906
vt 0.003906 0.003906
vt 0.253906 0.003906
vt 0.246094 0.371094
vt 0.003906 0.371094
vt 0.246094 0.371094
vt 0.003906 0.371094
vt 0.003906 0.371094
vt 0.128906 0.003906
vt 0.246094 0.371094
vt 0.128906 0.371094
vt 0.308594 0.003906
vt 0.089844 0.003906
vt 0.113281 0.003906
vt 0.113281 0.003906
vt 0.308594 0.003906
vt 0.089844 0.003906
vt 0.089844 0.371094
vt 0.496094 0.003906
vt 0.496094 0.003906
vt 0.308594 0.003906
vt 0.160156 0.003906
vt 0.113281 0.003906
vt 0.496094 0.003906
vt 0.160156 0.371094
vt 0.121094 0.371094
vt 0.402344 0.371094
vt 0.092708 0.352539
vt 0.094323 0.371094
vt 0.230469 0.371094
vt 0.155636 0.371094
vt 0.156791 0.352539
vt 0.339844 0.371094
vt 0.091901 0.352153
vt 0.339844 0.371094
vt 0.094468 0.371094
vt 0.019531 0.371094
vt 0.238281 0.988281
vt 0.058594 0.847656
vt 0.441406 0.003906
vt 0.238281 0.847656
vt 0.058594 0.941406
vt 0.003906 0.800781
vt 0.238281 0.847656
vt 0.441406 0.003906
vt 0.058594 0.941406
vt 0.183594 0.988281
vt 0.058594 0.800781
vt 0.105469 0.363281
vt 0.441406 0.371094
vt 0.027344 0.753906
vt 0.027344 0.878906
vt 0.003906 0.312500
vt 0.246094 0.312500
vt 0.003906 0.167969
vt 0.246094 0.167969
vt 0.246094 0.253906
vt 0.003906 0.253906
vt 0.246094 0.371094
vt 0.003906 0.371094
vt 0.238281 0.371094
vt 0.246094 0.371094
vt 0.003906 0.371094
vt 0.238281 0.371094
vt 0.246094 0.324219
vt 0.003906 0.324219
vt 0.003906 0.339844
vt 0.246094 0.339844
vt 0.003906 0.371094
vt 0.238281 0.371094
vt 0.246094 0.371094
vt 0.242188 0.371094
vt 0.003906 0.371094
vt 0.238281 0.371094
vt 0.003906 0.371094
vt 0.246094 0.371094
vt 0.246094 0.339844
vt 0.003906 0.324219
vt 0.003906 0.339844
vt 0.246094 0.324219
vt 0.003906 0.324219
vt 0.246094 0.324219
vt 0.246094 0.339844
vt 0.003906 0.339844
vt 0.003906 0.167969
vt 0.246094 0.167969
vt 0.003906 0.167969
vt 0.246094 0.167969
vt 0.003906 0.082031
vt 0.246094 0.082031
vt 0.246094 0.082031
vt 0.003906 0.082031
vt 0.268857 0.567652
vt 0.359375 0.375000
vt 0.003906 0.785156
vt 0.270308 0.610488
vt 0.003906 0.925781
vt 0.003906 0.816406
vt 0.027344 0.917969
vt 0.359375 0.132812
vt 0.003906 0.972656
vt 0.359375 0.226562
vt 0.402344 0.132812
vt 0.027344 0.785156
vt 0.058594 0.972656
vt 0.378906 0.003906
vt 0.378906 0.371094
vt 0.027344 0.816406
vt 0.003906 0.785156
vt 0.270308 0.610488
vt 0.268857 0.567652
vt 0.359375 0.375000
vt 0.359375 0.132812
vt 0.027344 0.925781
vt 0.003906 0.816406
vt 0.003906 0.925781
vt 0.003906 0.972656
vt 0.359375 0.226562
vt 0.402344 0.132812
vt 0.027344 0.785156
vt 0.378906 0.371094
vt 0.027344 0.816406
vt 0.378906 0.003906
vt 0.058594 0.972656
vt 0.238281 0.371094
vt 0.246094 0.222656
vt 0.003906 0.371094
vt 0.246094 0.371094
vt 0.003906 0.222656
vt 0.003906 0.222656
vt 0.003906 0.371094
vt 0.246094 0.222656
vt 0.246094 0.371094
vt 0.246094 0.222656
vt 0.003906 0.222656
vt 0.003906 0.371047
vt 0.003906 0.223157
vt 0.246094 0.371094
vt 0.246094 0.222656
vt 0.003906 0.222656
vt 0.246094 0.371094
vt 0.003906 0.371094
vt 0.058594 0.996094
vt 0.003906 0.223657
vt 0.246094 0.222656
vt 0.003906 0.371698
vt 0.246094 0.222656
vt 0.058594 0.996094
vt 0.246094 0.371094
vt 0.246094 0.222656
vt 0.003906 0.371094
vt 0.246094 0.371094
vt 0.003906 0.222656
vt 0.402344 0.371094
vt 0.339844 0.371094
vt 0.339844 0.371094
vt 0.402344 0.371094
vt 0.402344 0.003906
vt 0.339844 0.003906
vt 0.402344 0.003906
vt 0.339844 0.003906
vt 0.402344 0.371094
vt 0.339844 0.371094
vt 0.339844 0.371094
vt 0.402344 0.371094
vt 0.402344 0.003906
vt 0.339844 0.003906
vt 0.402344 0.003906
vt 0.339844 0.003906
vt 0.402344 0.371094
vt 0.339844 0.371094
vt 0.339844 0.371094
vt 0.402344 0.371094
vt 0.402344 0.003906
vt 0.339844 0.003906
vt 0.402344 0.003906
vt 0.339844 0.003906
vt 0.402344 0.371094
vt 0.339844 0.371094
vt 0.339844 0.371094
vt 0.402344 0.371094
vt 0.402344 0.003906
vt 0.339844 0.003906
vt 0.402344 0.003906
vt 0.339844 0.003906
vt 0.402344 0.371094
vt 0.339844 0.371094
vt 0.339844 0.371094
vt 0.402344 0.371094
vt 0.402344 0.003906
vt 0.339844 0.003906
vt 0.402344 0.003906
vt 0.339844 0.003906
vt 0.402344 0.371094
vt 0.339844 0.371094
vt 0.339844 0.371094
vt 0.402344 0.371094
vt 0.402344 0.003906
vt 0.339844 0.003906
vt 0.402344 0.003906
vt 0.339844 0.003906
vt 0.402344 0.371094
vt 0.339844 0.371094
vt 0.339844 0.371094
vt 0.402344 0.371094
vt 0.402344 0.003906
vt 0.339844 0.003906
vt 0.402344 0.003906
vt 0.339844 0.003906
vt 0.402344 0.371094
vt 0.339844 0.371094
vt 0.339844 0.371094
vt 0.402344 0.371094
vt 0.402344 0.003906
vt 0.339844 0.003906
vt 0.402344 0.003906
vt 0.339844 0.003906
vt 0.402344 0.371094
vt 0.339844 0.371094
vt 0.339844 0.371094
vt 0.402344 0.371094
vt 0.402344 0.003906
vt 0.339844 0.003906
vt 0.402344 0.003906
vt 0.339844 0.003906
vt 0.402344 0.371094
vt 0.339844 0.371094
vt 0.339844 0.371094
vt 0.402344 0.371094
vt 0.402344 0.003906
vt 0.339844 0.003906
vt 0.402344 0.003906
vt 0.339844 0.003906
vt 0.402344 0.371094
vt 0.339844 0.371094
vt 0.339844 0.371094
vt 0.402344 0.371094
vt 0.402344 0.003906
vt 0.339844 0.003906
vt 0.402344 0.003906
vt 0.339844 0.003906
vt 0.402344 0.371094
vt 0.339844 0.371094
vt 0.339844 0.371094
vt 0.402344 0.371094
vt 0.402344 0.003906
vt 0.339844 0.003906
vt 0.402344 0.003906
vt 0.339844 0.003906
vt 0.402344 0.371094
vt 0.339844 0.371094
vt 0.339844 0.371094
vt 0.402344 0.371094
vt 0.402344 0.003906
vt 0.339844 0.003906
vt 0.402344 0.003906
vt 0.339844 0.003906
vt 0.402344 0.371094
vt 0.339844 0.371094
vt 0.339844 0.371094
vt 0.402344 0.371094
vt 0.402344 0.003906
vt 0.339844 0.003906
vt 0.402344 0.003906
vt 0.339844 0.003906
vt 0.402344 0.371094
vt 0.339844 0.371094
vt 0.339844 0.371094
vt 0.402344 0.371094
vt 0.402344 0.003906
vt 0.339844 0.003906
vt 0.402344 0.003906
vt 0.339844 0.003906
vt 0.402344 0.371094
vt 0.339844 0.371094
vt 0.339844 0.371094
vt 0.402344 0.371094
vt 0.402344 0.003906
vt 0.339844 0.003906
vt 0.402344 0.003906
vt 0.339844 0.003906
vt 0.402344 0.371094
vt 0.339844 0.371094
vt 0.339844 0.371094
vt 0.402344 0.371094
vt 0.402344 0.003906
vt 0.339844 0.003906
vt 0.402344 0.003906
vt 0.339844 0.003906
vt 0.402344 0.371094
vt 0.339844 0.371094
vt 0.339844 0.371094
vt 0.402344 0.371094
vt 0.402344 0.003906
vt 0.339844 0.003906
vt 0.402344 0.003906
vt 0.339844 0.003906
vt 0.402344 0.371094
vt 0.339844 0.371094
vt 0.339844 0.371094
vt 0.402344 0.371094
vt 0.402344 0.003906
vt 0.339844 0.003906
vt 0.402344 0.003906
vt 0.339844 0.003906
vt 0.402344 0.371094
vt 0.339844 0.371094
vt 0.339844 0.371094
vt 0.402344 0.371094
vt 0.402344 0.003906
vt 0.339844 0.003906
vt 0.402344 0.003906
vt 0.339844 0.003906
vt 0.402344 0.371094
vt 0.339844 0.371094
vt 0.339844 0.371094
vt 0.402344 0.371094
vt 0.402344 0.003906
vt 0.339844 0.003906
vt 0.402344 0.003906
vt 0.339844 0.003906
vt 0.402344 0.371094
vt 0.339844 0.371094
vt 0.339844 0.371094
vt 0.402344 0.371094
vt 0.402344 0.003906
vt 0.339844 0.003906
vt 0.402344 0.003906
vt 0.339844 0.003906
vt 0.402344 0.371094
vt 0.339844 0.371094
vt 0.339844 0.371094
vt 0.402344 0.371094
vt 0.402344 0.003906
vt 0.339844 0.003906
vt 0.402344 0.003906
vt 0.339844 0.003906
vt 0.402344 0.371094
vt 0.339844 0.371094
vt 0.339844 0.371094
vt 0.402344 0.371094
vt 0.402344 0.003906
vt 0.339844 0.003906
vt 0.402344 0.003906
vt 0.339844 0.003906
vt 0.003906 0.339844
vt 0.246094 0.339844
vt 0.246094 0.339844
vt 0.003906 0.339844
vt 0.246094 0.339844
vt 0.003906 0.339844
vt 0.246094 0.339844
vt 0.003906 0.339844
vt 0.027344 0.878906
vt 0.027344 0.878906
vt 0.027344 0.761719
vt 0.246094 0.339844
vt 0.003906 0.339844
vt 0.027344 0.878906
vt 0.027344 0.988281
vt 0.027344 0.878906
vt 0.027344 0.761719
vt 0.027344 0.988281
vt 0.003906 0.339844
vt 0.246094 0.339844
vt 0.003906 0.339844
vt 0.027344 0.878906
vt 0.027344 0.988281
vt 0.027344 0.878906
vt 0.027344 0.761719
vt 0.027344 0.878906
vt 0.027344 0.878906
vt 0.027344 0.761719
vt 0.246094 0.339844
vt 0.003906 0.339844
vt 0.003906 0.339844
vt 0.246094 0.339844
vt 0.027344 0.988281
vt 0.003906 0.339844
vt 0.027344 0.988281
vt 0.246094 0.339844
vt 0.246094 0.339844
vt 0.027344 0.988281
vt 0.246094 0.339844
vt 0.003906 0.339844
vt 0.003906 0.339844
vt 0.246094 0.339844
s 0
f 2204/4666 2137/4471 2141/4488
f 2151/4513 2181/4600 2150/4509
f 2189/4628 2140/4483 2138/4476
f 3493/7999 2170/4559 2140/4484
f 2251/4779 2172/4567 2157/4529
f 2164/4547 2163/4545 2160/4539
f 2164/4547 2161/4541 2162/4543
f 2165/4549 2271/4824 2174/4575
f 2169/4557 2168/4555 2271/4824
f 2172/4568 3520/8063 2154/4522
f 2159/4537 2160/4539 2254/4789
f 2167/4553 2166/4551 2230/4728
f 2149/4507 2148/4505 2144/4497
f 2180/4597 2251/4778 2158/4534
f 2139/4480 2138/4475 2137/4472
f 2146/4501 2145/4499 2254/4789
f 2149/4507 2146/4501 2147/4503
f 2143/4495 2144/4497 3522/8071
f 2169/4557 2167/4553 2278/4838
f 2152/4517 2153/4519 2230/4728
f 2181/4601 2180/4596 2136/4468
f 2155/4525 2154/4521 3520/8064
f 2156/4527 2155/4525 2236/4740
f 2161/4541 2175/4579 3524/8078
f 2156/4527 2237/4742 2153/4519
f 2142/4492 2141/4487 2173/4572
f 2151/4514 2171/4563 2176/4582
f 2175/4579 2170/4560 3493/8000
f 2204/4666 2141/4488 2142/4491
f 2151/4513 2150/4509 2171/4564
f 2189/4628 2138/4476 2139/4479
f 3493/7999 2140/4484 2189/4629
f 2251/4779 2157/4529 2158/4533
f 2164/4547 2160/4539 2159/4537
f 2164/4547 2162/4543 2163/4545
f 2165/4549 2174/4575 2173/4571
f 2169/4557 2271/4824 2165/4549
f 2172/4568 2154/4522 2157/4530
f 2159/4537 2254/4789 2145/4499
f 2167/4553 2230/4728 2278/4838
f 2149/4507 2144/4497 2143/4495
f 2180/4597 2158/4534 2136/4467
f 2139/4480 2137/4472 2204/4667
f 2146/4501 2254/4789 2147/4503
f 2149/4507 2147/4503 2148/4505
f 2143/4495 3522/8071 2176/4582
f 2169/4557 2278/4838 2168/4555
f 2152/4517 2230/4728 2166/4551
f 2181/4601 2136/4468 2150/4510
f 2155/4525 3520/8064 2236/4740
f 2156/4527 2236/4740 2237/4742
f 2161/4541 3524/8078 2162/4543
f 2156/4527 2153/4519 2152/4517
f 2142/4492 2173/4572 2174/4576
f 2151/4514 2176/4582 3522/8071
f 2175/4579 3493/8000 3524/8078
s 1
f 3588/8205 2188/4625 2139/4481
s 0
f 3588/8206 2185/4614 2186/4619
f 2195/4644 3511/8043 3509/8038
f 2276/4835 2228/4725 2227/4723
f 2247/4765 2231/4730 2232/4733
f 2183/4609 2178/4589 3497/8016
f 3648/8356 3587/8201 2188/4626
s 1
f 2266/4813 2162/4544 3524/8079
s 0
f 3529/8093 2199/4653 2200/4654
f 2178/4590 2253/4786 3503/8027
f 2185/4616 2186/4618 3648/8354
f 2184/4611 3510/8041 3512/8045
s 1
f 2179/4592 2180/4598 2181/4603
s 0
f 2193/4640 2191/4635 2244/4759
f 2220/4706 3506/8032 3526/8085
f 2219/4705 3534/8102 3526/8085
f 2246/4763 2240/4750 3532/8099
s 1
f 2251/4781 2252/4782 3496/8011
s 0
f 3651/8370 2182/4604 2222/4710
s 1
f 2252/4784 2251/4780 2180/4599
s 0
f 2218/4702 3526/8086 3505/8030
f 2245/4760 3495/8007 3517/8053
f 3649/8361 3511/8042 2193/4641
f 3532/8100 2240/4751 2242/4755
f 2268/4817 2269/4821 3527/8088
f 2206/4673 2205/4671 3652/8372
s 1
f 2261/4802 2254/4790 2160/4540
s 0
f 3654/8380 2249/4771 3496/8012
f 2208/4676 2219/4704 2218/4703
f 3501/8024 3504/8029 2246/4764
f 2264/4810 2269/4819 2268/4818
s 1
f 2162/4544 2266/4813 2267/4816
s 0
f 2266/4814 3523/8074 3525/8082
f 2190/4633 3509/8039 3508/8036
f 2207/4674 2210/4679 3499/8019
f 2255/4791 2267/4815 2258/4798
s 1
f 2206/4672 3521/8067 3522/8072
s 0
f 2276/4834 2277/4836 2280/4843
s 1
f 2144/4498 2148/4506 2213/4687
s 0
f 2261/4803 2255/4791 2256/4794
f 2272/4826 2281/4844 2273/4829
f 2210/4679 2207/4674 2212/4684
f 3559/8150 2294/4872 2436/5265
f 3350/7652 3577/8185 3635/8331
s 1
f 3616/8285 3563/8158 3416/7832
s 0
f 2216/4695 2217/4697 3506/8032
f 3526/8086 3506/8033 3494/8004
f 2221/4707 3500/8021 3506/8033
f 2201/4657 2274/4830 3529/8094
s 1
f 3587/8204 3492/7995 3493/8001
s 0
f 3649/8359 3648/8355 3509/8038
f 3525/8081 2194/4643 3516/8052
f 2239/4748 3507/8034 3502/8025
f 2241/4754 3527/8087 2194/4642
f 3654/8381 2252/4783 2179/4594
f 3518/8055 2270/4822 3515/8050
s 1
f 2278/4839 2279/4841 2281/4845
s 0
f 2277/4837 2279/4840 2229/4726
f 2258/4798 2267/4815 2266/4814
f 2232/4731 2225/4719 2226/4721
f 2257/4795 2256/4793 2264/4809
s 1
f 2160/4540 2163/4546 2267/4816
s 0
f 2272/4826 2270/4823 3518/8056
s 1
f 2188/4627 3587/8202 2189/4631
s 0
f 2273/4829 2281/4844 2279/4840
f 3501/8023 2232/4731 2226/4721
f 3507/8035 2239/4746 2238/4744
f 3517/8053 2200/4654 2199/4653
f 2179/4595 2182/4605 3651/8371
f 2216/4696 2244/4758 2191/4637
s 1
f 2234/4736 2236/4741 3520/8066
s 0
f 2249/4772 3502/8025 3507/8034
f 3512/8044 3517/8054 3495/8008
f 2238/4745 2239/4747 3495/8009
s 1
f 2204/4669 2142/4493 2203/4665
f 2147/4504 2254/4790 2261/4802
s 0
f 3492/7997 3587/8203 3648/8357
f 2253/4787 2250/4775 3502/8026
f 2210/4680 2212/4684 2257/4795
f 2259/4799 2209/4678 2210/4681
s 1
f 2147/4504 2211/4682 2213/4687
s 0
f 2229/4726 2224/4718 2225/4720
f 2207/4675 2213/4686 2211/4683
s 1
f 2230/4729 2153/4520 2224/4717
s 0
f 2264/4808 2256/4793 2258/4797
f 3499/8020 2210/4680 2223/4715
f 3503/8027 3654/8379 2177/4587
s 1
f 2182/4607 2181/4602 2151/4516
s 0
f 2206/4673 2213/4686 2207/4675
f 3514/8047 2264/4808 2258/4797
f 2274/4831 2201/4656 2276/4835
f 3514/8048 3516/8051 2269/4820
s 1
f 2236/4741 2234/4736 2235/4739
s 0
f 3653/8376 2249/4772 3507/8034
f 2226/4722 2235/4738 2234/4737
f 2273/4828 2276/4833 3515/8049
f 2280/4843 2225/4719 2232/4732
f 2232/4733 2231/4730 2227/4723
s 1
f 2271/4825 2168/4556 2281/4845
f 2153/4520 2237/4743 2235/4739
s 0
f 2224/4718 2235/4738 2226/4722
f 2276/4833 2273/4828 2277/4836
f 2521/5512 2522/5515 2524/5518
s 1
f 2457/5317 2214/4688 3369/7701
s 0
f 3051/6879 3047/6870 3048/6872
f 2310/4918 3596/8229 2307/4911
f 3045/6868 3053/6882 3054/6883
f 2319/4932 2314/4922 2420/5220
f 2325/4946 2609/5762 2315/4926
f 3624/8307 2304/4901 2300/4890
f 3263/7415 2309/4916 2308/4914
f 3049/6874 3050/6876 3048/6873
s 1
f 3622/8301 3567/8167 3566/8164
s 0
f 2423/5228 2297/4879 2442/5277
s 1
f 3617/8286 2535/5548 3615/8282
f 2539/5558 3539/8110 3538/8109
s 0
f 2434/5261 2435/5263 3608/8264
f 3591/8215 2314/4923 2422/5225
f 3560/8152 2540/5560 2284/4856
f 3017/6808 3016/6806 3018/6810
f 2291/4867 2289/4864 2429/5247
f 2282/4847 2283/4850 2433/5259
f 2287/4861 2286/4860 2433/5259
f 2424/5230 2427/5238 3595/8226
f 2448/5293 2294/4873 2429/5248
f 2531/5533 2529/5529 2532/5539
f 3060/6893 3153/7123 3147/7112
f 3024/6821 2927/6555 3040/6857
f 3183/7215 3184/7216 3179/7203
f 3260/7409 3248/7389 3227/7336
f 2619/5785 2339/4989 2609/5761
f 2354/5023 2327/4952 2355/5025
f 3184/7217 3185/7218 3180/7207
f 3057/6888 3046/6869 3025/6824
f 2326/4950 2332/4971 2359/5033
f 2612/5768 2615/5776 2624/5794
f 2738/6064 2713/6011 2708/5995
f 2703/5983 2637/5817 2735/6058
f 3142/7100 3127/7060 3129/7067
f 3155/7125 3147/7110 3126/7057
f 2814/6280 2849/6355 2868/6395
f 2644/5836 2645/5837 2720/6029
f 2346/5007 2339/4990 2347/5009
f 3270/7433 3267/7424 3273/7438
f 2356/5027 2355/5026 2327/4954
f 2344/5003 2347/5010 2339/4991
f 2346/5008 2348/5011 2609/5762
f 2327/4954 2346/5007 2347/5009
f 2939/6589 2930/6564 2931/6567
f 2334/4977 2353/5021 2359/5034
s 1
f 3083/6939 3101/6995 3097/6982
f 3320/7561 3319/7557 3334/7603
s 0
f 3124/7052 3055/6884 3056/6886
f 2912/6514 2910/6509 2913/6518
f 3458/7941 3456/7937 3481/7979
f 2934/6575 2926/6552 2946/6601
f 3264/7418 2354/5023 2355/5025
f 2619/5785 2623/5792 2614/5774
s 1
f 2957/6626 2975/6682 2971/6669
f 2958/6630 2974/6679 2975/6683
f 2364/5049 2376/5085 2377/5090
f 2360/5035 2375/5081 2376/5086
s 0
f 2370/5072 2371/5073 2366/5057
f 2373/5078 2374/5079 2369/5069
f 2371/5074 2372/5075 2367/5061
f 2374/5080 2370/5071 2365/5055
f 2372/5076 2373/5077 2368/5065
f 2385/5118 2386/5119 2381/5104
f 2388/5124 2389/5125 2384/5114
f 2386/5120 2387/5121 2382/5107
f 2389/5126 2385/5117 2380/5101
f 2387/5122 2388/5123 2383/5111
f 3108/7020 3109/7021 3104/7007
f 2681/5937 2682/5938 2677/5921
f 3208/7292 3203/7275 3202/7271
f 2564/5638 2559/5621 2558/5618
f 3008/6786 3009/6790 3004/6772
f 3090/6964 3085/6946 3084/6943
f 2392/5135 2397/5155 2398/5158
f 3194/7249 3195/7252 3190/7235
f 2410/5191 2405/5173 2409/5188
f 2960/6636 2965/6654 2961/6641
f 2750/6103 2746/6088 2741/6070
s 1
f 2987/6718 3005/6774 3001/6761
f 2362/5043 2378/5092 2379/5096
f 2394/5141 2406/5177 2407/5182
f 2390/5127 2405/5174 2406/5178
s 0
f 2400/5164 2401/5165 2396/5150
f 2403/5170 2404/5171 2399/5161
f 2401/5166 2402/5167 2397/5153
f 2404/5172 2400/5163 2395/5146
f 2402/5168 2403/5169 2398/5157
f 2415/5210 2416/5211 2411/5196
f 2418/5216 2419/5217 2414/5207
f 2416/5212 2417/5213 2412/5199
f 2419/5218 2415/5209 2410/5193
f 2417/5214 2418/5215 2413/5203
f 3076/6926 3032/6842 3028/6831
f 3176/7192 3171/7174 3175/7189
f 3008/6786 3003/6769 3002/6765
f 3202/7272 3201/7266 3206/7284
f 2377/5091 2382/5109 2383/5112
f 3187/7224 3186/7220 3191/7238
f 2773/6170 2778/6189 2779/6191
f 2994/6744 2995/6746 2990/6728
f 3005/6775 3010/6792 3006/6778
f 2364/5051 2369/5067 2365/5056
f 2545/5577 2550/5595 2546/5581
f 3604/8250 2420/5219 2314/4925
f 2283/4852 2282/4846 3589/8210
f 2421/5223 2426/5237 2425/5234
f 2297/4881 2423/5227 2534/5546
f 2843/6345 2842/6343 2841/6341
f 2305/4906 2306/4908 3622/8301
f 2901/6493 2900/6490 2899/6488
f 2301/4893 2426/5237 2421/5223
f 3598/8235 3600/8240 2423/5229
f 2422/5226 2426/5237 2301/4893
f 3598/8235 3596/8230 3599/8238
s 1
f 2450/5300 2444/5282 3567/8166
s 0
f 2304/4903 2430/5250 2298/4885
f 3559/8151 2293/4871 2429/5249
f 3228/7339 3132/7076 3118/7040
f 3423/7852 3646/8350 3647/8352
f 2298/4883 3560/8152 2288/4863
f 2436/5267 3608/8263 2451/5302
f 3606/8257 2298/4884 2536/5551
f 2300/4889 2432/5257 2292/4869
f 2428/5246 2293/4871 3559/8151
f 3022/6818 3023/6819 3021/6817
s 1
f 2304/4904 3624/8306 2306/4908
s 0
f 3253/7398 3254/7400 3256/7403
f 3223/7325 3222/7324 3286/7462
f 3625/8311 2451/5301 2456/5314
f 3120/7044 3125/7055 3114/7031
s 1
f 3545/8122 3361/7680 3355/7664
f 3539/8111 3616/8284 2535/5548
s 0
f 2451/5303 3540/8113 3536/8105
f 2447/5288 2442/5276 2443/5280
s 1
f 3625/8312 2453/5307 2306/4909
s 0
f 3369/7702 2214/4689 2456/5316
f 3352/7657 2454/5310 2457/5318
f 3385/7736 2445/5284 2447/5289
s 1
f 3537/8107 3626/8314 2450/5299
s 0
f 2338/4988 2622/5791 2616/5780
s 1
f 2491/5423 2507/5472 2508/5476
f 2463/5338 2475/5373 2476/5378
s 0
f 3303/7510 3299/7501 3294/7484
f 3060/6893 3067/6908 3068/6912
f 2472/5366 2473/5367 2468/5356
f 2470/5362 2471/5363 2466/5349
f 2473/5368 2469/5359 2464/5341
f 2471/5364 2472/5365 2467/5353
f 3301/7506 3302/7507 3297/7494
f 2323/4940 2322/4936 2321/4934
f 2485/5407 2486/5409 2481/5395
f 3314/7548 3315/7549 3310/7533
f 2514/5497 2509/5479 2513/5494
f 3317/7554 3318/7555 3313/7544
f 2559/5621 2564/5638 2565/5641
f 2592/5723 2593/5727 2588/5710
f 2565/5642 2561/5627 2556/5611
f 3179/7205 3180/7206 3175/7190
f 2490/5420 2489/5415 2494/5433
f 2878/6429 2874/6414 2869/6396
f 3091/6967 3086/6949 3085/6946
f 2756/6117 2761/6134 2762/6139
f 2571/5655 2575/5669 2580/5688
f 2578/5681 2573/5664 2572/5659
s 1
f 2542/5567 2560/5623 2556/5612
f 2573/5663 2589/5712 2590/5715
f 2493/5430 2505/5465 2506/5470
s 0
f 2997/6753 2998/6754 2993/6740
f 3231/7350 3243/7378 3237/7366
f 2502/5458 2503/5459 2498/5447
f 2500/5454 2501/5455 2496/5441
f 2503/5460 2499/5451 2494/5434
f 2501/5456 2502/5457 2497/5445
f 2999/6757 3000/6758 2995/6748
f 2566/5645 2567/5647 2562/5631
f 2515/5499 2516/5501 2511/5487
f 2996/6751 2997/6752 2992/6738
f 2914/6519 2915/6521 2861/6381
s 1
f 2986/6715 3001/6760 3002/6766
s 0
f 2594/5730 2595/5733 2590/5716
f 2481/5396 2476/5379 2475/5374
f 2591/5719 2586/5701 2590/5717
f 2594/5730 2589/5713 2588/5710
f 2576/5674 2577/5677 2572/5661
f 2579/5684 2574/5666 2573/5664
f 2579/5684 2580/5687 2575/5670
f 2562/5632 2563/5635 2558/5618
f 2459/5324 2463/5337 2468/5358
f 2466/5351 2461/5331 2460/5327
f 2540/5562 3606/8255 2526/5521
s 1
f 3538/8109 3539/8110 3617/8287
s 0
f 3605/8252 3604/8249 3591/8217
f 2693/5962 2695/5966 2694/5965
f 3638/8336 3614/8279 3612/8274
f 2608/5760 2606/5757 2605/5755
f 3619/8292 2305/4905 2302/4897
f 2609/5763 2325/4947 2601/5747
f 2527/5524 2532/5537 3610/8270
f 3620/8294 2536/5550 2298/4886
f 3646/8350 3455/7935 3454/7933
s 1
f 3432/7879 3448/7924 3446/7917
s 0
f 3428/7866 3430/7871 3432/7880
f 2533/5542 2534/5545 2529/5530
f 3374/7717 3363/7684 3365/7692
f 2422/5226 2314/4924 2425/5234
f 3528/8091 3418/7838 3441/7901
s 1
f 3571/8173 3573/8177 3360/7677
f 2460/5328 2478/5383 2474/5371
s 0
f 3229/7342 3230/7344 3140/7096
s 1
f 2545/5578 2557/5613 2558/5619
s 0
f 2982/6707 2983/6708 2978/6694
f 2935/6579 2933/6571 2940/6590
f 2554/5606 2555/5607 2550/5597
f 2552/5602 2553/5603 2548/5589
f 2555/5608 2551/5599 2546/5582
f 2553/5604 2554/5605 2549/5593
f 2984/6711 2985/6712 2980/6701
f 2485/5408 2480/5391 2479/5388
f 2567/5648 2568/5649 2563/5636
f 2981/6705 2982/6706 2977/6692
f 2735/6059 2637/5818 2696/5968
f 2968/6663 2969/6664 2964/6651
f 3104/7008 3105/7010 3100/6993
f 2505/5466 2510/5483 2511/5489
f 3172/7179 3171/7175 3176/7193
f 2410/5194 2411/5195 2406/5179
f 2549/5594 2544/5576 2543/5572
f 3156/7128 3160/7142 3165/7161
f 2492/5427 2497/5446 2498/5449
f 2678/5924 2679/5928 2674/5911
f 2489/5416 2493/5429 2498/5450
f 2877/6427 2878/6428 2873/6411
f 2915/6521 2914/6519 2951/6612
s 1
f 2543/5571 2559/5620 2560/5626
f 2575/5671 2587/5705 2588/5711
s 0
f 2730/6047 2714/6016 2722/6032
f 2584/5698 2585/5699 2580/5689
f 2582/5694 2583/5695 2578/5682
f 2585/5700 2581/5691 2576/5675
f 2583/5696 2584/5697 2579/5686
f 2943/6597 2922/6540 2921/6537
s 1
f 2590/5718 2586/5702 2571/5657
s 0
f 2597/5740 2598/5741 2593/5728
f 2915/6522 2952/6615 2953/6617
f 2357/5029 2329/4961 2326/4949
f 2924/6547 2940/6591 2941/6593
f 2482/5398 2483/5401 2478/5384
f 2891/6468 2886/6451 2885/6447
f 2474/5372 2479/5387 2480/5394
f 2764/6147 2765/6148 2760/6131
f 2870/6400 2875/6418 2876/6424
f 2542/5569 2541/5563 2546/5583
f 2991/6733 2992/6736 2987/6719
f 2587/5707 2586/5703 2591/5720
f 2776/6180 2777/6184 2772/6166
f 3091/6968 3087/6953 3082/6936
f 3541/8114 3535/8103 3530/8096
f 2519/5507 2520/5509 3562/8156
f 2524/5518 2523/5517 3562/8156
f 2525/5519 3607/8259 2520/5510
f 3623/8303 3622/8302 2306/4909
f 3243/7378 3284/7458 3267/7423
f 2836/6334 2866/6392 2861/6382
f 3235/7361 3236/7365 3237/7367
f 2354/5024 2358/5031 2425/5235
f 2346/5008 2327/4953 2425/5236
f 2619/5784 2613/5769 2620/5786
f 3238/7369 3239/7371 3283/7457
f 2624/5795 2615/5777 2625/5796
f 2566/5646 2561/5628 2565/5643
f 3120/7043 3121/7046 3071/6916
f 2894/6479 2895/6480 2890/6465
f 2627/5801 2613/5770 2614/5775
f 2613/5772 2627/5800 2626/5798
f 2651/5849 2615/5776 2612/5768
f 3150/7116 3154/7124 3129/7068
f 2339/4991 2619/5784 2620/5786
f 3257/7405 3264/7417 3276/7444
f 2344/5003 2328/4957 2327/4956
f 2851/6361 2866/6391 2820/6299
f 2351/5018 2359/5032 2335/4978
f 3288/7464 3269/7430 3285/7460
f 3267/7424 3270/7433 3245/7382
f 2631/5807 2632/5809 2629/5803
f 3637/8334 3612/8275 3381/7730
f 2527/5525 3609/8268 3451/7930
f 2633/5812 2630/5805 2629/5804
f 2308/4915 2309/4917 2311/4919
f 2696/5969 2632/5810 2631/5808
f 2324/4945 2611/5766 2639/5823
f 2831/6324 2825/6314 2824/6309
f 3284/7459 3247/7386 3278/7448
f 2727/6042 2709/5998 2711/6005
f 2832/6326 2828/6319 2811/6273
f 2830/6323 2866/6392 2836/6334
f 2651/5848 2645/5838 2625/5796
f 2829/6320 2815/6283 2811/6274
f 3033/6844 3041/6858 2936/6583
f 2626/5798 2627/5800 2640/5827
f 2642/5831 2640/5824 2627/5801
f 2816/6287 2830/6323 2831/6325
f 3265/7420 3278/7447 3277/7446
f 2705/5987 2721/6030 2643/5835
f 2947/6606 2855/6369 2916/6523
f 3130/7070 3128/7064 3143/7102
f 2952/6614 2951/6612 2922/6540
f 2653/5853 2649/5845 2643/5835
f 2866/6393 2830/6322 2829/6321
f 2816/6288 2725/6039 2728/6045
f 3281/7453 3273/7437 3272/7435
s 1
f 2662/5874 2674/5910 2675/5915
f 2658/5860 2673/5906 2674/5912
s 0
f 2668/5897 2669/5898 2664/5883
f 2671/5903 2672/5904 2667/5893
f 2669/5899 2670/5900 2665/5886
f 2672/5905 2668/5896 2663/5881
f 2670/5901 2671/5902 2666/5890
f 2683/5943 2684/5944 2679/5929
f 2686/5949 2687/5950 2682/5939
f 2684/5945 2685/5946 2680/5932
f 2687/5951 2683/5942 2678/5926
f 2685/5947 2686/5948 2681/5936
f 2797/6247 2798/6248 2793/6234
f 3312/7541 3313/7543 3308/7526
f 3178/7201 3173/7183 3172/7180
f 2557/5615 2556/5609 2561/5630
f 3306/7520 3311/7537 3312/7541
f 2467/5354 2468/5355 2463/5339
f 2889/6462 2884/6442 2888/6457
f 3087/6954 3088/6957 3083/6940
f 2975/6684 2980/6700 2976/6687
f 3298/7499 3294/7483 3289/7465
f 3296/7492 3291/7474 3290/7469
f 2689/5954 2690/5956 2691/5958
f 2526/5522 3606/8256 3607/8262
f 3257/7404 3252/7396 3250/7392
f 3250/7393 3252/7397 3251/7394
f 3220/7320 3221/7322 3218/7316
f 2540/5561 2534/5545 2285/4858
f 2814/6281 2812/6277 2707/5992
s 1
f 2771/6163 2786/6208 2787/6213
s 0
f 3152/7120 3151/7118 3128/7065
f 2710/6002 2736/6060 2735/6058
f 2712/6009 2725/6038 2726/6041
s 1
f 2774/6173 2788/6216 2789/6220
s 0
f 2824/6310 2731/6049 2726/6040
f 3265/7420 3264/7419 2355/5026
f 3464/7952 3463/7949 3465/7953
f 2716/6020 2717/6022 2730/6047
f 3145/7106 3136/7087 3134/7082
f 3064/6904 3067/6909 3147/7111
f 2325/4947 3599/8237 2322/4937
f 2338/4987 2345/5006 2344/5004
f 2768/6157 2769/6158 2764/6145
f 2823/6306 2833/6327 2827/6316
f 3145/7105 3133/7081 3137/7090
f 2767/6155 2768/6156 2763/6143
f 2925/6549 2920/6533 2947/6606
f 2733/6055 2734/6056 2717/6024
f 2721/6031 2732/6052 2740/6067
f 2755/6115 2751/6106 2746/6090
s 1
f 3291/7473 3307/7522 3308/7527
s 0
f 2713/6012 2726/6040 2731/6049
f 2639/5821 2610/5764 2325/4948
f 2699/5973 2701/5977 2706/5990
f 2737/6062 2712/6007 2713/6013
s 1
f 2744/6081 2758/6124 2759/6127
s 0
f 2937/6584 2939/6589 2945/6599
f 2717/6024 2734/6057 2740/6069
f 3038/6854 3039/6856 2934/6576
f 2349/5013 2331/4969 2341/4997
f 2637/5817 2703/5983 2647/5841
f 2637/5818 2646/5840 2650/5847
f 2934/6576 3039/6855 3033/6845
s 1
f 2361/5040 2379/5095 2375/5082
f 2392/5136 2408/5184 2409/5189
s 0
f 2740/6068 2732/6053 2708/5997
f 2725/6038 2816/6286 2817/6292
s 1
f 2745/6085 2757/6120 2758/6125
f 2741/6071 2756/6116 2757/6122
s 0
f 2751/6107 2752/6108 2747/6092
f 2754/6113 2755/6114 2750/6105
f 2752/6109 2753/6110 2748/6096
f 2728/6044 2710/6003 2709/6001
f 2753/6111 2754/6112 2749/6100
f 2766/6153 2767/6154 2762/6141
f 2769/6159 2770/6160 2765/6149
f 2815/6284 2728/6044 2727/6043
f 2770/6161 2766/6152 2761/6137
f 2479/5389 2474/5369 2478/5385
f 3311/7537 3306/7520 3305/7516
f 2508/5477 2513/5493 2509/5480
f 2794/6238 2789/6221 2788/6218
f 3161/7147 3162/7150 3157/7132
f 2994/6744 2989/6725 2988/6722
f 2774/6174 2779/6191 2780/6194
f 2978/6695 2973/6678 2972/6673
f 2460/5329 2459/5323 2464/5343
f 3157/7133 3162/7151 3163/7154
s 1
f 2391/5132 2409/5187 2405/5176
f 3188/7228 3204/7277 3205/7280
s 0
f 3461/7947 3471/7963 3470/7962
f 2711/6006 2709/5999 2735/6059
s 1
f 2775/6179 2787/6212 2788/6217
s 0
f 2701/5979 2697/5970 2698/5972
f 2781/6199 2782/6200 2777/6185
f 2784/6205 2785/6206 2780/6195
f 3479/7975 3480/7976 3478/7972
f 2783/6203 2784/6204 2779/6193
f 2796/6245 2797/6246 2792/6233
f 2799/6251 2800/6252 2795/6241
s 1
f 2661/5872 2675/5914 2676/5919
s 0
f 2800/6253 2796/6244 2791/6228
f 2482/5398 2477/5381 2476/5379
f 2757/6123 2762/6138 2763/6144
f 3305/7517 3304/7511 3309/7530
f 2891/6468 2892/6472 2887/6455
f 2962/6644 2963/6650 2958/6632
f 2748/6098 2749/6101 2744/6083
f 2666/5891 2667/5892 2662/5876
f 3105/7010 3106/7013 3101/6996
f 3193/7246 3188/7229 3187/7226
f 2667/5895 2663/5878 2658/5861
f 2801/6254 2802/6256 2803/6258
f 2447/5290 2445/5285 2448/5294
f 2294/4874 2448/5292 2434/5262
f 2838/6337 2867/6394 2808/6267
f 3053/6882 3051/6878 3052/6881
s 1
f 3571/8173 3352/7656 3359/7674
s 0
f 2600/5746 2596/5737 2591/5721
f 2706/5991 2701/5978 2700/5976
f 3141/7098 3231/7348 3236/7364
f 3400/7785 3396/7776 3391/7758
f 2835/6332 2858/6375 2857/6374
f 2833/6327 2822/6304 2835/6331
f 3135/7085 3148/7113 3149/7115
f 2704/5985 2703/5984 2736/6061
f 3226/7332 3142/7100 3144/7104
f 2820/6301 2829/6320 2828/6318
f 2837/6336 2819/6295 2821/6303
f 2704/5986 2705/5987 2649/5846
f 2865/6390 2820/6300 2819/6298
f 3244/7380 3240/7372 3226/7333
f 2935/6579 3024/6820 3036/6849
f 2342/5000 2350/5014 2330/4966
f 2833/6328 2825/6312 2818/6294
f 3475/7968 3479/7974 3477/7971
f 2836/6333 2818/6293 2825/6314
f 3072/6919 3073/6920 3043/6865
f 2654/5856 2621/5788 2620/5787
f 2903/6496 2905/6500 2899/6489
f 2421/5224 2307/4910 3593/8221
f 2846/6351 2844/6347 2845/6349
f 3592/8219 2422/5225 2283/4854
f 2838/6337 2846/6351 2847/6352
f 2913/6517 2901/6492 2902/6495
f 2641/5828 2640/5825 2646/5839
f 3151/7118 3152/7120 3059/6892
f 2814/6282 2813/6279 2908/6506
f 3283/7457 3275/7442 3274/7440
f 2864/6387 2858/6376 2835/6331
f 3599/8239 3263/7416 3258/7406
f 3228/7340 3224/7326 3262/7414
f 3121/7045 3150/7117 3151/7119
f 2852/6364 2850/6357 2837/6336
f 2851/6362 2850/6358 2859/6377
f 2865/6390 2837/6335 2850/6359
f 2855/6369 2856/6372 2862/6383
f 3133/7080 3235/7360 3245/7383
f 2864/6386 2822/6305 2818/6294
f 2913/6518 2849/6356 2814/6281
f 3125/7056 3057/6887 3027/6829
f 2836/6333 2862/6383 2856/6372
f 2714/6016 2730/6048 2723/6035
f 3034/6846 3035/6848 3042/6862
f 2933/6574 2935/6578 3037/6852
s 1
f 3290/7471 3308/7525 3304/7514
s 0
f 2860/6379 2859/6377 2909/6507
s 1
f 2872/6408 2886/6450 2887/6454
f 2873/6412 2885/6446 2886/6452
f 2869/6397 2884/6443 2885/6448
s 0
f 2879/6433 2880/6434 2875/6419
f 2882/6439 2883/6440 2878/6430
f 2880/6435 2881/6436 2876/6422
f 2883/6441 2879/6432 2874/6417
f 2881/6437 2882/6438 2877/6426
f 2337/4985 2621/5789 2622/5790
f 2897/6485 2898/6486 2893/6476
f 2895/6481 2896/6482 2891/6469
f 2898/6487 2894/6478 2889/6463
f 3102/7000 3103/7003 3098/6986
f 2892/6472 2893/6474 2888/6458
f 3309/7531 3304/7512 3308/7528
f 2681/5937 2676/5918 2675/5916
f 3164/7157 3165/7160 3160/7143
f 3296/7492 3297/7495 3292/7476
f 2741/6072 2746/6089 2747/6094
f 2680/5934 2675/5916 2674/5913
f 2992/6739 2993/6741 2988/6722
f 2547/5587 2548/5591 2543/5572
f 2844/6348 2840/6339 2841/6342
f 3602/8246 3596/8231 3598/8236
f 2904/6498 2906/6502 2905/6501
s 1
f 2430/5252 2304/4902 2305/4907
f 3436/7888 3437/7890 3440/7899
s 0
f 2320/4933 2318/4931 2316/4929
f 3348/7647 3343/7635 3339/7624
f 2917/6525 2912/6513 2911/6511
f 2912/6515 2907/6504 2908/6506
f 2922/6541 2951/6613 2950/6610
f 2938/6587 2936/6581 2928/6560
f 2940/6590 2924/6545 2922/6542
f 3241/7374 3229/7342 3226/7334
f 2950/6611 2954/6618 2923/6543
f 3224/7328 3228/7338 3122/7048
f 2925/6550 2941/6592 2946/6601
f 3121/7046 3120/7043 3154/7124
f 2814/6282 2706/5988 2810/6272
f 2932/6569 2853/6366 2955/6619
f 2598/5742 2599/5743 2594/5731
f 2353/5021 2336/4980 2335/4979
f 3069/6913 3070/6914 3066/6907
f 2858/6375 2932/6570 2854/6368
f 2712/6010 2737/6063 2736/6061
f 2705/5987 2738/6064 2732/6054
f 2645/5838 2651/5848 2718/6026
f 3463/7950 3464/7951 3460/7945
f 2599/5744 2600/5745 2595/5736
f 3136/7088 3145/7105 3139/7095
f 2811/6276 2727/6042 2729/6046
f 2581/5692 2582/5693 2577/5680
f 2646/5840 2640/5826 2642/5832
f 2350/5015 2342/4999 2332/4971
f 2331/4969 2349/5012 2342/5001
s 1
f 2574/5668 2588/5709 2589/5714
s 0
f 2940/6591 2933/6572 2934/6577
f 2955/6619 2929/6561 2931/6568
f 2952/6615 2924/6546 2925/6551
f 2853/6366 2932/6569 2858/6376
f 2955/6620 2947/6604 2920/6535
f 3035/6847 2928/6558 2936/6582
f 2488/5414 2484/5405 2479/5390
s 1
f 2988/6723 3004/6771 3005/6776
s 0
f 2951/6613 2914/6520 2909/6507
s 1
f 2959/6633 2973/6676 2974/6680
f 2960/6637 2972/6672 2973/6677
f 2956/6624 2971/6668 2972/6674
s 0
f 2966/6659 2967/6660 2962/6645
f 2969/6665 2970/6666 2965/6656
f 2967/6661 2968/6662 2963/6649
f 2970/6667 2966/6658 2961/6643
f 2568/5650 2569/5651 2564/5639
f 2569/5652 2570/5653 2565/5644
f 2551/5600 2552/5601 2547/5588
s 1
f 2544/5575 2558/5617 2559/5622
s 0
f 2985/6713 2981/6704 2976/6688
f 2383/5112 2384/5113 2379/5097
f 2412/5201 2407/5183 2406/5180
f 3106/7014 3102/6999 3097/6984
f 3178/7201 3179/7205 3174/7186
f 2964/6653 2959/6635 2958/6632
f 3158/7136 3163/7154 3164/7157
f 2990/6730 2995/6747 2991/6734
f 2509/5481 2510/5484 2505/5467
f 3186/7221 3190/7234 3195/7253
f 2367/5063 2362/5045 2361/5041
s 1
f 3157/7134 3175/7188 3171/7177
f 3158/7137 3174/7185 3175/7191
f 3323/7574 3322/7568 3336/7611
f 2989/6726 3003/6768 3004/6773
f 2990/6731 3002/6764 3003/6770
s 0
f 2516/5502 2517/5503 2512/5490
f 2517/5504 2518/5505 2513/5495
f 2499/5452 2500/5453 2495/5439
s 1
f 2492/5428 2506/5469 2507/5474
s 0
f 3000/6759 2996/6750 2991/6735
f 2998/6755 2999/6756 2994/6745
f 3011/6797 3012/6798 3007/6784
f 3014/6803 3015/6804 3010/6793
f 3012/6799 3013/6800 3008/6787
f 3015/6805 3011/6796 3006/6780
f 2976/6689 2977/6690 2972/6675
f 2384/5116 2380/5099 2375/5083
f 2884/6444 2889/6460 2890/6467
f 2758/6126 2763/6144 2764/6147
f 2395/5147 2396/5149 2391/5133
f 2877/6427 2872/6407 2871/6405
f 2467/5354 2462/5335 2461/5331
f 2795/6243 2791/6226 2786/6209
f 2394/5143 2399/5159 2395/5148
f 2748/6098 2743/6079 2742/6076
f 2919/6532 2927/6557 2906/6503
f 2311/4919 2310/4918 2312/4920
f 3045/6868 3080/6933 3023/6819
f 3020/6815 3021/6816 3018/6811
s 1
f 2462/5336 2476/5377 2477/5382
s 0
f 3230/7346 3229/7341 3241/7375
f 2942/6595 2921/6536 2923/6544
f 3027/6828 2917/6524 2918/6529
f 3038/6854 3043/6864 3044/6867
f 3041/6859 3032/6841 3042/6861
f 3149/7114 3066/6906 3064/6903
f 2618/5782 2331/4967 2340/4995
f 2909/6508 2848/6353 2954/6618
f 3070/6915 3076/6925 3064/6903
f 3079/6932 3029/6832 3031/6840
f 3030/6836 3037/6851 3036/6849
f 3078/6930 3030/6838 3029/6835
f 2329/4963 2345/5005 2350/5016
s 1
f 2871/6406 2887/6453 2888/6459
s 0
f 2943/6597 2942/6594 3024/6822
f 2703/5984 2704/5985 2648/5843
s 1
f 2760/6132 2742/6074 2743/6080
s 0
f 3062/6898 3043/6863 3030/6837
f 3044/6866 3028/6830 3033/6845
f 3041/6860 3033/6843 3028/6831
f 3043/6865 3038/6853 3037/6852
f 2617/5781 2618/5783 2625/5797
f 2927/6556 2919/6531 3017/6809
f 2442/5279 2297/4880 2296/4877
f 2805/6262 2806/6264 2803/6259
f 2291/4867 2293/4870 2292/4868
f 2288/4862 2284/4855 2285/4859
f 2848/6353 2909/6508 2859/6378
f 2860/6380 2861/6381 2866/6393
f 2651/5850 2643/5833 2721/6031
f 3027/6828 3026/6826 3056/6886
f 3044/6867 3043/6864 3073/6921
f 3076/6925 3070/6915 3042/6861
f 3062/6899 3061/6894 3071/6917
f 3236/7365 3235/7361 3138/7093
s 1
f 2489/5417 2504/5461 2505/5468
s 0
f 2862/6384 2861/6382 2915/6522
f 3063/6901 3061/6895 3079/6932
f 3059/6891 3060/6893 3074/6923
s 1
f 2541/5566 2556/5610 2557/5616
s 0
f 3240/7372 3244/7380 3234/7359
f 2702/5982 2638/5819 2639/5821
f 3044/6866 3074/6922 3068/6912
s 1
f 2393/5139 2407/5181 2408/5185
s 0
f 2625/5797 2645/5837 2644/5836
f 2596/5738 2597/5739 2592/5726
s 1
f 3085/6947 3099/6989 3100/6994
f 3086/6951 3098/6985 3099/6991
f 3082/6938 3097/6981 3098/6987
s 0
f 3092/6972 3093/6973 3088/6958
f 3095/6978 3096/6979 3091/6969
f 3093/6974 3094/6975 3089/6961
f 3096/6980 3092/6971 3087/6956
f 3094/6976 3095/6977 3090/6966
f 3107/7018 3108/7019 3103/7005
f 3110/7024 3111/7025 3106/7015
s 1
f 2363/5047 2377/5089 2378/5094
s 0
f 3111/7026 3107/7017 3102/7002
f 2380/5102 2381/5103 2376/5087
f 2978/6695 2979/6698 2974/6681
f 2508/5478 2507/5473 2512/5492
f 3104/7008 3099/6990 3098/6988
f 3297/7495 3298/7497 3293/7480
f 3294/7485 3295/7487 3290/7472
f 2956/6625 2961/6640 2962/6647
f 3209/7295 3210/7298 3205/7281
f 3089/6963 3084/6943 3083/6941
f 2659/5864 2664/5882 2665/5888
f 3120/7044 3050/6877 3049/6875
f 3647/8353 3643/8346 3452/7931
f 2441/5275 3535/8104 3536/8106
f 3119/7042 3118/7039 3117/7038
f 2807/6266 2808/6267 2806/6265
f 3116/7036 3117/7037 3115/7033
f 3132/7078 3228/7338 3217/7314
f 2733/6055 2719/6027 2720/6029
s 1
f 3292/7477 3306/7519 3307/7524
s 0
f 3224/7329 3124/7051 3123/7050
f 2345/5005 2338/4986 2330/4965
f 2855/6370 2947/6605 2955/6621
f 2356/5028 2328/4958 2329/4962
f 3128/7066 3151/7119 3150/7117
f 2349/5012 2334/4975 2332/4972
f 2341/4998 2331/4968 2618/5783
f 3130/7072 3140/7097 3141/7099
f 2343/5002 2333/4973 2334/4976
f 3134/7083 3126/7057 3146/7108
f 3136/7089 3149/7114 3155/7127
f 2864/6388 2856/6371 2855/6370
s 1
f 2461/5333 2477/5380 2478/5386
s 0
f 2932/6570 2949/6609 2948/6607
f 2930/6565 2948/6607 2949/6609
f 3059/6891 3152/7121 3153/7122
f 3266/7422 3272/7436 3273/7439
f 2616/5779 2624/5793 2340/4996
f 3025/6825 2919/6530 2917/6526
f 2821/6302 2819/6296 2828/6319
f 3229/7343 3143/7103 3142/7101
f 2333/4974 2352/5020 2353/5022
f 3131/7074 3141/7098 3146/7109
f 3143/7103 3128/7065 3127/7063
f 3071/6916 3061/6896 3063/6902
f 2829/6321 2830/6322 2816/6289
f 3140/7097 3230/7345 3231/7349
f 3152/7121 3130/7069 3131/7075
f 3344/7640 3339/7621 3340/7626
f 3153/7123 3131/7073 3126/7059
s 1
f 3320/7562 3338/7617 3337/7615
s 0
f 3031/6839 3029/6833 3036/6850
f 3071/6917 3121/7045 3058/6889
f 2946/6602 2926/6553 2936/6583
s 1
f 3205/7282 3201/7267 3186/7222
f 2773/6172 2789/6219 2790/6224
s 0
f 2356/5028 2357/5030 3266/7422
s 1
f 3159/7140 3173/7182 3174/7187
f 3160/7144 3172/7178 3173/7184
f 3156/7131 3171/7176 3172/7181
s 0
f 3166/7165 3167/7166 3162/7152
f 3169/7171 3170/7172 3165/7162
f 3167/7167 3168/7168 3163/7155
f 3170/7173 3166/7164 3161/7149
f 3168/7169 3169/7170 3164/7159
f 3181/7211 3182/7212 3177/7198
f 2328/4960 2344/5004 2345/5006
f 3182/7213 3183/7214 3178/7202
f 3185/7219 3181/7210 3176/7195
f 2512/5492 2507/5473 2506/5471
f 2787/6214 2792/6230 2793/6235
f 2791/6229 2792/6231 2787/6215
f 3208/7292 3209/7295 3204/7278
f 2495/5440 2496/5443 2491/5425
f 3188/7229 3193/7246 3194/7249
f 2749/6101 2750/6102 2745/6087
f 2765/6151 2761/6135 2756/6118
f 2771/6164 2775/6176 2780/6196
f 2778/6189 2773/6170 2772/6168
s 1
f 2742/6077 2760/6130 2756/6119
s 0
f 3265/7421 3266/7422 3279/7450
s 1
f 3189/7232 3203/7274 3204/7279
f 3190/7236 3202/7270 3203/7276
f 3186/7223 3201/7268 3202/7273
s 0
f 3196/7257 3197/7258 3192/7244
f 3199/7263 3200/7264 3195/7254
f 3197/7259 3198/7260 3193/7247
f 3200/7265 3196/7256 3191/7241
f 3198/7261 3199/7262 3194/7251
f 3211/7303 3212/7304 3207/7290
f 3214/7309 3215/7310 3210/7299
f 3212/7305 3213/7306 3208/7293
f 3215/7311 3211/7302 3206/7286
f 2382/5109 2377/5091 2376/5088
f 2413/5204 2414/5205 2409/5190
f 3206/7287 3201/7269 3205/7283
f 2407/5183 2412/5201 2413/5204
f 2360/5038 2365/5053 2366/5060
f 2362/5045 2367/5063 2368/5066
f 2964/6653 2965/6655 2960/6639
f 3006/6781 3007/6782 3002/6767
f 2398/5158 2399/5160 2394/5144
f 2397/5155 2392/5135 2391/5134
f 3217/7315 3216/7312 3218/7317
f 2696/5969 2702/5981 2689/5955
f 3540/8113 2452/5305 2215/4693
f 3603/8247 3598/8236 2424/5232
f 2638/5820 2657/5859 2610/5765
f 3262/7413 3261/7411 3259/7408
f 2824/6311 2823/6308 2723/6034
f 3242/7377 3247/7386 3284/7459
f 2730/6048 2717/6023 2715/6018
f 3262/7413 3224/7327 3225/7331
f 2826/6315 2827/6317 2835/6332
f 3245/7383 3270/7432 3283/7456
f 2335/4979 2336/4980 3275/7441
f 3277/7446 3278/7447 3247/7388
f 3329/7593 3324/7575 3325/7582
f 3233/7355 3241/7374 3240/7373
f 3285/7460 3232/7351 3234/7358
f 3230/7347 3242/7377 3243/7379
f 2698/5972 2697/5970 2639/5823
f 3145/7106 3138/7092 3235/7362
f 2722/6033 2714/6014 2827/6317
f 3246/7384 3233/7357 3232/7354
f 3266/7422 2357/5029 2351/5019
f 2515/5500 2510/5485 2509/5482
f 2725/6039 2712/6008 2710/6004
f 2647/5842 2648/5843 2654/5856
f 2641/5830 2654/5854 2613/5773
f 3268/7429 3247/7387 3233/7356
f 2292/4869 2432/5257 2301/4894
f 2692/5961 2694/5964 2691/5959
f 3595/8227 2427/5239 2421/5224
f 2439/5272 3530/8095 3535/8104
f 3608/8266 2435/5264 2437/5269
f 3286/7462 3255/7402 3256/7403
f 3262/7414 3258/7406 3263/7416
f 3213/7307 3214/7308 3209/7297
f 2354/5024 3264/7417 3257/7405
f 3276/7443 3277/7445 3268/7425
f 3042/6862 3070/6914 3069/6913
f 3281/7454 3275/7441 3283/7456
s 1
f 2870/6402 2888/6456 2884/6445
s 0
f 3275/7442 2336/4981 3271/7434
f 3137/7091 3133/7079 3239/7371
f 3269/7430 3268/7426 3285/7460
f 3268/7428 3246/7384 3285/7461
f 2653/5852 2654/5855 2648/5844
f 2937/6585 2928/6559 3035/6848
f 2824/6311 2825/6313 2833/6329
f 2336/4981 2353/5022 2352/5020
f 3264/7418 3277/7445 3276/7443
f 3276/7444 3268/7427 3269/7431
f 3124/7054 3122/7047 3125/7056
f 3284/7458 3279/7449 3273/7439
f 2322/4939 3258/7407 3259/7408
f 3247/7388 3242/7376 3241/7375
s 1
f 2659/5865 2677/5920 2673/5909
f 2660/5869 2676/5917 2677/5922
f 3293/7481 3305/7515 3306/7521
f 3289/7468 3304/7513 3305/7518
s 0
f 3299/7502 3300/7503 3295/7489
f 3302/7508 3303/7509 3298/7500
f 3300/7504 3301/7505 3296/7493
f 3109/7022 3110/7023 3105/7012
f 2469/5360 2470/5361 2465/5348
f 2487/5412 2488/5413 2483/5404
f 2486/5410 2487/5411 2482/5400
f 3315/7550 3316/7551 3311/7538
f 3318/7556 3314/7547 3309/7532
f 3316/7552 3317/7553 3312/7542
s 1
f 3322/7569 3321/7565 3337/7616
s 0
f 3005/6777 3004/6772 3009/6790
f 2975/6685 2974/6681 2979/6698
f 2794/6238 2795/6240 2790/6225
f 2658/5863 2663/5879 2664/5885
f 2665/5888 2666/5891 2661/5873
f 2368/5066 2369/5068 2364/5052
f 2678/5927 2673/5907 2677/5923
f 2497/5446 2492/5427 2491/5425
f 2549/5594 2550/5596 2545/5580
f 2917/6527 2919/6531 2910/6510
f 2942/6595 2944/6598 2927/6557
f 3013/6801 3014/6802 3009/6791
f 3332/7599 3327/7586 3328/7590
f 3059/6892 3073/6920 3072/6919
f 3330/7596 3325/7579 3326/7584
f 3333/7602 3328/7589 3324/7576
f 3331/7598 3326/7583 3327/7587
f 3347/7645 3342/7632 3343/7636
s 1
f 2459/5326 2474/5370 2475/5376
s 0
f 3345/7642 3340/7625 3341/7630
f 2983/6709 2984/6710 2979/6699
f 3346/7644 3341/7629 3342/7633
f 3410/7818 3406/7804 3401/7788
f 3404/7798 3409/7815 3410/7819
f 3335/7608 3336/7613 3341/7631
f 3402/7791 3401/7786 3406/7805
f 3322/7570 3323/7571 3328/7591
f 3403/7796 3408/7814 3409/7815
f 2869/6399 2874/6415 2875/6421
f 3328/7592 3323/7572 3319/7558
f 3340/7628 3339/7622 3334/7604
f 3334/7605 3339/7623 3343/7637
f 3542/8116 2537/5554 3607/8260
f 3443/7907 3581/8192 3580/8190
s 1
f 3354/7661 3360/7677 3545/8122
f 3628/8318 3627/8316 3626/8315
s 0
f 2431/5255 3621/8298 3618/8289
f 3561/8155 3551/8134 3423/7850
s 1
f 2299/4887 3617/8287 3568/8168
s 0
f 3644/8347 3641/8342 3427/7861
f 3586/8200 3550/8133 3358/7672
f 3644/8347 3583/8196 3442/7904
f 2606/5758 2603/5751 2602/5750
s 1
f 3433/7882 3450/7929 3645/8349
s 0
f 3361/7679 3377/7723 3636/8332
f 3593/8222 3602/8244 3603/8248
f 3554/8141 3427/7863 3429/7870
f 3642/8345 3641/8343 3438/7894
f 2456/5315 3535/8103 3541/8114
f 3360/7678 3376/7721 3549/8130
f 3357/7670 3572/8176 3574/8180
f 3580/8190 3581/8192 3428/7867
s 1
f 3354/7662 2243/4757 3569/8170
s 0
f 3437/7891 3445/7911 2536/5552
f 2318/4931 2320/4933 2319/4932
f 3546/8125 3357/7668 3363/7685
f 3432/7881 3430/7872 3447/7921
f 3561/8154 3417/7834 2521/5513
s 1
f 3434/7884 3580/8191 3582/8194
f 2430/5253 3619/8291 3618/8289
f 3435/7886 3639/8338 3645/8349
f 3620/8297 3618/8288 3440/7900
s 0
f 3454/7934 3453/7932 3643/8346
f 3384/7734 3637/8334 3634/8330
f 3363/7686 3374/7714 3543/8118
f 3359/7675 3373/7710 3575/8181
f 2531/5535 2530/5531 2295/4876
s 1
f 3388/7748 3404/7797 3405/7803
f 3389/7751 3403/7794 3404/7799
f 3390/7754 3402/7790 3403/7795
f 3386/7740 3401/7787 3402/7792
s 0
f 3396/7777 3397/7778 3392/7763
f 3399/7783 3400/7784 3395/7775
f 3397/7779 3398/7780 3393/7766
f 2896/6483 2897/6484 2892/6473
f 3398/7781 3399/7782 3394/7770
f 3411/7823 3412/7824 3407/7810
f 3414/7829 3415/7830 3410/7820
f 3412/7825 3413/7826 3408/7812
f 3415/7831 3411/7822 3406/7807
f 3413/7827 3414/7828 3409/7817
f 3458/7942 3484/7984 3482/7980
f 3336/7613 3337/7614 3342/7634
f 3393/7768 3388/7750 3387/7745
f 3327/7588 3326/7585 3321/7567
f 3342/7634 3337/7614 3338/7620
f 3394/7771 3395/7772 3390/7756
f 3402/7793 3407/7808 3408/7814
f 3320/7563 3325/7580 3324/7578
f 3388/7750 3393/7768 3394/7771
f 3391/7760 3392/7762 3387/7746
f 3390/7757 3395/7773 3391/7761
f 3360/7678 3573/8178 3575/8181
s 1
f 3569/8170 3570/8171 3623/8304
s 0
f 3385/7737 2458/5320 3530/8097
f 3545/8123 3549/8130 3377/7723
f 3636/8333 3631/8324 3368/7699
s 1
f 3425/7857 3420/7845 3552/8137
s 0
f 3372/7708 2456/5315 3541/8115
f 3429/7869 3642/8344 3646/8351
f 3438/7895 3641/8342 3644/8347
f 3352/7658 3371/7705 3373/7711
f 3426/7859 3422/7848 3645/8348
f 2533/5544 2295/4875 2296/4878
f 2300/4892 2298/4883 2288/4863
f 3378/7725 3638/8336 3637/8335
f 3357/7671 3364/7688 3365/7693
f 3358/7673 3550/8132 3548/8129
f 3349/7650 3630/8322 3631/8325
f 3614/8278 3543/8119 3541/8115
f 3251/7395 3254/7401 3253/7399
s 1
f 3373/7712 3375/7719 3365/7694
f 3371/7707 3369/7701 3375/7719
s 0
f 3418/7840 3424/7854 3446/7916
s 1
f 3548/8128 3366/7696 3377/7724
s 0
f 3630/8322 3351/7654 3368/7700
f 3423/7852 3610/8269 2532/5540
f 3553/8139 3426/7859 3450/7928
f 3430/7873 3428/7864 3554/8141
f 3610/8271 3452/7931 3451/7930
f 3605/8254 3597/8233 2420/5221
f 2635/5815 2633/5811 2634/5814
f 3417/7837 2532/5538 2522/5516
f 3385/7738 3612/8274 3614/8279
f 3457/7940 3481/7978 3478/7973
f 2798/6249 2799/6250 2794/6239
f 2945/6600 2931/6566 2929/6562
f 2715/6019 2708/5997 2731/6051
f 3460/7945 3461/7946 3459/7944
f 3469/7960 3468/7958 3470/7962
f 3487/7990 3466/7955 3465/7954
f 3486/7989 3474/7967 3473/7966
f 2704/5986 2737/6062 2738/6065
f 3489/7992 3467/7957 3468/7959
f 2782/6201 2783/6202 2778/6190
s 1
f 3319/7560 3323/7573 3335/7610
s 0
f 2785/6207 2781/6198 2776/6183
f 3484/7985 3485/7986 3483/7982
f 3485/7987 3486/7988 3472/7965
s 1
f 3084/6945 3100/6992 3101/6998
s 0
f 3489/7992 3491/7994 3490/7993
f 3148/7113 3065/6905 3066/6907
s 1
f 2772/6169 2790/6222 2786/6211
f 2490/5422 2508/5475 2504/5464
s 0
f 2221/4708 2183/4608 3498/8017
f 3508/8037 3510/8040 2184/4612
f 2193/4641 3511/8042 2195/4645
s 1
f 2272/4827 3519/8059 2174/4577
s 0
f 2212/4685 2211/4683 2261/4803
s 1
f 2222/4712 2151/4515 3522/8073
s 0
f 2259/4799 2260/4801 2264/4810
f 3650/8365 2203/4662 3519/8061
s 1
f 3492/7998 3523/8075 3524/8080
s 0
f 2221/4709 2195/4646 2190/4634
f 3518/8058 2200/4655 3517/8054
f 3518/8058 3513/8046 2200/4655
f 2185/4615 3650/8363 3512/8045
f 3507/8035 2438/5271 3531/8098
f 3652/8374 2205/4670 3499/8020
f 2246/4764 3504/8029 2242/4756
f 3514/8048 2265/4811 3525/8083
f 3588/8208 2203/4663 3650/8367
f 2185/4617 3510/8040 3508/8037
f 3500/8021 3494/8004 3506/8033
f 3501/8024 2233/4734 3653/8376
f 3515/8050 2276/4834 2201/4658
f 3498/8017 3651/8368 3494/8005
f 3526/8086 3652/8373 3505/8030
f 3503/8028 3502/8026 2249/4773
f 2177/4588 3651/8369 3498/8018
f 3504/8029 3653/8376 2242/4756
f 2194/4642 2193/4640 2192/4639
f 3650/8364 3517/8054 3512/8044
f 2234/4737 2248/4767 3653/8377
f 2200/4655 3513/8046 2201/4658
f 3653/8378 2248/4768 3496/8013
s 1
f 2248/4770 3520/8065 2172/4570
s 0
f 3516/8052 2194/4643 3527/8089
f 2194/4643 3525/8081 3649/8361
f 2222/4713 3521/8068 3652/8375
s 1
f 2230/4729 2229/4727 2279/4841
f 3519/8062 2203/4664 2142/4494
s 0
f 3523/8077 3492/7996 3649/8362
f 3572/8175 3546/8124 3586/8200
f 3555/8143 3429/7868 3423/7853
s 1
f 3434/7884 3449/7926 3558/8148
f 3448/7924 3436/7888 3441/7903
f 2538/5556 3616/8284 3539/8111
s 0
f 2451/5304 3625/8310 3624/8309
f 3448/7925 3447/7919 3419/7843
f 3542/8117 3562/8157 2520/5511
f 2456/5315 3536/8105 3535/8103
s 1
f 2444/5283 2299/4888 3566/8164
s 0
f 3427/7862 3554/8140 3585/8199
f 3445/7912 3564/8161 3562/8157
f 3350/7653 3633/8328 3632/8326
s 1
f 3367/7698 3548/8128 3549/8131
s 0
f 3550/8132 3349/7650 3366/7695
s 1
f 3556/8144 3558/8148 3450/7929
s 0
f 3576/8183 3349/7649 3550/8133
s 1
f 3355/7663 2455/5313 3537/8107
s 0
f 3356/7667 3362/7683 3632/8326
f 3583/8197 3585/8199 3557/8146
s 1
f 3563/8159 3552/8136 3420/7844
s 0
f 3447/7920 3551/8134 3419/7842
s 1
f 3575/8182 3574/8179 3367/7698
s 0
f 3632/8327 3362/7681 3614/8280
f 3621/8299 3528/8090 3440/7900
f 3547/8127 3543/8118 3614/8281
f 3613/8276 3612/8273 3385/7739
s 1
f 3426/7860 3553/8138 3552/8137
s 0
f 3419/7842 3551/8134 3561/8155
f 3425/7858 3553/8139 3558/8149
s 1
f 3626/8315 3627/8316 2444/5282
s 0
f 3374/7715 3372/7708 3543/8119
s 1
f 3421/7847 3552/8136 3563/8159
s 0
f 3556/8145 3557/8147 3443/7907
s 1
f 3629/8321 3626/8314 3537/8107
s 0
f 3445/7912 3561/8154 3564/8161
s 1
f 3568/8168 2431/5254 2302/4898
f 2303/4900 3538/8108 3627/8317
s 0
f 2536/5553 3445/7912 3562/8157
f 2446/5287 3382/7731 2449/5297
f 3356/7665 3576/8183 3586/8200
s 1
f 2243/4757 2450/5299 3570/8171
s 0
f 3642/8344 3439/7896 3455/7936
f 3358/7673 3367/7697 3574/8180
f 3536/8106 2215/4692 2437/5270
f 3554/8140 3428/7865 3581/8193
s 1
f 3420/7845 3425/7857 3579/8189
s 0
f 2809/6270 2707/5993 2801/6255
f 3582/8195 3579/8188 3425/7858
s 1
f 3431/7878 3446/7915 3582/8194
s 0
f 3639/8339 3640/8340 3442/7906
s 1
f 3565/8162 3528/8090 3621/8300
s 0
f 3585/8199 3554/8140 3581/8193
s 1
f 3615/8282 3621/8298 2431/5256
s 0
f 2707/5994 2809/6269 2695/5967
f 3424/7855 3579/8188 3582/8195
s 1
f 2535/5549 3416/7832 3565/8162
s 0
f 2300/4892 2433/5260 2432/5258
s 1
f 3627/8317 3538/8108 2299/4888
s 0
f 3613/8277 3611/8272 3380/7729
s 1
f 3578/8187 3418/7839 3528/8092
s 0
f 2186/4621 3508/8036 3509/8039
f 2457/5319 2454/5311 3623/8304
f 3590/8214 3589/8209 3605/8253
s 1
f 3578/8186 3579/8189 3424/7856
s 0
f 2282/4848 3597/8233 3605/8254
f 3222/7324 3223/7325 3221/7323
f 2290/4866 2292/4868 2427/5242
f 3595/8228 3594/8225 3603/8248
s 1
f 2457/5319 2453/5309 3625/8313
s 0
f 2655/5857 2656/5858 2608/5760
f 3600/8240 3599/8238 2420/5222
f 3635/8331 3630/8323 3349/7651
f 3437/7893 3436/7889 3419/7843
f 3577/8185 3351/7655 3630/8323
f 3612/8273 3613/8276 3379/7727
s 1
f 2196/4648 3563/8158 3616/8285
s 0
f 2178/4591 2187/4624 2184/4613
f 2250/4777 2202/4661 3495/8010
f 2183/4610 2190/4634 2187/4624
f 2210/4681 2209/4678 2208/4677
f 2253/4788 2184/4613 2202/4661
s 1
f 3570/8172 3567/8166 3622/8302
s 0
f 3372/7709 3374/7716 3375/7720
f 3596/8232 3602/8245 3593/8223
f 3633/8329 3635/8331 3576/8184
f 3433/7883 3442/7906 3557/8147
f 3370/7704 3632/8327 3638/8337
f 2449/5298 3382/7732 3611/8272
s 1
f 3571/8174 3569/8170 2454/5312
f 3416/7833 3420/7844 3578/8187
s 0
f 2636/5816 2656/5858 2655/5857
f 2433/5260 2283/4851 2301/4895
f 3560/8153 2298/4884 3606/8257
f 2428/5246 2300/4889 2292/4869
f 3540/8112 2451/5302 3608/8263
f 2536/5551 3542/8116 3607/8261
f 2428/5244 3559/8150 2436/5267
f 2843/6346 2913/6517 2848/6354
f 3361/7680 2262/4804 3353/7660
f 3612/8275 3379/7728 3380/7729
f 3430/7874 3555/8143 3551/8135
f 2527/5526 2528/5527 2530/5532
f 3435/7887 3444/7909 3640/8340
f 3427/7863 3641/8343 3642/8345
f 3584/8198 3644/8347 3640/8341
s 1
f 3544/8121 3537/8107 2243/4757
s 0
f 2282/4849 2423/5229 3600/8240
f 2601/5748 2602/5749 2603/5752
f 3366/7696 3631/8324 3636/8333
s 1
f 3364/7691 3574/8179 3575/8182
s 0
f 3546/8125 3547/8126 3362/7683
s 1
f 3387/7747 3405/7800 3401/7789
s 0
f 2734/6057 2720/6028 2718/6026
f 3076/6927 3068/6910 3067/6909
f 2863/6385 2859/6378 2850/6360
f 2621/5788 2337/4982 2339/4993
f 2702/5982 2697/5971 2701/5980
f 3078/6930 3079/6931 3061/6897
s 1
f 2571/5658 2586/5704 2587/5708
s 0
f 2621/5789 2654/5855 2653/5852
f 2193/4640 2244/4759 2192/4639
f 2245/4760 3517/8053 2198/4652
f 2207/4674 3499/8019 2205/4670
f 2216/4695 3506/8032 2220/4706
f 3501/8023 2226/4721 2233/4734
f 3507/8035 2238/4744 2438/5271
f 3326/7585 3325/7581 3320/7564
f 3514/8047 2258/4797 2265/4811
f 2273/4828 3515/8049 2270/4822
f 2624/5795 2625/5796 2618/5782
f 2839/6338 2852/6364 2837/6336
f 2651/5848 2625/5796 2615/5777
f 2653/5853 2643/5835 2612/5767
f 2833/6327 2835/6331 2827/6316
f 3081/6934 3063/6901 3079/6932
f 2836/6333 2825/6314 2831/6324
f 2864/6387 2835/6331 2822/6304
f 2836/6333 2856/6372 2818/6293
f 3041/6859 3042/6861 3035/6847
f 2653/5853 2612/5767 2616/5780
f 3044/6866 3033/6845 3039/6855
f 3076/6925 3042/6861 3032/6841
f 3044/6866 3068/6912 3028/6830
f 3245/7383 3283/7456 3239/7370
f 2628/5802 2642/5831 2627/5801
f 3281/7454 3283/7456 3270/7432
f 3284/7458 3273/7439 3267/7423
f 3361/7679 3636/8332 2262/4805
f 3585/8199 3443/7908 3557/8146
f 3426/7859 3645/8348 3450/7928
f 3546/8124 3572/8175 3357/7669
f 2217/4700 2191/4636 2195/4646
f 3114/7032 3112/7027 3115/7034
f 2929/6563 2920/6535 2946/6603
s 1
f 3588/8205 2139/4481 2204/4668
s 0
f 3588/8206 2186/4619 2188/4626
f 2195/4644 3509/8038 2190/4632
f 2276/4835 2227/4723 2275/4832
f 2247/4765 2232/4733 2246/4762
f 2183/4609 3497/8016 3498/8018
f 3648/8356 2188/4626 2186/4619
s 1
f 2266/4813 3524/8079 3523/8076
s 0
f 3529/8093 2200/4654 2197/4649
f 2178/4590 3503/8027 3497/8015
f 2184/4611 3512/8045 2202/4659
s 1
f 2179/4592 2181/4603 2182/4606
s 0
f 2220/4706 3526/8085 3534/8102
f 2219/4705 3526/8085 2218/4701
f 2246/4763 3532/8099 2247/4766
s 1
f 2251/4781 3496/8011 2172/4569
s 0
f 3651/8370 2222/4710 3494/8003
s 1
f 2252/4784 2180/4599 2179/4593
s 0
f 2218/4702 3505/8030 2223/4714
f 3532/8100 2242/4755 3531/8098
f 2268/4817 3527/8088 2241/4753
f 2206/4673 3652/8372 3521/8069
s 1
f 2261/4802 2160/4540 2255/4792
s 0
f 3654/8380 3496/8012 2252/4785
f 2208/4676 2218/4703 2223/4714
f 3501/8024 2246/4764 2232/4732
f 2264/4810 2268/4818 2263/4807
s 1
f 2162/4544 2267/4816 2163/4546
s 0
f 2266/4814 3525/8082 2265/4812
f 2190/4633 3508/8036 2187/4622
f 2255/4791 2258/4798 2256/4794
s 1
f 2206/4672 3522/8072 2144/4498
s 0
f 2276/4834 2280/4843 2228/4724
s 1
f 2144/4498 2213/4687 2206/4672
s 0
f 2261/4803 2256/4794 2257/4796
f 2272/4826 2273/4829 2270/4823
f 3350/7652 3635/8331 3633/8329
s 1
f 3616/8285 3416/7832 2535/5549
s 0
f 3526/8086 3494/8004 3652/8373
f 2221/4707 3506/8033 2217/4698
f 2201/4657 3529/8094 2197/4650
s 1
f 3587/8204 3493/8001 2189/4630
s 0
f 3649/8359 3509/8038 3511/8043
f 2239/4748 3502/8025 2250/4776
f 2241/4754 2194/4642 3533/8101
f 3654/8381 2179/4594 2177/4585
f 3518/8055 3515/8050 3513/8046
s 1
f 2278/4839 2281/4845 2168/4556
s 0
f 2277/4837 2229/4726 2280/4842
f 2258/4798 2266/4814 2265/4812
f 2257/4795 2264/4809 2260/4800
s 1
f 2160/4540 2267/4816 2255/4792
s 0
f 2272/4826 3518/8056 3519/8060
s 1
f 2188/4627 2189/4631 2139/4482
s 0
f 2273/4829 2279/4840 2277/4837
f 3517/8053 2199/4653 2198/4652
f 2179/4595 3651/8371 2177/4586
f 2216/4696 2191/4637 2217/4699
s 1
f 2234/4736 3520/8066 2248/4769
s 0
f 3512/8044 3495/8008 2202/4660
f 2238/4745 3495/8009 2245/4761
s 1
f 2204/4669 2203/4665 3588/8207
f 2147/4504 2261/4802 2211/4682
s 0
f 3492/7997 3648/8357 3649/8360
f 2253/4787 3502/8026 3503/8028
f 2210/4680 2257/4795 2260/4800
f 2259/4799 2210/4681 2260/4801
s 1
f 2147/4504 2213/4687 2148/4506
s 0
f 2229/4726 2225/4720 2280/4842
f 2207/4675 2211/4683 2212/4685
s 1
f 2230/4729 2224/4717 2229/4727
s 0
f 3499/8020 2223/4715 3505/8031
f 3503/8027 2177/4587 3497/8015
s 1
f 2182/4607 2151/4516 2222/4711
s 0
f 2206/4673 2207/4675 2205/4671
f 2274/4831 2276/4835 2275/4832
f 3514/8048 2269/4820 2264/4809
s 1
f 2236/4741 2235/4739 2237/4743
s 0
f 3653/8376 3507/8034 2242/4756
f 2226/4722 2234/4737 2233/4735
f 2280/4843 2232/4732 2228/4724
f 2232/4733 2227/4723 2228/4725
s 1
f 2271/4825 2281/4845 2272/4827
f 2153/4520 2235/4739 2224/4717
s 0
f 2224/4718 2226/4722 2225/4720
f 2521/5512 2524/5518 3564/8160
s 1
f 2457/5317 3369/7701 3371/7707
s 0
f 3051/6879 3048/6872 3052/6880
f 2310/4918 2307/4911 2312/4920
f 3045/6868 3054/6883 3080/6933
f 2319/4932 2420/5220 2317/4930
f 2325/4946 2315/4926 2316/4928
f 3624/8307 2300/4890 2428/5243
f 3263/7415 2308/4914 3257/7404
f 3049/6874 3048/6873 3047/6871
s 1
f 3622/8301 3566/8164 2302/4896
s 0
f 2423/5228 2442/5277 2448/5292
s 1
f 3617/8286 3615/8282 3568/8169
f 2539/5558 3538/8109 2303/4899
s 0
f 2434/5261 3608/8264 2436/5266
f 3591/8215 2422/5225 3592/8219
f 3560/8152 2284/4856 2288/4863
f 3017/6808 3018/6810 3019/6812
f 2291/4867 2429/5247 2293/4870
f 2282/4847 2433/5259 2286/4860
f 2287/4861 2433/5259 2288/4862
f 2424/5230 3595/8226 3601/8241
f 2448/5293 2429/5248 2289/4865
f 2531/5533 2532/5539 2527/5523
f 3060/6893 3147/7112 3067/6908
f 3024/6821 3040/6857 3036/6850
f 3183/7215 3179/7203 3178/7200
f 3260/7409 3227/7336 3262/7412
f 2619/5785 2609/5761 2623/5792
f 3184/7217 3180/7207 3179/7204
f 3057/6888 3025/6824 3027/6827
f 2326/4950 2359/5033 2351/5017
f 2612/5768 2624/5794 2616/5778
f 2738/6064 2708/5995 2732/6054
f 2703/5983 2735/6058 2736/6060
f 3142/7100 3129/7067 3144/7104
f 3155/7125 3126/7057 3134/7083
f 2814/6280 2868/6395 2812/6278
f 2644/5836 2720/6029 2719/6027
f 3270/7433 3273/7438 3281/7452
f 2356/5027 2327/4954 2328/4959
f 2344/5003 2339/4991 2337/4983
f 2346/5008 2609/5762 2339/4992
f 2939/6589 2931/6567 2945/6599
f 2334/4977 2359/5034 2332/4970
s 1
f 3083/6939 3097/6982 3082/6935
f 3320/7561 3334/7603 3338/7618
s 0
f 3124/7052 3056/6886 3123/7049
f 2912/6514 2913/6518 2907/6505
f 3458/7941 3481/7979 3457/7939
f 2934/6575 2946/6601 2941/6592
f 2619/5785 2614/5774 2613/5771
s 1
f 2957/6626 2971/6669 2956/6622
f 2958/6630 2975/6683 2957/6627
f 2364/5049 2377/5090 2363/5046
f 2360/5035 2376/5086 2364/5050
s 0
f 2370/5072 2366/5057 2365/5054
f 2373/5078 2369/5069 2368/5064
f 2371/5074 2367/5061 2366/5058
f 2374/5080 2365/5055 2369/5070
f 2372/5076 2368/5065 2367/5062
f 2385/5118 2381/5104 2380/5100
f 2388/5124 2384/5114 2383/5110
f 2386/5120 2382/5107 2381/5105
f 2389/5126 2380/5101 2384/5115
f 2387/5122 2383/5111 2382/5108
f 3108/7020 3104/7007 3103/7004
f 2681/5937 2677/5921 2676/5918
f 3208/7292 3202/7271 3207/7288
f 2564/5638 2558/5618 2563/5635
f 3008/6786 3004/6772 3003/6769
f 3090/6964 3084/6943 3089/6963
f 2392/5135 2398/5158 2393/5140
f 3194/7249 3190/7235 3189/7231
f 2410/5191 2409/5188 2414/5206
f 2960/6636 2961/6641 2956/6623
f 2750/6103 2741/6070 2745/6084
s 1
f 2987/6718 3001/6761 2986/6714
f 2362/5043 2379/5096 2361/5039
f 2394/5141 2407/5182 2393/5138
f 2390/5127 2406/5178 2394/5142
s 0
f 2400/5164 2396/5150 2395/5145
f 2403/5170 2399/5161 2398/5156
f 2401/5166 2397/5153 2396/5151
f 2404/5172 2395/5146 2399/5162
f 2402/5168 2398/5157 2397/5154
f 2415/5210 2411/5196 2410/5192
f 2418/5216 2414/5207 2413/5202
f 2416/5212 2412/5199 2411/5197
f 2419/5218 2410/5193 2414/5208
f 2417/5214 2413/5203 2412/5200
f 3076/6926 3028/6831 3068/6911
f 3176/7192 3175/7189 3180/7208
f 3008/6786 3002/6765 3007/6783
f 3202/7272 3206/7284 3207/7289
f 2377/5091 2383/5112 2378/5093
f 3187/7224 3191/7238 3192/7242
f 2773/6170 2779/6191 2774/6174
f 2994/6744 2990/6728 2989/6725
f 3005/6775 3006/6778 3001/6762
f 2364/5051 2365/5056 2360/5036
f 2545/5577 2546/5581 2541/5564
f 3604/8250 2314/4925 3591/8216
f 2283/4852 3589/8210 3590/8212
f 2421/5223 2425/5234 2307/4912
f 2297/4881 2534/5546 2533/5541
f 2843/6345 2841/6341 2840/6340
f 2305/4906 3622/8301 2302/4896
f 2901/6493 2899/6488 2902/6494
f 2301/4893 2421/5223 2427/5240
f 3598/8235 2423/5229 2424/5231
f 2422/5226 2301/4893 2283/4853
f 3598/8235 3599/8238 3600/8240
s 1
f 2450/5300 3567/8166 3570/8172
s 0
f 2304/4903 2298/4885 2300/4891
f 3540/8112 3608/8265 2452/5306
f 3559/8151 2429/5249 2294/4873
f 3228/7339 3118/7040 3119/7041
f 3423/7852 3647/8352 3610/8269
f 2436/5267 2451/5302 2428/5244
f 3606/8257 2536/5551 3607/8261
f 3022/6818 3021/6817 3020/6814
s 1
f 2304/4904 2306/4908 2305/4906
s 0
f 3253/7398 3256/7403 3255/7402
f 3223/7325 3286/7462 3287/7463
f 3625/8311 2456/5314 2214/4690
f 3120/7044 3114/7031 3113/7029
s 1
f 3545/8122 3355/7664 3544/8120
f 3539/8111 2535/5548 3617/8286
s 0
f 2451/5303 3536/8105 2456/5315
f 2447/5288 2443/5280 2446/5286
s 1
f 3625/8312 2306/4909 3624/8308
s 0
f 3369/7702 2456/5316 3372/7709
f 3352/7657 2457/5318 3371/7706
f 3385/7736 2447/5289 2449/5295
s 1
f 3537/8107 2450/5299 2243/4757
s 0
f 2338/4988 2616/5780 2330/4964
s 1
f 2491/5423 2508/5476 2490/5419
f 2463/5338 2476/5378 2462/5334
s 0
f 3303/7510 3294/7484 3298/7498
f 3060/6893 3068/6912 3074/6922
f 2472/5366 2468/5356 2467/5352
f 2470/5362 2466/5349 2465/5345
f 2473/5368 2464/5341 2468/5357
f 2471/5364 2467/5353 2466/5350
f 3301/7506 3297/7494 3296/7491
f 2323/4940 2321/4934 2324/4944
f 2485/5407 2481/5395 2480/5392
f 3314/7548 3310/7533 3309/7529
f 2514/5497 2513/5494 2518/5506
f 3317/7554 3313/7544 3312/7540
f 2559/5621 2565/5641 2560/5624
f 2592/5723 2588/5710 2587/5706
f 2565/5642 2556/5611 2560/5625
f 3179/7205 3175/7190 3174/7186
f 2490/5420 2494/5433 2495/5437
f 2878/6429 2869/6396 2873/6410
f 3091/6967 3085/6946 3090/6964
f 2756/6117 2762/6139 2757/6121
f 2571/5655 2580/5688 2576/5673
f 2578/5681 2572/5659 2577/5678
s 1
f 2542/5567 2556/5612 2541/5565
f 2573/5663 2590/5715 2572/5660
f 2493/5430 2506/5470 2492/5426
s 0
f 2997/6753 2993/6740 2992/6737
f 3231/7350 3237/7366 3236/7363
f 2502/5458 2498/5447 2497/5444
f 2500/5454 2496/5441 2495/5438
f 2503/5460 2494/5434 2498/5448
f 2501/5456 2497/5445 2496/5442
f 2999/6757 2995/6748 2994/6743
f 2566/5645 2562/5631 2561/5629
f 2515/5499 2511/5487 2510/5486
f 2996/6751 2992/6738 2991/6732
f 2914/6519 2861/6381 2860/6380
s 1
f 2986/6715 3002/6766 2990/6729
s 0
f 2594/5730 2590/5716 2589/5713
f 2481/5396 2475/5374 2480/5393
f 2591/5719 2590/5717 2595/5734
f 2594/5730 2588/5710 2593/5727
f 2576/5674 2572/5661 2571/5656
f 2579/5684 2573/5664 2578/5681
f 2579/5684 2575/5670 2574/5666
f 2562/5632 2558/5618 2557/5614
f 2459/5324 2468/5358 2464/5342
f 2466/5351 2460/5327 2465/5346
f 2540/5562 2526/5521 2534/5547
s 1
f 3538/8109 3617/8287 2299/4887
s 0
f 3605/8252 3591/8217 3592/8218
f 2693/5962 2694/5965 2692/5960
f 3638/8336 3612/8274 3637/8335
f 2608/5760 2605/5755 2607/5759
f 3619/8292 2302/4897 2431/5254
f 2609/5763 2601/5747 2604/5753
f 2527/5524 3610/8270 3609/8267
f 3620/8294 2298/4886 2430/5251
f 3646/8350 3454/7933 3647/8352
s 1
f 3432/7879 3446/7917 3431/7875
s 0
f 3428/7866 3432/7880 3431/7876
f 2533/5542 2529/5530 2531/5534
f 3374/7717 3365/7692 3375/7718
f 2422/5226 2425/5234 2426/5237
f 3528/8091 3441/7901 3440/7898
s 1
f 3571/8173 3360/7677 3354/7661
f 2460/5328 2474/5371 2459/5325
s 0
f 3229/7342 3140/7096 3143/7102
s 1
f 2545/5578 2558/5619 2544/5574
s 0
f 2982/6707 2978/6694 2977/6691
f 2935/6579 2940/6590 2943/6596
f 2554/5606 2550/5597 2549/5592
f 2552/5602 2548/5589 2547/5585
f 2555/5608 2546/5582 2550/5598
f 2553/5604 2549/5593 2548/5590
f 2984/6711 2980/6701 2979/6697
f 2485/5408 2479/5388 2484/5406
f 2567/5648 2563/5636 2562/5633
f 2981/6705 2977/6692 2976/6686
f 2735/6059 2696/5968 2739/6066
f 2968/6663 2964/6651 2963/6648
f 3104/7008 3100/6993 3099/6990
f 2505/5466 2511/5489 2506/5471
f 3172/7179 3176/7193 3177/7196
f 2410/5194 2406/5179 2405/5175
f 2549/5594 2543/5572 2548/5591
f 3156/7128 3165/7161 3161/7146
f 2492/5427 2498/5449 2493/5431
f 2678/5924 2674/5911 2673/5908
f 2489/5416 2498/5450 2494/5435
f 2877/6427 2873/6411 2872/6407
f 2915/6521 2951/6612 2952/6614
s 1
f 2543/5571 2560/5626 2542/5568
f 2575/5671 2588/5711 2574/5667
s 0
f 2730/6047 2722/6032 2724/6037
f 2584/5698 2580/5689 2579/5685
f 2582/5694 2578/5682 2577/5679
f 2585/5700 2576/5675 2580/5690
f 2583/5696 2579/5686 2578/5683
f 2943/6597 2921/6537 2942/6594
s 1
f 2590/5718 2571/5657 2572/5662
s 0
f 2597/5740 2593/5728 2592/5724
f 2915/6522 2953/6617 2916/6523
f 2357/5029 2326/4949 2351/5019
f 2924/6547 2941/6593 2925/6550
f 2482/5398 2478/5384 2477/5381
f 2891/6468 2885/6447 2890/6464
f 2474/5372 2480/5394 2475/5375
f 2764/6147 2760/6131 2759/6128
f 2870/6400 2876/6424 2871/6405
f 2542/5569 2546/5583 2547/5586
f 2991/6733 2987/6719 2986/6716
f 2587/5707 2591/5720 2592/5725
f 2776/6180 2772/6166 2771/6162
f 3091/6968 3082/6936 3086/6950
f 3541/8114 3530/8096 2458/5320
f 2519/5507 3562/8156 2523/5517
f 2524/5518 3562/8156 3564/8160
f 2525/5519 2520/5510 2519/5508
f 3623/8303 2306/4909 2453/5308
f 3243/7378 3267/7423 3237/7366
f 2836/6334 2861/6382 2862/6384
f 3235/7361 3237/7367 3245/7381
f 2354/5024 2425/5235 2327/4955
f 2346/5008 2425/5236 2348/5011
f 3238/7369 3283/7457 3282/7455
f 2566/5646 2565/5643 2570/5654
f 3120/7043 3071/6916 3075/6924
f 2894/6479 2890/6465 2889/6461
f 2651/5849 2612/5768 2643/5834
f 3150/7116 3129/7068 3127/7061
f 3257/7405 3276/7444 3280/7451
f 2344/5003 2327/4956 2347/5010
f 2851/6361 2820/6299 2865/6389
f 2351/5018 2335/4978 3272/7435
f 3288/7464 3285/7460 3234/7358
f 3267/7424 3245/7382 3237/7368
f 2631/5807 2629/5803 2630/5806
f 3637/8334 3381/7730 3634/8330
f 2527/5525 3451/7930 2528/5528
f 2633/5812 2629/5804 2634/5813
f 2308/4915 2311/4919 2313/4921
f 2696/5969 2631/5808 2702/5981
f 2324/4945 2639/5823 2323/4941
f 2831/6324 2824/6309 2817/6290
f 3284/7459 3278/7448 3279/7450
f 2727/6042 2711/6005 2729/6046
f 2832/6326 2811/6273 2809/6268
f 2830/6323 2836/6334 2831/6325
f 2829/6320 2811/6274 2828/6318
f 3033/6844 2936/6583 2926/6553
f 2626/5798 2640/5827 2641/5829
f 2816/6287 2831/6325 2817/6290
f 3265/7420 3277/7446 3264/7419
f 2705/5987 2643/5835 2649/5845
f 2947/6606 2916/6523 2953/6616
f 3130/7070 3143/7102 3140/7096
f 2952/6614 2922/6540 2924/6548
f 2866/6393 2829/6321 2820/6300
f 2816/6288 2728/6045 2815/6283
f 3281/7453 3272/7435 2335/4978
s 1
f 2662/5874 2675/5915 2661/5871
f 2658/5860 2674/5912 2662/5875
s 0
f 2668/5897 2664/5883 2663/5880
f 2671/5903 2667/5893 2666/5889
f 2669/5899 2665/5886 2664/5884
f 2672/5905 2663/5881 2667/5894
f 2670/5901 2666/5890 2665/5887
f 2683/5943 2679/5929 2678/5925
f 2686/5949 2682/5939 2681/5935
f 2684/5945 2680/5932 2679/5930
f 2687/5951 2678/5926 2682/5940
f 2685/5947 2681/5936 2680/5933
f 2797/6247 2793/6234 2792/6232
f 3312/7541 3308/7526 3307/7523
f 3178/7201 3172/7180 3177/7197
f 2557/5615 2561/5630 2562/5634
f 3306/7520 3312/7541 3307/7523
f 2467/5354 2463/5339 2462/5335
f 2889/6462 2888/6457 2893/6475
f 3087/6954 3083/6940 3082/6937
f 2975/6684 2976/6687 2971/6670
f 3298/7499 3289/7465 3293/7479
f 3296/7492 3290/7469 3295/7488
f 2689/5954 2691/5958 2688/5952
f 2526/5522 3607/8262 2525/5520
f 3257/7404 3250/7392 3263/7415
f 3250/7393 3251/7394 3249/7390
f 3220/7320 3218/7316 3216/7313
f 2540/5561 2285/4858 2284/4857
f 2814/6281 2707/5992 2706/5989
s 1
f 2771/6163 2787/6213 2775/6177
s 0
f 3152/7120 3128/7065 3130/7071
f 2710/6002 2735/6058 2709/6000
f 2712/6009 2726/6041 2713/6012
s 1
f 2774/6173 2789/6220 2773/6171
s 0
f 2824/6310 2726/6040 2817/6291
f 3265/7420 2355/5026 2356/5027
f 3464/7952 3465/7953 3466/7956
f 2716/6020 2730/6047 2724/6037
f 3145/7106 3134/7082 3138/7092
f 3064/6904 3147/7111 3155/7126
f 2325/4947 2322/4937 2323/4942
f 2338/4987 2344/5004 2337/4984
f 2768/6157 2764/6145 2763/6142
f 2823/6306 2827/6316 2714/6015
f 3145/7105 3137/7090 3139/7095
f 2767/6155 2763/6143 2762/6140
f 2925/6549 2947/6606 2953/6616
f 2733/6055 2717/6024 2716/6021
f 2721/6031 2740/6067 2718/6025
f 2755/6115 2746/6090 2750/6104
s 1
f 3291/7473 3308/7527 3290/7470
s 0
f 2713/6012 2731/6049 2708/5996
f 2639/5821 2325/4948 2323/4943
f 2699/5973 2706/5990 2707/5993
f 2737/6062 2713/6013 2738/6065
s 1
f 2744/6081 2759/6127 2743/6078
s 0
f 2937/6584 2945/6599 2928/6560
f 2717/6024 2740/6069 2715/6017
f 3038/6854 2934/6576 2933/6573
f 2349/5013 2341/4997 2343/5002
f 2637/5817 2647/5841 2646/5839
f 2637/5818 2650/5847 2696/5968
f 2934/6576 3033/6845 2926/6554
s 1
f 2361/5040 2375/5082 2360/5037
f 2392/5136 2409/5189 2391/5131
s 0
f 2740/6068 2708/5997 2715/6019
f 2725/6038 2817/6292 2726/6041
s 1
f 2745/6085 2758/6125 2744/6082
f 2741/6071 2757/6122 2745/6086
s 0
f 2751/6107 2747/6092 2746/6091
f 2754/6113 2750/6105 2749/6099
f 2752/6109 2748/6096 2747/6093
f 2728/6044 2709/6001 2727/6043
f 2753/6111 2749/6100 2748/6097
f 2766/6153 2762/6141 2761/6136
f 2769/6159 2765/6149 2764/6146
f 2815/6284 2727/6043 2811/6275
f 2770/6161 2761/6137 2765/6150
f 2479/5389 2478/5385 2483/5402
f 3311/7537 3305/7516 3310/7534
f 2508/5477 2509/5480 2504/5462
f 2794/6238 2788/6218 2793/6235
f 3161/7147 3157/7132 3156/7129
f 2994/6744 2988/6722 2993/6741
f 2774/6174 2780/6194 2775/6178
f 2978/6695 2972/6673 2977/6693
f 2460/5329 2464/5343 2465/5347
f 3157/7133 3163/7154 3158/7136
s 1
f 2391/5132 2405/5176 2390/5128
f 3188/7228 3205/7280 3187/7225
s 0
f 3461/7947 3470/7962 3459/7943
f 2711/6006 2735/6059 2739/6066
s 1
f 2775/6179 2788/6217 2774/6175
s 0
f 2701/5979 2698/5972 2700/5975
f 2781/6199 2777/6185 2776/6181
f 2784/6205 2780/6195 2779/6192
f 3479/7975 3478/7972 3477/7970
f 2783/6203 2779/6193 2778/6188
f 2796/6245 2792/6233 2791/6227
f 2799/6251 2795/6241 2794/6237
s 1
f 2661/5872 2676/5919 2660/5868
s 0
f 2800/6253 2791/6228 2795/6242
f 2482/5398 2476/5379 2481/5396
f 2757/6123 2763/6144 2758/6126
f 3305/7517 3309/7530 3310/7535
f 2891/6468 2887/6455 2886/6451
f 2962/6644 2958/6632 2957/6628
f 2748/6098 2744/6083 2743/6079
f 2666/5891 2662/5876 2661/5873
f 3105/7010 3101/6996 3100/6993
f 3193/7246 3187/7226 3192/7243
f 2667/5895 2658/5861 2662/5877
f 2801/6254 2803/6258 2804/6260
f 2447/5290 2448/5294 2442/5278
f 2294/4874 2434/5262 2436/5268
f 2838/6337 2808/6267 2807/6266
f 3053/6882 3052/6881 3054/6883
s 1
f 3571/8173 3359/7674 3573/8177
s 0
f 2600/5746 2591/5721 2595/5735
f 2706/5991 2700/5976 2810/6271
f 3141/7098 3236/7364 3146/7109
f 3400/7785 3391/7758 3395/7774
f 2835/6332 2857/6374 2834/6330
f 3135/7085 3149/7115 3136/7089
f 2704/5985 2736/6061 2737/6063
f 3226/7332 3144/7104 3132/7076
f 2820/6301 2828/6318 2819/6297
f 2704/5986 2649/5846 2648/5844
f 2865/6390 2819/6298 2837/6335
f 3244/7380 3226/7333 3132/7077
f 2935/6579 3036/6849 3037/6851
f 2342/5000 2330/4966 2340/4996
f 2833/6328 2818/6294 2822/6305
f 3475/7968 3477/7971 3476/7969
f 3072/6919 3043/6865 3062/6900
f 2654/5856 2620/5787 2613/5772
f 2903/6496 2899/6489 2900/6491
f 2421/5224 3593/8221 3594/8224
f 2846/6351 2845/6349 2847/6352
f 3592/8219 2283/4854 3590/8213
f 2838/6337 2847/6352 2867/6394
f 2913/6517 2902/6495 2848/6354
f 2641/5828 2646/5839 2647/5841
f 3151/7118 3059/6892 3058/6890
f 2814/6282 2908/6506 2907/6504
f 3283/7457 3274/7440 3282/7455
f 3599/8239 3258/7406 2322/4938
f 3228/7340 3262/7414 3227/7337
f 3121/7045 3151/7119 3058/6889
f 2851/6362 2859/6377 2860/6379
f 2865/6390 2850/6359 2851/6363
f 2855/6369 2862/6383 2916/6523
f 3133/7080 3245/7383 3239/7370
f 2864/6386 2818/6294 2856/6373
f 2913/6518 2814/6281 2907/6505
f 3125/7056 3027/6829 3055/6885
f 2714/6016 2723/6035 2823/6307
f 3034/6846 3042/6862 3077/6928
f 2933/6574 3037/6852 3038/6853
s 1
f 3290/7471 3304/7514 3289/7466
s 0
f 2860/6379 2909/6507 2914/6520
s 1
f 2872/6408 2887/6454 2871/6404
f 2873/6412 2886/6452 2872/6409
f 2869/6397 2885/6448 2873/6413
s 0
f 2879/6433 2875/6419 2874/6416
f 2882/6439 2878/6430 2877/6425
f 2880/6435 2876/6422 2875/6420
f 2883/6441 2874/6417 2878/6431
f 2881/6437 2877/6426 2876/6423
f 2337/4985 2622/5790 2338/4988
f 2897/6485 2893/6476 2892/6471
f 2895/6481 2891/6469 2890/6466
f 2898/6487 2889/6463 2893/6477
f 3102/7000 3098/6986 3097/6983
f 2892/6472 2888/6458 2887/6455
f 3309/7531 3308/7528 3313/7545
f 2681/5937 2675/5916 2680/5934
f 3164/7157 3160/7143 3159/7139
f 3296/7492 3292/7476 3291/7474
f 2741/6072 2747/6094 2742/6075
f 2680/5934 2674/5913 2679/5931
f 2992/6739 2988/6722 2987/6720
f 2547/5587 2543/5572 2542/5570
f 2844/6348 2841/6342 2845/6350
f 3602/8246 3598/8236 3603/8247
f 2904/6498 2905/6501 2903/6497
s 1
f 2430/5252 2305/4907 3619/8292
f 3436/7888 3440/7899 3441/7903
s 0
f 2320/4933 2316/4929 2315/4927
f 3348/7647 3339/7624 3344/7639
f 2917/6525 2911/6511 2918/6528
f 2912/6515 2908/6506 2911/6512
f 2922/6541 2950/6610 2921/6538
f 2938/6587 2928/6560 2945/6600
f 2940/6590 2922/6542 2943/6596
f 3241/7374 3226/7334 3240/7373
f 2950/6611 2923/6543 2921/6539
f 3224/7328 3122/7048 3124/7053
f 2925/6550 2946/6601 2920/6534
f 3121/7046 3154/7124 3150/7116
f 2814/6282 2810/6272 2813/6279
f 2932/6569 2955/6619 2949/6608
f 2598/5742 2594/5731 2593/5729
f 2353/5021 2335/4979 2359/5034
f 3069/6913 3066/6907 3065/6905
f 2858/6375 2854/6368 2857/6374
f 2712/6010 2736/6061 2710/6003
f 2705/5987 2732/6054 2721/6030
f 2645/5838 2718/6026 2720/6028
f 3463/7950 3460/7945 3462/7948
f 2599/5744 2595/5736 2594/5732
f 3136/7088 3139/7095 3135/7086
f 2811/6276 2729/6046 2809/6269
f 2581/5692 2577/5680 2576/5676
f 2646/5840 2642/5832 2650/5847
f 2350/5015 2332/4971 2326/4950
f 2331/4969 2342/5001 2340/4994
s 1
f 2574/5668 2589/5714 2573/5665
s 0
f 2940/6591 2934/6577 2941/6593
f 2955/6619 2931/6568 2949/6608
f 2952/6615 2925/6551 2953/6617
f 2853/6366 2858/6376 2864/6387
f 2955/6620 2920/6535 2929/6563
f 3035/6847 2936/6582 3041/6859
f 2488/5414 2479/5390 2483/5403
s 1
f 2988/6723 3005/6776 2987/6721
s 0
f 2951/6613 2909/6507 2950/6610
s 1
f 2959/6633 2974/6680 2958/6631
f 2960/6637 2973/6677 2959/6634
f 2956/6624 2972/6674 2960/6638
s 0
f 2966/6659 2962/6645 2961/6642
f 2969/6665 2965/6656 2964/6652
f 2967/6661 2963/6649 2962/6646
f 2970/6667 2961/6643 2965/6657
f 2568/5650 2564/5639 2563/5637
f 2569/5652 2565/5644 2564/5640
f 2551/5600 2547/5588 2546/5584
s 1
f 2544/5575 2559/5622 2543/5573
s 0
f 2985/6713 2976/6688 2980/6702
f 2383/5112 2379/5097 2378/5093
f 2412/5201 2406/5180 2411/5198
f 3106/7014 3097/6984 3101/6997
f 3178/7201 3174/7186 3173/7183
f 2964/6653 2958/6632 2963/6650
f 3158/7136 3164/7157 3159/7139
f 2990/6730 2991/6734 2986/6717
f 2509/5481 2505/5467 2504/5463
f 3186/7221 3195/7253 3191/7239
f 2367/5063 2361/5041 2366/5059
s 1
f 3157/7134 3171/7177 3156/7130
f 3158/7137 3175/7191 3157/7135
f 3323/7574 3336/7611 3335/7607
f 2989/6726 3004/6773 2988/6724
f 2990/6731 3003/6770 2989/6727
s 0
f 2516/5502 2512/5490 2511/5488
f 2517/5504 2513/5495 2512/5491
f 2499/5452 2495/5439 2494/5436
s 1
f 2492/5428 2507/5474 2491/5424
s 0
f 3000/6759 2991/6735 2995/6749
f 2998/6755 2994/6745 2993/6742
f 3011/6797 3007/6784 3006/6779
f 3014/6803 3010/6793 3009/6789
f 3012/6799 3008/6787 3007/6785
f 3015/6805 3006/6780 3010/6794
f 2976/6689 2972/6675 2971/6671
f 2384/5116 2375/5083 2379/5098
f 2884/6444 2890/6467 2885/6449
f 2758/6126 2764/6147 2759/6128
f 2395/5147 2391/5133 2390/5129
f 2877/6427 2871/6405 2876/6424
f 2467/5354 2461/5331 2466/5351
f 2795/6243 2786/6209 2790/6223
f 2394/5143 2395/5148 2390/5130
f 2748/6098 2742/6076 2747/6095
f 2919/6532 2906/6503 2904/6499
f 2311/4919 2312/4920 2313/4921
f 3045/6868 3023/6819 3022/6818
f 3020/6815 3018/6811 3016/6807
s 1
f 2462/5336 2477/5382 2461/5332
s 0
f 3230/7346 3241/7375 3242/7376
f 2942/6595 2923/6544 2944/6598
f 3027/6828 2918/6529 3026/6826
f 3038/6854 3044/6867 3039/6856
f 3149/7114 3064/6903 3155/7127
f 2618/5782 2340/4995 2624/5795
f 2909/6508 2954/6618 2950/6611
f 3070/6915 3064/6903 3066/6906
f 3030/6836 3036/6849 3029/6834
f 3078/6930 3029/6835 3079/6931
f 2329/4963 2350/5016 2326/4951
s 1
f 2871/6406 2888/6459 2870/6401
s 0
f 2943/6597 3024/6822 2935/6580
f 2703/5984 2648/5843 2647/5842
s 1
f 2760/6132 2743/6080 2759/6129
s 0
f 3062/6898 3030/6837 3078/6929
f 3041/6860 3028/6831 3032/6842
f 3043/6865 3037/6852 3030/6838
f 2617/5781 2625/5797 2652/5851
f 2927/6556 3017/6809 3019/6813
f 2442/5279 2296/4877 2443/5281
f 2805/6262 2803/6259 2802/6257
f 2291/4867 2292/4868 2290/4866
f 2288/4862 2285/4859 2287/4861
f 2848/6353 2859/6378 2863/6385
f 2860/6380 2866/6393 2851/6363
f 2651/5850 2721/6031 2718/6025
f 3027/6828 3056/6886 3055/6884
f 3044/6867 3073/6921 3074/6923
f 3062/6899 3071/6917 3072/6918
f 3236/7365 3138/7093 3146/7107
s 1
f 2489/5417 2505/5468 2493/5432
s 0
f 2862/6384 2915/6522 2916/6523
f 3059/6891 3074/6923 3073/6921
s 1
f 2541/5566 2557/5616 2545/5579
s 0
f 3240/7372 3234/7359 3232/7352
f 2702/5982 2639/5821 2697/5971
s 1
f 2393/5139 2408/5185 2392/5137
s 0
f 2625/5797 2644/5836 2652/5851
f 2596/5738 2592/5726 2591/5722
s 1
f 3085/6947 3100/6994 3084/6944
f 3086/6951 3099/6991 3085/6948
f 3082/6938 3098/6987 3086/6952
s 0
f 3092/6972 3088/6958 3087/6955
f 3095/6978 3091/6969 3090/6965
f 3093/6974 3089/6961 3088/6959
f 3096/6980 3087/6956 3091/6970
f 3094/6976 3090/6966 3089/6962
f 3107/7018 3103/7005 3102/7001
f 3110/7024 3106/7015 3105/7011
s 1
f 2363/5047 2378/5094 2362/5044
s 0
f 3111/7026 3102/7002 3106/7016
f 2380/5102 2376/5087 2375/5084
f 2978/6695 2974/6681 2973/6678
f 2508/5478 2512/5492 2513/5496
f 3104/7008 3098/6988 3103/7006
f 3297/7495 3293/7480 3292/7476
f 3294/7485 3290/7472 3289/7467
f 2956/6625 2962/6647 2957/6629
f 3209/7295 3205/7281 3204/7278
f 3089/6963 3083/6941 3088/6960
f 2659/5864 2665/5888 2660/5870
f 3120/7044 3049/6875 3125/7055
f 3647/8353 3452/7931 3610/8271
f 2441/5275 3536/8106 2440/5274
f 3119/7042 3117/7038 3116/7035
f 2807/6266 2806/6265 2805/6263
f 3116/7036 3115/7033 3112/7028
f 3132/7078 3217/7314 3219/7318
f 2733/6055 2720/6029 2734/6056
s 1
f 3292/7477 3307/7524 3291/7475
s 0
f 3224/7329 3123/7050 3225/7330
f 2345/5005 2330/4965 2350/5016
f 2855/6370 2955/6621 2853/6367
f 2356/5028 2329/4962 2357/5030
f 3128/7066 3150/7117 3127/7062
f 2349/5012 2332/4972 2342/5001
f 2341/4998 2618/5783 2617/5781
f 3130/7072 3141/7099 3131/7074
f 2343/5002 2334/4976 2349/5013
f 3134/7083 3146/7108 3138/7094
f 3136/7089 3155/7127 3134/7084
f 2864/6388 2855/6370 2853/6367
s 1
f 2461/5333 2478/5386 2460/5330
s 0
f 2932/6570 2948/6607 2854/6368
f 2930/6565 2949/6609 2931/6568
f 3059/6891 3153/7122 3060/6893
f 3266/7422 3273/7439 3279/7449
f 2616/5779 2340/4996 2330/4966
f 3025/6825 2917/6526 3027/6829
f 2821/6302 2828/6319 2832/6326
f 3229/7343 3142/7101 3226/7335
f 2333/4974 2353/5022 2334/4977
f 3131/7074 3146/7109 3126/7058
f 3143/7103 3127/7063 3142/7101
f 3071/6916 3063/6902 3075/6924
f 2829/6321 2816/6289 2815/6285
f 3140/7097 3231/7349 3141/7099
f 3152/7121 3131/7075 3153/7122
f 3344/7640 3340/7626 3345/7641
f 3153/7123 3126/7059 3147/7112
s 1
f 3320/7562 3337/7615 3321/7566
s 0
f 3031/6839 3036/6850 3040/6857
f 3071/6917 3058/6889 3072/6918
f 2946/6602 2936/6583 2938/6586
s 1
f 3205/7282 3186/7222 3187/7227
f 2773/6172 2790/6224 2772/6167
s 0
f 2356/5028 3266/7422 3265/7421
s 1
f 3159/7140 3174/7187 3158/7138
f 3160/7144 3173/7184 3159/7141
f 3156/7131 3172/7181 3160/7145
s 0
f 3166/7165 3162/7152 3161/7148
f 3169/7171 3165/7162 3164/7158
f 3167/7167 3163/7155 3162/7153
f 3170/7173 3161/7149 3165/7163
f 3168/7169 3164/7159 3163/7156
f 3181/7211 3177/7198 3176/7194
f 2328/4960 2345/5006 2329/4963
f 3182/7213 3178/7202 3177/7199
f 3185/7219 3176/7195 3180/7209
f 2512/5492 2506/5471 2511/5489
f 2787/6214 2793/6235 2788/6218
f 2791/6229 2787/6215 2786/6210
f 3208/7292 3204/7278 3203/7275
f 2495/5440 2491/5425 2490/5421
f 3188/7229 3194/7249 3189/7231
f 2749/6101 2745/6087 2744/6083
f 2765/6151 2756/6118 2760/6133
f 2771/6164 2780/6196 2776/6182
f 2778/6189 2772/6168 2777/6186
s 1
f 2742/6077 2756/6119 2741/6073
s 0
f 3265/7421 3279/7450 3278/7448
s 1
f 3189/7232 3204/7279 3188/7230
f 3190/7236 3203/7276 3189/7233
f 3186/7223 3202/7273 3190/7237
s 0
f 3196/7257 3192/7244 3191/7240
f 3199/7263 3195/7254 3194/7250
f 3197/7259 3193/7247 3192/7245
f 3200/7265 3191/7241 3195/7255
f 3198/7261 3194/7251 3193/7248
f 3211/7303 3207/7290 3206/7285
f 3214/7309 3210/7299 3209/7296
f 3212/7305 3208/7293 3207/7291
f 3215/7311 3206/7286 3210/7300
f 2382/5109 2376/5088 2381/5106
f 2413/5204 2409/5190 2408/5186
f 3206/7287 3205/7283 3210/7301
f 2407/5183 2413/5204 2408/5186
f 2360/5038 2366/5060 2361/5042
f 2362/5045 2368/5066 2363/5048
f 2964/6653 2960/6639 2959/6635
f 3006/6781 3002/6767 3001/6763
f 2398/5158 2394/5144 2393/5140
f 2397/5155 2391/5134 2396/5152
f 3217/7315 3218/7317 3219/7319
f 2696/5969 2689/5955 2688/5953
f 3540/8113 2215/4693 3536/8105
f 3603/8247 2424/5232 3601/8242
f 2638/5820 2610/5765 2639/5822
f 3262/7413 3259/7408 3258/7407
f 2824/6311 2723/6034 2731/6050
f 3242/7377 3284/7459 3243/7379
f 2730/6048 2715/6018 2723/6035
f 3262/7413 3225/7331 3261/7411
f 2826/6315 2835/6332 2834/6330
f 2335/4979 3275/7441 3281/7454
f 3277/7446 3247/7388 3268/7428
f 3329/7593 3325/7582 3330/7595
f 3233/7355 3240/7373 3232/7353
f 3230/7347 3243/7379 3231/7350
f 2698/5972 2639/5823 2611/5766
f 3145/7106 3235/7362 3133/7081
f 2722/6033 2827/6317 2826/6315
f 3246/7384 3232/7354 3285/7461
f 3266/7422 2351/5019 3272/7436
f 2515/5500 2509/5482 2514/5498
f 2725/6039 2710/6004 2728/6045
f 2647/5842 2654/5856 2641/5829
f 2641/5830 2613/5773 2626/5799
f 3268/7429 3233/7356 3246/7385
f 2292/4869 2301/4894 2427/5241
f 2692/5961 2691/5959 2690/5957
f 3595/8227 2421/5224 3594/8224
f 2439/5272 3535/8104 2441/5275
f 3608/8266 2437/5269 2215/4694
f 3286/7462 3256/7403 3287/7463
f 3262/7414 3263/7416 3260/7410
f 3213/7307 3209/7297 3208/7294
f 2354/5024 3257/7405 2358/5031
f 3042/6862 3069/6913 3077/6928
s 1
f 2870/6402 2884/6445 2869/6398
s 0
f 3275/7442 3271/7434 3274/7440
f 3137/7091 3239/7371 3238/7369
f 2653/5852 2648/5844 2649/5846
f 2937/6585 3035/6848 3034/6846
f 2824/6311 2833/6329 2823/6308
f 2336/4981 2352/5020 3271/7434
f 3276/7444 3269/7431 3280/7451
f 3124/7054 3125/7056 3055/6885
f 2322/4939 3259/7408 2321/4935
f 3247/7388 3241/7375 3233/7357
s 1
f 2659/5865 2673/5909 2658/5862
f 2660/5869 2677/5922 2659/5866
f 3293/7481 3306/7521 3292/7478
f 3289/7468 3305/7518 3293/7482
s 0
f 3299/7502 3295/7489 3294/7486
f 3302/7508 3298/7500 3297/7496
f 3300/7504 3296/7493 3295/7490
f 3109/7022 3105/7012 3104/7009
f 2469/5360 2465/5348 2464/5344
f 2487/5412 2483/5404 2482/5399
f 2486/5410 2482/5400 2481/5397
f 3315/7550 3311/7538 3310/7536
f 3318/7556 3309/7532 3313/7546
f 3316/7552 3312/7542 3311/7539
s 1
f 3322/7569 3337/7616 3336/7612
s 0
f 3005/6777 3009/6790 3010/6795
f 2975/6685 2979/6698 2980/6703
f 2794/6238 2790/6225 2789/6221
f 2658/5863 2664/5885 2659/5867
f 2665/5888 2661/5873 2660/5870
f 2368/5066 2364/5052 2363/5048
f 2678/5927 2677/5923 2682/5941
f 2497/5446 2491/5425 2496/5443
f 2549/5594 2545/5580 2544/5576
f 2917/6527 2910/6510 2912/6516
f 2942/6595 2927/6557 3024/6823
f 3013/6801 3009/6791 3008/6788
f 3332/7599 3328/7590 3333/7601
f 3059/6892 3072/6919 3058/6890
f 3330/7596 3326/7584 3331/7597
f 3333/7602 3324/7576 3329/7594
f 3331/7598 3327/7587 3332/7600
f 3347/7645 3343/7636 3348/7648
s 1
f 2459/5326 2475/5376 2463/5340
s 0
f 3345/7642 3341/7630 3346/7643
f 2983/6709 2979/6699 2978/6696
f 3346/7644 3342/7633 3347/7646
f 3410/7818 3401/7788 3405/7801
f 3404/7798 3410/7819 3405/7802
f 3335/7608 3341/7631 3340/7627
f 3402/7791 3406/7805 3407/7809
f 3322/7570 3328/7591 3327/7588
f 3403/7796 3409/7815 3404/7798
f 2869/6399 2875/6421 2870/6403
f 3328/7592 3319/7558 3324/7577
f 3340/7628 3334/7604 3335/7609
f 3334/7605 3343/7637 3338/7619
f 3443/7907 3580/8190 3434/7885
s 1
f 3354/7661 3545/8122 3544/8120
f 3628/8318 3626/8315 3629/8320
s 0
f 2431/5255 3618/8289 3619/8293
f 3561/8155 3423/7850 3417/7835
s 1
f 2299/4887 3568/8168 3566/8165
s 0
f 3644/8347 3427/7861 3583/8196
f 3644/8347 3442/7904 3640/8341
f 2606/5758 2602/5750 2605/5756
s 1
f 3433/7882 3645/8349 3639/8338
s 0
f 3593/8222 3603/8248 3594/8225
f 3554/8141 3429/7870 3555/8142
f 3642/8345 3438/7894 3439/7897
f 3360/7678 3549/8130 3545/8123
f 3357/7670 3574/8180 3364/7689
f 3580/8190 3428/7867 3431/7877
s 1
f 3354/7662 3569/8170 3571/8174
s 0
f 3437/7891 2536/5552 3620/8295
f 2318/4931 2319/4932 2317/4930
f 3546/8125 3363/7685 3547/8126
f 3432/7881 3447/7921 3448/7923
f 3561/8154 2521/5513 3564/8161
s 1
f 3434/7884 3582/8194 3449/7926
f 2430/5253 3618/8289 3620/8296
f 3435/7886 3645/8349 3422/7849
f 3620/8297 3440/7900 3437/7892
s 0
f 3454/7934 3643/8346 3647/8353
f 3384/7734 3634/8330 3383/7733
f 3363/7686 3543/8118 3547/8127
f 3359/7675 3575/8181 3573/8178
f 2531/5535 2295/4876 2533/5543
s 1
f 3388/7748 3405/7803 3387/7744
f 3389/7751 3404/7799 3388/7749
f 3390/7754 3403/7795 3389/7752
f 3386/7740 3402/7792 3390/7755
s 0
f 3396/7777 3392/7763 3391/7759
f 3399/7783 3395/7775 3394/7769
f 3397/7779 3393/7766 3392/7764
f 2896/6483 2892/6473 2891/6470
f 3398/7781 3394/7770 3393/7767
f 3411/7823 3407/7810 3406/7806
f 3414/7829 3410/7820 3409/7816
f 3412/7825 3408/7812 3407/7811
f 3415/7831 3406/7807 3410/7821
f 3413/7827 3409/7817 3408/7813
f 3458/7942 3482/7980 3456/7938
f 3336/7613 3342/7634 3341/7631
f 3393/7768 3387/7745 3392/7765
f 3327/7588 3321/7567 3322/7570
f 3342/7634 3338/7620 3343/7638
f 3394/7771 3390/7756 3389/7753
f 3402/7793 3408/7814 3403/7796
f 3320/7563 3324/7578 3319/7559
f 3388/7750 3394/7771 3389/7753
f 3391/7760 3387/7746 3386/7741
f 3390/7757 3391/7761 3386/7742
f 3360/7678 3575/8181 3376/7721
s 1
f 3569/8170 3623/8304 2454/5311
s 0
f 3385/7737 3530/8097 2439/5273
f 3545/8123 3377/7723 3361/7679
f 3636/8333 3368/7699 2262/4806
s 1
f 3425/7857 3552/8137 3553/8138
s 0
f 3372/7708 3541/8115 3543/8119
f 3429/7869 3646/8351 3423/7851
f 3438/7895 3644/8347 3584/8198
f 3352/7658 3373/7711 3359/7676
f 2533/5544 2296/4878 2297/4882
f 2300/4892 2288/4863 2433/5260
f 3378/7725 3637/8335 3384/7735
f 3357/7671 3365/7693 3363/7687
f 3358/7673 3548/8129 3367/7697
f 3349/7650 3631/8325 3366/7695
f 3614/8278 3541/8115 2458/5321
f 3251/7395 3253/7399 3249/7391
s 1
f 3373/7712 3365/7694 3364/7690
f 3371/7707 3375/7719 3373/7712
s 0
f 3418/7840 3446/7916 3441/7902
s 1
f 3548/8128 3377/7724 3549/8131
s 0
f 3630/8322 3368/7700 3631/8325
f 3423/7852 2532/5540 3417/7836
f 3553/8139 3450/7928 3558/8149
f 3430/7873 3554/8141 3555/8142
f 3610/8271 3451/7930 3609/8268
f 3605/8254 2420/5221 3604/8251
f 2635/5815 2634/5814 2636/5816
f 3417/7837 2522/5516 2521/5514
f 3385/7738 3614/8279 2458/5322
f 3457/7940 3478/7973 3480/7977
f 2798/6249 2794/6239 2793/6236
f 2945/6600 2929/6562 2938/6587
f 2715/6019 2731/6051 2723/6036
f 3460/7945 3459/7944 3462/7948
f 3469/7960 3470/7962 3471/7963
f 3487/7990 3465/7954 3488/7991
f 3486/7989 3473/7966 3472/7964
f 2704/5986 2738/6065 2705/5987
f 3489/7992 3468/7959 3469/7961
f 2782/6201 2778/6190 2777/6187
s 1
f 3319/7560 3335/7610 3334/7606
s 0
f 2785/6207 2776/6183 2780/6197
f 3484/7985 3483/7982 3482/7981
f 3485/7987 3472/7965 3483/7983
s 1
f 3084/6945 3101/6998 3083/6942
s 0
f 3489/7992 3490/7993 3467/7957
f 3148/7113 3066/6907 3149/7115
s 1
f 2772/6169 2786/6211 2771/6165
f 2490/5422 2504/5464 2489/5418
s 0
f 2221/4708 3498/8017 3500/8022
f 3508/8037 2184/4612 2187/4623
f 2193/4641 2195/4645 2191/4638
s 1
f 2272/4827 2174/4577 2271/4825
s 0
f 2212/4685 2261/4803 2257/4796
s 1
f 2222/4712 3522/8073 3521/8070
s 0
f 2259/4799 2264/4810 2263/4807
f 3650/8365 3519/8061 3518/8057
s 1
f 3492/7998 3524/8080 3493/8002
s 0
f 2221/4709 2190/4634 2183/4610
f 3518/8058 3517/8054 3650/8366
f 2185/4615 3512/8045 3510/8041
f 3507/8035 3531/8098 2242/4755
f 3652/8374 3499/8020 3505/8031
f 2246/4764 2242/4756 2240/4752
f 3514/8048 3525/8083 3516/8051
f 3588/8208 3650/8367 2185/4616
f 2185/4617 3508/8037 2186/4620
f 3501/8024 3653/8376 3504/8029
f 3515/8050 2201/4658 3513/8046
f 3498/8017 3494/8005 3500/8022
f 3503/8028 2249/4773 3654/8382
f 2177/4588 3498/8018 3497/8016
f 2194/4642 2192/4639 3533/8101
f 2234/4737 3653/8377 2233/4735
f 2200/4655 2201/4658 2197/4651
f 3653/8378 3496/8013 2249/4774
s 1
f 2248/4770 2172/4570 3496/8014
s 0
f 3516/8052 3527/8089 2269/4821
f 2194/4643 3649/8361 2193/4641
f 2222/4713 3652/8375 3494/8006
s 1
f 2230/4729 2279/4841 2278/4839
f 3519/8062 2142/4494 2174/4578
s 0
f 3523/8077 3649/8362 3525/8084
f 3572/8175 3586/8200 3358/7672
f 3555/8143 3423/7853 3551/8135
s 1
f 3434/7884 3558/8148 3556/8144
f 3448/7924 3441/7903 3446/7917
f 2538/5556 3539/8111 2539/5559
s 0
f 2451/5304 3624/8309 2428/5245
f 3448/7925 3419/7843 3436/7889
f 3542/8117 2520/5511 2537/5555
s 1
f 2444/5283 3566/8164 3567/8167
s 0
f 3427/7862 3585/8199 3583/8197
f 3350/7653 3632/8326 3370/7703
s 1
f 3367/7698 3549/8131 3376/7722
s 0
f 3550/8132 3366/7695 3548/8129
s 1
f 3556/8144 3450/7929 3433/7882
s 0
f 3576/8183 3550/8133 3586/8200
s 1
f 3355/7663 3537/8107 3544/8121
s 0
f 3356/7667 3632/8326 3633/8328
f 3583/8197 3557/8146 3442/7905
s 1
f 3563/8159 3420/7844 3416/7833
f 3575/8182 3367/7698 3376/7722
s 0
f 3632/8327 3614/8280 3638/8337
f 3621/8299 3440/7900 3618/8290
f 3547/8127 3614/8281 3362/7682
f 3613/8276 3385/7739 2449/5296
s 1
f 3426/7860 3552/8137 3421/7846
s 0
f 3419/7842 3561/8155 3445/7913
f 3425/7858 3558/8149 3449/7927
s 1
f 3626/8315 2444/5282 2450/5300
f 3421/7847 3563/8159 2196/4647
s 0
f 3556/8145 3443/7907 3434/7885
s 1
f 3629/8321 3537/8107 2455/5313
f 3568/8168 2302/4898 3566/8165
f 2303/4900 3627/8317 3628/8319
s 0
f 2536/5553 3562/8157 3542/8117
f 2446/5287 2449/5297 2447/5291
f 3356/7665 3586/8200 3546/8124
s 1
f 2243/4757 3570/8171 3569/8170
s 0
f 3642/8344 3455/7936 3646/8351
f 3358/7673 3574/8180 3572/8176
f 3536/8106 2437/5270 2440/5274
s 1
f 3420/7845 3579/8189 3578/8186
s 0
f 2809/6270 2801/6255 2804/6261
f 3582/8195 3425/7858 3449/7927
s 1
f 3431/7878 3582/8194 3580/8191
s 0
f 3639/8339 3442/7906 3433/7883
s 1
f 3565/8162 3621/8300 3615/8283
s 0
f 3585/8199 3581/8193 3443/7908
s 1
f 3615/8282 2431/5256 3568/8169
s 0
f 2707/5994 2695/5967 2693/5963
f 3424/7855 3582/8195 3446/7918
s 1
f 2535/5549 3565/8162 3615/8283
f 3627/8317 2299/4888 2444/5283
s 0
f 3613/8277 3380/7729 3379/7728
s 1
f 3578/8187 3528/8092 3565/8163
s 0
f 2186/4621 3509/8039 3648/8358
f 2457/5319 3623/8304 2453/5309
f 3590/8214 3605/8253 3592/8220
s 1
f 3578/8186 3424/7856 3418/7841
s 0
f 2282/4848 3605/8254 3589/8211
f 3222/7324 3221/7323 3220/7321
f 2290/4866 2427/5242 2424/5233
f 3595/8228 3603/8248 3601/8243
s 1
f 2457/5319 3625/8313 2214/4691
s 0
f 2655/5857 2608/5760 2607/5759
f 3600/8240 2420/5222 3597/8234
f 3635/8331 3349/7651 3576/8184
f 3437/7893 3419/7843 3445/7914
f 3577/8185 3630/8323 3635/8331
s 1
f 2196/4648 3616/8285 2538/5557
s 0
f 2178/4591 2184/4613 2253/4788
f 2250/4777 3495/8010 2239/4749
f 2183/4610 2187/4624 2178/4591
f 2210/4681 2208/4677 2223/4716
f 2253/4788 2202/4661 2250/4777
s 1
f 3570/8172 3622/8302 3623/8305
s 0
f 3372/7709 3375/7720 3369/7702
f 3596/8232 3593/8223 2307/4913
f 3633/8329 3576/8184 3356/7666
f 3433/7883 3557/8147 3556/8145
f 3370/7704 3638/8337 3378/7726
f 2449/5298 3611/8272 3613/8277
s 1
f 3571/8174 2454/5312 3352/7659
f 3416/7833 3578/8187 3565/8163
s 0
f 2636/5816 2655/5857 2635/5815
f 2433/5260 2301/4895 2432/5258
f 2428/5246 2292/4869 2293/4871
f 2843/6346 2848/6354 2842/6344
f 3361/7680 3353/7660 3355/7664
f 3612/8275 3380/7729 3381/7730
f 3430/7874 3551/8135 3447/7922
f 2527/5526 2530/5532 2531/5536
f 3435/7887 3640/8340 3639/8339
f 3427/7863 3642/8345 3429/7870
f 3584/8198 3640/8341 3444/7910
s 1
f 3544/8121 2243/4757 3354/7662
s 0
f 2282/4849 3600/8240 3597/8234
f 2601/5748 2603/5752 2604/5754
f 3366/7696 3636/8333 3377/7724
s 1
f 3364/7691 3575/8182 3373/7713
s 0
f 3546/8125 3362/7683 3356/7667
f 3560/8153 3606/8258 2540/5562
s 1
f 3387/7747 3401/7789 3386/7743
s 0
f 2734/6057 2718/6026 2740/6069
f 3076/6927 3067/6909 3064/6904
f 2863/6385 2850/6360 2852/6365
f 2621/5788 2339/4993 2620/5787
f 2702/5982 2701/5980 2699/5974
f 3078/6930 3061/6897 3062/6900
s 1
f 2571/5658 2587/5708 2575/5672
s 0
f 2621/5789 2653/5852 2622/5790
f 3326/7585 3320/7564 3321/7567
f 2839/6338 2837/6336 2821/6303
f 3081/6934 3079/6932 3031/6840
f 2653/5853 2616/5780 2622/5791
f 2628/5802 2627/5801 2614/5775
f 2217/4700 2195/4646 2221/4709
f 3114/7032 3115/7034 3113/7030
f 2929/6563 2946/6603 2938/6588
s 1
f 3658/8387 3660/8390 3656/8385
f 3657/8386 3659/8389 3658/8388
f 3661/8391 3664/8395 3666/8398
f 3665/8397 3664/8396 3661/8392
f 3667/8399 3670/8403 3672/8406
f 3671/8405 3670/8404 3667/8400
f 3676/8411 3678/8414 3674/8409
f 3675/8410 3677/8413 3676/8412
f 3679/8415 3682/8419 3684/8422
f 3683/8421 3682/8420 3679/8416
f 3685/8423 3688/8427 3690/8430
f 3689/8429 3688/8428 3685/8424
f 3658/8387 3656/8385 3655/8383
f 3657/8386 3658/8388 3655/8384
f 3661/8391 3666/8398 3662/8393
f 3665/8397 3661/8392 3663/8394
f 3667/8399 3672/8406 3668/8401
f 3671/8405 3667/8400 3669/8402
f 3676/8411 3674/8409 3673/8407
f 3675/8410 3676/8412 3673/8408
f 3679/8415 3684/8422 3680/8417
f 3683/8421 3679/8416 3681/8418
f 3685/8423 3690/8430 3686/8425
f 3689/8429 3685/8424 3687/8426
f 3694/8435 3692/8433 3696/8438
f 3693/8434 3694/8436 3695/8437
f 3697/8439 3702/8446 3700/8443
f 3701/8445 3697/8440 3700/8444
f 3703/8447 3708/8454 3706/8451
f 3707/8453 3703/8448 3706/8452
f 3712/8459 3710/8457 3714/8462
f 3711/8458 3712/8460 3713/8461
f 3715/8463 3720/8470 3718/8467
f 3719/8469 3715/8464 3718/8468
f 3721/8471 3726/8478 3724/8475
f 3725/8477 3721/8472 3724/8476
f 3694/8435 3691/8431 3692/8433
f 3693/8434 3691/8432 3694/8436
f 3697/8439 3698/8441 3702/8446
f 3701/8445 3699/8442 3697/8440
f 3703/8447 3704/8449 3708/8454
f 3707/8453 3705/8450 3703/8448
f 3712/8459 3709/8455 3710/8457
f 3711/8458 3709/8456 3712/8460
f 3715/8463 3716/8465 3720/8470
f 3719/8469 3717/8466 3715/8464
f 3721/8471 3722/8473 3726/8478
f 3725/8477 3723/8474 3721/8472
f 3730/8483 3732/8486 3728/8481
f 3729/8482 3731/8485 3730/8484
f 3733/8487 3736/8491 3738/8494
f 3737/8493 3736/8492 3733/8488
f 3739/8495 3742/8499 3744/8502
f 3743/8501 3742/8500 3739/8496
f 3748/8507 3750/8510 3746/8505
f 3747/8506 3749/8509 3748/8508
f 3751/8511 3754/8515 3756/8518
f 3755/8517 3754/8516 3751/8512
f 3757/8519 3760/8523 3762/8526
f 3761/8525 3760/8524 3757/8520
f 3730/8483 3728/8481 3727/8479
f 3729/8482 3730/8484 3727/8480
f 3733/8487 3738/8494 3734/8489
f 3737/8493 3733/8488 3735/8490
f 3739/8495 3744/8502 3740/8497
f 3743/8501 3739/8496 3741/8498
f 3748/8507 3746/8505 3745/8503
f 3747/8506 3748/8508 3745/8504
f 3751/8511 3756/8518 3752/8513
f 3755/8517 3751/8512 3753/8514
f 3757/8519 3762/8526 3758/8521
f 3761/8525 3757/8520 3759/8522
f 3766/8531 3764/8529 3768/8534
f 3765/8530 3766/8532 3767/8533
f 3769/8535 3774/8542 3772/8539
f 3773/8541 3769/8536 3772/8540
f 3775/8543 3780/8550 3778/8547
f 3779/8549 3775/8544 3778/8548
f 3784/8555 3782/8553 3786/8558
f 3783/8554 3784/8556 3785/8557
f 3787/8559 3792/8566 3790/8563
f 3791/8565 3787/8560 3790/8564
f 3793/8567 3798/8574 3796/8571
f 3797/8573 3793/8568 3796/8572
f 3766/8531 3763/8527 3764/8529
f 3765/8530 3763/8528 3766/8532
f 3769/8535 3770/8537 3774/8542
f 3773/8541 3771/8538 3769/8536
f 3775/8543 3776/8545 3780/8550
f 3779/8549 3777/8546 3775/8544
f 3784/8555 3781/8551 3782/8553
f 3783/8554 3781/8552 3784/8556
f 3787/8559 3788/8561 3792/8566
f 3791/8565 3789/8562 3787/8560
f 3793/8567 3794/8569 3798/8574
f 3797/8573 3795/8570 3793/8568
f 3826/8615 3801/8579 2138/4477
f 3815/8598 2165/4550 2173/4573
f 3799/8575 2136/4469 2158/4536
f 2150/4512 3812/8594 3821/8605
f 3812/8595 2150/4511 2136/4470
f 3814/8597 2166/4552 2167/4554
f 2165/4550 3815/8598 3816/8599
f 3803/8583 3823/8609 2154/4523
f 2155/4526 2156/4528 3805/8585
f 3825/8614 3820/8603 2141/4489
f 2159/4538 3818/8601 3819/8602
f 2167/4554 2169/4558 3816/8599
f 3801/8580 3825/8613 2137/4474
f 3809/8590 2143/4496 2176/4584
f 2140/4486 2170/4561 3802/8582
f 2152/4518 2166/4552 3814/8597
f 2152/4518 3804/8584 3805/8585
f 2145/4500 2146/4502 3807/8588
f 3800/8578 2158/4535 2157/4532
f 2143/4496 3809/8590 3810/8591
f 2161/4542 2164/4548 3819/8602
f 2146/4502 2149/4508 3810/8591
f 3817/8600 3822/8607 2175/4580
f 3806/8587 2157/4531 2154/4524
f 3820/8604 3824/8611 2173/4574
f 3811/8593 2176/4583 2171/4566
f 2145/4500 3808/8589 3818/8601
f 3822/8608 3802/8581 2170/4562
f 3826/8615 2138/4477 2140/4485
f 3815/8598 2173/4573 3824/8612
f 3799/8575 2158/4536 3800/8577
f 2150/4512 3821/8605 2171/4565
f 3812/8595 2136/4470 3799/8576
f 3814/8597 2167/4554 3813/8596
f 2165/4550 3816/8599 2169/4558
f 3803/8583 2154/4523 2155/4526
f 2155/4526 3805/8585 3803/8583
f 3825/8614 2141/4489 2137/4473
f 2159/4538 3819/8602 2164/4548
f 2167/4554 3816/8599 3813/8596
f 3801/8580 2137/4474 2138/4478
f 3809/8590 2176/4584 3811/8592
f 2140/4486 3802/8582 3826/8616
f 2152/4518 3814/8597 3804/8584
f 2152/4518 3805/8585 2156/4528
f 2145/4500 3807/8588 3808/8589
f 3800/8578 2157/4532 3806/8586
f 2143/4496 3810/8591 2149/4508
f 2161/4542 3819/8602 3817/8600
f 2146/4502 3810/8591 3807/8588
f 3817/8600 2175/4580 2161/4542
f 3806/8587 2154/4524 3823/8610
f 3820/8604 2173/4574 2141/4490
f 3811/8593 2171/4566 3821/8606
f 2145/4500 3818/8601 2159/4538
f 3822/8608 2170/4562 2175/4581
o light_vegitation
v -77.152802 3.139575 35.997444
v -98.619553 4.507543 32.545589
v -98.966492 12.285767 31.993275
v -77.152802 7.703592 36.997448
v -55.718719 6.139574 16.157745
v -55.718727 0.139574 16.157745
v -64.044220 0.139574 34.342518
v -64.044220 6.139574 34.342518
v -61.064915 -1.071263 10.471759
v -68.327751 0.998112 27.149372
v -66.509789 6.866420 27.925831
v -58.610134 2.139575 29.502821
v -58.610134 7.139573 30.502819
v -80.152809 1.139575 33.997440
v -80.152802 7.139574 34.997440
v -88.687027 7.259768 -42.933159
v -89.153168 0.728662 -41.242180
v -72.505707 0.364419 -32.073898
v -70.861755 7.304707 -31.624918
v -83.491730 7.014535 -44.875431
v -83.491745 -0.528679 -44.875431
v -68.600090 -0.528679 -31.764889
v -67.676849 7.014535 -33.119602
v -70.275070 8.620667 -37.665920
v -71.281593 1.471320 -36.718998
v -60.916672 1.471320 -23.223658
v -59.937153 9.014536 -24.223099
v -97.126099 7.409227 -56.437225
v -98.206474 -0.230221 -55.356846
v -71.156647 1.297669 -42.340374
v -70.076279 8.220501 -43.420746
v -60.960369 5.037113 10.006495
v -141.837402 6.429636 14.138012
v -140.838440 0.117257 14.092932
v -149.161560 6.960614 -4.092913
v -148.162598 1.117257 -4.138031
v -142.257309 -0.284221 4.990587
v -146.826752 0.117257 -14.495726
v -147.821915 4.648232 -14.593573
v -143.183258 5.391055 4.923992
v -80.148636 9.408635 29.292459
v -79.851349 3.144760 28.297997
v -101.856430 2.677289 26.629681
v -102.260857 9.670582 27.544250
v -62.533947 -0.144749 -19.093027
v -62.113819 6.498390 -19.842672
v -131.114243 6.658424 24.827271
v -130.287598 -0.088839 22.976250
v -120.384323 -0.502366 23.232388
v -122.435989 6.348413 24.735470
v -144.717651 0.654178 16.419540
v -144.892502 7.998070 17.644562
v -125.899773 0.173578 26.724081
v -128.625671 8.929255 28.494793
v -135.008743 -0.475750 15.746393
v -135.547531 5.270396 17.116322
v -108.089218 9.582666 -82.343613
v -108.964691 0.351900 -81.046890
v -86.406593 0.315247 -82.233032
v -83.511200 9.383139 -83.166161
v -136.714722 10.000001 -87.909607
v -137.277664 -1.038239 -81.975998
v -151.022278 1.976914 -72.759735
v -150.704071 11.782278 -74.108917
v -82.886734 -0.253439 -56.434536
v -79.900826 7.669253 -56.788578
vt 0.503906 0.378906
vt 0.996094 0.378906
vt 0.996094 0.378906
vt 0.503906 0.378906
vt 0.503906 0.511719
vt 0.996094 0.511719
vt 0.503906 0.511719
vt 0.996094 0.511719
vt 0.503906 0.511719
vt 0.503906 0.378906
vt 0.996094 0.378906
vt 0.996094 0.511719
vt 0.503906 0.378906
vt 0.996094 0.378906
vt 0.503906 0.378906
vt 0.503906 0.511719
vt 0.996094 0.511719
vt 0.503906 0.378906
vt 0.503906 0.511719
vt 0.996094 0.378906
vt 0.996094 0.511719
vt 0.503906 0.511719
vt 0.503906 0.378906
vt 0.503906 0.378906
vt 0.996094 0.378906
vt 0.503906 0.511719
vt 0.996094 0.511719
vt 0.503906 0.511719
vt 0.503906 0.378906
vt 0.996094 0.378906
vt 0.996094 0.511719
vt 0.503906 0.511719
vt 0.503906 0.378906
vt 0.996094 0.378906
vt 0.996094 0.511719
vt 0.503906 0.511719
vt 0.503906 0.378906
vt 0.996094 0.378906
vt 0.996094 0.511719
vt 0.503906 0.511719
vt 0.503906 0.511719
vt 0.503906 0.378906
vt 0.996094 0.511719
vt 0.996094 0.378906
vt 0.996094 0.378906
vt 0.503906 0.378906
vt 0.996094 0.378906
vt 0.996094 0.511719
vt 0.996094 0.511719
vt 0.503906 0.511719
vt 0.503906 0.511719
vt 0.503906 0.378906
vt 0.503906 0.378906
vt 0.996094 0.378906
vt 0.503906 0.511719
vt 0.996094 0.511719
vt 0.996094 0.378906
vt 0.996094 0.511719
vt 0.503906 0.511719
vt 0.996094 0.511719
vt 0.503906 0.378906
vt 0.996094 0.378906
vt 0.996094 0.378906
vt 0.503906 0.378906
vt 0.996094 0.511719
vt 0.503906 0.511719
vt 0.996094 0.378906
vt 0.996094 0.511719
vt 0.503906 0.378906
vt 0.503906 0.511719
vt 0.996094 0.378906
vt 0.996094 0.511719
vt 0.996094 0.511719
vt 0.503906 0.511719
vt 0.503906 0.378906
vt 0.996094 0.378906
vt 0.503906 0.378906
vt 0.996094 0.378906
vt 0.503906 0.511719
vt 0.996094 0.511719
vt 0.503906 0.511719
vt 0.503906 0.378906
vt 0.996094 0.378906
vt 0.996094 0.511719
vt 0.996094 0.378906
vt 0.996094 0.511719
s 1
f 3836/8630 3858/8656 3835/8629
f 3853/8651 3851/8649 3852/8650
f 3888/8698 3890/8700 3889/8699
f 3866/8665 3874/8677 3863/8661
f 3871/8673 3845/8642 3844/8640
f 3876/8681 3869/8669 3875/8679
f 3862/8660 3859/8657 3860/8658
f 3864/8663 3866/8666 3863/8662
f 3877/8683 3880/8686 3879/8685
f 3844/8641 3842/8638 3843/8639
f 3847/8645 3849/8647 3846/8644
f 3836/8631 3841/8637 3837/8632
f 3828/8619 3830/8623 3827/8617
f 3828/8620 3873/8676 3829/8621
f 3827/8618 3839/8635 3838/8634
f 3881/8687 3876/8682 3875/8680
f 3856/8654 3854/8652 3855/8653
f 3885/8693 3892/8702 3886/8695
f 3884/8692 3887/8697 3888/8698
f 3869/8670 3867/8667 3868/8668
f 3885/8694 3883/8690 3884/8691
f 3834/8628 3832/8626 3833/8627
f 3836/8630 3837/8633 3858/8656
f 3853/8651 3850/8648 3851/8649
f 3888/8698 3887/8697 3890/8700
f 3866/8665 3873/8675 3874/8677
f 3871/8673 3872/8674 3845/8642
f 3876/8681 3870/8671 3869/8669
f 3862/8660 3861/8659 3859/8657
f 3864/8663 3865/8664 3866/8666
f 3877/8683 3878/8684 3880/8686
f 3844/8641 3845/8643 3842/8638
f 3847/8645 3848/8646 3849/8647
f 3836/8631 3840/8636 3841/8637
f 3828/8619 3829/8622 3830/8623
f 3828/8620 3874/8678 3873/8676
f 3827/8618 3830/8624 3839/8635
f 3881/8687 3882/8688 3876/8682
f 3856/8654 3857/8655 3854/8652
f 3885/8693 3891/8701 3892/8702
f 3884/8692 3883/8689 3887/8697
f 3869/8670 3870/8672 3867/8667
f 3885/8694 3886/8696 3883/8690
f 3834/8628 3831/8625 3832/8626
o light_vegitation.001
v -87.686699 5.709415 34.910393
v -87.717049 13.588939 36.084198
v -103.653679 12.818917 33.782597
v -103.013153 5.808115 33.196808
vt 0.503906 0.378906
vt 0.503906 0.511719
vt 0.996094 0.511719
vt 0.996094 0.378906
s 1
f 3896/8706 3894/8704 3893/8703
f 3896/8706 3895/8705 3894/8704
